source_lot,source_run_key,run_id,timestamp_utc,profile_id,module,firmware_selection,measurement_direction,measured_port,peer_port,transmitter_port,repetition,payload_bytes,frame_count,max_frame_payload_bytes,serial_content_bytes,parameters_json,ppk_mode,voltage_mv,estimated_airtime_ms,estimated_event_ms,captured_samples,sample_loss_percent,event_detected,baseline_median_uA,threshold_uA,event_start_ms,event_duration_ms,tx_mean_uA,tx_peak_uA,rx_mean_uA,rx_peak_uA,event_mean_uA,event_peak_uA,charge_total_uC,charge_excess_uC,energy_total_uJ,energy_excess_uJ,integration_method,integration_windows_ms,analysis_error,radio_response,transmitter_response,receiver_port,receiver_response,packet_received,packet_lost,status
lot270_other_profiles_final_candidate2/20260929_193856_radio_ebyte_e79_cc1352p,lot270_other_profiles_final_candidate2/20260929_193856_radio_ebyte_e79_cc1352p/run_00001,run_00001,2026-09-29T16:39:10+00:00,RADIO_EBYTE_E79_CC1352P,Ebyte E79-400DM2005S (CC1352P AT modem),RADIO_EBYTE_E79_CC1352P + AT_COMMANDS; E79 modem firmware 0.3.0 required,tx,COM16,COM4,COM16,1,128,2,64,128,"{""rf_profile"": ""GFSK4K8"", ""tx_power_dbm"": -20}",ampere,3300,259.33333333333337,259.33333333333337,95232,0.0,True,4765.197328706787,10638.498888208998,27.85,259.33,6908.061986651974,17934.59810953907,,,6908.061986651974,17934.59810953907,1791.4677149984561,630.3476355933697,5911.843459494905,2080.14719745812,per_frame_modeled_airtime_v1,"[[27.85, 157.52], [179.71, 309.37]]",,,,COM4,0123456789abcdefghijklmnopqrstuvwxyzABCDEFGHIJKLMNOPQRSTUVWXYZ-_ | 0123456789abcdefghijklmnopqrstuvwxyzABCDEFGHIJKLMNOPQRSTUVWXYZ-_,True,False,ok
lot270_other_profiles_final_candidate2/20260929_193856_radio_ebyte_e79_cc1352p,lot270_other_profiles_final_candidate2/20260929_193856_radio_ebyte_e79_cc1352p/run_00002,run_00002,2026-09-29T16:39:13+00:00,RADIO_EBYTE_E79_CC1352P,Ebyte E79-400DM2005S (CC1352P AT modem),RADIO_EBYTE_E79_CC1352P + AT_COMMANDS; E79 modem firmware 0.3.0 required,tx,COM16,COM4,COM16,2,128,2,64,128,"{""rf_profile"": ""GFSK4K8"", ""tx_power_dbm"": -20}",ampere,3300,259.33333333333337,259.33333333333337,94208,0.8336842105263158,True,4760.30310473428,10803.916030485962,26.7,259.33,7142.087934447899,18584.4088435708,,,7142.087934447899,18584.4088435708,1852.1576640403737,699.9283320075845,6112.120291333233,2309.7634956250286,per_frame_modeled_airtime_v1,"[[26.7, 156.37], [183.59, 313.25]]",,,,COM4,0123456789abcdefghijklmnopqrstuvwxyzABCDEFGHIJKLMNOPQRSTUVWXYZ-_0123456789abcdefghijklmnopqrstuvwxyzABCDEFGHIJKLMNOPQRSTUVWXYZ-_,False,True,rx_missing
lot270_other_profiles_final_candidate2/20260929_193856_radio_ebyte_e79_cc1352p,lot270_other_profiles_final_candidate2/20260929_193856_radio_ebyte_e79_cc1352p/run_00003,run_00003,2026-09-29T16:39:16+00:00,RADIO_EBYTE_E79_CC1352P,Ebyte E79-400DM2005S (CC1352P AT modem),RADIO_EBYTE_E79_CC1352P + AT_COMMANDS; E79 modem firmware 0.3.0 required,tx,COM16,COM4,COM16,3,128,2,64,128,"{""rf_profile"": ""GFSK4K8"", ""tx_power_dbm"": -20}",ampere,3300,259.33333333333337,259.33333333333337,94208,0.8336842105263158,True,4784.782038402886,10390.12763724261,27.49,259.33,6837.106179681758,18125.37112352877,,,6837.106179681758,18125.37112352877,1773.06674557687,604.6979701102049,5851.120260403671,1995.503301363676,per_frame_modeled_airtime_v1,"[[27.49, 157.16], [181.95, 311.61]]",,,,COM4,0123456789abcdefghijklmnopqrstuvwxyzABCDEFGHIJKLMNOPQRSTUVWXYZ-_ | 0123456789abcdefghijklmnopqrstuvwxyzABCDEFGHIJKLMNOPQRSTUVWXYZ-_,True,False,ok
lot270_other_profiles_final_candidate2/20260929_193856_radio_ebyte_e79_cc1352p,lot270_other_profiles_final_candidate2/20260929_193856_radio_ebyte_e79_cc1352p/run_00004,run_00004,2026-09-29T16:39:18+00:00,RADIO_EBYTE_E79_CC1352P,Ebyte E79-400DM2005S (CC1352P AT modem),RADIO_EBYTE_E79_CC1352P + AT_COMMANDS; E79 modem firmware 0.3.0 required,tx,COM16,COM4,COM16,4,128,2,64,128,"{""rf_profile"": ""GFSK4K8"", ""tx_power_dbm"": -20}",ampere,3300,259.33333333333337,259.33333333333337,94208,0.8336842105263158,True,4784.782038402886,10490.385751003534,27.74,259.33,7170.878215836604,18118.64089998204,,,7170.878215836604,18118.64089998204,1859.6238477129066,704.0825574075028,6136.758697452591,2323.472439444759,per_frame_modeled_airtime_v1,"[[27.74, 157.41], [178.2, 307.86]]",,,,COM4,0123456789abcdefghijklmnopqrstuvwxyzABCDEFGHIJKLMNOPQRSTUVWXYZ-_0123456789abcdefghijklmnopqrstuvwxyzABCDEFGHIJKLMNOPQRSTUVWXYZ-_,False,True,rx_missing
lot270_other_profiles_final_candidate2/20260929_193856_radio_ebyte_e79_cc1352p,lot270_other_profiles_final_candidate2/20260929_193856_radio_ebyte_e79_cc1352p/run_00005,run_00005,2026-09-29T16:39:21+00:00,RADIO_EBYTE_E79_CC1352P,Ebyte E79-400DM2005S (CC1352P AT modem),RADIO_EBYTE_E79_CC1352P + AT_COMMANDS; E79 modem firmware 0.3.0 required,tx,COM16,COM4,COM16,5,128,2,64,128,"{""rf_profile"": ""GFSK4K8"", ""tx_power_dbm"": -20}",ampere,3300,259.33333333333337,259.33333333333337,94208,0.8336842105263158,True,4789.680169278428,9879.487614167356,27.53,259.33,6823.7587039396985,18040.333654872662,,,6823.7587039396985,18040.333654872662,1769.6053446926821,597.2676750055482,5839.6976374858505,1970.983327518309,per_frame_modeled_airtime_v1,"[[27.53, 157.2], [183.21, 312.87]]",,,,COM4,0123456789abcdefghijklmnopqrstuvwxyzABCDEFGHIJKLMNOPQRSTUVWXYZ-_ | 0123456789abcdefghijklmnopqrstuvwxyzABCDEFGHIJKLMNOPQRSTUVWXYZ-_,True,False,ok
lot270_other_profiles_final_candidate2/20260929_193856_radio_ebyte_e79_cc1352p,lot270_other_profiles_final_candidate2/20260929_193856_radio_ebyte_e79_cc1352p/run_00006,run_00006,2026-09-29T16:39:26+00:00,RADIO_EBYTE_E79_CC1352P,Ebyte E79-400DM2005S (CC1352P AT modem),RADIO_EBYTE_E79_CC1352P + AT_COMMANDS; E79 modem firmware 0.3.0 required,tx,COM16,COM4,COM16,1,512,8,64,512,"{""rf_profile"": ""GFSK4K8"", ""tx_power_dbm"": -20}",ampere,3300,1037.3333333333335,1037.3333333333335,194560,0.2461033634126333,True,4784.782038402886,10490.385751003534,26.47,1037.3300000000002,6865.057534029889,18543.018465507837,,,6865.057534029889,18543.018465507837,7121.330131775226,2457.1577137601716,23500.389434858243,8108.620455408566,per_frame_modeled_airtime_v1,"[[26.47, 156.14], [178.89, 308.56], [335.72, 465.39], [496.0, 625.67], [639.25, 768.92], [792.26, 921.92], [944.35, 1074.01], [1122.15, 1251.81]]",,,,COM4,0123456789abcdefghijklmnopqrstuvwxyzABCDEFGHIJKLMNOPQRSTUVWXYZ-_ | 0123456789abcdefghijklmnopqrstuvwxyzABCDEFGHIJKLMNOPQRSTUVWXYZ-_ | 0123456789abcdefghijklmnopqrstuvwxyzABCDEFGHIJKLMNOPQRSTUVWXYZ-_ | 0123456789abcdefghijklmnopqrstuvwxyzABCDEFGHIJKLMNOPQRSTUVWXYZ-_ | 0123456789abcdefghijklmnopqrstuvwxyzABCDEFGHIJKLMNOPQRSTUVWXYZ-_ | 0123456789abcdefghijklmnopqrstuvwxyzABCDEFGHIJKLMNOPQRSTUVWXYZ-_ | 0123456789abcdefghijklmnopqrstuvwxyzABCDEFGHIJKLMNOPQRSTUVWXYZ-_ | 0123456789abcdefghijklmnopqrstuvwxyzABCDEFGHIJKLMNOPQRSTUVWXYZ-_,True,False,ok
lot270_other_profiles_final_candidate2/20260929_193856_radio_ebyte_e79_cc1352p,lot270_other_profiles_final_candidate2/20260929_193856_radio_ebyte_e79_cc1352p/run_00007,run_00007,2026-09-29T16:39:30+00:00,RADIO_EBYTE_E79_CC1352P,Ebyte E79-400DM2005S (CC1352P AT modem),RADIO_EBYTE_E79_CC1352P + AT_COMMANDS; E79 modem firmware 0.3.0 required,tx,COM16,COM4,COM16,2,512,8,64,512,"{""rf_profile"": ""GFSK4K8"", ""tx_power_dbm"": -20}",ampere,3300,1037.3333333333335,1037.3333333333335,194560,0.2461033634126333,True,4838.7044539672515,8999.177104565526,26.02,1037.3300000000002,6875.264743999179,18525.38501393102,,,6875.264743999179,18525.38501393102,7131.918376892668,2423.9814690993007,23535.3306437458,7999.138848027692,per_frame_modeled_airtime_v1,"[[26.02, 155.69], [181.6, 311.27], [336.3, 465.97], [491.91, 621.58], [647.61, 777.28], [803.52, 933.18], [954.71, 1084.37], [1107.11, 1236.77]]",,,,COM4,0123456789abcdefghijklmnopqrstuvwxyzABCDEFGHIJKLMNOPQRSTUVWXYZ-_ | 0123456789abcdefghijklmnopqrstuvwxyzABCDEFGHIJKLMNOPQRSTUVWXYZ-_ | 0123456789abcdefghijklmnopqrstuvwxyzABCDEFGHIJKLMNOPQRSTUVWXYZ-_ | 0123456789abcdefghijklmnopqrstuvwxyzABCDEFGHIJKLMNOPQRSTUVWXYZ-_ | 0123456789abcdefghijklmnopqrstuvwxyzABCDEFGHIJKLMNOPQRSTUVWXYZ-_ | 0123456789abcdefghijklmnopqrstuvwxyzABCDEFGHIJKLMNOPQRSTUVWXYZ-_ | 0123456789abcdefghijklmnopqrstuvwxyzABCDEFGHIJKLMNOPQRSTUVWXYZ-_ | 0123456789abcdefghijklmnopqrstuvwxyzABCDEFGHIJKLMNOPQRSTUVWXYZ-_,True,False,ok
lot270_other_profiles_final_candidate2/20260929_193856_radio_ebyte_e79_cc1352p,lot270_other_profiles_final_candidate2/20260929_193856_radio_ebyte_e79_cc1352p/run_00008,run_00008,2026-09-29T16:39:35+00:00,RADIO_EBYTE_E79_CC1352P,Ebyte E79-400DM2005S (CC1352P AT modem),RADIO_EBYTE_E79_CC1352P + AT_COMMANDS; E79 modem firmware 0.3.0 required,tx,COM16,COM4,COM16,3,512,8,64,512,"{""rf_profile"": ""GFSK4K8"", ""tx_power_dbm"": -20}",ampere,3300,1037.3333333333335,1037.3333333333335,194560,0.2461033634126333,True,4843.611180029473,8779.942494224675,27.34,1037.3300000000002,6742.875158163843,18424.593946952245,,,6742.875158163843,18424.593946952245,6994.5866878181,2259.2647256072532,23082.136069799726,7455.573594503935,per_frame_modeled_airtime_v1,"[[27.34, 157.01], [181.95, 311.62], [337.85, 467.52], [489.32, 618.99], [646.05, 775.72], [798.36, 928.02], [953.0, 1082.66], [1108.62, 1238.28]]",,,,COM4,0123456789abcdefghijklmnopqrstuvwxyzABCDEFGHIJKLMNOPQRSTUVWXYZ-_ | 0123456789abcdefghijklmnopqrstuvwxyzABCDEFGHIJKLMNOPQRSTUVWXYZ-_ | 0123456789abcdefghijklmnopqrstuvwxyzABCDEFGHIJKLMNOPQRSTUVWXYZ-_ | 0123456789abcdefghijklmnopqrstuvwxyzABCDEFGHIJKLMNOPQRSTUVWXYZ-_ | 0123456789abcdefghijklmnopqrstuvwxyzABCDEFGHIJKLMNOPQRSTUVWXYZ-_ | 0123456789abcdefghijklmnopqrstuvwxyzABCDEFGHIJKLMNOPQRSTUVWXYZ-_ | 0123456789abcdefghijklmnopqrstuvwxyzABCDEFGHIJKLMNOPQRSTUVWXYZ-_ | 0123456789abcdefghijklmnopqrstuvwxyzABCDEFGHIJKLMNOPQRSTUVWXYZ-_,True,False,ok
lot270_other_profiles_final_candidate2/20260929_193856_radio_ebyte_e79_cc1352p,lot270_other_profiles_final_candidate2/20260929_193856_radio_ebyte_e79_cc1352p/run_00009,run_00009,2026-09-29T16:39:40+00:00,RADIO_EBYTE_E79_CC1352P,Ebyte E79-400DM2005S (CC1352P AT modem),RADIO_EBYTE_E79_CC1352P + AT_COMMANDS; E79 modem firmware 0.3.0 required,tx,COM16,COM4,COM16,4,512,8,64,512,"{""rf_profile"": ""GFSK4K8"", ""tx_power_dbm"": -20}",ampere,3300,1037.3333333333335,1037.3333333333335,194560,0.2461033634126333,True,4799.478775171336,9820.750845671853,26.55,1037.3300000000002,6755.087643345233,18174.012349546854,,,6755.087643345233,18174.012349546854,7007.255065071311,2305.425577280346,23123.941714735327,7607.9044050251405,per_frame_modeled_airtime_v1,"[[26.55, 156.22], [177.7, 307.37], [334.65, 464.32], [486.4, 616.07], [642.39, 772.06], [799.58, 929.24], [951.26, 1080.92], [1102.76, 1232.42]]",,,,COM4,0123456789abcdefghijklmnopqrstuvwxyzABCDEFGHIJKLMNOPQRSTUVWXYZ-_ | 0123456789abcdefghijklmnopqrstuvwxyzABCDEFGHIJKLMNOPQRSTUVWXYZ-_ | 0123456789abcdefghijklmnopqrstuvwxyzABCDEFGHIJKLMNOPQRSTUVWXYZ-_ | 0123456789abcdefghijklmnopqrstuvwxyzABCDEFGHIJKLMNOPQRSTUVWXYZ-_ | 0123456789abcdefghijklmnopqrstuvwxyzABCDEFGHIJKLMNOPQRSTUVWXYZ-_ | 0123456789abcdefghijklmnopqrstuvwxyzABCDEFGHIJKLMNOPQRSTUVWXYZ-_ | 0123456789abcdefghijklmnopqrstuvwxyzABCDEFGHIJKLMNOPQRSTUVWXYZ-_ | 0123456789abcdefghijklmnopqrstuvwxyzABCDEFGHIJKLMNOPQRSTUVWXYZ-_,True,False,ok
lot270_other_profiles_final_candidate2/20260929_193856_radio_ebyte_e79_cc1352p,lot270_other_profiles_final_candidate2/20260929_193856_radio_ebyte_e79_cc1352p/run_00010,run_00010,2026-09-29T16:39:44+00:00,RADIO_EBYTE_E79_CC1352P,Ebyte E79-400DM2005S (CC1352P AT modem),RADIO_EBYTE_E79_CC1352P + AT_COMMANDS; E79 modem firmware 0.3.0 required,tx,COM16,COM4,COM16,5,512,8,64,512,"{""rf_profile"": ""GFSK4K8"", ""tx_power_dbm"": -20}",ampere,3300,1037.3333333333335,1037.3333333333335,194560,0.2461033634126333,True,4755.4096621423805,11083.245576940724,26.68,1037.3300000000002,6981.082217240849,18360.622429039522,,,6981.082217240849,18360.622429039522,7241.68601641045,2609.0469717633223,23897.563854154483,8609.855006818963,per_frame_modeled_airtime_v1,"[[26.68, 156.35], [178.4, 308.07], [334.76, 464.43], [489.35, 619.02], [645.29, 774.96], [800.37, 930.03], [955.02, 1084.68], [1113.21, 1242.87]]",,,,COM4,0123456789abcdefghijklmnopqrstuvwxyzABCDEFGHIJKLMNOPQRSTUVWXYZ-_ | 0123456789abcdefghijklmnopqrstuvwxyzABCDEFGHIJKLMNOPQRSTUVWXYZ-_ | 0123456789abcdefghijklmnopqrstuvwxyzABCDEFGHIJKLMNOPQRSTUVWXYZ-_ | 0123456789abcdefghijklmnopqrstuvwxyzABCDEFGHIJKLMNOPQRSTUVWXYZ-_ | 0123456789abcdefghijklmnopqrstuvwxyzABCDEFGHIJKLMNOPQRSTUVWXYZ-_ | 0123456789abcdefghijklmnopqrstuvwxyzABCDEFGHIJKLMNOPQRSTUVWXYZ-_ | 0123456789abcdefghijklmnopqrstuvwxyzABCDEFGHIJKLMNOPQRSTUVWXYZ-_ | 0123456789abcdefghijklmnopqrstuvwxyzABCDEFGHIJKLMNOPQRSTUVWXYZ-_,True,False,ok
lot270_other_profiles_final_candidate2/20260929_193856_radio_ebyte_e79_cc1352p,lot270_other_profiles_final_candidate2/20260929_193856_radio_ebyte_e79_cc1352p/run_00011,run_00011,2026-09-29T16:39:52+00:00,RADIO_EBYTE_E79_CC1352P,Ebyte E79-400DM2005S (CC1352P AT modem),RADIO_EBYTE_E79_CC1352P + AT_COMMANDS; E79 modem firmware 0.3.0 required,tx,COM16,COM4,COM16,1,1024,16,64,1024,"{""rf_profile"": ""GFSK4K8"", ""tx_power_dbm"": -20}",ampere,3300,2074.666666666667,2074.666666666667,334848,0.06923719708726274,True,4853.426976295739,8502.949585493712,27.38,2074.6600000000003,6796.156143387833,18710.047893873863,,,6796.156143387833,18710.047893873863,14099.713304441002,4637.178752486607,46529.0539046553,15302.689883205801,per_frame_modeled_airtime_v1,"[[27.38, 157.05], [183.14, 312.81], [339.5, 469.17], [490.66, 620.33], [647.43, 777.1], [800.15, 929.82], [953.03, 1082.7], [1106.59, 1236.26], [1261.85, 1391.52], [1418.0, 1547.67], [1570.11, 1699.77], [1721.43, 1851.09], [1879.0, 2008.66], [2031.37, 2161.03], [2183.06, 2312.72], [2332.56, 2462.22]]",,,,COM4,0123456789abcdefghijklmnopqrstuvwxyzABCDEFGHIJKLMNOPQRSTUVWXYZ-_ | 0123456789abcdefghijklmnopqrstuvwxyzABCDEFGHIJKLMNOPQRSTUVWXYZ-_ | 0123456789abcdefghijklmnopqrstuvwxyzABCDEFGHIJKLMNOPQRSTUVWXYZ-_ | 0123456789abcdefghijklmnopqrstuvwxyzABCDEFGHIJKLMNOPQRSTUVWXYZ-_ | 0123456789abcdefghijklmnopqrstuvwxyzABCDEFGHIJKLMNOPQRSTUVWXYZ-_ | 0123456789abcdefghijklmnopqrstuvwxyzABCDEFGHIJKLMNOPQRSTUVWXYZ-_ | 0123456789abcdefghijklmnopqrstuvwxyzABCDEFGHIJKLMNOPQRSTUVWXYZ-_ | 0123456789abcdefghijklmnopqrstuvwxyzABCDEFGHIJKLMNOPQRSTUVWXYZ-_ | 0123456789abcdefghijklmnopqrstuvwxyzABCDEFGHIJKLMNOPQRSTUVWXYZ-_ | 0123456789abcdefghijklmnopqrstuvwxyzABCDEFGHIJKLMNOPQRSTUVWXYZ-_ | 0123456789abcdefghijklmnopqrstuvwxyzABCDEFGHIJKLMNOPQRSTUVWXYZ-_ | 0123456789abcdefghijklmnopqrstuvwxyzABCDEFGHIJKLMNOPQRSTUVWXYZ-_ | 0123456789abcdefghijklmnopqrstuvwxyzABCDEFGHIJKLMNOPQRSTUVWXYZ-_ | 0123456789abcdefghijklmnopqrstuvwxyzABCDEFGHIJKLMNOPQRSTUVWXYZ-_ | 0123456789abcdefghijklmnopqrstuvwxyzABCDEFGHIJKLMNOPQRSTUVWXYZ-_ | 0123456789abcdefghijklmnopqrstuvwxyzABCDEFGHIJKLMNOPQRSTUVWXYZ-_,True,False,ok
lot270_other_profiles_final_candidate2/20260929_193856_radio_ebyte_e79_cc1352p,lot270_other_profiles_final_candidate2/20260929_193856_radio_ebyte_e79_cc1352p/run_00012,run_00012,2026-09-29T16:39:59+00:00,RADIO_EBYTE_E79_CC1352P,Ebyte E79-400DM2005S (CC1352P AT modem),RADIO_EBYTE_E79_CC1352P + AT_COMMANDS; E79 modem firmware 0.3.0 required,tx,COM16,COM4,COM16,2,1024,16,64,1024,"{""rf_profile"": ""GFSK4K8"", ""tx_power_dbm"": -20}",ampere,3300,2074.666666666667,2074.666666666667,334848,0.06923719708726274,True,4819.085363524436,9671.491844436008,27.08,2074.6600000000003,6881.142355561716,18499.948954163778,,,6881.142355561716,18499.948954163778,14276.03079938967,4881.511872339916,47110.90163798591,16108.989178721724,per_frame_modeled_airtime_v1,"[[27.08, 156.75], [178.49, 308.16], [334.9, 464.57], [486.17, 615.84], [638.71, 768.38], [792.35, 922.02], [945.61, 1075.28], [1100.77, 1230.44], [1256.54, 1386.21], [1412.07, 1541.74], [1563.8, 1693.46], [1718.46, 1848.12], [1873.71, 2003.37], [2026.18, 2155.84], [2179.27, 2308.93], [2330.07, 2459.73]]",,,,COM4,0123456789abcdefghijklmnopqrstuvwxyzABCDEFGHIJKLMNOPQRSTUVWXYZ-_ | 0123456789abcdefghijklmnopqrstuvwxyzABCDEFGHIJKLMNOPQRSTUVWXYZ-_0123456789abcdefghijklmnopqrstuvwxyzABCDEFGHIJKLMNOPQRSTUVWXYZ-_ | 0123456789abcdefghijklmnopqrstuvwxyzABCDEFGHIJKLMNOPQRSTUVWXYZ-_ | 0123456789abcdefghijklmnopqrstuvwxyzABCDEFGHIJKLMNOPQRSTUVWXYZ-_ | 0123456789abcdefghijklmnopqrstuvwxyzABCDEFGHIJKLMNOPQRSTUVWXYZ-_ | 0123456789abcdefghijklmnopqrstuvwxyzABCDEFGHIJKLMNOPQRSTUVWXYZ-_ | 0123456789abcdefghijklmnopqrstuvwxyzABCDEFGHIJKLMNOPQRSTUVWXYZ-_ | 0123456789abcdefghijklmnopqrstuvwxyzABCDEFGHIJKLMNOPQRSTUVWXYZ-_ | 0123456789abcdefghijklmnopqrstuvwxyzABCDEFGHIJKLMNOPQRSTUVWXYZ-_ | 0123456789abcdefghijklmnopqrstuvwxyzABCDEFGHIJKLMNOPQRSTUVWXYZ-_ | 0123456789abcdefghijklmnopqrstuvwxyzABCDEFGHIJKLMNOPQRSTUVWXYZ-_ | 0123456789abcdefghijklmnopqrstuvwxyzABCDEFGHIJKLMNOPQRSTUVWXYZ-_ | 0123456789abcdefghijklmnopqrstuvwxyzABCDEFGHIJKLMNOPQRSTUVWXYZ-_ | 0123456789abcdefghijklmnopqrstuvwxyzABCDEFGHIJKLMNOPQRSTUVWXYZ-_ | 0123456789abcdefghijklmnopqrstuvwxyzABCDEFGHIJKLMNOPQRSTUVWXYZ-_,False,True,rx_missing
lot270_other_profiles_final_candidate2/20260929_193856_radio_ebyte_e79_cc1352p,lot270_other_profiles_final_candidate2/20260929_193856_radio_ebyte_e79_cc1352p/run_00013,run_00013,2026-09-29T16:40:07+00:00,RADIO_EBYTE_E79_CC1352P,Ebyte E79-400DM2005S (CC1352P AT modem),RADIO_EBYTE_E79_CC1352P + AT_COMMANDS; E79 modem firmware 0.3.0 required,tx,COM16,COM4,COM16,3,1024,16,64,1024,"{""rf_profile"": ""GFSK4K8"", ""tx_power_dbm"": -20}",ampere,3300,2074.666666666667,2074.666666666667,334848,0.06923719708726274,True,4784.782038402886,9975.447963041372,27.63,2074.6600000000003,6852.956846028274,18562.11180772661,,,6852.956846028274,18562.11180772661,14217.55545018102,4865.3699360421115,46917.93298559736,16055.720788938967,per_frame_modeled_airtime_v1,"[[27.63, 157.3], [181.79, 311.46], [333.02, 462.69], [488.67, 618.34], [641.11, 770.78], [792.09, 921.76], [943.03, 1072.7], [1096.08, 1225.75], [1252.72, 1382.39], [1409.22, 1538.89], [1559.53, 1689.19], [1715.82, 1845.48], [1869.03, 1998.69], [2020.48, 2150.14], [2175.82, 2305.48], [2329.94, 2459.6]]",,,,COM4,0123456789abcdefghijklmnopqrstuvwxyzABCDEFGHIJKLMNOPQRSTUVWXYZ-_ | 0123456789abcdefghijklmnopqrstuvwxyzABCDEFGHIJKLMNOPQRSTUVWXYZ-_ | 0123456789abcdefghijklmnopqrstuvwxyzABCDEFGHIJKLMNOPQRSTUVWXYZ-_ | 0123456789abcdefghijklmnopqrstuvwxyzABCDEFGHIJKLMNOPQRSTUVWXYZ-_ | 0123456789abcdefghijklmnopqrstuvMNOPQRSTUVWXYZ-_ | 0123456789abcdefghijklmnopqrstuvwxyzABCDEFGHIJKLMNOPQRSTUVWXYZ-_ | 0123456789abcdefghijklmnopqrstuvwxyzABCDEFGHIJKLMNOPQRSTUVWXYZ-_ | 0123456789abcdefghijklmnopqrstuvwxyzABCDEFGHIJKLMNOPQRSTUVWXYZ-_ | 0123456789abcdefghijklmnopqrstuvwxyzABCDEFGHIJKLMNOPQRSTUVWXYZ-_ | 0123456789abcdefghijklmnopqrstuvwxyzABCDEFGHIJKLMNOPQRSTUVWXYZ-_ | 0123456789abcdefghijklmnopqrstuvwxyzABCDEFGHIJKLMNOPQRSTUVWXYZ-_ | 0123456789abcdefghijklmnopqrstuvwxyzABCDEFGHIJKLMNOPQRSTUVWXYZ-_ | 0123456789abcdefghijklmnopqrstuvwxyzABCDEFGHIJKLMNOPQRSTUVWXYZ-_ | 0123456789abcdefghijklmnopqrstuvwxyzABCDEFGHIJKLMNOPQRSTUVWXYZ-_ | 0123456789abcdefghijklmnopqrstuvwxyzABCDEFGHIJKLMNOPQRSTUVWXYZ-_ | 0123456789abcdefghijklmnopqrstuvwxyzABCDEFGHIJKLMNOPQRSTUVWXYZ-_,False,True,rx_missing
lot270_other_profiles_final_candidate2/20260929_193856_radio_ebyte_e79_cc1352p,lot270_other_profiles_final_candidate2/20260929_193856_radio_ebyte_e79_cc1352p/run_00014,run_00014,2026-09-29T16:40:14+00:00,RADIO_EBYTE_E79_CC1352P,Ebyte E79-400DM2005S (CC1352P AT modem),RADIO_EBYTE_E79_CC1352P + AT_COMMANDS; E79 modem firmware 0.3.0 required,tx,COM16,COM4,COM16,4,1024,16,64,1024,"{""rf_profile"": ""GFSK4K8"", ""tx_power_dbm"": -20}",ampere,3300,2074.666666666667,2074.666666666667,334848,0.06923719708726274,True,4838.7044539672515,8876.087767707126,29.49,2074.6600000000003,6787.655666000343,18588.194389731776,,,6787.655666000343,18588.194389731776,14082.077704024272,4633.273046784123,46470.85642328009,15289.801054387604,per_frame_modeled_airtime_v1,"[[29.49, 159.16], [184.91, 314.58], [340.68, 470.35], [495.06, 624.73], [645.38, 775.05], [798.54, 928.21], [949.93, 1079.6], [1101.62, 1231.29], [1257.02, 1386.69], [1410.61, 1540.28], [1565.72, 1695.38], [1721.09, 1850.75], [1873.8, 2003.46], [2025.53, 2155.19], [2176.87, 2306.53], [2333.98, 2463.64]]",,,,COM4,0123456789abcdefghijklmnopqrstuvwxyzABCDEFGHIJKLMNOPQRSTUVWXYZ-_0123456789abcdefghijklmnopqrstuvwxyzABCDEFGHIJKLMNOPQRSTUVWXYZ-_ | 0123456789abcdefghijklmnopqrstuvwxyzABCDEFGHIJKLMNOPQRSTUVWXYZ-_ | 0123456789abcdefghijklmnopqrstuvwxyzABCDEFGHIJKLMNOPQRSTUVWXYZ-_ | 0123456789abcdefghijklmnopqrstuvwxyzABCDEFGHIJKLMNOPQRSTUVWXYZ-_ | 0123456789abcdefghijklmnopqrstuvwxyzABCDEFGHIJKLMNOPQRSTUVWXYZ-_ | 0123456789abcdefghijklmnopqrstuvwxyzABCDEFGHIJKLMNOPQRSTUVWXYZ-_ | 0123456789abcdefghijklmnopqrstuvwxyzABCDEFGHIJKLMNOPQRSTUVWXYZ-_ | 0123456789abcdefghijklmnopqrstuvwxyzABCDEFGHIJKLMNOPQRSTUVWXYZ-_ | 0123456789abcdefghijklmnopqrstuvwxyzABCDEFGHIJKLMNOPQRSTUVWXYZ-_ | 0123456789abcdefghijklmnopqrstuvwxyzABCDEFGHIJKLMNOPQRSTUVWXYZ-_ | 0123456789abcdefghijklmnopqrstuvwxyzABCDEFGHIJKLMNOPQRSTUVWXYZ-_ | 0123456789abcdefghijklmnopqrstuvwxyzABCDEFGHIJKLMNOPQRSTUVWXYZ-_ | 0123456789abcdefghijklmnopqrstuvwxyzABCDEFGHIJKLMNOPQRSTUVWXYZ-_ | 0123456789abcdefghijklmnopqrstuvwxyzABCDEFGHIJKLMNOPQRSTUVWXYZ-_ | 0123456789abcdefghijklmnopqrstuvwxyzABCDEFGHIJKLMNOPQRSTUVWXYZ-_,False,True,rx_missing
lot270_other_profiles_final_candidate2/20260929_193856_radio_ebyte_e79_cc1352p,lot270_other_profiles_final_candidate2/20260929_193856_radio_ebyte_e79_cc1352p/run_00015,run_00015,2026-09-29T16:40:21+00:00,RADIO_EBYTE_E79_CC1352P,Ebyte E79-400DM2005S (CC1352P AT modem),RADIO_EBYTE_E79_CC1352P + AT_COMMANDS; E79 modem firmware 0.3.0 required,tx,COM16,COM4,COM16,5,1024,16,64,1024,"{""rf_profile"": ""GFSK4K8"", ""tx_power_dbm"": -20}",ampere,3300,2074.666666666667,2074.666666666667,334848,0.06923719708726274,True,4843.611180029473,8895.068198704761,26.86,2074.6600000000003,6874.545095562086,18589.521190547588,,,6874.545095562086,18589.521190547588,14262.34372795884,4835.148597575691,47065.734302264165,15955.99037199978,per_frame_modeled_airtime_v1,"[[26.86, 156.53], [182.41, 312.08], [337.25, 466.92], [490.69, 620.36], [642.96, 772.63], [799.31, 928.98], [955.99, 1085.66], [1113.05, 1242.72], [1268.66, 1398.33], [1423.97, 1553.64], [1579.68, 1709.34], [1732.93, 1862.59], [1888.46, 2018.12], [2043.62, 2173.28], [2200.26, 2329.92], [2354.96, 2484.62]]",,,,COM4,0123456789abcdefghijklmnopqrstuvwxyzABCDEFGHIJKLMNOPQRSTUVWXYZ-_ | 0123456789abcdefghijklmnopqrstuvwxyzABCDEFGHIJKLMNOPQRSTUVWXYZ-_ | 0123456789abcdefghijklmnopqrstuvwxyzABCDEFGHIJKLMNOPQRSTUVWXYZ-_ | 0123456789abcdefghijklmnopqrstuvwxyzABCDEFGHIJKLMNOPQRSTUVWXYZ-_ | 0123456789abcdefghijklmnopqrstuvwxyzABCDEFGHIJKLMNOPQRSTUVWXYZ-_ | 0123456789abcdefghijklmnopqrstuvwxyzABCDEFGHIJKLMNOPQRSTUVWXYZ-_ | 0123456789abcdefghijklmnopqrstuvwxyzABCDEFGHIJKLMNOPQRSTUVWXYZ-_ | 0123456789abcdefghijklmnopqrstuvwxyzABCDEFGHIJKLMNOPQRSTUVWXYZ-_ | 0123456789abcdefghijklmnopqrstuvwxyzABCDEFGHIJKLMNOPQRSTUVWXYZ-_ | 0123456789abcdefghijklmnopqrstuvwxyzABCDEFGHIJKLMNOPQRSTUVWXYZ-_ | 0123456789abcdefghijklmnopqrstuvwxyzABCDEFGHIJKLMNOPQRSTUVWXYZ-_ | 0123456789abcdefghijklmnopqrstuvwxyzABCDEFGHIJKLMNOPQRSTUVWXYZ-_ | 0123456789abcdefghijklmnopqrstuvwxyzABCDEFGHIJKLMNOPQRSTUVWXYZ-_ | 0123456789abcdefghijklmnopqrstuvwxyzABCDEFGHIJKLMNOPQRSTUVWXYZ-_ | 0123456789abcdefghijklmnopqrstuvwxyzABCDEFGHIJKLMNOPQRSTUVWXYZ-_ | 0123456789abcdefghijklmnopqrstuvwxyzABCDEFGHIJKLMNOPQRSTUVWXYZ-_,True,False,ok
lot270_other_profiles_final_candidate2/20260929_193856_radio_ebyte_e79_cc1352p,lot270_other_profiles_final_candidate2/20260929_193856_radio_ebyte_e79_cc1352p/run_00016,run_00016,2026-09-29T16:40:26+00:00,RADIO_EBYTE_E79_CC1352P,Ebyte E79-400DM2005S (CC1352P AT modem),RADIO_EBYTE_E79_CC1352P + AT_COMMANDS; E79 modem firmware 0.3.0 required,tx,COM16,COM4,COM16,1,128,2,64,128,"{""rf_profile"": ""GFSK4K8"", ""tx_power_dbm"": 0}",ampere,3300,259.33333333333337,259.33333333333337,94208,0.8336842105263158,True,4799.478775171336,9878.058833436475,25.88,259.33,8014.171661081579,17263.445493113933,,,8014.171661081579,17263.445493113933,2078.3151368682857,835.0863852901614,6858.439951665342,2755.7850714575325,per_frame_modeled_airtime_v1,"[[25.88, 155.55], [178.2, 307.86]]",,,,COM4,0123456789abcdefghijklmnopqrstuvwxyzABCDEFGHIJKLMNOPQRSTUVWXYZ-_ | 0123456789abcdefghijklmnopqrstuvwxyzABCDEFGHIJKLMNOPQRSTUVWXYZ-_,True,False,ok
lot270_other_profiles_final_candidate2/20260929_193856_radio_ebyte_e79_cc1352p,lot270_other_profiles_final_candidate2/20260929_193856_radio_ebyte_e79_cc1352p/run_00017,run_00017,2026-09-29T16:40:29+00:00,RADIO_EBYTE_E79_CC1352P,Ebyte E79-400DM2005S (CC1352P AT modem),RADIO_EBYTE_E79_CC1352P + AT_COMMANDS; E79 modem firmware 0.3.0 required,tx,COM16,COM4,COM16,2,128,2,64,128,"{""rf_profile"": ""GFSK4K8"", ""tx_power_dbm"": 0}",ampere,3300,259.33333333333337,259.33333333333337,94208,0.8336842105263158,True,4814.18254436525,9436.2634739238,27.18,259.33,8020.8583589288955,18180.681979973127,,,8020.8583589288955,18180.681979973127,2080.0491982210306,833.5497945635378,6864.1623541294,2750.7143220596745,per_frame_modeled_airtime_v1,"[[27.18, 156.85], [182.37, 312.03]]",,,,COM4,0123456789abcdefghijklmnopqrstuvwxyzABCDEFGHIJKLMNOPQRSTUVWXYZ-_ | 0123456789abcdefghijklmnopqrstuvwxyzABCDEFGHIJKLMNOPQRSTUVWXYZ-_,True,False,ok
lot270_other_profiles_final_candidate2/20260929_193856_radio_ebyte_e79_cc1352p,lot270_other_profiles_final_candidate2/20260929_193856_radio_ebyte_e79_cc1352p/run_00018,run_00018,2026-09-29T16:40:31+00:00,RADIO_EBYTE_E79_CC1352P,Ebyte E79-400DM2005S (CC1352P AT modem),RADIO_EBYTE_E79_CC1352P + AT_COMMANDS; E79 modem firmware 0.3.0 required,tx,COM16,COM4,COM16,3,128,2,64,128,"{""rf_profile"": ""GFSK4K8"", ""tx_power_dbm"": 0}",ampere,3300,259.33333333333337,259.33333333333337,94208,0.8336842105263158,True,4858.336046499783,8277.783334920592,27.32,259.33,7999.783596575269,17211.28530620558,,,7999.783596575269,17211.28530620558,2074.5838800998645,816.4187589010079,6846.126804329552,2694.181904373326,per_frame_modeled_airtime_v1,"[[27.32, 156.99], [183.65, 313.31]]",,,,COM4,0123456789abcdefghijklmnopqrstuvwxyzABCDEFGHIJKLMNOPQRSTUVWXYZ-_ | 0123456789abcdefghijklmnopqrstuvwxyzABCDEFGHIJKLMNOPQRSTUVWXYZ-_,True,False,ok
lot270_other_profiles_final_candidate2/20260929_193856_radio_ebyte_e79_cc1352p,lot270_other_profiles_final_candidate2/20260929_193856_radio_ebyte_e79_cc1352p/run_00019,run_00019,2026-09-29T16:40:34+00:00,RADIO_EBYTE_E79_CC1352P,Ebyte E79-400DM2005S (CC1352P AT modem),RADIO_EBYTE_E79_CC1352P + AT_COMMANDS; E79 modem firmware 0.3.0 required,tx,COM16,COM4,COM16,4,128,2,64,128,"{""rf_profile"": ""GFSK4K8"", ""tx_power_dbm"": 0}",ampere,3300,259.33333333333337,259.33333333333337,94208,0.8336842105263158,True,4814.18254436525,9321.434339015095,26.55,259.33,7996.850390010361,17626.374120666595,,,7996.850390010361,17626.374120666595,2073.823211641387,826.765444373077,6843.616598416576,2728.325966431154,per_frame_modeled_airtime_v1,"[[26.55, 156.22], [182.76, 312.42]]",,,,COM4,0123456789abcdefghijklmnopqrstuvwxyzABCDEFGHIJKLMNOPQRSTUVWXYZ-_ | 0123456789abcdefghijklmnopqrstuvwxyzABCDEFGHIJKLMNOPQRSTUVWXYZ-_,True,False,ok
lot270_other_profiles_final_candidate2/20260929_193856_radio_ebyte_e79_cc1352p,lot270_other_profiles_final_candidate2/20260929_193856_radio_ebyte_e79_cc1352p/run_00020,run_00020,2026-09-29T16:40:37+00:00,RADIO_EBYTE_E79_CC1352P,Ebyte E79-400DM2005S (CC1352P AT modem),RADIO_EBYTE_E79_CC1352P + AT_COMMANDS; E79 modem firmware 0.3.0 required,tx,COM16,COM4,COM16,5,128,2,64,128,"{""rf_profile"": ""GFSK4K8"", ""tx_power_dbm"": 0}",ampere,3300,259.33333333333337,259.33333333333337,94208,0.8336842105263158,True,4858.336046499783,8220.095367392614,27.34,259.33,8007.688712345099,17904.582019634076,,,8007.688712345099,17904.582019634076,2076.6339137724544,818.3151346752471,6852.8919154490995,2700.4399444283154,per_frame_modeled_airtime_v1,"[[27.34, 157.01], [182.64, 312.3]]",,,,COM4,0123456789abcdefghijklmnopqrstuvwxyzABCDEFGHIJKLMNOPQRSTUVWXYZ-_ | 0123456789abcdefghijklmnopqrstuvwxyzABCDEFGHIJKLMNOPQRSTUVWXYZ-_,True,False,ok
lot270_other_profiles_final_candidate2/20260929_193856_radio_ebyte_e79_cc1352p,lot270_other_profiles_final_candidate2/20260929_193856_radio_ebyte_e79_cc1352p/run_00021,run_00021,2026-09-29T16:40:41+00:00,RADIO_EBYTE_E79_CC1352P,Ebyte E79-400DM2005S (CC1352P AT modem),RADIO_EBYTE_E79_CC1352P + AT_COMMANDS; E79 modem firmware 0.3.0 required,tx,COM16,COM4,COM16,1,512,8,64,512,"{""rf_profile"": ""GFSK4K8"", ""tx_power_dbm"": 0}",ampere,3300,1037.3333333333335,1037.3333333333335,194560,0.2461033634126333,True,4843.611180029473,8587.540776813152,26.5,1037.3300000000002,8021.153350240206,18419.12365703012,,,8021.153350240206,18419.12365703012,8320.583004804674,3303.6286398129755,27457.923915855423,10901.97451138282,per_frame_modeled_airtime_v1,"[[26.5, 156.17], [181.81, 311.48], [334.2, 463.87], [490.93, 620.6], [645.58, 775.25], [801.69, 931.35], [958.11, 1087.77], [1108.41, 1238.07]]",,,,COM4,0123456789abcdefghijklmnopqrstuvPQRSTUVWXYZ-_ | 0123456789abcdefghijklmnopqrstuvwxyzABCDEFGHIJKLMNOPQRSTUVWXYZ-_ | 0123456789abcdefghijklmnopqrstuvwxyzABCDEFGHIJKLMNOPQRSTUVWXYZ-_ | 0123456789abcdefghijklmnopqrstuvwxyzABCDEFGHIJKLMNOPQRSTUVWXYZ-_ | 0123456789abcdefghijklmnopqrstuvwxyzABCDEFGHIJKLMNOPQRSTUVWXYZ-_ | 0123456789abcdefghijklmnopqrstuvwxyzABCDEFGHIJKLMNOPQRSTUVWXYZ-_ | 0123456789abcdefghijklmnopqrstuvwxyzABCDEFGHIJKLMNOPQRSTUVWXYZ-_ | 0123456789abcdefghijklmnopqrstuvwxyzABCDEFGHIJKLMNOPQRSTUVWXYZ-_,False,True,rx_missing
lot270_other_profiles_final_candidate2/20260929_193856_radio_ebyte_e79_cc1352p,lot270_other_profiles_final_candidate2/20260929_193856_radio_ebyte_e79_cc1352p/run_00022,run_00022,2026-09-29T16:40:46+00:00,RADIO_EBYTE_E79_CC1352P,Ebyte E79-400DM2005S (CC1352P AT modem),RADIO_EBYTE_E79_CC1352P + AT_COMMANDS; E79 modem firmware 0.3.0 required,tx,COM16,COM4,COM16,2,512,8,64,512,"{""rf_profile"": ""GFSK4K8"", ""tx_power_dbm"": 0}",ampere,3300,1037.3333333333335,1037.3333333333335,194560,0.2461033634126333,True,4799.478775171336,9935.357553402006,26.96,1037.3300000000002,8009.712250865915,18300.501905194014,,,8009.712250865915,18300.501905194014,8308.71480919074,3334.963986862883,27418.758870329442,11005.381156647512,per_frame_modeled_airtime_v1,"[[26.96, 156.63], [182.62, 312.29], [338.79, 468.46], [495.07, 624.74], [646.14, 775.81], [802.1, 931.76], [957.85, 1087.51], [1109.16, 1238.82]]",,,,COM4,0123456789abcdefghijklmnopqrstuvwxyzABCDEFGHIJKLMNOPQRSTUVWXYZ-_ | 0123456789abcdefghijklmnopqrstuvwxyzABCDEFGHIJKLMNOPQRSTUVWXYZ-_ | 0123456789abcdefghijklmnopqrstuvwxyzABCDEFGHIJKLMNOPQRSTUVWXYZ-_ | 0123456789abcdefghijklmnopqrstuvwxyzABCDEFGHIJKLMNOPQRSTUVWXYZ-_ | 0123456789abcdefghijklmnopqrstuvZ-_ | 0123456789abcdefghijklmnopqrstuvwxyzABCDEFGHIJKLMNOPQRSTUVWXYZ-_ | 0123456789abcdefghijklmnopqrstuvSTUVWXYZ-_ | 0123456789abcdefghijklmnopqrstuvwxyzABCDEFGHIJKLMNOPQRSTUVWXYZ-_,False,True,rx_missing
lot270_other_profiles_final_candidate2/20260929_193856_radio_ebyte_e79_cc1352p,lot270_other_profiles_final_candidate2/20260929_193856_radio_ebyte_e79_cc1352p/run_00023,run_00023,2026-09-29T16:40:50+00:00,RADIO_EBYTE_E79_CC1352P,Ebyte E79-400DM2005S (CC1352P AT modem),RADIO_EBYTE_E79_CC1352P + AT_COMMANDS; E79 modem firmware 0.3.0 required,tx,COM16,COM4,COM16,3,512,8,64,512,"{""rf_profile"": ""GFSK4K8"", ""tx_power_dbm"": 0}",ampere,3300,1037.3333333333335,1037.3333333333335,194560,0.2461033634126333,True,4838.7044539672515,8659.26131774495,26.89,1037.3300000000002,8022.993802491538,18457.338365784894,,,8022.993802491538,18457.338365784894,8322.492161138547,3310.042403174428,27464.224131757204,10923.13993047561,per_frame_modeled_airtime_v1,"[[26.89, 156.56], [182.98, 312.65], [338.31, 467.98], [494.27, 623.94], [646.73, 776.4], [802.22, 931.88], [958.49, 1088.15], [1110.7, 1240.36]]",,,,COM4,0123456789abcdefghijklmnopqrstuvwxyzABCDEFGHIJKLMNOPQRSTUVWXYZ-_ | 0123456789abcdefghijklmnopqrstuvwxyzABCDEFGHIJKLMNOPQRSTUVWXYZ-_ | 0123456789abcdefghijklmnopqrstuvwxyzABCDEFGHIJKLMNOPQRSTUVWXYZ-_ | 0123456789abcdefghijklmnopqrstuvwxyzABCDEFGHIJKLMNOPQRSTUVWXYZ-_ | 0123456789abcdefghijklmnopqrstuvwxyzABCDEFGHIJKLMNOPQRSTUVWXYZ-_0123456789abcdefghijklmnopqrstuvwxyzABCDEFGHIJKLMNOPQRSTUVWXYZ-_ | 0123456789abcdefghijklmnopqrstuvwxyzABCDEFGHIJKLMNOPQRSTUVWXYZ-_ | 0123456789abcdefghijklmnopqrstuvwxyzABCDEFGHIJKLMNOPQRSTUVWXYZ-_,False,True,rx_missing
lot270_other_profiles_final_candidate2/20260929_193856_radio_ebyte_e79_cc1352p,lot270_other_profiles_final_candidate2/20260929_193856_radio_ebyte_e79_cc1352p/run_00024,run_00024,2026-09-29T16:40:55+00:00,RADIO_EBYTE_E79_CC1352P,Ebyte E79-400DM2005S (CC1352P AT modem),RADIO_EBYTE_E79_CC1352P + AT_COMMANDS; E79 modem firmware 0.3.0 required,tx,COM16,COM4,COM16,4,512,8,64,512,"{""rf_profile"": ""GFSK4K8"", ""tx_power_dbm"": 0}",ampere,3300,1037.3333333333335,1037.3333333333335,194560,0.2461033634126333,True,4819.085363524436,9269.622309552418,27.1,1037.3300000000002,8016.717691324921,18675.406270741063,,,8016.717691324921,18675.406270741063,8315.98176274208,3324.1844947328973,27442.739817048863,10969.80883261856,per_frame_modeled_airtime_v1,"[[27.1, 156.77], [182.81, 312.48], [338.22, 467.89], [495.7, 625.37], [650.2, 779.87], [806.09, 935.75], [957.76, 1087.42], [1113.56, 1243.22]]",,,,COM4,0123456789abcdefghijklmnopqrstuvwxyzABCDEFGHIJKLMNOPQRSTUVWXYZ-_ | 0123456789abcdefghijklmnopqrstuvwxyzABCDEFGHIJKLMNOPQRSTUVWXYZ-_0123456789abcdefghijklmnopqrstuvwxyzABCDEFGHIJKLMNOPQRSTUVWXYZ-_ | 0123456789abcdefghijklmnopqrstuvwxyzABCDEFGHIJKLMNOPQRSTUVWXYZ-_ | 0123456789abcdefghijklmnopqrstuvwxyzABCDEFGHIJKLMNOPQRSTUVWXYZ-_ | 0123456789abcdefghijklmnopqrstuvwxyzABCDEFGHIJKLMNOPQRSTUVWXYZ-_ | 0123456789abcdefghijklmnopqrstuvwxyzABCDEFGHIJKLMNOPQRSTUVWXYZ-_ | 0123456789abcdefghijklmnopqrstuvwxyzABCDEFGHIJKLMNOPQRSTUVWXYZ-_,False,True,rx_missing
lot270_other_profiles_final_candidate2/20260929_193856_radio_ebyte_e79_cc1352p,lot270_other_profiles_final_candidate2/20260929_193856_radio_ebyte_e79_cc1352p/run_00025,run_00025,2026-09-29T16:40:59+00:00,RADIO_EBYTE_E79_CC1352P,Ebyte E79-400DM2005S (CC1352P AT modem),RADIO_EBYTE_E79_CC1352P + AT_COMMANDS; E79 modem firmware 0.3.0 required,tx,COM16,COM4,COM16,5,512,8,64,512,"{""rf_profile"": ""GFSK4K8"", ""tx_power_dbm"": 0}",ampere,3300,1037.3333333333335,1037.3333333333335,194560,0.2461033634126333,True,4823.988964064228,9217.783258073032,27.04,1037.3300000000002,8022.470972290351,18571.920424937874,,,8022.470972290351,18571.920424937874,8321.94981368595,3324.948495969405,27462.43438516363,10972.330036699035,per_frame_modeled_airtime_v1,"[[27.04, 156.71], [183.49, 313.16], [335.14, 464.81], [490.83, 620.5], [647.96, 777.63], [804.05, 933.71], [958.23, 1087.89], [1113.3, 1242.96]]",,,,COM4,0123456789abcdefghijklmnopqrstuvwxyzABCDEFGHIJKLMNOPQRSTUVWXYZ-_ | 0123456789abcdefghijklmnopqrstuvwxyzABCDEFGHIJKLMNOPQRSTUVWXYZ-_ | 0123456789abcdefghijklmnopqrstuvwxyzABCDEFGHIJKLMNOPQRSTUVWXYZ-_ | 0123456789abcdefghijklmnopqrstuvwxyzABCDEFGHIJKLMNOPQRSTUVWXYZ-_ | 0123456789abcdefghijklmnopqrstuvwxyzABCDEFGHIJKLMNOPQRSTUVWXYZ-_ | 0123456789abcdefghijklmnopqrstuvwxyzABCDEFGHIJKLMNOPQRSTUVWXYZ-_ | 0123456789abcdefghijklmnopqrstuvwxyzABCDEFGHIJKLMNOPQRSTUVWXYZ-_ | 0123456789abcdefghijklmnopqrstuvOPQRSTUVWXYZ-_,False,True,rx_missing
lot270_other_profiles_final_candidate2/20260929_193856_radio_ebyte_e79_cc1352p,lot270_other_profiles_final_candidate2/20260929_193856_radio_ebyte_e79_cc1352p/run_00026,run_00026,2026-09-29T16:41:06+00:00,RADIO_EBYTE_E79_CC1352P,Ebyte E79-400DM2005S (CC1352P AT modem),RADIO_EBYTE_E79_CC1352P + AT_COMMANDS; E79 modem firmware 0.3.0 required,tx,COM16,COM4,COM16,1,1024,16,64,1024,"{""rf_profile"": ""GFSK4K8"", ""tx_power_dbm"": 0}",ampere,3300,2074.666666666667,2074.666666666667,334848,0.06923719708726274,True,4784.782038402886,9873.783184769582,27.93,2074.6600000000003,8013.893965557719,18405.57665632397,,,8013.893965557719,18405.57665632397,16626.105254583978,6712.152635859914,54866.14734012712,22150.103698337716,per_frame_modeled_airtime_v1,"[[27.93, 157.6], [181.61, 311.28], [339.08, 468.75], [493.46, 623.13], [648.4, 778.07], [803.47, 933.14], [955.03, 1084.7], [1110.16, 1239.83], [1265.04, 1394.71], [1421.67, 1551.34], [1572.13, 1701.79], [1727.63, 1857.29], [1885.16, 2014.82], [2036.22, 2165.88], [2191.79, 2321.45], [2347.45, 2477.11]]",,,,COM4,0123456789abcdefghijklmnopqrstuvwxyzABCDEFGHIJKLMNOPQRSTUVWXYZ-_ | 0123456789abcdefghijklmnopqrstuvwxyzABCDEFGHIJKLMNOPQRSTUVWXYZ-_ | 0123456789abcdefghijklmnopqrstuvwxyzABCDEFGHIJKLMNOPQRSTUVWXYZ-_ | 0123456789abcdefghijklmnopqrstuvwxyzABCDEFGHIJKLMNOPQRSTUVWXYZ-_ | 0123456789abcdefghijklmnopqrstuvwxyzABCDEFGHIJKLMNOPQRSTUVWXYZ-_ | 0123456789abcdefghijklmnopqrstuvwxyzABCDEFGHIJKLMNOPQRSTUVWXYZ-_ | 0123456789abcdefghijklmnopqrstuvwxyzABCDEFGHIJKLMNOPQRSTUVWXYZ-_ | 0123456789abcdefghijklmnopqrstuvwxyzABCDEFGHIJKLMNOPQRSTUVWXYZ-_ | 0123456789abcdefghijklmnopqrstuvwxyzABCDEFGHIJKLMNOPQRSTUVWXYZ-_ | 0123456789abcdefghijklmnopqrstuvwxyzABCDEFGHIJKLMNOPQRSTUVWXYZ-_ | 0123456789abcdefghijklmnopqrstuvwxyzABCDEFGHIJKLMNOPQRSTUVWXYZ-_ | 0123456789abcdefghijklmnopqrstuvwxyzABCDEFGHIJKLMNOPQRSTUVWXYZ-_ | 0123456789abcdefghijklmnopqrstuvwxyzABCDEFGHIJKLMNOPQRSTUVWXYZ-_ | 0123456789abcdefghijklmnopqrstuvwxyzABCDEFGHIJKLMNOPQRSTUVWXYZ-_ | 0123456789abcdefghijklmnopqrstuvwxyzABCDEFGHIJKLMNOPQRSTUVWXYZ-_ | 0123456789abcdefghijklmnopqrstuvwxyzABCDEFGHIJKLMNOPQRSTUVWXYZ-_,True,False,ok
lot270_other_profiles_final_candidate2/20260929_193856_radio_ebyte_e79_cc1352p,lot270_other_profiles_final_candidate2/20260929_193856_radio_ebyte_e79_cc1352p/run_00027,run_00027,2026-09-29T16:41:14+00:00,RADIO_EBYTE_E79_CC1352P,Ebyte E79-400DM2005S (CC1352P AT modem),RADIO_EBYTE_E79_CC1352P + AT_COMMANDS; E79 modem firmware 0.3.0 required,tx,COM16,COM4,COM16,2,1024,16,64,1024,"{""rf_profile"": ""GFSK4K8"", ""tx_power_dbm"": 0}",ampere,3300,2074.666666666667,2074.666666666667,334848,0.06923719708726274,True,4853.426976295739,8480.933376724486,27.45,2074.6600000000003,8009.258259509926,18447.657701090455,,,8009.258259509926,18447.657701090455,16616.487740674864,6561.084293031241,54834.40954422705,21651.578167003096,per_frame_modeled_airtime_v1,"[[27.45, 157.12], [182.22, 311.89], [338.58, 468.25], [492.76, 622.43], [647.15, 776.82], [800.56, 930.23], [954.18, 1083.85], [1109.93, 1239.6], [1266.15, 1395.82], [1422.08, 1551.75], [1577.8, 1707.46], [1729.67, 1859.33], [1885.51, 2015.17], [2040.1, 2169.76], [2195.45, 2325.11], [2346.15, 2475.81]]",,,,COM4,0123456789abcdefghijklmnopqrstuvwxyzABCDEFGHIJKLMNOPQRSTUVWXYZ-_ | 0123456789abcdefghijklmnopqrstuvwxyzABCDEFGHIJKLMNOPQRSTUVWXYZ-_ | 0123456789abcdefghijklmnopqrstuvwxyzABCDEFGHIJKLMNOPQRSTUVWXYZ-_ | 0123456789abcdefghijklmnopqrstuvwxyzABCDEFGHIJKLMNOPQRSTUVWXYZ-_ | 0123456789abcdefghijklmnopqrstuvwxyzABCDEFGHIJKLMNOPQRSTUVWXYZ-_ | 0123456789abcdefghijklmnopqrstuvwxyzABCDEFGHIJKLMNOPQRSTUVWXYZ-_ | 0123456789abcdefghijklmnopqrstuvwxyzABCDEFGHIJKLMNOPQRSTUVWXYZ-_ | 0123456789abcdefghijklmnopqrstuvwxyzABCDEFGHIJKLMNOPQRSTUVWXYZ-_ | 0123456789abcdefghijklmnopqrstuvwxyzABCDEFGHIJKLMNOPQRSTUVWXYZ-_ | 0123456789abcdefghijklmnopqrstuvwxyzABCDEFGHIJKLMNOPQRSTUVWXYZ-_ | 0123456789abcdefghijklmnopqrstuvwxyzABCDEFGHIJKLMNOPQRSTUVWXYZ-_ | 0123456789abcdefghijklmnopqrstuvwxyzABCDEFGHIJKLMNOPQRSTUVWXYZ-_ | 0123456789abcdefghijklmnopqrstuvwxyzABCDEFGHIJKLMNOPQRSTUVWXYZ-_ | 0123456789abcdefghijklmnopqrstuvwxyzABCDEFGHIJKLMNOPQRSTUVWXYZ-_ | 0123456789abcdefghijklmnopqrstuvwxyzABCDEFGHIJKLMNOPQRSTUVWXYZ-_ | 0123456789abcdefghijklmnopqrstuvwxyzABCDEFGHIJKLMNOPQRSTUVWXYZ-_,True,False,ok
lot270_other_profiles_final_candidate2/20260929_193856_radio_ebyte_e79_cc1352p,lot270_other_profiles_final_candidate2/20260929_193856_radio_ebyte_e79_cc1352p/run_00028,run_00028,2026-09-29T16:41:21+00:00,RADIO_EBYTE_E79_CC1352P,Ebyte E79-400DM2005S (CC1352P AT modem),RADIO_EBYTE_E79_CC1352P + AT_COMMANDS; E79 modem firmware 0.3.0 required,tx,COM16,COM4,COM16,3,1024,16,64,1024,"{""rf_profile"": ""GFSK4K8"", ""tx_power_dbm"": 0}",ampere,3300,2074.666666666667,2074.666666666667,334848,0.06923719708726274,True,4770.092334059901,10415.793075146245,27.71,2074.6600000000003,8009.658287966462,18486.739382261418,,,8009.658287966462,18486.739382261418,16617.3176637125,6733.040056252398,54837.14829025124,22219.032185632914,per_frame_modeled_airtime_v1,"[[27.71, 157.38], [183.5, 313.17], [340.29, 469.96], [492.95, 622.62], [646.35, 776.02], [798.03, 927.7], [954.41, 1084.08], [1110.12, 1239.79], [1264.34, 1394.01], [1420.01, 1549.68], [1575.06, 1704.72], [1727.4, 1857.06], [1882.58, 2012.24], [2038.39, 2168.05], [2195.39, 2325.05], [2349.84, 2479.5]]",,,,COM4,0123456789abcdefghijklmnopqrstuvwxyzABCDEFGHIJKLMNOPQRSTUVWXYZ-_ | 0123456789abcdefghijklmnopqrstuvwxyzABCDEFGHIJKLMNOPQRSTUVWXYZ-_ | 0123456789abcdefghijklmnopqrstuvwxyzABCDEFGHIJKLMNOPQRSTUVWXYZ-_ | 0123456789abcdefghijklmnopqrstuvwxyzABCDEFGHIJKLMNOPQRSTUVWXYZ-_ | 0123456789abcdefghijklmnopqrstuvwxyzABCDEFGHIJKLMNOPQRSTUVWXYZ-_ | 0123456789abcdefghijklmnopqrstuvwxyzABCDEFGHIJKLMNOPQRSTUVWXYZ-_ | 0123456789abcdefghijklmnopqrstuvwxyzABCDEFGHIJKLMNOPQRSTUVWXYZ-_ | 0123456789abcdefghijklmnopqrstuvwxyzABCDEFGHIJKLMNOPQRSTUVWXYZ-_ | 0123456789abcdefghijklmnopqrstuvwxyzABCDEFGHIJKLMNOPQRSTUVWXYZ-_ | 0123456789abcdefghijklmnopqrstuvwxyzABCDEFGHIJKLMNOPQRSTUVWXYZ-_ | 0123456789abcdefghijklmnopqrstuvwxyzABCDEFGHIJKLMNOPQRSTUVWXYZ-_ | 0123456789abcdefghijklmnopqrstuvwxyzABCDEFGHIJKLMNOPQRSTUVWXYZ-_ | 0123456789abcdefghijklmnopqrstuvwxyzABCDEFGHIJKLMNOPQRSTUVWXYZ-_ | 0123456789abcdefghijklmnopqrstuvwxyzABCDEFGHIJKLMNOPQRSTUVWXYZ-_ | 0123456789abcdefghijklmnopqrstuvwxyzABCDEFGHIJKLMNOPQRSTUVWXYZ-_ | 0123456789abcdefghijklmnopqrstuvwxyzABCDEFGHIJKLMNOPQRSTUVWXYZ-_,True,False,ok
lot270_other_profiles_final_candidate2/20260929_193856_radio_ebyte_e79_cc1352p,lot270_other_profiles_final_candidate2/20260929_193856_radio_ebyte_e79_cc1352p/run_00029,run_00029,2026-09-29T16:41:28+00:00,RADIO_EBYTE_E79_CC1352P,Ebyte E79-400DM2005S (CC1352P AT modem),RADIO_EBYTE_E79_CC1352P + AT_COMMANDS; E79 modem firmware 0.3.0 required,tx,COM16,COM4,COM16,4,1024,16,64,1024,"{""rf_profile"": ""GFSK4K8"", ""tx_power_dbm"": 0}",ampere,3300,2074.666666666667,2074.666666666667,334848,0.06923719708726274,True,4868.156531049692,7884.557274100461,26.32,2074.6600000000003,8024.4156264487,18511.098799574138,,,8024.4156264487,18511.098799574138,16647.934123568062,6562.519407338975,54938.1826077746,21656.314044218616,per_frame_modeled_airtime_v1,"[[26.32, 155.99], [182.02, 311.69], [333.21, 462.88], [484.04, 613.71], [639.66, 769.33], [795.23, 924.9], [950.29, 1079.96], [1102.35, 1232.02], [1252.91, 1382.58], [1410.48, 1540.15], [1566.98, 1696.64], [1718.49, 1848.15], [1870.71, 2000.37], [2024.1, 2153.76], [2180.69, 2310.35], [2336.72, 2466.38]]",,,,COM4,0123456789abcdefghijklmnopqrstuvwxyzABCDEFGHIJKLMNOPQRSTUVWXYZ-_ | 0123456789abcdefghijklmnopqrstuvwxyzABCDEFGHIJKLMNOPQRSTUVWXYZ-_ | 0123456789abcdefghijklmnopqrstuvwxyzABCDEFGHIJKLMNOPQRSTUVWXYZ-_ | 0123456789abcdefghijklmnopqrstuvwxyzABCDEFGHIJKLMNOPQRSTUVWXYZ-_ | 0123456789abcdefghijklmnopqrstuvwxyzABCDEFGHIJKLMNOPQRSTUVWXYZ-_ | 0123456789abcdefghijklmnopqrstuvwxyzABCDEFGHIJKLMNOPQRSTUVWXYZ-_ | 0123456789abcdefghijklmnopqrstuvwxyzABCDEFGHIJKLMNOPQRSTUVWXYZ-_ | 0123456789abcdefghijklmnopqrstuvwxyzABCDEFGHIJKLMNOPQRSTUVWXYZ-_ | 0123456789abcdefghijklmnopqrstuvwxyzABCDEFGHIJKLMNOPQRSTUVWXYZ-_ | 0123456789abcdefghijklmnopqrstuvwxyzABCDEFGHIJKLMNOPQRSTUVWXYZ-_ | 0123456789abcdefghijklmnopqrstuvwxyzABCDEFGHIJKLMNOPQRSTUVWXYZ-_ | 0123456789abcdefghijklmnopqrstuvwxyzABCDEFGHIJKLMNOPQRSTUVWXYZ-_ | 0123456789abcdefghijklmnopqrstuvwxyzABCDEFGHIJKLMNOPQRSTUVWXYZ-_ | 0123456789abcdefghijklmnopqrstuvwxyzABCDEFGHIJKLMNOPQRSTUVWXYZ-_ | 0123456789abcdefghijklmnopqrstuvwxyzABCDEFGHIJKLMNOPQRSTUVWXYZ-_0123456789abcdefghijklmnopqrstuvwxyzABCDEFGHIJKLMNOPQRSTUVWXYZ-_,False,True,rx_missing
lot270_other_profiles_final_candidate2/20260929_193856_radio_ebyte_e79_cc1352p,lot270_other_profiles_final_candidate2/20260929_193856_radio_ebyte_e79_cc1352p/run_00030,run_00030,2026-09-29T16:41:35+00:00,RADIO_EBYTE_E79_CC1352P,Ebyte E79-400DM2005S (CC1352P AT modem),RADIO_EBYTE_E79_CC1352P + AT_COMMANDS; E79 modem firmware 0.3.0 required,tx,COM16,COM4,COM16,5,1024,16,64,1024,"{""rf_profile"": ""GFSK4K8"", ""tx_power_dbm"": 0}",ampere,3300,2074.666666666667,2074.666666666667,334848,0.06923719708726274,True,4799.478775171336,9591.426216622263,26.74,2074.6600000000003,8020.090162789157,18548.70280476685,,,8020.090162789157,18548.70280476685,16638.960257132152,6695.4367246942775,54908.568848536095,22094.941191491114,per_frame_modeled_airtime_v1,"[[26.74, 156.41], [182.01, 311.68], [339.82, 469.49], [490.43, 620.1], [645.81, 775.48], [801.9, 931.57], [957.58, 1087.25], [1111.22, 1240.89], [1266.94, 1396.61], [1418.49, 1548.16], [1574.8, 1704.46], [1731.06, 1860.72], [1885.13, 2014.79], [2035.86, 2165.52], [2193.25, 2322.91], [2348.81, 2478.47]]",,,,COM4,0123456789abcdefghijklmnopqrstuvwxyzABCDEFGHIJKLMNOPQRSTUVWXYZ-_ | 0123456789abcdefghijklmnopqrstuvwxyzABCDEFGHIJKLMNOPQRSTUVWXYZ-_ | 0123456789abcdefghijklmnopqrstuvwxyzABCDEFGHIJKLMNOPQRSTUVWXYZ-_ | 0123456789abcdefghijklmnopqrstuvwxyzABCDEFGHIJKLMNOPQRSTUVWXYZ-_ | 0123456789abcdefghijklmnopqrstuvwxyzABCDEFGHIJKLMNOPQRSTUVWXYZ-_ | 0123456789abcdefghijklmnopqrstuvwxyzABCDEFGHIJKLMNOPQRSTUVWXYZ-_ | 0123456789abcdefghijklmnopqrstuvwxyzABCDEFGHIJKLMNOPQRSTUVWXYZ-_ | 0123456789abcdefghijklmnopqrstuvwxyzABCDEFGHIJKLMNOPQRSTUVWXYZ-_ | 0123456789abcdefghijklmnopqrstuvwxyzABCDEFGHIJKLMNOPQRSTUVWXYZ-_ | 0123456789abcdefghijklmnopqrstuvwxyzABCDEFGHIJKLMNOPQRSTUVWXYZ-_ | 0123456789abcdefghijklmnopqrstuvwxyzABCDEFGHIJKLMNOPQRSTUVWXYZ-_ | 0123456789abcdefghijklmnopqrstuvwxyzABCDEFGHIJKLMNOPQRSTUVWXYZ-_ | 0123456789abcdefghijklmnopqrstuvwxyzABCDEFGHIJKLMNOPQRSTUVWXYZ-_ | 0123456789abcdefghijklmnopqrstuvwxyzABCDEFGHIJKLMNOPQRSTUVWXYZ-_ | 0123456789abcdefghijklmnopqrstuvwxyzABCDEFGHIJKLMNOPQRSTUVWXYZ-_ | 0123456789abcdefghijklmnopqrstuvwxyzABCDEFGHIJKLMNOPQRSTUVWXYZ-_,True,False,ok
lot270_other_profiles_final_candidate2/20260929_193856_radio_ebyte_e79_cc1352p,lot270_other_profiles_final_candidate2/20260929_193856_radio_ebyte_e79_cc1352p/run_00031,run_00031,2026-09-29T16:41:39+00:00,RADIO_EBYTE_E79_CC1352P,Ebyte E79-400DM2005S (CC1352P AT modem),RADIO_EBYTE_E79_CC1352P + AT_COMMANDS; E79 modem firmware 0.3.0 required,tx,COM16,COM4,COM16,1,128,2,64,128,"{""rf_profile"": ""GFSK4K8"", ""tx_power_dbm"": 13}",ampere,3300,259.33333333333337,259.33333333333337,94208,0.8336842105263158,True,4779.8846889079505,10484.570889397095,26.34,259.33,10124.83275350046,18196.613440327306,,,10124.83275350046,18196.613440327306,2625.672877965274,1387.5261142842305,8664.720497285403,4578.8361771379605,per_frame_modeled_airtime_v1,"[[26.34, 156.01], [183.15, 312.81]]",,,,COM4,0123456789abcdefghijklmnopqrstuvwxyzABCDEFGHIJKLMNOPQRSTUVWXYZ-_ | 0123456789abcdefghijklmnopqrstuvwxyzABCDEFGHIJKLMNOPQRSTUVWXYZ-_,True,False,ok
lot270_other_profiles_final_candidate2/20260929_193856_radio_ebyte_e79_cc1352p,lot270_other_profiles_final_candidate2/20260929_193856_radio_ebyte_e79_cc1352p/run_00032,run_00032,2026-09-29T16:41:42+00:00,RADIO_EBYTE_E79_CC1352P,Ebyte E79-400DM2005S (CC1352P AT modem),RADIO_EBYTE_E79_CC1352P + AT_COMMANDS; E79 modem firmware 0.3.0 required,tx,COM16,COM4,COM16,2,128,2,64,128,"{""rf_profile"": ""GFSK4K8"", ""tx_power_dbm"": 13}",ampere,3300,259.33333333333337,259.33333333333337,94208,0.8336842105263158,True,4828.8933459846285,9050.93976488255,27.2,259.33,10131.375183531185,17545.993744099847,,,10131.375183531185,17545.993744099847,2627.3695263451423,1376.9705847937757,8670.31943693897,4544.0029298194595,per_frame_modeled_airtime_v1,"[[27.2, 156.87], [178.38, 308.04]]",,,,COM4,0123456789abcdefghijklmnopqrstuvwxyzABCDEFGHIJKLMNOPQRSTUVWXYZ-_ | 0123456789abcdefghijklmnopqrstuvwxyzABCDEFGHIJKLMNOPQRSTUVWXYZ-_,True,False,ok
lot270_other_profiles_final_candidate2/20260929_193856_radio_ebyte_e79_cc1352p,lot270_other_profiles_final_candidate2/20260929_193856_radio_ebyte_e79_cc1352p/run_00033,run_00033,2026-09-29T16:41:45+00:00,RADIO_EBYTE_E79_CC1352P,Ebyte E79-400DM2005S (CC1352P AT modem),RADIO_EBYTE_E79_CC1352P + AT_COMMANDS; E79 modem firmware 0.3.0 required,tx,COM16,COM4,COM16,3,128,2,64,128,"{""rf_profile"": ""GFSK4K8"", ""tx_power_dbm"": 13}",ampere,3300,259.33333333333337,259.33333333333337,94208,0.8336842105263158,True,4819.085363524436,9208.628497507156,26.85,259.33,10126.652848464044,17147.0044234381,,,10126.652848464044,17147.0044234381,2626.1448831921803,1377.6999100594207,8666.278114534194,4546.409703196088,per_frame_modeled_airtime_v1,"[[26.85, 156.52], [178.82, 308.48]]",,,,COM4,0123456789abcdefghijklmnopqrstuvwxyzABCDEFGHIJKLMNOPQRSTUVWXYZ-_ | 0123456789abcdefghijklmnopqrstuvwxyzABCDEFGHIJKLMNOPQRSTUVWXYZ-_,True,False,ok
lot270_other_profiles_final_candidate2/20260929_193856_radio_ebyte_e79_cc1352p,lot270_other_profiles_final_candidate2/20260929_193856_radio_ebyte_e79_cc1352p/run_00034,run_00034,2026-09-29T16:41:47+00:00,RADIO_EBYTE_E79_CC1352P,Ebyte E79-400DM2005S (CC1352P AT modem),RADIO_EBYTE_E79_CC1352P + AT_COMMANDS; E79 modem firmware 0.3.0 required,tx,COM16,COM4,COM16,4,128,2,64,128,"{""rf_profile"": ""GFSK4K8"", ""tx_power_dbm"": 13}",ampere,3300,259.33333333333337,259.33333333333337,94208,0.8336842105263158,True,4828.8933459846285,8982.644249284798,27.02,259.33,10139.581817174221,17381.688915399423,,,10139.581817174221,17381.688915399423,2629.4977526477905,1379.0522957789901,8677.342583737709,4550.8725760706675,per_frame_modeled_airtime_v1,"[[27.02, 156.69], [183.63, 313.29]]",,,,COM4,0123456789abcdefghijklmnopqrstuvwxyzABCDEFGHIJKLMNOPQRSTUVWXYZ-_ | 0123456789abcdefghijklmnopqrstuvwxyzABCDEFGHIJKLMNOPQRSTUVWXYZ-_,True,False,ok
lot270_other_profiles_final_candidate2/20260929_193856_radio_ebyte_e79_cc1352p,lot270_other_profiles_final_candidate2/20260929_193856_radio_ebyte_e79_cc1352p/run_00035,run_00035,2026-09-29T16:41:50+00:00,RADIO_EBYTE_E79_CC1352P,Ebyte E79-400DM2005S (CC1352P AT modem),RADIO_EBYTE_E79_CC1352P + AT_COMMANDS; E79 modem firmware 0.3.0 required,tx,COM16,COM4,COM16,5,128,2,64,128,"{""rf_profile"": ""GFSK4K8"", ""tx_power_dbm"": 13}",ampere,3300,259.33333333333337,259.33333333333337,94208,0.8336842105263158,True,4799.478775171336,9855.018532866046,26.72,259.33,10142.432236156352,18195.776440345773,,,10142.432236156352,18195.776440345773,2630.2369518024266,1387.438240120262,8679.781940948007,4578.546192396864,per_frame_modeled_airtime_v1,"[[26.72, 156.39], [182.87, 312.53]]",,,,COM4,0123456789abcdefghijklmnopqrstuvwxyzABCDEFGHIJKLMNOPQRSTUVWXYZ-_ | 0123456789abcdefghijklmnopqrstuvwxyzABCDEFGHIJKLMNOPQRSTUVWXYZ-_,True,False,ok
lot270_other_profiles_final_candidate2/20260929_193856_radio_ebyte_e79_cc1352p,lot270_other_profiles_final_candidate2/20260929_193856_radio_ebyte_e79_cc1352p/run_00036,run_00036,2026-09-29T16:41:55+00:00,RADIO_EBYTE_E79_CC1352P,Ebyte E79-400DM2005S (CC1352P AT modem),RADIO_EBYTE_E79_CC1352P + AT_COMMANDS; E79 modem firmware 0.3.0 required,tx,COM16,COM4,COM16,1,512,8,64,512,"{""rf_profile"": ""GFSK4K8"", ""tx_power_dbm"": 13}",ampere,3300,1037.3333333333335,1037.3333333333335,194560,0.2461033634126333,True,4828.8933459846285,9108.433108629304,27.73,1037.3300000000002,10127.245386416593,18214.702330386815,,,10127.245386416593,18214.702330386815,10505.295456691525,5502.4914620008,34667.47500708203,18158.22182460264,per_frame_modeled_airtime_v1,"[[27.73, 157.4], [183.8, 313.47], [336.03, 465.7], [488.83, 618.5], [641.18, 770.85], [798.12, 927.78], [951.66, 1081.32], [1102.93, 1232.59]]",,,,COM4,0123456789abcdefghijklmnopqrstuvwxyzABCDEFGHIJKLMNOPQRSTUVWXYZ-_ | 0123456789abcdefghijklmnopqrstuvwxyzABCDEFGHIJKLMNOPQRSTUVWXYZ-_ | 0123456789abcdefghijklmnopqrstuvwxyzABCDEFGHIJKLMNOPQRSTUVWXYZ-_ | 0123456789abcdefghijklmnopqrstuvwxyzABCDEFGHIJKLMNOPQRSTUVWXYZ-_ | 0123456789abcdefghijklmnopqrstuvwxyzABCDEFGHIJKLMNOPQRSTUVWXYZ-_ | 0123456789abcdefghijklmnopqrstuvwxyzABCDEFGHIJKLMNOPQRSTUVWXYZ-_ | 0123456789abcdefghijklmnopqrstuvwxyzABCDEFGHIJKLMNOPQRSTUVWXYZ-_ | 0123456789abcdefghijklmnopqrstuvwxyzABCDEFGHIJKLMNOPQRSTUVWXYZ-_,True,False,ok
lot270_other_profiles_final_candidate2/20260929_193856_radio_ebyte_e79_cc1352p,lot270_other_profiles_final_candidate2/20260929_193856_radio_ebyte_e79_cc1352p/run_00037,run_00037,2026-09-29T16:41:59+00:00,RADIO_EBYTE_E79_CC1352P,Ebyte E79-400DM2005S (CC1352P AT modem),RADIO_EBYTE_E79_CC1352P + AT_COMMANDS; E79 modem firmware 0.3.0 required,tx,COM16,COM4,COM16,2,512,8,64,512,"{""rf_profile"": ""GFSK4K8"", ""tx_power_dbm"": 13}",ampere,3300,1037.3333333333335,1037.3333333333335,194560,0.2461033634126333,True,4819.085363524436,9206.850402221795,28.07,1037.3300000000002,10132.44882796845,18353.479749088332,,,10132.44882796845,18353.479749088332,10510.693142716511,5518.376414385948,34685.287370964485,18210.642167473627,per_frame_modeled_airtime_v1,"[[28.07, 157.74], [184.36, 314.03], [341.46, 471.13], [497.77, 627.44], [648.77, 778.44], [801.47, 931.13], [953.85, 1083.51], [1105.85, 1235.51]]",,,,COM4,0123456789abcdefghijklmnopqrstuvwxyzABCDEFGHIJKLMNOPQRSTUVWXYZ-_ | 0123456789abcdefghijklmnopqrstuvwxyzABCDEFGHIJKLMNOPQRSTUVWXYZ-_ | 0123456789abcdefghijklmnopqrstuvwxyzABCDEFGHIJKLMNOPQRSTUVWXYZ-_ | 0123456789abcdefghijklmnopqrstuvwxyzABCDEFGHIJKLMNOPQRSTUVWXYZ-_ | 0123456789abcdefghijklmnopqrstuvwxyzABCDEFGHIJKLMNOPQRSTUVWXYZ-_ | 0123456789abcdefghijklmnopqrstuvwxyzABCDEFGHIJKLMNOPQRSTUVWXYZ-_ | 0123456789abcdefghijklmnopqrstuvwxyzABCDEFGHIJKLMNOPQRSTUVWXYZ-_ | 0123456789abcdefghijklmnopqrstuvwxyzABCDEFGHIJKLMNOPQRSTUVWXYZ-_,True,False,ok
lot270_other_profiles_final_candidate2/20260929_193856_radio_ebyte_e79_cc1352p,lot270_other_profiles_final_candidate2/20260929_193856_radio_ebyte_e79_cc1352p/run_00038,run_00038,2026-09-29T16:42:04+00:00,RADIO_EBYTE_E79_CC1352P,Ebyte E79-400DM2005S (CC1352P AT modem),RADIO_EBYTE_E79_CC1352P + AT_COMMANDS; E79 modem firmware 0.3.0 required,tx,COM16,COM4,COM16,3,512,8,64,512,"{""rf_profile"": ""GFSK4K8"", ""tx_power_dbm"": 13}",ampere,3300,1037.3333333333335,1037.3333333333335,194560,0.2461033634126333,True,4833.798509285636,8929.370251705215,26.94,1037.3300000000002,10147.726598106368,18624.38352384847,,,10147.726598106368,18624.38352384847,10526.541232013678,5518.979437732397,34737.58606564513,18212.63214451691,per_frame_modeled_airtime_v1,"[[26.94, 156.61], [179.79, 309.46], [335.66, 465.33], [491.33, 621.0], [647.04, 776.71], [798.58, 928.24], [952.68, 1082.34], [1108.19, 1237.85]]",,,,COM4,0123456789abcdefghijklmnopqrstuvwxyzABCDEFGHIJKLMNOPQRSTUVWXYZ-_ | 0123456789abcdefghijklmnopqrstuvwxyzABCDEFGHIJKLMNOPQRSTUVWXYZ-_ | 0123456789abcdefghijklmnopqrstuvwxyzABCDEFGHIJKLMNOPQRSTUVWXYZ-_ | 0123456789abcdefghijklmnopqrstuvwxyzABCDEFGHIJKLMNOPQRSTUVWXYZ-_ | 0123456789abcdefghijklmnopqrstuvwxyzABCDEFGHIJKLMNOPQRSTUVWXYZ-_ | 0123456789abcdefghijklmnopqrstuvwxyzABCDEFGHIJKLMNOPQRSTUVWXYZ-_ | 0123456789abcdefghijklmnopqrstuvwxyzABCDEFGHIJKLMNOPQRSTUVWXYZ-_ | 0123456789abcdefghijklmnopqrstuvwxyzABCDEFGHIJKLMNOPQRSTUVWXYZ-_,True,False,ok
lot270_other_profiles_final_candidate2/20260929_193856_radio_ebyte_e79_cc1352p,lot270_other_profiles_final_candidate2/20260929_193856_radio_ebyte_e79_cc1352p/run_00039,run_00039,2026-09-29T16:42:09+00:00,RADIO_EBYTE_E79_CC1352P,Ebyte E79-400DM2005S (CC1352P AT modem),RADIO_EBYTE_E79_CC1352P + AT_COMMANDS; E79 modem firmware 0.3.0 required,tx,COM16,COM4,COM16,4,512,8,64,512,"{""rf_profile"": ""GFSK4K8"", ""tx_power_dbm"": 13}",ampere,3300,1037.3333333333335,1037.3333333333335,194560,0.2461033634126333,True,4828.8933459846285,8878.404126847674,27.52,1037.3300000000002,10142.423283562648,18501.155190464113,,,10142.423283562648,18501.155190464113,10521.03994473804,5518.336335538923,34719.43181763553,18210.509907278443,per_frame_modeled_airtime_v1,"[[27.52, 157.19], [183.11, 312.78], [335.22, 464.89], [488.23, 617.9], [642.78, 772.45], [797.93, 927.59], [952.42, 1082.08], [1105.9, 1235.56]]",,,,COM4,0123456789abcdefghijklmnopqrstuvwxyzABCDEFGHIJKLMNOPQRSTUVWXYZ-_ | 0123456789abcdefghijklmnopqrstuvwxyzABCDEFGHIJKLMNOPQRSTUVWXYZ-_ | 0123456789abcdefghijklmnopqrstuvwxyzABCDEFGHIJKLMNOPQRSTUVWXYZ-_ | 0123456789abcdefghijklmnopqrstuvwxyzABCDEFGHIJKLMNOPQRSTUVWXYZ-_ | 0123456789abcdefghijklmnopqrstuvwxyzABCDEFGHIJKLMNOPQRSTUVWXYZ-_ | 0123456789abcdefghijklmnopqrstuvwxyzABCDEFGHIJKLMNOPQRSTUVWXYZ-_0123456789abcdefghijklmnopqrstuvwxyzABCDEFGHIJKLMNOPQRSTUVWXYZ-_ | 0123456789abcdefghijklmnopqrstuvwxyzABCDEFGHIJKLMNOPQRSTUVWXYZ-_,False,True,rx_missing
lot270_other_profiles_final_candidate2/20260929_193856_radio_ebyte_e79_cc1352p,lot270_other_profiles_final_candidate2/20260929_193856_radio_ebyte_e79_cc1352p/run_00040,run_00040,2026-09-29T16:42:14+00:00,RADIO_EBYTE_E79_CC1352P,Ebyte E79-400DM2005S (CC1352P AT modem),RADIO_EBYTE_E79_CC1352P + AT_COMMANDS; E79 modem firmware 0.3.0 required,tx,COM16,COM4,COM16,5,512,8,64,512,"{""rf_profile"": ""GFSK4K8"", ""tx_power_dbm"": 13}",ampere,3300,1037.3333333333335,1037.3333333333335,194560,0.2461033634126333,True,4833.798509285636,8972.70585516041,27.42,1037.3300000000002,10129.545552781776,18172.267861546778,,,10129.545552781776,18172.267861546778,10507.68148826712,5499.701396630779,34675.34891128149,18149.014608881567,per_frame_modeled_airtime_v1,"[[27.42, 157.09], [184.08, 313.75], [340.43, 470.1], [493.04, 622.71], [648.6, 778.27], [800.23, 929.89], [952.84, 1082.5], [1104.31, 1233.97]]",,,,COM4,0123456789abcdefghijklmnopqrstuvwxyzABCDEFGHIJKLMNOPQRSTUVWXYZ-_ | 0123456789abcdefghijklmnopqrstuvwxyzABCDEFGHIJKLMNOPQRSTUVWXYZ-_ | 0123456789abcdefghijklmnopqrstuvwxyzABCDEFGHIJKLMNOPQRSTUVWXYZ-_ | 0123456789abcdefghijklmnopqrstuvwxyzABCDEFGHIJKLMNOPQRSTUVWXYZ-_ | 0123456789abcdefghijklmnopqrstuvwxyzABCDEFGHIJKLMNOPQRSTUVWXYZ-_ | 0123456789abcdefghijklmnopqrstuvwxyzABCDEFGHIJKLMNOPQRSTUVWXYZ-_ | 0123456789abcdefghijklmnopqrstuvPQRSTUVWXYZ-_ | 0123456789abcdefghijklmnopqrstuvwxyzABCDEFGHIJKLMNOPQRSTUVWXYZ-_,False,True,rx_missing
lot270_other_profiles_final_candidate2/20260929_193856_radio_ebyte_e79_cc1352p,lot270_other_profiles_final_candidate2/20260929_193856_radio_ebyte_e79_cc1352p/run_00041,run_00041,2026-09-29T16:42:21+00:00,RADIO_EBYTE_E79_CC1352P,Ebyte E79-400DM2005S (CC1352P AT modem),RADIO_EBYTE_E79_CC1352P + AT_COMMANDS; E79 modem firmware 0.3.0 required,tx,COM16,COM4,COM16,1,1024,16,64,1024,"{""rf_profile"": ""GFSK4K8"", ""tx_power_dbm"": 13}",ampere,3300,2074.666666666667,2074.666666666667,334848,0.06923719708726274,True,4809.280506586671,9660.129997248448,28.01,2074.6600000000003,10133.107470448898,18566.872805692612,,,10133.107470448898,18566.872805692612,21022.75274464151,11058.79261818083,69375.08405731698,36494.01563999674,per_frame_modeled_airtime_v1,"[[28.01, 157.68], [184.09, 313.76], [336.5, 466.17], [493.0, 622.67], [645.12, 774.79], [797.66, 927.33], [952.37, 1082.04], [1104.19, 1233.86], [1261.35, 1391.02], [1413.31, 1542.98], [1567.3, 1696.96], [1719.39, 1849.05], [1872.27, 2001.93], [2023.8, 2153.46], [2175.78, 2305.44], [2330.77, 2460.43]]",,,,COM4,0123456789abcdefghijklmnopqrstuvwxyzABCDEFGHIJKLMNOPQRSTUVWXYZ-_ | 0123456789abcdefghijklmnopqrstuvwxyzABCDEFGHIJKLMNOPQRSTUVWXYZ-_ | 0123456789abcdefghijklmnopqrstuvwxyzABCDEFGHIJKLMNOPQRSTUVWXYZ-_ | 0123456789abcdefghijklmnopqrstuvwxyzABCDEFGHIJKLMNOPQRSTUVWXYZ-_0123456789abcdefghijklmnopqrstuvwxyzABCDEFGHIJKLMNOPQRSTUVWXYZ-_ | 0123456789abcdefghijklmnopqrstuvwxyzABCDEFGHIJKLMNOPQRSTUVWXYZ-_ | 0123456789abcdefghijklmnopqrstuvwxyzABCDEFGHIJKLMNOPQRSTUVWXYZ-_0123456789abcdefghijklmnopqrstuvwxyzABCDEFGHIJKLMNOPQRSTUVWXYZ-_ | 0123456789abcdefghijklmnopqrstuvwxyzABCDEFGHIJKLMNOPQRSTUVWXYZ-_ | 0123456789abcdefghijklmnopqrstuvwxyzABCDEFGHIJKLMNOPQRSTUVWXYZ-_ | 0123456789abcdefghijklmnopqrstuvwxyzABCDEFGHIJKLMNOPQRSTUVWXYZ-_ | 0123456789abcdefghijklmnopqrstuvwxyzABCDEFGHIJKLMNOPQRSTUVWXYZ-_ | 0123456789abcdefghijklmnopqrstuvwxyzABCDEFGHIJKLMNOPQRSTUVWXYZ-_ | 0123456789abcdefghijklmnopqrstuvwxyzABCDEFGHIJKLMNOPQRSTUVWXYZ-_ | 0123456789abcdefghijklmnopqrstuvwxyzABCDEFGHIJKLMNOPQRSTUVWXYZ-_ | 0123456789abcdefghijklmnopqrstuvwxyzABCDEFGHIJKLMNOPQRSTUVWXYZ-_,False,True,rx_missing
lot270_other_profiles_final_candidate2/20260929_193856_radio_ebyte_e79_cc1352p,lot270_other_profiles_final_candidate2/20260929_193856_radio_ebyte_e79_cc1352p/run_00042,run_00042,2026-09-29T16:42:29+00:00,RADIO_EBYTE_E79_CC1352P,Ebyte E79-400DM2005S (CC1352P AT modem),RADIO_EBYTE_E79_CC1352P + AT_COMMANDS; E79 modem firmware 0.3.0 required,tx,COM16,COM4,COM16,2,1024,16,64,1024,"{""rf_profile"": ""GFSK4K8"", ""tx_power_dbm"": 13}",ampere,3300,2074.666666666667,2074.666666666667,334848,0.06923719708726274,True,4833.798509285636,8768.869402802422,27.61,2074.6600000000003,10136.489628413694,18384.05561935693,,,10136.489628413694,18384.05561935693,21029.769572484754,11016.518907120428,69398.23958919969,36354.51239349741,per_frame_modeled_airtime_v1,"[[27.61, 157.28], [183.09, 312.76], [335.08, 464.75], [487.19, 616.86], [644.7, 774.37], [799.87, 929.54], [955.43, 1085.1], [1107.06, 1236.73], [1264.53, 1394.2], [1420.94, 1550.61], [1576.62, 1706.28], [1728.25, 1857.91], [1880.85, 2010.51], [2037.54, 2167.2], [2193.23, 2322.89], [2348.9, 2478.56]]",,,,COM4,0123456789abcdefghijklmnopqrstuvwxyzABCDEFGHIJKLMNOPQRSTUVWXYZ-_ | 0123456789abcdefghijklmnopqrstuvwxyzABCDEFGHIJKLMNOPQRSTUVWXYZ-_ | 0123456789abcdefghijklmnopqrstuvwxyzABCDEFGHIJKLMNOPQRSTUVWXYZ-_ | 0123456789abcdefghijklmnopqrstuvwxyzABCDEFGHIJKLMNOPQRSTUVWXYZ-_ | 0123456789abcdefghijklmnopqrstuvwxyzABCDEFGHIJKLMNOPQRSTUVWXYZ-_ | 0123456789abcdefghijklmnopqrstuvwxyzABCDEFGHIJKLMNOPQRSTUVWXYZ-_ | 0123456789abcdefghijklmnopqrstuvwxyzABCDEFGHIJKLMNOPQRSTUVWXYZ-_ | 0123456789abcdefghijklmnopqrstuvwxyzABCDEFGHIJKLMNOPQRSTUVWXYZ-_ | 0123456789abcdefghijklmnopqrstuvwxyzABCDEFGHIJKLMNOPQRSTUVWXYZ-_ | 0123456789abcdefghijklmnopqrstuvwxyzABCDEFGHIJKLMNOPQRSTUVWXYZ-_ | 0123456789abcdefghijklmnopqrstuvwxyzABCDEFGHIJKLMNOPQRSTUVWXYZ-_ | 0123456789abcdefghijklmnopqrstuvwxyzABCDEFGHIJKLMNOPQRSTUVWXYZ-_ | 0123456789abcdefghijklmnopqrstuvwxyzABCDEFGHIJKLMNOPQRSTUVWXYZ-_ | 0123456789abcdefghijklmnopqrstuvwxyzABCDEFGHIJKLMNOPQRSTUVWXYZ-_ | 0123456789abcdefghijklmnopqrstuvwxyzABCDEFGHIJKLMNOPQRSTUVWXYZ-_ | 0123456789abcdefghijklmnopqrstuvwxyzABCDEFGHIJKLMNOPQRSTUVWXYZ-_,True,False,ok
lot270_other_profiles_final_candidate2/20260929_193856_radio_ebyte_e79_cc1352p,lot270_other_profiles_final_candidate2/20260929_193856_radio_ebyte_e79_cc1352p/run_00043,run_00043,2026-09-29T16:42:36+00:00,RADIO_EBYTE_E79_CC1352P,Ebyte E79-400DM2005S (CC1352P AT modem),RADIO_EBYTE_E79_CC1352P + AT_COMMANDS; E79 modem firmware 0.3.0 required,tx,COM16,COM4,COM16,3,1024,16,64,1024,"{""rf_profile"": ""GFSK4K8"", ""tx_power_dbm"": 13}",ampere,3300,2074.666666666667,2074.666666666667,334848,0.06923719708726274,True,4828.8933459846285,8923.81634246679,26.93,2074.6600000000003,10130.694558083911,18350.73369823249,,,10130.694558083911,18350.73369823249,21017.74677187437,11011.805197424303,69358.56434718541,36338.957151500195,per_frame_modeled_airtime_v1,"[[26.93, 156.6], [180.2, 309.87], [335.68, 465.35], [492.1, 621.77], [645.26, 774.93], [797.69, 927.36], [949.87, 1079.54], [1106.68, 1236.35], [1260.25, 1389.92], [1413.21, 1542.88], [1567.19, 1696.85], [1719.53, 1849.19], [1872.98, 2002.64], [2025.11, 2154.77], [2177.4, 2307.06], [2334.32, 2463.98]]",,,,COM4,0123456789abcdefghijklmnopqrstuvwxyzABCDEFGHIJKLMNOPQRSTUVWXYZ-_ | 0123456789abcdefghijklmnopqrstuvwxyzABCDEFGHIJKLMNOPQRSTUVWXYZ-_ | 0123456789abcdefghijklmnopqrstuvwxyzABCDEFGHIJKLMNOPQRSTUVWXYZ-_ | 0123456789abcdefghijklmnopqrstuvwxyzABCDEFGHIJKLMNOPQRSTUVWXYZ-_ | 0123456789abcdefghijklmnopqrstuvwxyzABCDEFGHIJKLMNOPQRSTUVWXYZ-_ | 0123456789abcdefghijklmnopqrstuvwxyzABCDEFGHIJKLMNOPQRSTUVWXYZ-_ | 0123456789abcdefghijklmnopqrstuvwxyzABCDEFGHIJKLMNOPQRSTUVWXYZ-_ | 0123456789abcdefghijklmnopqrstuvwxyzABCDEFGHIJKLMNOPQRSTUVWXYZ-_ | 0123456789abcdefghijklmnopqrstuvwxyzABCDEFGHIJKLMNOPQRSTUVWXYZ-_ | 0123456789abcdefghijklmnopqrstuvwxyzABCDEFGHIJKLMNOPQRSTUVWXYZ-_ | 0123456789abcdefghijklmnopqrstuvwxyzABCDEFGHIJKLMNOPQRSTUVWXYZ-_ | 0123456789abcdefghijklmnopqrstuvUVWXYZ-_ | 0123456789abcdefghijklmnopqrstuvwxyzABCDEFGHIJKLMNOPQRSTUVWXYZ-_ | 0123456789abcdefghijklmnopqrstuvwxyzABCDEFGHIJKLMNOPQRSTUVWXYZ-_ | 0123456789abcdefghijklmnopqrstuvwxyzABCDEFGHIJKLMNOPQRSTUVWXYZ-_ | 0123456789abcdefghijklmnopqrstuvwxyzABCDEFGHIJKLMNOPQRSTUVWXYZ-_,False,True,rx_missing
lot270_other_profiles_final_candidate2/20260929_193856_radio_ebyte_e79_cc1352p,lot270_other_profiles_final_candidate2/20260929_193856_radio_ebyte_e79_cc1352p/run_00044,run_00044,2026-09-29T16:42:43+00:00,RADIO_EBYTE_E79_CC1352P,Ebyte E79-400DM2005S (CC1352P AT modem),RADIO_EBYTE_E79_CC1352P + AT_COMMANDS; E79 modem firmware 0.3.0 required,tx,COM16,COM4,COM16,4,1024,16,64,1024,"{""rf_profile"": ""GFSK4K8"", ""tx_power_dbm"": 13}",ampere,3300,2074.666666666667,2074.666666666667,334848,0.06923719708726274,True,4804.379250188701,9654.450245725595,25.84,2074.6600000000003,10134.707271098408,18403.882016531792,,,10134.707271098408,18403.882016531792,21026.071787057026,11071.062018358507,69386.03689728818,36534.50466058307,per_frame_modeled_airtime_v1,"[[25.84, 155.51], [181.54, 311.21], [337.94, 467.61], [493.51, 623.18], [646.13, 775.8], [800.62, 930.29], [951.12, 1080.79], [1106.78, 1236.45], [1260.72, 1390.39], [1416.51, 1546.18], [1568.05, 1697.71], [1720.42, 1850.08], [1871.66, 2001.32], [2024.29, 2153.95], [2177.36, 2307.02], [2333.55, 2463.21]]",,,,COM4,0123456789abcdefghijklmnopqrstuvwxyzABCDEFGHIJKLMNOPQRSTUVWXYZ-_ | 0123456789abcdefghijklmnopqrstuvQRSTUVWXYZ-_ | 0123456789abcdefghijklmnopqrstuvwxyzABCDEFGHIJKLMNOPQRSTUVWXYZ-_ | 0123456789abcdefghijklmnopqrstuvwxyzABCDEFGHIJKLMNOPQRSTUVWXYZ-_ | 0123456789abcdefghijklmnopqrstuvwxyzABCDEFGHIJKLMNOPQRSTUVWXYZ-_ | 0123456789abcdefghijklmnopqrstuvwxyzABCDEFGHIJKLMNOPQRSTUVWXYZ-_ | 0123456789abcdefghijklmnopqrstuvwxyzABCDEFGHIJKLMNOPQRSTUVWXYZ-_ | 0123456789abcdefghijklmnopqrstuvwxyzABCDEFGHIJKLMNOPQRSTUVWXYZ-_ | 0123456789abcdefghijklmnopqrstuvwxyzABCDEFGHIJKLMNOPQRSTUVWXYZ-_ | 0123456789abcdefghijklmnopqrstuvwxyzABCDEFGHIJKLMNOPQRSTUVWXYZ-_ | 0123456789abcdefghijklmnopqrstuvwxyzABCDEFGHIJKLMNOPQRSTUVWXYZ-_ | 0123456789abcdefghijklmnopqrstuvwxyzABCDEFGHIJKLMNOPQRSTUVWXYZ-_ | 0123456789abcdefghijklmnopqrstuvwxyzABCDEFGHIJKLMNOPQRSTUVWXYZ-_ | 0123456789abcdefghijklmnopqrstuvwxyzABCDEFGHIJKLMNOPQRSTUVWXYZ-_ | 0123456789abcdefghijklmnopqrstuvwxyzABCDEFGHIJKLMNOPQRSTUVWXYZ-_ | 0123456789abcdefghijklmnopqrstuvwxyzABCDEFGHIJKLMNOPQRSTUVWXYZ-_,False,True,rx_missing
lot270_other_profiles_final_candidate2/20260929_193856_radio_ebyte_e79_cc1352p,lot270_other_profiles_final_candidate2/20260929_193856_radio_ebyte_e79_cc1352p/run_00045,run_00045,2026-09-29T16:42:51+00:00,RADIO_EBYTE_E79_CC1352P,Ebyte E79-400DM2005S (CC1352P AT modem),RADIO_EBYTE_E79_CC1352P + AT_COMMANDS; E79 modem firmware 0.3.0 required,tx,COM16,COM4,COM16,5,1024,16,64,1024,"{""rf_profile"": ""GFSK4K8"", ""tx_power_dbm"": 13}",ampere,3300,2074.666666666667,2074.666666666667,334848,0.06923719708726274,True,4833.798509285636,8768.869402802422,27.2,2074.6600000000003,10138.584410500138,18991.96344285981,,,10138.584410500138,18991.96344285981,21034.115533088214,11019.16811490989,69412.58125919111,36363.25477920263,per_frame_modeled_airtime_v1,"[[27.2, 156.87], [183.4, 313.07], [338.17, 467.84], [491.87, 621.54], [644.03, 773.7], [801.26, 930.93], [952.66, 1082.33], [1109.34, 1239.01], [1266.03, 1395.7], [1421.59, 1551.26], [1573.33, 1702.99], [1724.86, 1854.52], [1876.76, 2006.42], [2028.85, 2158.51], [2182.61, 2312.27], [2340.32, 2469.98]]",,,,COM4,0123456789abcdefghijklmnopqrstuvwxyzABCDEFGHIJKLMNOPQRSTUVWXYZ-_ | 0123456789abcdefghijklmnopqrstuvwxyzABCDEFGHIJKLMNOPQRSTUVWXYZ-_ | 0123456789abcdefghijklmnopqrstuvwxyzABCDEFGHIJKLMNOPQRSTUVWXYZ-_ | 0123456789abcdefghijklmnopqrstuvwxyzABCDEFGHIJKLMNOPQRSTUVWXYZ-_ | 0123456789abcdefghijklmnopqrstuvwxyzABCDEFGHIJKLMNOPQRSTUVWXYZ-_ | 0123456789abcdefghijklmnopqrstuvwxyzABCDEFGHIJKLMNOPQRSTUVWXYZ-_ | 0123456789abcdefghijklmnopqrstuvwxyzABCDEFGHIJKLMNOPQRSTUVWXYZ-_ | 0123456789abcdefghijklmnopqrstuvwxyzABCDEFGHIJKLMNOPQRSTUVWXYZ-_ | 0123456789abcdefghijklmnopqrstuvwxyzABCDEFGHIJKLMNOPQRSTUVWXYZ-_ | 0123456789abcdefghijklmnopqrstuvwxyzABCDEFGHIJKLMNOPQRSTUVWXYZ-_ | 0123456789abcdefghijklmnopqrstuvwxyzABCDEFGHIJKLMNOPQRSTUVWXYZ-_ | 0123456789abcdefghijklmnopqrstuvwxyzABCDEFGHIJKLMNOPQRSTUVWXYZ-_ | 0123456789abcdefghijklmnopqrstuvwxyzABCDEFGHIJKLMNOPQRSTUVWXYZ-_ | 0123456789abcdefghijklmnopqrstuvwxyzABCDEFGHIJKLMNOPQRSTUVWXYZ-_ | 0123456789abcdefghijklmnopqrstuvwxyzABCDEFGHIJKLMNOPQRSTUVWXYZ-_ | 0123456789abcdefghijklmnopqrstuvwxyzABCDEFGHIJKLMNOPQRSTUVWXYZ-_,True,False,ok
lot270_other_profiles_final_candidate2/20260929_193856_radio_ebyte_e79_cc1352p,lot270_other_profiles_final_candidate2/20260929_193856_radio_ebyte_e79_cc1352p/run_00046,run_00046,2026-09-29T16:42:55+00:00,RADIO_EBYTE_E79_CC1352P,Ebyte E79-400DM2005S (CC1352P AT modem),RADIO_EBYTE_E79_CC1352P + AT_COMMANDS; E79 modem firmware 0.3.0 required,tx,COM16,COM4,COM16,1,128,2,64,128,"{""rf_profile"": ""GFSK50"", ""tx_power_dbm"": -20}",ampere,3300,30.32,30.32,94208,0.8336842105263158,True,4555.451284577306,5993.94335313431,26.67,30.32,6946.520129122928,17524.908064447063,,,6946.520129122928,17524.908064447063,210.61849031500716,81.91955927605188,695.0410180395236,270.3345456109712,per_frame_modeled_airtime_v1,"[[26.67, 41.83], [69.46, 84.62]]",,,,COM4,0123456789abcdefghijklmnopqrstuvwxyzABCDEFGHIJKLMNOPQRSTUVWXYZ-_ | 0123456789abcdefghijklmnopqrstuvwxyzABCDEFGHIJKLMNOPQRSTUVWXYZ-_,True,False,ok
lot270_other_profiles_final_candidate2/20260929_193856_radio_ebyte_e79_cc1352p,lot270_other_profiles_final_candidate2/20260929_193856_radio_ebyte_e79_cc1352p/run_00047,run_00047,2026-09-29T16:42:57+00:00,RADIO_EBYTE_E79_CC1352P,Ebyte E79-400DM2005S (CC1352P AT modem),RADIO_EBYTE_E79_CC1352P + AT_COMMANDS; E79 modem firmware 0.3.0 required,tx,COM16,COM4,COM16,2,128,2,64,128,"{""rf_profile"": ""GFSK50"", ""tx_power_dbm"": -20}",ampere,3300,30.32,30.32,94208,0.8336842105263158,True,4550.590659970911,5988.8510335502715,27.05,30.32,6995.9097634500795,18305.531892251052,,,6995.9097634500795,18305.531892251052,212.1159840278064,83.36579760455963,699.9827472917611,275.1071320950468,per_frame_modeled_airtime_v1,"[[27.05, 42.21], [63.78, 78.94]]",,,,COM4,0123456789abcdefghijklmnopqrstuvwxyzABCDEFGHIJKLMNOPQRSTUVWXYZ-_ | 0123456789abcdefghijklmnopqrstuvwxyzABCDEFGHIJKLMNOPQRSTUVWXYZ-_,True,False,ok
lot270_other_profiles_final_candidate2/20260929_193856_radio_ebyte_e79_cc1352p,lot270_other_profiles_final_candidate2/20260929_193856_radio_ebyte_e79_cc1352p/run_00048,run_00048,2026-09-29T16:43:00+00:00,RADIO_EBYTE_E79_CC1352P,Ebyte E79-400DM2005S (CC1352P AT modem),RADIO_EBYTE_E79_CC1352P + AT_COMMANDS; E79 modem firmware 0.3.0 required,tx,COM16,COM4,COM16,3,128,2,64,128,"{""rf_profile"": ""GFSK50"", ""tx_power_dbm"": -20}",ampere,3300,30.32,30.32,94208,0.8336842105263158,True,4555.451284577306,5993.94335313431,28.06,30.32,6892.79689346227,17642.530216724346,,,6892.79689346227,17642.530216724346,208.98960180977605,80.78292648452299,689.6656859722609,266.5836573989258,per_frame_modeled_airtime_v1,"[[28.06, 43.22], [70.36, 85.52]]",,,,COM4,0123456789abcdefghijklmnopqrstuvwxyzABCDEFGHIJKLMNOPQRSTUVWXYZ-_ | 0123456789abcdefghijklmnopqrstuvwxyzABCDEFGHIJKLMNOPQRSTUVWXYZ-_,True,False,ok
lot270_other_profiles_final_candidate2/20260929_193856_radio_ebyte_e79_cc1352p,lot270_other_profiles_final_candidate2/20260929_193856_radio_ebyte_e79_cc1352p/run_00049,run_00049,2026-09-29T16:43:03+00:00,RADIO_EBYTE_E79_CC1352P,Ebyte E79-400DM2005S (CC1352P AT modem),RADIO_EBYTE_E79_CC1352P + AT_COMMANDS; E79 modem firmware 0.3.0 required,tx,COM16,COM4,COM16,4,128,2,64,128,"{""rf_profile"": ""GFSK50"", ""tx_power_dbm"": -20}",ampere,3300,30.32,30.32,95232,0.0,True,4560.312690564311,5999.0364540989685,29.15,30.32,7065.771569014853,17908.605054727555,,,7065.771569014853,17908.605054727555,214.23419397253036,86.43634633050058,706.9728401093502,285.2399428906519,per_frame_modeled_airtime_v1,"[[29.15, 44.31], [67.2, 82.36]]",,,,COM4,0123456789abcdefghijklmnopqrstuvwxyzABCDEFGHIJKLMNOPQRSTUVWXYZ-_ | 0123456789abcdefghijklmnopqrstuvwxyzABCDEFGHIJKLMNOPQRSTUVWXYZ-_,True,False,ok
lot270_other_profiles_final_candidate2/20260929_193856_radio_ebyte_e79_cc1352p,lot270_other_profiles_final_candidate2/20260929_193856_radio_ebyte_e79_cc1352p/run_00050,run_00050,2026-09-29T16:43:06+00:00,RADIO_EBYTE_E79_CC1352P,Ebyte E79-400DM2005S (CC1352P AT modem),RADIO_EBYTE_E79_CC1352P + AT_COMMANDS; E79 modem firmware 0.3.0 required,tx,COM16,COM4,COM16,5,128,2,64,128,"{""rf_profile"": ""GFSK50"", ""tx_power_dbm"": -20}",ampere,3300,30.32,30.32,94208,0.8336842105263158,True,4555.451284577306,5993.94335313431,27.44,30.32,6829.929211204407,17597.689018592788,,,6829.929211204407,17597.689018592788,207.08345368371764,78.80820864651228,683.3753971562681,260.0670885334905,per_frame_modeled_airtime_v1,"[[27.44, 42.6], [69.85, 85.01]]",,,,COM4,0123456789abcdefghijklmnopqrstuvwxyzABCDEFGHIJKLMNOPQRSTUVWXYZ-_ | 0123456789abcdefghijklmnopqrstuvwxyzABCDEFGHIJKLMNOPQRSTUVWXYZ-_,True,False,ok
lot270_other_profiles_final_candidate2/20260929_193856_radio_ebyte_e79_cc1352p,lot270_other_profiles_final_candidate2/20260929_193856_radio_ebyte_e79_cc1352p/run_00051,run_00051,2026-09-29T16:43:08+00:00,RADIO_EBYTE_E79_CC1352P,Ebyte E79-400DM2005S (CC1352P AT modem),RADIO_EBYTE_E79_CC1352P + AT_COMMANDS; E79 modem firmware 0.3.0 required,tx,COM16,COM4,COM16,1,512,8,64,512,"{""rf_profile"": ""GFSK50"", ""tx_power_dbm"": -20}",ampere,3300,121.28,121.28,94208,0.8336842105263158,True,4565.174877931922,6009.922710885424,27.32,121.28,6939.931733058902,17801.492802102977,,,6939.931733058902,17801.492802102977,841.6749205853836,326.7079667743481,2777.5272379317657,1078.1362903553486,per_frame_modeled_airtime_v1,"[[27.32, 42.48], [69.1, 84.26], [107.26, 122.42], [149.5, 164.66], [187.34, 202.5], [224.84, 240.0], [266.65, 281.81], [308.71, 323.87]]",,,,COM4,0123456789abcdefghijklmnopqrstuvwxyzABCDEFGHIJKLMNOPQRSTUVWXYZ-_ | 0123456789abcdefghijklmnopqrstuvwxyzABCDEFGHIJKLMNOPQRSTUVWXYZ-_0123456789abcdefghijklmnopqrstuvwxyzABCDEFGHIJKLMNOPQRSTUVWXYZ-_ | 0123456789abcdefghijklmnopqrstuvwxyzABCDEFGHIJKLMNOPQRSTUVWXYZ-_ | 0123456789abcdefghijklmnopqrstuvwxyzABCDEFGHIJKLMNOPQRSTUVWXYZ-_ | 0123456789abcdefghijklmnopqrstuvwxyzABCDEFGHIJKLMNOPQRSTUVWXYZ-_ | 0123456789abcdefghijklmnopqrstuvwxyzABCDEFGHIJKLMNOPQRSTUVWXYZ-_ | 0123456789abcdefghijklmnopqrstuvwxyzABCDEFGHIJKLMNOPQRSTUVWXYZ-_,False,True,rx_missing
lot270_other_profiles_final_candidate2/20260929_193856_radio_ebyte_e79_cc1352p,lot270_other_profiles_final_candidate2/20260929_193856_radio_ebyte_e79_cc1352p/run_00052,run_00052,2026-09-29T16:43:11+00:00,RADIO_EBYTE_E79_CC1352P,Ebyte E79-400DM2005S (CC1352P AT modem),RADIO_EBYTE_E79_CC1352P + AT_COMMANDS; E79 modem firmware 0.3.0 required,tx,COM16,COM4,COM16,2,512,8,64,512,"{""rf_profile"": ""GFSK50"", ""tx_power_dbm"": -20}",ampere,3300,121.28,121.28,94208,0.8336842105263158,True,4565.174877931922,6009.922710885424,28.2,121.28,6918.833622777019,17793.93627710485,,,6918.833622777019,17793.93627710485,839.1161417703968,324.30195008171927,2769.0832678423094,1070.1964352696734,per_frame_modeled_airtime_v1,"[[28.2, 43.36], [70.27, 85.43], [107.69, 122.85], [149.81, 164.97], [187.22, 202.38], [230.25, 245.41], [273.04, 288.2], [315.13, 330.29]]",,,,COM4,0123456789abcdefghijklmnopqrstuvwxyzABCDEFGHIJKLMNOPQRSTUVWXYZ-_ | 0123456789abcdefghijklmnopqrstuvwxyzABCDEFGHIJKLMNOPQRSTUVWXYZ-_ | 0123456789abcdefghijklmnopqrstuvwxyzABCDEFGHIJKLMNOPQRSTUVWXYZ-_ | 0123456789abcdefghijklmnopqrstuvwxyzABCDEFGHIJKLMNOPQRSTUVWXYZ-_ | 0123456789abcdefghijklmnopqrstuvwxyzABCDEFGHIJKLMNOPQRSTUVWXYZ-_ | 0123456789abcdefghijklmnopqrstuvwxyzABCDEFGHIJKLMNOPQRSTUVWXYZ-_ | 0123456789abcdefghijklmnopqrstuvwxyzABCDEFGHIJKLMNOPQRSTUVWXYZ-_ | 0123456789abcdefghijklmnopqrstuvwxyzABCDEFGHIJKLMNOPQRSTUVWXYZ-_,True,False,ok
lot270_other_profiles_final_candidate2/20260929_193856_radio_ebyte_e79_cc1352p,lot270_other_profiles_final_candidate2/20260929_193856_radio_ebyte_e79_cc1352p/run_00053,run_00053,2026-09-29T16:43:14+00:00,RADIO_EBYTE_E79_CC1352P,Ebyte E79-400DM2005S (CC1352P AT modem),RADIO_EBYTE_E79_CC1352P + AT_COMMANDS; E79 modem firmware 0.3.0 required,tx,COM16,COM4,COM16,3,512,8,64,512,"{""rf_profile"": ""GFSK50"", ""tx_power_dbm"": -20}",ampere,3300,121.28,121.28,94208,0.8336842105263158,True,4565.174877931922,6009.922710885424,26.36,121.28,7032.640506302573,17729.056499754308,,,7032.640506302573,17729.056499754308,852.918640604376,339.8444002617962,2814.631513994441,1121.4865208639274,per_frame_modeled_airtime_v1,"[[26.36, 41.52], [68.59, 83.75], [105.95, 121.11], [148.3, 163.46], [190.39, 205.55], [233.56, 248.72], [271.38, 286.54], [313.41, 328.57]]",,,,COM4,0123456789abcdefghijklmnopqrstuvwxyzABCDEFGHIJKLMNOPQRSTUVWXYZ-_ | 0123456789abcdefghijklmnopqrstuvwxyzABCDEFGHIJKLMNOPQRSTUVWXYZ-_ | 0123456789abcdefghijklmnopqrstuvwxyzABCDEFGHIJKLMNOPQRSTUVWXYZ-_ | 0123456789abcdefghijklmnopqrstuvwxyzABCDEFGHIJKLMNOPQRSTUVWXYZ-_ | 0123456789abcdefghijklmnopqrstuvwxyzABCDEFGHIJKLMNOPQRSTUVWXYZ-_ | 0123456789abcdefghijklmnopqrstuvwxyzABCDEFGHIJKLMNOPQRSTUVWXYZ-_ | 0123456789abcdefghijklmnopqrstuvwxyzABCDEFGHIJKLMNOPQRSTUVWXYZ-_ | 0123456789abcdefghijklmnopqrstuvwxyzABCDEFGHIJKLMNOPQRSTUVWXYZ-_,True,False,ok
lot270_other_profiles_final_candidate2/20260929_193856_radio_ebyte_e79_cc1352p,lot270_other_profiles_final_candidate2/20260929_193856_radio_ebyte_e79_cc1352p/run_00054,run_00054,2026-09-29T16:43:16+00:00,RADIO_EBYTE_E79_CC1352P,Ebyte E79-400DM2005S (CC1352P AT modem),RADIO_EBYTE_E79_CC1352P + AT_COMMANDS; E79 modem firmware 0.3.0 required,tx,COM16,COM4,COM16,4,512,8,64,512,"{""rf_profile"": ""GFSK50"", ""tx_power_dbm"": -20}",ampere,3300,121.28,121.28,94208,0.8336842105263158,True,4560.312690564311,5999.0364540989685,27.62,121.28,7016.173657035181,18359.184694802127,,,7016.173657035181,18359.184694802127,850.9215411252268,337.27890973797554,2808.0410857132483,1113.0204021353193,per_frame_modeled_airtime_v1,"[[27.62, 42.78], [65.48, 80.64], [108.25, 123.41], [151.51, 166.67], [192.67, 207.83], [235.31, 250.47], [276.92, 292.08], [314.74, 329.9]]",,,,COM4,0123456789abcdefghijklmnopqrstuvwxyzABCDEFGHIJKLMNOPQRSTUVWXYZ-_ | 0123456789abcdefghijklmnopqrstuvwxyzABCDEFGHIJKLMNOPQRSTUVWXYZ-_ | 0123456789abcdefghijklmnopqrstuvwxyzABCDEFGHIJKLMNOPQRSTUVWXYZ-_ | 0123456789abcdefghijklmnopqrstuvwxyzABCDEFGHIJKLMNOPQRSTUVWXYZ-_ | 0123456789abcdefghijklmnopqrstuvQRSTUVWXYZ-_ | 0123456789abcdefghijklmnopqrstuvwxyzABCDEFGHIJKLMNOPQRSTUVWXYZ-_ | 0123456789abcdefghijklmnopqrstuvwxyzABCDEFGHIJKLMNOPQRSTUVWXYZ-_ | 0123456789abcdefghijklmnopqrstuvwxyzABCDEFGHIJKLMNOPQRSTUVWXYZ-_,False,True,rx_missing
lot270_other_profiles_final_candidate2/20260929_193856_radio_ebyte_e79_cc1352p,lot270_other_profiles_final_candidate2/20260929_193856_radio_ebyte_e79_cc1352p/run_00055,run_00055,2026-09-29T16:43:19+00:00,RADIO_EBYTE_E79_CC1352P,Ebyte E79-400DM2005S (CC1352P AT modem),RADIO_EBYTE_E79_CC1352P + AT_COMMANDS; E79 modem firmware 0.3.0 required,tx,COM16,COM4,COM16,5,512,8,64,512,"{""rf_profile"": ""GFSK50"", ""tx_power_dbm"": -20}",ampere,3300,121.28,121.28,94208,0.8336842105263158,True,4560.312690564311,5999.0364540989685,27.89,121.28,6936.883665595925,17897.626498332258,,,6936.883665595925,17897.626498332258,841.3052509634738,327.51989535891755,2776.307328179463,1080.815654684428,per_frame_modeled_airtime_v1,"[[27.89, 43.05], [65.93, 81.09], [103.65, 118.81], [146.38, 161.54], [189.23, 204.39], [233.02, 248.18], [274.75, 289.91], [313.12, 328.28]]",,,,COM4,0123456789abcdefghijklmnopqrstuvwxyzABCDEFGHIJKLMNOPQRSTUVWXYZ-_ | 0123456789abcdefghijklmnopqrstuvwxyzABCDEFGHIJKLMNOPQRSTUVWXYZ-_ | 0123456789abcdefghijklmnopqrstuvwxyzABCDEFGHIJKLMNOPQRSTUVWXYZ-_ | 0123456789abcdefghijklmnopqrstuvwxyzABCDEFGHIJKLMNOPQRSTUVWXYZ-_ | 0123456789abcdefghijklmnopqrstuvwxyzABCDEFGHIJKLMNOPQRSTUVWXYZ-_ | 0123456789abcdefghijklmnopqrstuvwxyzABCDEFGHIJKLMNOPQRSTUVWXYZ-_ | 0123456789abcdefghijklmnopqrstuvwxyzABCDEFGHIJKLMNOPQRSTUVWXYZ-_ | 0123456789abcdefghijklmnopqrstuvwxyzABCDEFGHIJKLMNOPQRSTUVWXYZ-_,True,False,ok
lot270_other_profiles_final_candidate2/20260929_193856_radio_ebyte_e79_cc1352p,lot270_other_profiles_final_candidate2/20260929_193856_radio_ebyte_e79_cc1352p/run_00056,run_00056,2026-09-29T16:43:22+00:00,RADIO_EBYTE_E79_CC1352P,Ebyte E79-400DM2005S (CC1352P AT modem),RADIO_EBYTE_E79_CC1352P + AT_COMMANDS; E79 modem firmware 0.3.0 required,tx,COM16,COM4,COM16,1,1024,16,64,1024,"{""rf_profile"": ""GFSK50"", ""tx_power_dbm"": -20}",ampere,3300,242.56,242.56,94208,0.8336842105263158,True,4550.590659970911,5936.770084481386,26.93,242.56,6939.173089801793,17884.111268088447,,,6939.173089801793,17884.111268088447,1683.165824662323,657.2627635458616,5554.447221385666,2168.967119701343,per_frame_modeled_airtime_v1,"[[26.93, 42.09], [69.03, 84.19], [110.66, 125.82], [152.72, 167.88], [194.79, 209.95], [236.68, 251.84], [279.3, 294.46], [321.32, 336.48], [364.49, 379.65], [407.2, 422.36], [449.25, 464.41], [490.29, 505.45], [533.01, 548.17], [575.43, 590.59], [618.16, 633.32], [656.15, 671.31]]",,,,COM4,0123456789abcdefghijklmnopqrstuvwxyzABCDEFGHIJKLMNOPQRSTUVWXYZ-_ | 0123456789abcdefghijklmnopqrstuvwxyzABCDEFGHIJKLMNOPQRSTUVWXYZ-_ | 0123456789abcdefghijklmnopqrstuvwxyzABCDEFGHIJKLMNOPQRSTUVWXYZ-_ | 0123456789abcdefghijklmnopqrstuvwxyzABCDEFGHIJKLMNOPQRSTUVWXYZ-_ | 0123456789abcdefghijklmnopqrstuvwxyzABCDEFGHIJKLMNOPQRSTUVWXYZ-_ | 0123456789abcdefghijklmnopqrstuvwxyzABCDEFGHIJKLMNOPQRSTUVWXYZ-_ | 0123456789abcdefghijklmnopqrstuvwxyzABCDEFGHIJKLMNOPQRSTUVWXYZ-_ | 0123456789abcdefghijklmnopqrstuvwxyzABCDEFGHIJKLMNOPQRSTUVWXYZ-_ | 0123456789abcdefghijklmnopqrstuvwxyzABCDEFGHIJKLMNOPQRSTUVWXYZ-_ | 0123456789abcdefghijklmnopqrstuvwxyzABCDEFGHIJKLMNOPQRSTUVWXYZ-_ | 0123456789abcdefghijklmnopqrstuvwxyzABCDEFGHIJKLMNOPQRSTUVWXYZ-_ | 0123456789abcdefghijklmnopqrstuvwxyzABCDEFGHIJKLMNOPQRSTUVWXYZ-_ | 0123456789abcdefghijklmnopqrstuvwxyzABCDEFGHIJKLMNOPQRSTUVWXYZ-_ | 0123456789abcdefghijklmnopqrstuvwxyzABCDEFGHIJKLMNOPQRSTUVWXYZ-_ | 0123456789abcdefghijklmnopqrstuvPQRSTUVWXYZ-_ | 0123456789abcdefghijklmnopqrstuvwxyzABCDEFGHIJKLMNOPQRSTUVWXYZ-_,False,True,rx_missing
lot270_other_profiles_final_candidate2/20260929_193856_radio_ebyte_e79_cc1352p,lot270_other_profiles_final_candidate2/20260929_193856_radio_ebyte_e79_cc1352p/run_00057,run_00057,2026-09-29T16:43:25+00:00,RADIO_EBYTE_E79_CC1352P,Ebyte E79-400DM2005S (CC1352P AT modem),RADIO_EBYTE_E79_CC1352P + AT_COMMANDS; E79 modem firmware 0.3.0 required,tx,COM16,COM4,COM16,2,1024,16,64,1024,"{""rf_profile"": ""GFSK50"", ""tx_power_dbm"": -20}",ampere,3300,242.56,242.56,94208,0.8336842105263158,True,4555.451284577306,5999.735727575533,27.29,242.56,6991.6458392478235,17867.855539957032,,,6991.6458392478235,17867.855539957032,1695.893614767952,670.5432472942333,5596.448928734241,2212.7927160709696,per_frame_modeled_airtime_v1,"[[27.29, 42.45], [68.6, 83.76], [110.72, 125.88], [153.03, 168.19], [195.88, 211.04], [237.63, 252.79], [276.04, 291.2], [318.19, 333.35], [355.41, 370.57], [397.74, 412.9], [439.72, 454.88], [482.89, 498.05], [524.31, 539.47], [566.38, 581.54], [604.95, 620.11], [646.55, 661.71]]",,,,COM4,0123456789abcdefghijklmnopqrstuvwxyzABCDEFGHIJKLMNOPQRSTUVWXYZ-_ | 0123456789abcdefghijklmnopqrstuvwxyzABCDEFGHIJKLMNOPQRSTUVWXYZ-_ | 0123456789abcdefghijklmnopqrstuvwxyzABCDEFGHIJKLMNOPQRSTUVWXYZ-_ | 0123456789abcdefghijklmnopqrstuvwxyzABCDEFGHIJKLMNOPQRSTUVWXYZ-_ | 0123456789abcdefghijklmnopqrstuvwxyzABCDEFGHIJKLMNOPQRSTUVWXYZ-_ | 0123456789abcdefghijklmnopqrstuvwxyzABCDEFGHIJKLMNOPQRSTUVWXYZ-_ | 0123456789abcdefghijklmnopqrstuvwxyzABCDEFGHIJKLMNOPQRSTUVWXYZ-_ | 0123456789abcdefghijklmnopqrstuvwxyzABCDEFGHIJKLMNOPQRSTUVWXYZ-_ | 0123456789abcdefghijklmnopqrstuvwxyzABCDEFGHIJKLMNOPQRSTUVWXYZ-_ | 0123456789abcdefghijklmnopqrstuvwxyzABCDEFGHIJKLMNOPQRSTUVWXYZ-_ | 0123456789abcdefghijklmnopqrstuvwxyzABCDEFGHIJKLMNOPQRSTUVWXYZ-_ | 0123456789abcdefghijklmnopqrstuvwxyzABCDEFGHIJKLMNOPQRSTUVWXYZ-_ | 0123456789abcdefghijklmnopqrstuvwxyzABCDEFGHIJKLMNOPQRSTUVWXYZ-_ | 0123456789abcdefghijklmnopqrstuvwxyzABCDEFGHIJKLMNOPQRSTUVWXYZ-_ | 0123456789abcdefghijklmnopqrstuvwxyzABCDEFGHIJKLMNOPQRSTUVWXYZ-_ | 0123456789abcdefghijklmnopqrstuvwxyzABCDEFGHIJKLMNOPQRSTUVWXYZ-_,True,False,ok
lot270_other_profiles_final_candidate2/20260929_193856_radio_ebyte_e79_cc1352p,lot270_other_profiles_final_candidate2/20260929_193856_radio_ebyte_e79_cc1352p/run_00058,run_00058,2026-09-29T16:43:27+00:00,RADIO_EBYTE_E79_CC1352P,Ebyte E79-400DM2005S (CC1352P AT modem),RADIO_EBYTE_E79_CC1352P + AT_COMMANDS; E79 modem firmware 0.3.0 required,tx,COM16,COM4,COM16,3,1024,16,64,1024,"{""rf_profile"": ""GFSK50"", ""tx_power_dbm"": -20}",ampere,3300,242.56,242.56,94208,0.8336842105263158,True,4550.590659970911,5988.8510335502715,26.72,242.56,6992.076751584211,18525.294683568613,,,6992.076751584211,18525.294683568613,1695.9981368642661,671.5136097076582,5596.793851652078,2215.994912035272,per_frame_modeled_airtime_v1,"[[26.72, 41.88], [69.08, 84.24], [111.28, 126.44], [153.53, 168.69], [195.79, 210.95], [233.86, 249.02], [272.02, 287.18], [313.9, 329.06], [350.79, 365.95], [393.29, 408.45], [435.3, 450.46], [476.9, 492.06], [519.1, 534.26], [557.23, 572.39], [595.16, 610.32], [637.33, 652.49]]",,,,COM4,0123456789abcdefghijklmnopqrstuvwxyzABCDEFGHIJKLMNOPQRSTUVWXYZ-_ | 0123456789abcdefghijklmnopqrstuvwxyzABCDEFGHIJKLMNOPQRSTUVWXYZ-_ | 0123456789abcdefghijklmnopqrstuvwxyzABCDEFGHIJKLMNOPQRSTUVWXYZ-_ | 0123456789abcdefghijklmnopqrstuvwxyzABCDEFGHIJKLMNOPQRSTUVWXYZ-_ | 0123456789abcdefghijklmnopqrstuvwxyzABCDEFGHIJKLMNOPQRSTUVWXYZ-_ | 0123456789abcdefghijklmnopqrstuvwxyzABCDEFGHIJKLMNOPQRSTUVWXYZ-_ | 0123456789abcdefghijklmnopqrstuvwxyzABCDEFGHIJKLMNOPQRSTUVWXYZ-_ | 0123456789abcdefghijklmnopqrstuvwxyzABCDEFGHIJKLMNOPQRSTUVWXYZ-_ | 0123456789abcdefghijklmnopqrstuvwxyzABCDEFGHIJKLMNOPQRSTUVWXYZ-_ | 0123456789abcdefghijklmnopqrstuvwxyzABCDEFGHIJKLMNOPQRSTUVWXYZ-_ | 0123456789abcdefghijklmnopqrstuvwxyzABCDEFGHIJKLMNOPQRSTUVWXYZ-_ | 0123456789abcdefghijklmnopqrstuvwxyzABCDEFGHIJKLMNOPQRSTUVWXYZ-_ | 0123456789abcdefghijklmnopqrstuvwxyzABCDEFGHIJKLMNOPQRSTUVWXYZ-_ | 0123456789abcdefghijklmnopqrstuvwxyzABCDEFGHIJKLMNOPQRSTUVWXYZ-_ | 0123456789abcdefghijklmnopqrstuvwxyzABCDEFGHIJKLMNOPQRSTUVWXYZ-_ | 0123456789abcdefghijklmnopqrstuvwxyzABCDEFGHIJKLMNOPQRSTUVWXYZ-_,True,False,ok
lot270_other_profiles_final_candidate2/20260929_193856_radio_ebyte_e79_cc1352p,lot270_other_profiles_final_candidate2/20260929_193856_radio_ebyte_e79_cc1352p/run_00059,run_00059,2026-09-29T16:43:30+00:00,RADIO_EBYTE_E79_CC1352P,Ebyte E79-400DM2005S (CC1352P AT modem),RADIO_EBYTE_E79_CC1352P + AT_COMMANDS; E79 modem firmware 0.3.0 required,tx,COM16,COM4,COM16,4,1024,16,64,1024,"{""rf_profile"": ""GFSK50"", ""tx_power_dbm"": -20}",ampere,3300,242.56,242.56,94208,0.8336842105263158,True,4560.312690564311,6056.464923251986,27.43,242.56,6997.420428092183,18008.10360352655,,,6997.420428092183,18008.10360352655,1697.29429903804,668.7546350694653,5601.071186825531,2206.8902957292353,per_frame_modeled_airtime_v1,"[[27.43, 42.59], [70.14, 85.3], [107.67, 122.83], [150.58, 165.74], [192.68, 207.84], [234.88, 250.04], [276.75, 291.91], [318.9, 334.06], [362.12, 377.28], [399.62, 414.78], [437.17, 452.33], [474.82, 489.98], [516.93, 532.09], [559.19, 574.35], [596.45, 611.61], [633.54, 648.7]]",,,,COM4,0123456789abcdefghijklmnopqrstuvwxyzABCDEFGHIJKLMNOPQRSTUVWXYZ-_ | 0123456789abcdefghijklmnopqrstuvwxyzABCDEFGHIJKLMNOPQRSTUVWXYZ-_ | 0123456789abcdefghijklmnopqrstuvwxyzABCDEFGHIJKLMNOPQRSTUVWXYZ-_ | 0123456789abcdefghijklmnopqrstuvwxyzABCDEFGHIJKLMNOPQRSTUVWXYZ-_ | 0123456789abcdefghijklmnopqrstuvwxyzABCDEFGHIJKLMNOPQRSTUVWXYZ-_ | 0123456789abcdefghijklmnopqrstuvwxyzABCDEFGHIJKLMNOPQRSTUVWXYZ-_ | 0123456789abcdefghijklmnopqrstuvwxyzABCDEFGHIJKLMNOPQRSTUVWXYZ-_ | 0123456789abcdefghijklmnopqrstuvwxyzABCDEFGHIJKLMNOPQRSTUVWXYZ-_ | 0123456789abcdefghijklmnopqrstuvwxyzABCDEFGHIJKLMNOPQRSTUVWXYZ-_0123456789abcdefghijklmnopqrstuvwxyzABCDEFGHIJKLMNOPQRSTUVWXYZ-_ | 0123456789abcdefghijklmnopqrstuvwxyzABCDEFGHIJKLMNOPQRSTUVWXYZ-_ | 0123456789abcdefghijklmnopqrstuvwxyzABCDEFGHIJKLMNOPQRSTUVWXYZ-_ | 0123456789abcdefghijklmnopqrstuvwxyzABCDEFGHIJKLMNOPQRSTUVWXYZ-_ | 0123456789abcdefghijklmnopqrstuvwxyzABCDEFGHIJKLMNOPQRSTUVWXYZ-_ | 0123456789abcdefghijklmnopqrstuvwxyzABCDEFGHIJKLMNOPQRSTUVWXYZ-_ | 0123456789abcdefghijklmnopqrstuvwxyzABCDEFGHIJKLMNOPQRSTUVWXYZ-_,False,True,rx_missing
lot270_other_profiles_final_candidate2/20260929_193856_radio_ebyte_e79_cc1352p,lot270_other_profiles_final_candidate2/20260929_193856_radio_ebyte_e79_cc1352p/run_00060,run_00060,2026-09-29T16:43:33+00:00,RADIO_EBYTE_E79_CC1352P,Ebyte E79-400DM2005S (CC1352P AT modem),RADIO_EBYTE_E79_CC1352P + AT_COMMANDS; E79 modem firmware 0.3.0 required,tx,COM16,COM4,COM16,5,1024,16,64,1024,"{""rf_profile"": ""GFSK50"", ""tx_power_dbm"": -20}",ampere,3300,242.56,242.56,94208,0.8336842105263158,True,4550.590659970911,5931.431832196378,26.78,242.56,6986.08054366335,18471.32699997453,,,6986.08054366335,18471.32699997453,1694.5436966709822,668.3388880544173,5591.994199014241,2205.518330579577,per_frame_modeled_airtime_v1,"[[26.78, 41.94], [63.9, 79.06], [106.48, 121.64], [148.16, 163.32], [190.8, 205.96], [232.29, 247.45], [274.26, 289.42], [312.21, 327.37], [349.37, 364.53], [386.48, 401.64], [428.64, 443.8], [470.66, 485.82], [508.28, 523.44], [549.88, 565.04], [591.82, 606.98], [634.02, 649.18]]",,,,COM4,0123456789abcdefghijklmnopqrstuvwxyzABCDEFGHIJKLMNOPQRSTUVWXYZ-_ | 0123456789abcdefghijklmnopqrstuvwxyzABCDEFGHIJKLMNOPQRSTUVWXYZ-_ | 0123456789abcdefghijklmnopqrstuvwxyzABCDEFGHIJKLMNOPQRSTUVWXYZ-_ | 0123456789abcdefghijklmnopqrstuvwxyzABCDEFGHIJKLMNOPQRSTUVWXYZ-_ | 0123456789abcdefghijklmnopqrstuvwxyzABCDEFGHIJKLMNOPQRSTUVWXYZ-_ | 0123456789abcdefghijklmnopqrstuvwxyzABCDEFGHIJKLMNOPQRSTUVWXYZ-_ | 0123456789abcdefghijklmnopqrstuvwxyzABCDEFGHIJKLMNOPQRSTUVWXYZ-_ | 0123456789abcdefghijklmnopqrstuvwxyzABCDEFGHIJKLMNOPQRSTUVWXYZ-_ | 0123456789abcdefghijklmnopqrstuvwxyzABCDEFGHIJKLMNOPQRSTUVWXYZ-_ | 0123456789abcdefghijklmnopqrstuvwxyzABCDEFGHIJKLMNOPQRSTUVWXYZ-_ | 0123456789abcdefghijklmnopqrstuvwxyzABCDEFGHIJKLMNOPQRSTUVWXYZ-_ | 0123456789abcdefghijklmnopqrstuvwxyzABCDEFGHIJKLMNOPQRSTUVWXYZ-_ | 0123456789abcdefghijklmnopqrstuvwxyzABCDEFGHIJKLMNOPQRSTUVWXYZ-_ | 0123456789abcdefghijklmnopqrstuvwxyzABCDEFGHIJKLMNOPQRSTUVWXYZ-_ | 0123456789abcdefghijklmnopqrstuvwxyzABCDEFGHIJKLMNOPQRSTUVWXYZ-_ | 0123456789abcdefghijklmnopqrstuvwxyzABCDEFGHIJKLMNOPQRSTUVWXYZ-_,True,False,ok
lot270_other_profiles_final_candidate2/20260929_193856_radio_ebyte_e79_cc1352p,lot270_other_profiles_final_candidate2/20260929_193856_radio_ebyte_e79_cc1352p/run_00061,run_00061,2026-09-29T16:43:37+00:00,RADIO_EBYTE_E79_CC1352P,Ebyte E79-400DM2005S (CC1352P AT modem),RADIO_EBYTE_E79_CC1352P + AT_COMMANDS; E79 modem firmware 0.3.0 required,tx,COM16,COM4,COM16,1,128,2,64,128,"{""rf_profile"": ""GFSK50"", ""tx_power_dbm"": 0}",ampere,3300,30.32,30.32,94208,0.8336842105263158,True,4555.451284577306,6051.362554488203,26.67,30.32,7449.22366525106,17535.378560188332,,,7449.22366525106,17535.378560188332,225.86046153041212,89.02898036961561,745.33952305036,293.7956352197315,per_frame_modeled_airtime_v1,"[[26.67, 41.83], [64.53, 79.69]]",,,,COM4,0123456789abcdefghijklmnopqrstuvwxyzABCDEFGHIJKLMNOPQRSTUVWXYZ-_ | 0123456789abcdefghijklmnopqrstuvwxyzABCDEFGHIJKLMNOPQRSTUVWXYZ-_,True,False,ok
lot270_other_profiles_final_candidate2/20260929_193856_radio_ebyte_e79_cc1352p,lot270_other_profiles_final_candidate2/20260929_193856_radio_ebyte_e79_cc1352p/run_00062,run_00062,2026-09-29T16:43:40+00:00,RADIO_EBYTE_E79_CC1352P,Ebyte E79-400DM2005S (CC1352P AT modem),RADIO_EBYTE_E79_CC1352P + AT_COMMANDS; E79 modem firmware 0.3.0 required,tx,COM16,COM4,COM16,2,128,2,64,128,"{""rf_profile"": ""GFSK50"", ""tx_power_dbm"": 0}",ampere,3300,30.32,30.32,94208,0.8336842105263158,True,4550.590659970911,5988.8510335502715,26.82,30.32,7436.615644860137,16849.81522132491,,,7436.615644860137,16849.81522132491,225.47818635215936,88.31999165303058,744.0780149621258,291.4559724550009,per_frame_modeled_airtime_v1,"[[26.82, 41.98], [69.44, 84.6]]",,,,COM4,0123456789abcdefghijklmnopqrstuvwxyzABCDEFGHIJKLMNOPQRSTUVWXYZ-_ | 0123456789abcdefghijklmnopqrstuvwxyzABCDEFGHIJKLMNOPQRSTUVWXYZ-_,True,False,ok
lot270_other_profiles_final_candidate2/20260929_193856_radio_ebyte_e79_cc1352p,lot270_other_profiles_final_candidate2/20260929_193856_radio_ebyte_e79_cc1352p/run_00063,run_00063,2026-09-29T16:43:42+00:00,RADIO_EBYTE_E79_CC1352P,Ebyte E79-400DM2005S (CC1352P AT modem),RADIO_EBYTE_E79_CC1352P + AT_COMMANDS; E79 modem firmware 0.3.0 required,tx,COM16,COM4,COM16,3,128,2,64,128,"{""rf_profile"": ""GFSK50"", ""tx_power_dbm"": 0}",ampere,3300,30.32,30.32,94208,0.8336842105263158,True,4555.451284577306,5993.94335313431,27.4,30.32,7446.37404516303,16737.93883461713,,,7446.37404516303,16737.93883461713,225.7740610493431,89.0412498093766,745.0544014628322,293.83612437094274,per_frame_modeled_airtime_v1,"[[27.4, 42.56], [69.58, 84.74]]",,,,COM4,0123456789abcdefghijklmnopqrstuvwxyzABCDEFGHIJKLMNOPQRSTUVWXYZ-_ | 0123456789abcdefghijklmnopqrstuvwxyzABCDEFGHIJKLMNOPQRSTUVWXYZ-_,True,False,ok
lot270_other_profiles_final_candidate2/20260929_193856_radio_ebyte_e79_cc1352p,lot270_other_profiles_final_candidate2/20260929_193856_radio_ebyte_e79_cc1352p/run_00064,run_00064,2026-09-29T16:43:45+00:00,RADIO_EBYTE_E79_CC1352P,Ebyte E79-400DM2005S (CC1352P AT modem),RADIO_EBYTE_E79_CC1352P + AT_COMMANDS; E79 modem firmware 0.3.0 required,tx,COM16,COM4,COM16,4,128,2,64,128,"{""rf_profile"": ""GFSK50"", ""tx_power_dbm"": 0}",ampere,3300,30.32,30.32,94208,0.8336842105263158,True,4560.312690564311,6004.828828540181,28.39,30.32,7402.109496140202,18401.177785556418,,,7402.109496140202,18401.177785556418,224.43195992297095,87.38638484210306,740.625467745804,288.3750699789401,per_frame_modeled_airtime_v1,"[[28.39, 43.55], [69.78, 84.94]]",,,,COM4,0123456789abcdefghijklmnopqrstuvwxyzABCDEFGHIJKLMNOPQRSTUVWXYZ-_ | 0123456789abcdefghijklmnopqrstuvwxyzABCDEFGHIJKLMNOPQRSTUVWXYZ-_,True,False,ok
lot270_other_profiles_final_candidate2/20260929_193856_radio_ebyte_e79_cc1352p,lot270_other_profiles_final_candidate2/20260929_193856_radio_ebyte_e79_cc1352p/run_00065,run_00065,2026-09-29T16:43:48+00:00,RADIO_EBYTE_E79_CC1352P,Ebyte E79-400DM2005S (CC1352P AT modem),RADIO_EBYTE_E79_CC1352P + AT_COMMANDS; E79 modem firmware 0.3.0 required,tx,COM16,COM4,COM16,5,128,2,64,128,"{""rf_profile"": ""GFSK50"", ""tx_power_dbm"": 0}",ampere,3300,30.32,30.32,94208,0.8336842105263158,True,4560.312690564311,6004.828828540181,26.9,30.32,7444.94897631356,16843.747140347394,,,7444.94897631356,16843.747140347394,225.73085296182714,88.59323885702115,744.9118147740295,292.35768822816976,per_frame_modeled_airtime_v1,"[[26.9, 42.06], [69.42, 84.58]]",,,,COM4,0123456789abcdefghijklmnopqrstuvwxyzABCDEFGHIJKLMNOPQRSTUVWXYZ-_ | 0123456789abcdefghijklmnopqrstuvwxyzABCDEFGHIJKLMNOPQRSTUVWXYZ-_,True,False,ok
lot270_other_profiles_final_candidate2/20260929_193856_radio_ebyte_e79_cc1352p,lot270_other_profiles_final_candidate2/20260929_193856_radio_ebyte_e79_cc1352p/run_00066,run_00066,2026-09-29T16:43:50+00:00,RADIO_EBYTE_E79_CC1352P,Ebyte E79-400DM2005S (CC1352P AT modem),RADIO_EBYTE_E79_CC1352P + AT_COMMANDS; E79 modem firmware 0.3.0 required,tx,COM16,COM4,COM16,1,512,8,64,512,"{""rf_profile"": ""GFSK50"", ""tx_power_dbm"": 0}",ampere,3300,121.28,121.28,94208,0.8336842105263158,True,4555.451284577306,5999.735727575533,26.93,121.28,7440.218361454067,17574.625869970394,,,7440.218361454067,17574.625869970394,902.3496828771492,354.78998034809706,2977.753953494592,1170.8069351487202,per_frame_modeled_airtime_v1,"[[26.93, 42.09], [68.87, 84.03], [110.86, 126.02], [147.89, 163.05], [190.07, 205.23], [233.01, 248.17], [274.52, 289.68], [316.45, 331.61]]",,,,COM4,0123456789abcdefghijklmnopqrstuvwxyzABCDEFGHIJKLMNOPQRSTUVWXYZ-_ | 0123456789abcdefghijklmnopqrstuvwxyzABCDEFGHIJKLMNOPQRSTUVWXYZ-_ | 0123456789abcdefghijklmnopqrstuvwxyzABCDEFGHIJKLMNOPQRSTUVWXYZ-_ | 0123456789abcdefghijklmnopqrstuvwxyzABCDEFGHIJKLMNOPQRSTUVWXYZ-_ | 0123456789abcdefghijklmnopqrstuvwxyzABCDEFGHIJKLMNOPQRSTUVWXYZ-_ | 0123456789abcdefghijklmnopqrstuvwxyzABCDEFGHIJKLMNOPQRSTUVWXYZ-_ | 0123456789abcdefghijklmnopqrstuvwxyzABCDEFGHIJKLMNOPQRSTUVWXYZ-_ | 0123456789abcdefghijklmnopqrstuvwxyzABCDEFGHIJKLMNOPQRSTUVWXYZ-_,True,False,ok
lot270_other_profiles_final_candidate2/20260929_193856_radio_ebyte_e79_cc1352p,lot270_other_profiles_final_candidate2/20260929_193856_radio_ebyte_e79_cc1352p/run_00067,run_00067,2026-09-29T16:43:53+00:00,RADIO_EBYTE_E79_CC1352P,Ebyte E79-400DM2005S (CC1352P AT modem),RADIO_EBYTE_E79_CC1352P + AT_COMMANDS; E79 modem firmware 0.3.0 required,tx,COM16,COM4,COM16,2,512,8,64,512,"{""rf_profile"": ""GFSK50"", ""tx_power_dbm"": 0}",ampere,3300,121.28,121.28,94208,0.8336842105263158,True,4550.590659970911,5988.8510335502715,26.41,121.28,7467.680956581817,17690.48538428773,,,7467.680956581817,17690.48538428773,905.6803464142426,358.89350719300603,2988.7451431670006,1184.34857373692,per_frame_modeled_airtime_v1,"[[26.41, 41.57], [68.3, 83.46], [109.55, 124.71], [151.83, 166.99], [193.02, 208.18], [235.2, 250.36], [277.11, 292.27], [318.59, 333.75]]",,,,COM4,0123456789abcdefghijklmnopqrstuvwxyzABCDEFGHIJKLMNOPQRSTUVWXYZ-_ | 0123456789abcdefghijklmnopqrstuvwxyzABCDEFGHIJKLMNOPQRSTUVWXYZ-_ | 0123456789abcdefghijklmnopqrstuvwxyzABCDEFGHIJKLMNOPQRSTUVWXYZ-_ | 0123456789abcdefghijklmnopqrstuvwxyzABCDEFGHIJKLMNOPQRSTUVWXYZ-_ | 0123456789abcdefghijklmnopqrstuvwxyzABCDEFGHIJKLMNOPQRSTUVWXYZ-_ | 0123456789abcdefghijklmnopqrstuvwxyzABCDEFGHIJKLMNOPQRSTUVWXYZ-_ | 0123456789abcdefghijklmnopqrstuvwxyzABCDEFGHIJKLMNOPQRSTUVWXYZ-_ | 0123456789abcdefghijklmnopqrstuvwxyzABCDEFGHIJKLMNOPQRSTUVWXYZ-_,True,False,ok
lot270_other_profiles_final_candidate2/20260929_193856_radio_ebyte_e79_cc1352p,lot270_other_profiles_final_candidate2/20260929_193856_radio_ebyte_e79_cc1352p/run_00068,run_00068,2026-09-29T16:43:56+00:00,RADIO_EBYTE_E79_CC1352P,Ebyte E79-400DM2005S (CC1352P AT modem),RADIO_EBYTE_E79_CC1352P + AT_COMMANDS; E79 modem firmware 0.3.0 required,tx,COM16,COM4,COM16,3,512,8,64,512,"{""rf_profile"": ""GFSK50"", ""tx_power_dbm"": 0}",ampere,3300,121.28,121.28,94208,0.8336842105263158,True,4555.451284577306,5999.735727575533,26.61,121.28,7428.919329993133,17096.31493465826,,,7428.919329993133,17096.31493465826,900.9793363415672,352.8378774518532,2973.2318099271715,1164.3649955911155,per_frame_modeled_airtime_v1,"[[26.61, 41.77], [68.82, 83.98], [111.4, 126.56], [153.98, 169.14], [195.15, 210.31], [237.48, 252.64], [279.52, 294.68], [322.12, 337.28]]",,,,COM4,0123456789abcdefghijklmnopqrstuvwxyzABCDEFGHIJKLMNOPQRSTUVWXYZ-_ | 0123456789abcdefghijklmnopqrstuvwxyzABCDEFGHIJKLMNOPQRSTUVWXYZ-_ | 0123456789abcdefghijklmnopqrstuvwxyzABCDEFGHIJKLMNOPQRSTUVWXYZ-_ | 0123456789abcdefghijklmnopqrstuvwxyzABCDEFGHIJKLMNOPQRSTUVWXYZ-_ | 0123456789abcdefghijklmnopqrstuvwxyzABCDEFGHIJKLMNOPQRSTUVWXYZ-_ | 0123456789abcdefghijklmnopqrstuvwxyzABCDEFGHIJKLMNOPQRSTUVWXYZ-_ | 0123456789abcdefghijklmnopqrstuvwxyzABCDEFGHIJKLMNOPQRSTUVWXYZ-_0123456789abcdefghijklmnopqrstuvwxyzABCDEFGHIJKLMNOPQRSTUVWXYZ-_,False,True,rx_missing
lot270_other_profiles_final_candidate2/20260929_193856_radio_ebyte_e79_cc1352p,lot270_other_profiles_final_candidate2/20260929_193856_radio_ebyte_e79_cc1352p/run_00069,run_00069,2026-09-29T16:43:58+00:00,RADIO_EBYTE_E79_CC1352P,Ebyte E79-400DM2005S (CC1352P AT modem),RADIO_EBYTE_E79_CC1352P + AT_COMMANDS; E79 modem firmware 0.3.0 required,tx,COM16,COM4,COM16,4,512,8,64,512,"{""rf_profile"": ""GFSK50"", ""tx_power_dbm"": 0}",ampere,3300,121.28,121.28,94208,0.8336842105263158,True,4555.451284577306,5993.94335313431,26.26,121.28,7443.95861277988,17181.54268067696,,,7443.95861277988,17181.54268067696,902.8033005579439,354.7651319746657,2979.2508918412145,1170.7249355163967,per_frame_modeled_airtime_v1,"[[26.26, 41.42], [68.41, 83.57], [110.57, 125.73], [151.91, 167.07], [193.81, 208.97], [236.39, 251.55], [278.61, 293.77], [320.42, 335.58]]",,,,COM4,0123456789abcdefghijklmnopqrstuvwxyzABCDEFGHIJKLMNOPQRSTUVWXYZ-_ | 0123456789abcdefghijklmnopqrstuvwxyzABCDEFGHIJKLMNOPQRSTUVWXYZ-_ | 0123456789abcdefghijklmnopqrstuvwxyzABCDEFGHIJKLMNOPQRSTUVWXYZ-_0123456789abcdefghijklmnopqrstuvwxyzABCDEFGHIJKLMNOPQRSTUVWXYZ-_ | 0123456789abcdefghijklmnopqrstuvwxyzABCDEFGHIJKLMNOPQRSTUVWXYZ-_ | 0123456789abcdefghijklmnopqrstuvwxyzABCDEFGHIJKLMNOPQRSTUVWXYZ-_ | 0123456789abcdefghijklmnopqrstuvwxyzABCDEFGHIJKLMNOPQRSTUVWXYZ-_ | 0123456789abcdefghijklmnopqrstuvwxyzABCDEFGHIJKLMNOPQRSTUVWXYZ-_,False,True,rx_missing
lot270_other_profiles_final_candidate2/20260929_193856_radio_ebyte_e79_cc1352p,lot270_other_profiles_final_candidate2/20260929_193856_radio_ebyte_e79_cc1352p/run_00070,run_00070,2026-09-29T16:44:01+00:00,RADIO_EBYTE_E79_CC1352P,Ebyte E79-400DM2005S (CC1352P AT modem),RADIO_EBYTE_E79_CC1352P + AT_COMMANDS; E79 modem firmware 0.3.0 required,tx,COM16,COM4,COM16,5,512,8,64,512,"{""rf_profile"": ""GFSK50"", ""tx_power_dbm"": 0}",ampere,3300,121.28,121.28,94208,0.8336842105263158,True,4555.451284577306,5999.735727575533,27.1,121.28,7444.161855287211,17126.393417041996,,,7444.161855287211,17126.393417041996,902.8279498092329,355.16824801418824,2979.3322343704685,1172.055218446821,per_frame_modeled_airtime_v1,"[[27.1, 42.26], [68.36, 83.52], [110.15, 125.31], [148.56, 163.72], [186.37, 201.53], [223.37, 238.53], [266.01, 281.17], [303.14, 318.3]]",,,,COM4,0123456789abcdefghijklmnopqrstuvwxyzABCDEFGHIJKLMNOPQRSTUVWXYZ-_ | 0123456789abcdefghijklmnopqrstuvwxyzABCDEFGHIJKLMNOPQRSTUVWXYZ-_ | 0123456789abcdefghijklmnopqrstuvwxyzABCDEFGHIJKLMNOPQRSTUVWXYZ-_ | 0123456789abcdefghijklmnopqrstuvwxyzABCDEFGHIJKLMNOPQRSTUVWXYZ-_ | 0123456789abcdefghijklmnopqrstuvwxyzABCDEFGHIJKLMNOPQRSTUVWXYZ-_ | 0123456789abcdefghijklmnopqrstuvwxyzABCDEFGHIJKLMNOPQRSTUVWXYZ-_ | 0123456789abcdefghijklmnopqrstuvwxyzABCDEFGHIJKLMNOPQRSTUVWXYZ-_ | 0123456789abcdefghijklmnopqrstuvwxyzABCDEFGHIJKLMNOPQRSTUVWXYZ-_,True,False,ok
lot270_other_profiles_final_candidate2/20260929_193856_radio_ebyte_e79_cc1352p,lot270_other_profiles_final_candidate2/20260929_193856_radio_ebyte_e79_cc1352p/run_00071,run_00071,2026-09-29T16:44:04+00:00,RADIO_EBYTE_E79_CC1352P,Ebyte E79-400DM2005S (CC1352P AT modem),RADIO_EBYTE_E79_CC1352P + AT_COMMANDS; E79 modem firmware 0.3.0 required,tx,COM16,COM4,COM16,1,1024,16,64,1024,"{""rf_profile"": ""GFSK50"", ""tx_power_dbm"": 0}",ampere,3300,242.56,242.56,94208,0.8336842105263158,True,4550.590659970911,5988.8510335502715,26.87,242.56,7465.929094607857,17623.5559448803,,,7465.929094607857,17623.5559448803,1810.9357611880819,717.3371659902169,5976.0880119206695,2367.2126477677157,per_frame_modeled_airtime_v1,"[[26.87, 42.03], [64.51, 79.67], [101.72, 116.88], [143.85, 159.01], [185.79, 200.95], [227.98, 243.14], [270.51, 285.67], [312.36, 327.52], [354.58, 369.74], [396.73, 411.89], [438.84, 454.0], [481.08, 496.24], [523.43, 538.59], [565.66, 580.82], [603.39, 618.55], [645.28, 660.44]]",,,,COM4,0123456789abcdefghijklmnopqrstuvwxyzABCDEFGHIJKLMNOPQRSTUVWXYZ-_ | 0123456789abcdefghijklmnopqrstuvwxyzABCDEFGHIJKLMNOPQRSTUVWXYZ-_ | 0123456789abcdefghijklmnopqrstuvwxyzABCDEFGHIJKLMNOPQRSTUVWXYZ-_ | 0123456789abcdefghijklmnopqrstuvwxyzABCDEFGHIJKLMNOPQRSTUVWXYZ-_ | 0123456789abcdefghijklmnopqrstuvwxyzABCDEFGHIJKLMNOPQRSTUVWXYZ-_ | 0123456789abcdefghijklmnopqrstuvwxyzABCDEFGHIJKLMNOPQRSTUVWXYZ-_ | 0123456789abcdefghijklmnopqrstuvwxyzABCDEFGHIJKLMNOPQRSTUVWXYZ-_ | 0123456789abcdefghijklmnopqrstuvwxyzABCDEFGHIJKLMNOPQRSTUVWXYZ-_ | 0123456789abcdefghijklmnopqrstuvwxyzABCDEFGHIJKLMNOPQRSTUVWXYZ-_ | 0123456789abcdefghijklmnopqrstuvwxyzABCDEFGHIJKLMNOPQRSTUVWXYZ-_ | 0123456789abcdefghijklmnopqrstuvwxyzABCDEFGHIJKLMNOPQRSTUVWXYZ-_ | 0123456789abcdefghijklmnopqrstuvwxyzABCDEFGHIJKLMNOPQRSTUVWXYZ-_ | 0123456789abcdefghijklmnopqrstuvwxyzABCDEFGHIJKLMNOPQRSTUVWXYZ-_ | 0123456789abcdefghijklmnopqrstuvwxyzABCDEFGHIJKLMNOPQRSTUVWXYZ-_ | 0123456789abcdefghijklmnopqrstuvwxyzABCDEFGHIJKLMNOPQRSTUVWXYZ-_ | 0123456789abcdefghijklmnopqrstuvwxyzABCDEFGHIJKLMNOPQRSTUVWXYZ-_,True,False,ok
lot270_other_profiles_final_candidate2/20260929_193856_radio_ebyte_e79_cc1352p,lot270_other_profiles_final_candidate2/20260929_193856_radio_ebyte_e79_cc1352p/run_00072,run_00072,2026-09-29T16:44:07+00:00,RADIO_EBYTE_E79_CC1352P,Ebyte E79-400DM2005S (CC1352P AT modem),RADIO_EBYTE_E79_CC1352P + AT_COMMANDS; E79 modem firmware 0.3.0 required,tx,COM16,COM4,COM16,2,1024,16,64,1024,"{""rf_profile"": ""GFSK50"", ""tx_power_dbm"": 0}",ampere,3300,242.56,242.56,94208,0.8336842105263158,True,4550.590659970911,5988.8510335502715,26.51,242.56,7464.338988093992,17989.7176566397,,,7464.338988093992,17989.7176566397,1810.5500649520789,716.0578979459359,5974.81521434186,2362.9910632215883,per_frame_modeled_airtime_v1,"[[26.51, 41.67], [69.11, 84.27], [110.02, 125.18], [152.45, 167.61], [195.09, 210.25], [236.79, 251.95], [278.58, 293.74], [320.55, 335.71], [362.69, 377.85], [404.49, 419.65], [446.72, 461.88], [488.64, 503.8], [526.08, 541.24], [568.34, 583.5], [609.9, 625.06], [647.56, 662.72]]",,,,COM4,0123456789abcdefghijklmnopqrstuvwxyzABCDEFGHIJKLMNOPQRSTUVWXYZ-_ | 0123456789abcdefghijklmnopqrstuvwxyzABCDEFGHIJKLMNOPQRSTUVWXYZ-_ | 0123456789abcdefghijklmnopqrstuvwxyzABCDEFGHIJKLMNOPQRSTUVWXYZ-_ | 0123456789abcdefghijklmnopqrstuvwxyzABCDEFGHIJKLMNOPQRSTUVWXYZ-_ | 0123456789abcdefghijklmnopqrstuvwxyzABCDEFGHIJKLMNOPQRSTUVWXYZ-_ | 0123456789abcdefghijklmnopqrstuvwxyzABCDEFGHIJKLMNOPQRSTUVWXYZ-_ | 0123456789abcdefghijklmnopqrstuvwxyzABCDEFGHIJKLMNOPQRSTUVWXYZ-_ | 0123456789abcdefghijklmnopqrstuvwxyzABCDEFGHIJKLMNOPQRSTUVWXYZ-_ | 0123456789abcdefghijklmnopqrstuvwxyzABCDEFGHIJKLMNOPQRSTUVWXYZ-_ | 0123456789abcdefghijklmnopqrstuvwxyzABCDEFGHIJKLMNOPQRSTUVWXYZ-_ | 0123456789abcdefghijklmnopqrstuvwxyzABCDEFGHIJKLMNOPQRSTUVWXYZ-_ | 0123456789abcdefghijklmnopqrstuvwxyzABCDEFGHIJKLMNOPQRSTUVWXYZ-_ | 0123456789abcdefghijklmnopqrstuvwxyzABCDEFGHIJKLMNOPQRSTUVWXYZ-_ | 0123456789abcdefghijklmnopqrstuvwxyzABCDEFGHIJKLMNOPQRSTUVWXYZ-_ | 0123456789abcdefghijklmnopqrstuvwxyzABCDEFGHIJKLMNOPQRSTUVWXYZ-_ | 0123456789abcdefghijklmnopqrstuvwxyzABCDEFGHIJKLMNOPQRSTUVWXYZ-_,True,False,ok
lot270_other_profiles_final_candidate2/20260929_193856_radio_ebyte_e79_cc1352p,lot270_other_profiles_final_candidate2/20260929_193856_radio_ebyte_e79_cc1352p/run_00073,run_00073,2026-09-29T16:44:09+00:00,RADIO_EBYTE_E79_CC1352P,Ebyte E79-400DM2005S (CC1352P AT modem),RADIO_EBYTE_E79_CC1352P + AT_COMMANDS; E79 modem firmware 0.3.0 required,tx,COM16,COM4,COM16,3,1024,16,64,1024,"{""rf_profile"": ""GFSK50"", ""tx_power_dbm"": 0}",ampere,3300,242.56,242.56,94208,0.8336842105263158,True,4555.451284577306,5999.735727575533,28.12,242.56,7458.041355487466,18775.399575933214,,,7458.041355487466,18775.399575933214,1809.0225111870395,714.0127675734052,5969.77428691723,2356.242132992237,per_frame_modeled_airtime_v1,"[[28.12, 43.28], [70.2, 85.36], [111.5, 126.66], [148.46, 163.62], [190.57, 205.73], [232.1, 247.26], [274.69, 289.85], [314.79, 329.95], [356.59, 371.75], [398.94, 414.1], [441.31, 456.47], [483.24, 498.4], [525.24, 540.4], [562.29, 577.45], [604.38, 619.54], [646.74, 661.9]]",,,,COM4,0123456789abcdefghijklmnopqrstuvwxyzABCDEFGHIJKLMNOPQRSTUVWXYZ-_ | 0123456789abcdefghijklmnopqrstuvwxyzABCDEFGHIJKLMNOPQRSTUVWXYZ-_ | 0123456789abcdefghijklmnopqrstuvwxyzABCDEFGHIJKLMNOPQRSTUVWXYZ-_ | 0123456789abcdefghijklmnopqrstuvwxyzABCDEFGHIJKLMNOPQRSTUVWXYZ-_ | 0123456789abcdefghijklmnopqrstuvwxyzABCDEFGHIJKLMNOPQRSTUVWXYZ-_ | 0123456789abcdefghijklmnopqrstuvwxyzABCDEFGHIJKLMNOPQRSTUVWXYZ-_ | 0123456789abcdefghijklmnopqrstuvwxyzABCDEFGHIJKLMNOPQRSTUVWXYZ-_ | 0123456789abcdefghijklmnopqrstuvwxyzABCDEFGHIJKLMNOPQRSTUVWXYZ-_ | 0123456789abcdefghijklmnopqrstuvwxyzABCDEFGHIJKLMNOPQRSTUVWXYZ-_ | 0123456789abcdefghijklmnopqrstuvwxyzABCDEFGHIJKLMNOPQRSTUVWXYZ-_ | 0123456789abcdefghijklmnopqrstuvwxyzABCDEFGHIJKLMNOPQRSTUVWXYZ-_ | 0123456789abcdefghijklmnopqrstuvwxyzABCDEFGHIJKLMNOPQRSTUVWXYZ-_ | 0123456789abcdefghijklmnopqrstuvwxyzABCDEFGHIJKLMNOPQRSTUVWXYZ-_ | 0123456789abcdefghijklmnopqrstuvwxyzABCDEFGHIJKLMNOPQRSTUVWXYZ-_ | 0123456789abcdefghijklmnopqrstuvwxyzABCDEFGHIJKLMNOPQRSTUVWXYZ-_ | 0123456789abcdefghijklmnopqrstuvwxyzABCDEFGHIJKLMNOPQRSTUVWXYZ-_,True,False,ok
lot270_other_profiles_final_candidate2/20260929_193856_radio_ebyte_e79_cc1352p,lot270_other_profiles_final_candidate2/20260929_193856_radio_ebyte_e79_cc1352p/run_00074,run_00074,2026-09-29T16:44:12+00:00,RADIO_EBYTE_E79_CC1352P,Ebyte E79-400DM2005S (CC1352P AT modem),RADIO_EBYTE_E79_CC1352P + AT_COMMANDS; E79 modem firmware 0.3.0 required,tx,COM16,COM4,COM16,4,1024,16,64,1024,"{""rf_profile"": ""GFSK50"", ""tx_power_dbm"": 0}",ampere,3300,242.56,242.56,94208,0.8336842105263158,True,4550.590659970911,5988.8510335502715,26.46,242.56,7510.248554801859,18284.7895932322,,,7510.248554801859,18284.7895932322,1821.685889452739,729.3773998382087,6011.563435194039,2406.9454194660884,per_frame_modeled_airtime_v1,"[[26.46, 41.62], [63.77, 78.93], [106.15, 121.31], [148.7, 163.86], [191.9, 207.06], [229.36, 244.52], [271.58, 286.74], [309.81, 324.97], [347.73, 362.89], [389.71, 404.87], [431.71, 446.87], [468.91, 484.07], [510.24, 525.4], [552.0, 567.16], [593.63, 608.79], [635.97, 651.13]]",,,,COM4,0123456789abcdefghijklmnopqrstuvwxyzABCDEFGHIJKLMNOPQRSTUVWXYZ-_ | 0123456789abcdefghijklmnopqrstuvwxyzABCDEFGHIJKLMNOPQRSTUVWXYZ-_ | 0123456789abcdefghijklmnopqrstuvwxyzABCDEFGHIJKLMNOPQRSTUVWXYZ-_ | 0123456789abcdefghijklmnopqrstuvwxyzABCDEFGHIJKLMNOPQRSTUVWXYZ-_ | 0123456789abcdefghijklmnopqrstuvwxyzABCDEFGHIJKLMNOPQRSTUVWXYZ-_ | 0123456789abcdefghijklmnopqrstuvwxyzABCDEFGHIJKLMNOPQRSTUVWXYZ-_0123456789abcdefghijklmnopqrstuvwxyzABCDEFGHIJKLMNOPQRSTUVWXYZ-_ | 0123456789abcdefghijklmnopqrstuvwxyzABCDEFGHIJKLMNOPQRSTUVWXYZ-_ | 0123456789abcdefghijklmnopqrstuvwxyzABCDEFGHIJKLMNOPQRSTUVWXYZ-_ | 0123456789abcdefghijklmnopqrstuvwxyzABCDEFGHIJKLMNOPQRSTUVWXYZ-_ | 0123456789abcdefghijklmnopqrstuvwxyzABCDEFGHIJKLMNOPQRSTUVWXYZ-_ | 0123456789abcdefghijklmnopqrstuvwxyzABCDEFGHIJKLMNOPQRSTUVWXYZ-_ | 0123456789abcdefghijklmnopqrstuvwxyzABCDEFGHIJKLMNOPQRSTUVWXYZ-_ | 0123456789abcdefghijklmnopqrstuvwxyzABCDEFGHIJKLMNOPQRSTUVWXYZ-_ | 0123456789abcdefghijklmnopqrstuvwxyzABCDEFGHIJKLMNOPQRSTUVWXYZ-_0123456789abcdefghijklmnopqrstuvwxyzABCDEFGHIJKLMNOPQRSTUVWXYZ-_,False,True,rx_missing
lot270_other_profiles_final_candidate2/20260929_193856_radio_ebyte_e79_cc1352p,lot270_other_profiles_final_candidate2/20260929_193856_radio_ebyte_e79_cc1352p/run_00075,run_00075,2026-09-29T16:44:15+00:00,RADIO_EBYTE_E79_CC1352P,Ebyte E79-400DM2005S (CC1352P AT modem),RADIO_EBYTE_E79_CC1352P + AT_COMMANDS; E79 modem firmware 0.3.0 required,tx,COM16,COM4,COM16,5,1024,16,64,1024,"{""rf_profile"": ""GFSK50"", ""tx_power_dbm"": 0}",ampere,3300,242.56,242.56,94208,0.8336842105263158,True,4555.451284577306,5999.735727575533,29.22,242.56,7456.297288541919,17978.142973851085,,,7456.297288541919,17978.142973851085,1808.5994703087279,713.3362820684079,5968.3782520188015,2354.009730825746,per_frame_modeled_airtime_v1,"[[29.22, 44.38], [67.66, 82.82], [109.92, 125.08], [152.45, 167.61], [194.09, 209.25], [236.7, 251.86], [279.52, 294.68], [321.41, 336.57], [359.99, 375.15], [401.45, 416.61], [438.64, 453.8], [481.39, 496.55], [522.31, 537.47], [564.75, 579.91], [606.14, 621.3], [644.45, 659.61]]",,,,COM4,0123456789abcdefghijklmnopqrstuvwxyzABCDEFGHIJKLMNOPQRSTUVWXYZ-_ | 0123456789abcdefghijklmnopqrstuvwxyzABCDEFGHIJKLMNOPQRSTUVWXYZ-_ | 0123456789abcdefghijklmnopqrstuvwxyzABCDEFGHIJKLMNOPQRSTUVWXYZ-_ | 0123456789abcdefghijklmnopqrstuvwxyzABCDEFGHIJKLMNOPQRSTUVWXYZ-_ | 0123456789abcdefghijklmnopqrstuvwxyzABCDEFGHIJKLMNOPQRSTUVWXYZ-_ | 0123456789abcdefghijklmnopqrstuvwxyzABCDEFGHIJKLMNOPQRSTUVWXYZ-_ | 0123456789abcdefghijklmnopqrstuvwxyzABCDEFGHIJKLMNOPQRSTUVWXYZ-_ | 0123456789abcdefghijklmnopqrstuvwxyzABCDEFGHIJKLMNOPQRSTUVWXYZ-_ | 0123456789abcdefghijklmnopqrstuvwxyzABCDEFGHIJKLMNOPQRSTUVWXYZ-_ | 0123456789abcdefghijklmnopqrstuvwxyzABCDEFGHIJKLMNOPQRSTUVWXYZ-_ | 0123456789abcdefghijklmnopqrstuvwxyzABCDEFGHIJKLMNOPQRSTUVWXYZ-_ | 0123456789abcdefghijklmnopqrstuvwxyzABCDEFGHIJKLMNOPQRSTUVWXYZ-_ | 0123456789abcdefghijklmnopqrstuvwxyzABCDEFGHIJKLMNOPQRSTUVWXYZ-_ | 0123456789abcdefghijklmnopqrstuvwxyzABCDEFGHIJKLMNOPQRSTUVWXYZ-_ | 0123456789abcdefghijklmnopqrstuvwxyzABCDEFGHIJKLMNOPQRSTUVWXYZ-_ | 0123456789abcdefghijklmnopqrstuvwxyzABCDEFGHIJKLMNOPQRSTUVWXYZ-_,True,False,ok
lot270_other_profiles_final_candidate2/20260929_193856_radio_ebyte_e79_cc1352p,lot270_other_profiles_final_candidate2/20260929_193856_radio_ebyte_e79_cc1352p/run_00076,run_00076,2026-09-29T16:44:19+00:00,RADIO_EBYTE_E79_CC1352P,Ebyte E79-400DM2005S (CC1352P AT modem),RADIO_EBYTE_E79_CC1352P + AT_COMMANDS; E79 modem firmware 0.3.0 required,tx,COM16,COM4,COM16,1,128,2,64,128,"{""rf_profile"": ""GFSK50"", ""tx_power_dbm"": 13}",ampere,3300,30.32,30.32,94208,0.8336842105263158,True,4560.312690564311,5999.0364540989685,27.2,30.32,9172.903947969142,17553.981053746724,,,9172.903947969142,17553.981053746724,278.1224477024244,141.14255346057,917.8040774180004,465.770426419881,per_frame_modeled_airtime_v1,"[[27.2, 42.36], [69.33, 84.49]]",,,,COM4,0123456789abcdefghijklmnopqrstuvwxyzABCDEFGHIJKLMNOPQRSTUVWXYZ-_ | 0123456789abcdefghijklmnopqrstuvwxyzABCDEFGHIJKLMNOPQRSTUVWXYZ-_,True,False,ok
lot270_other_profiles_final_candidate2/20260929_193856_radio_ebyte_e79_cc1352p,lot270_other_profiles_final_candidate2/20260929_193856_radio_ebyte_e79_cc1352p/run_00077,run_00077,2026-09-29T16:44:21+00:00,RADIO_EBYTE_E79_CC1352P,Ebyte E79-400DM2005S (CC1352P AT modem),RADIO_EBYTE_E79_CC1352P + AT_COMMANDS; E79 modem firmware 0.3.0 required,tx,COM16,COM4,COM16,2,128,2,64,128,"{""rf_profile"": ""GFSK50"", ""tx_power_dbm"": 13}",ampere,3300,30.32,30.32,95232,0.0,True,4555.451284577306,5993.94335313431,26.96,30.32,9139.108283651143,17237.69628748668,,,9139.108283651143,17237.69628748668,277.09776316030263,140.1106426310348,914.4226184289986,462.36512068241484,per_frame_modeled_airtime_v1,"[[26.96, 42.12], [64.2, 79.36]]",,,,COM4,0123456789abcdefghijklmnopqrstuvwxyzABCDEFGHIJKLMNOPQRSTUVWXYZ-_ | 0123456789abcdefghijklmnopqrstuvwxyzABCDEFGHIJKLMNOPQRSTUVWXYZ-_,True,False,ok
lot270_other_profiles_final_candidate2/20260929_193856_radio_ebyte_e79_cc1352p,lot270_other_profiles_final_candidate2/20260929_193856_radio_ebyte_e79_cc1352p/run_00078,run_00078,2026-09-29T16:44:24+00:00,RADIO_EBYTE_E79_CC1352P,Ebyte E79-400DM2005S (CC1352P AT modem),RADIO_EBYTE_E79_CC1352P + AT_COMMANDS; E79 modem firmware 0.3.0 required,tx,COM16,COM4,COM16,3,128,2,64,128,"{""rf_profile"": ""GFSK50"", ""tx_power_dbm"": 13}",ampere,3300,30.32,30.32,94208,0.8336842105263158,True,4550.590659970911,5988.8510335502715,26.29,30.32,9200.951170807131,17753.738356530408,,,9200.951170807131,17753.738356530408,278.9728394988722,142.18653473287432,920.6103703462782,469.21556461848525,per_frame_modeled_airtime_v1,"[[26.29, 41.45], [68.14, 83.3]]",,,,COM4,0123456789abcdefghijklmnopqrstuvwxyzABCDEFGHIJKLMNOPQRSTUVWXYZ-_ | 0123456789abcdefghijklmnopqrstuvwxyzABCDEFGHIJKLMNOPQRSTUVWXYZ-_,True,False,ok
lot270_other_profiles_final_candidate2/20260929_193856_radio_ebyte_e79_cc1352p,lot270_other_profiles_final_candidate2/20260929_193856_radio_ebyte_e79_cc1352p/run_00079,run_00079,2026-09-29T16:44:27+00:00,RADIO_EBYTE_E79_CC1352P,Ebyte E79-400DM2005S (CC1352P AT modem),RADIO_EBYTE_E79_CC1352P + AT_COMMANDS; E79 modem firmware 0.3.0 required,tx,COM16,COM4,COM16,4,128,2,64,128,"{""rf_profile"": ""GFSK50"", ""tx_power_dbm"": 13}",ampere,3300,30.32,30.32,94208,0.8336842105263158,True,4560.312690564311,6004.828828540181,27.33,30.32,9119.356550090795,17172.408356128562,,,9119.356550090795,17172.408356128562,276.4988905987529,139.21007861719661,912.4463389758845,459.3932594367488,per_frame_modeled_airtime_v1,"[[27.33, 42.49], [70.01, 85.17]]",,,,COM4,0123456789abcdefghijklmnopqrstuvwxyzABCDEFGHIJKLMNOPQRSTUVWXYZ-_0123456789abcdefghijklmnopqrstuvwxyzABCDEFGHIJKLMNOPQRSTUVWXYZ-_,False,True,rx_missing
lot270_other_profiles_final_candidate2/20260929_193856_radio_ebyte_e79_cc1352p,lot270_other_profiles_final_candidate2/20260929_193856_radio_ebyte_e79_cc1352p/run_00080,run_00080,2026-09-29T16:44:29+00:00,RADIO_EBYTE_E79_CC1352P,Ebyte E79-400DM2005S (CC1352P AT modem),RADIO_EBYTE_E79_CC1352P + AT_COMMANDS; E79 modem firmware 0.3.0 required,tx,COM16,COM4,COM16,5,128,2,64,128,"{""rf_profile"": ""GFSK50"", ""tx_power_dbm"": 13}",ampere,3300,30.32,30.32,94208,0.8336842105263158,True,4560.312690564311,6004.828828540181,27.08,30.32,9192.452369454817,17089.53185927374,,,9192.452369454817,17089.53185927374,278.71515584187006,141.53043212248832,919.7600142781712,467.05042600421143,per_frame_modeled_airtime_v1,"[[27.08, 42.24], [68.33, 83.49]]",,,,COM4,0123456789abcdefghijklmnopqrstuvwxyzABCDEFGHIJKLMNOPQRSTUVWXYZ-_ | 0123456789abcdefghijklmnopqrstuvwxyzABCDEFGHIJKLMNOPQRSTUVWXYZ-_,True,False,ok
lot270_other_profiles_final_candidate2/20260929_193856_radio_ebyte_e79_cc1352p,lot270_other_profiles_final_candidate2/20260929_193856_radio_ebyte_e79_cc1352p/run_00081,run_00081,2026-09-29T16:44:32+00:00,RADIO_EBYTE_E79_CC1352P,Ebyte E79-400DM2005S (CC1352P AT modem),RADIO_EBYTE_E79_CC1352P + AT_COMMANDS; E79 modem firmware 0.3.0 required,tx,COM16,COM4,COM16,1,512,8,64,512,"{""rf_profile"": ""GFSK50"", ""tx_power_dbm"": 13}",ampere,3300,121.28,121.28,94208,0.8336842105263158,True,4555.451284577306,5993.94335313431,27.01,121.28,9190.111727576406,18501.286065794535,,,9190.111727576406,18501.286065794535,1114.5767503204665,567.0560366770446,3678.1032760575395,1871.2849210342472,per_frame_modeled_airtime_v1,"[[27.01, 42.17], [69.23, 84.39], [111.08, 126.24], [148.65, 163.81], [190.67, 205.83], [231.9, 247.06], [273.95, 289.11], [310.96, 326.12]]",,,,COM4,0123456789abcdefghijklmnopqrstuvwxyzABCDEFGHIJKLMNOPQRSTUVWXYZ-_ | 0123456789abcdefghijklmnopqrstuvwxyzABCDEFGHIJKLMNOPQRSTUVWXYZ-_ | 0123456789abcdefghijklmnopqrstuvwxyzABCDEFGHIJKLMNOPQRSTUVWXYZ-_ | 0123456789abcdefghijklmnopqrstuvwxyzABCDEFGHIJKLMNOPQRSTUVWXYZ-_ | 0123456789abcdefghijklmnopqrstuvwxyzABCDEFGHIJKLMNOPQRSTUVWXYZ-_ | 0123456789abcdefghijklmnopqrstuvwxyzABCDEFGHIJKLMNOPQRSTUVWXYZ-_ | 0123456789abcdefghijklmnopqrstuvwxyzABCDEFGHIJKLMNOPQRSTUVWXYZ-_ | 0123456789abcdefghijklmnopqrstuvwxyzABCDEFGHIJKLMNOPQRSTUVWXYZ-_,True,False,ok
lot270_other_profiles_final_candidate2/20260929_193856_radio_ebyte_e79_cc1352p,lot270_other_profiles_final_candidate2/20260929_193856_radio_ebyte_e79_cc1352p/run_00082,run_00082,2026-09-29T16:44:35+00:00,RADIO_EBYTE_E79_CC1352P,Ebyte E79-400DM2005S (CC1352P AT modem),RADIO_EBYTE_E79_CC1352P + AT_COMMANDS; E79 modem firmware 0.3.0 required,tx,COM16,COM4,COM16,2,512,8,64,512,"{""rf_profile"": ""GFSK50"", ""tx_power_dbm"": 13}",ampere,3300,121.28,121.28,94208,0.8336842105263158,True,4560.312690564311,6004.828828540181,27.42,121.28,9190.213928728817,17872.786239028486,,,9190.213928728817,17872.786239028486,1114.589145276231,566.5716972021111,3678.144179411562,1869.6866007669664,per_frame_modeled_airtime_v1,"[[27.42, 42.58], [69.04, 84.2], [111.13, 126.29], [153.1, 168.26], [195.16, 210.32], [237.61, 252.77], [279.47, 294.63], [322.1, 337.26]]",,,,COM4,0123456789abcdefghijklmnopqrstuvwxyzABCDEFGHIJKLMNOPQRSTUVWXYZ-_ | 0123456789abcdefghijklmnopqrstuvwxyzABCDEFGHIJKLMNOPQRSTUVWXYZ-_ | 0123456789abcdefghijklmnopqrstuvwxyzABCDEFGHIJKLMNOPQRSTUVWXYZ-_ | 0123456789abcdefghijklmnopqrstuvwxyzABCDEFGHIJKLMNOPQRSTUVWXYZ-_ | 0123456789abcdefghijklmnopqrstuvwxyzABCDEFGHIJKLMNOPQRSTUVWXYZ-_ | 0123456789abcdefghijklmnopqrstuvwxyzABCDEFGHIJKLMNOPQRSTUVWXYZ-_ | 0123456789abcdefghijklmnopqrstuvwxyzABCDEFGHIJKLMNOPQRSTUVWXYZ-_ | 0123456789abcdefghijklmnopqrstuvwxyzABCDEFGHIJKLMNOPQRSTUVWXYZ-_,True,False,ok
lot270_other_profiles_final_candidate2/20260929_193856_radio_ebyte_e79_cc1352p,lot270_other_profiles_final_candidate2/20260929_193856_radio_ebyte_e79_cc1352p/run_00083,run_00083,2026-09-29T16:44:38+00:00,RADIO_EBYTE_E79_CC1352P,Ebyte E79-400DM2005S (CC1352P AT modem),RADIO_EBYTE_E79_CC1352P + AT_COMMANDS; E79 modem firmware 0.3.0 required,tx,COM16,COM4,COM16,3,512,8,64,512,"{""rf_profile"": ""GFSK50"", ""tx_power_dbm"": 13}",ampere,3300,121.28,121.28,94208,0.8336842105263158,True,4555.451284577306,5999.735727575533,27.66,121.28,9180.332881724094,17299.834763803425,,,9180.332881724094,17299.834763803425,1113.3907718954981,565.1204052895669,3674.1895472551437,1864.8973374555706,per_frame_modeled_airtime_v1,"[[27.66, 42.82], [65.0, 80.16], [106.98, 122.14], [148.69, 163.85], [189.92, 205.08], [231.73, 246.89], [268.79, 283.95], [306.24, 321.4]]",,,,COM4,0123456789abcdefghijklmnopqrstuvwxyzABCDEFGHIJKLMNOPQRSTUVWXYZ-_ | 0123456789abcdefghijklmnopqrstuvwxyzABCDEFGHIJKLMNOPQRSTUVWXYZ-_ | 0123456789abcdefghijklmnopqrstuvwxyzABCDEFGHIJKLMNOPQRSTUVWXYZ-_ | 0123456789abcdefghijklmnopqrstuvwxyzABCDEFGHIJKLMNOPQRSTUVWXYZ-_ | 0123456789abcdefghijklmnopqrstuvwxyzABCDEFGHIJKLMNOPQRSTUVWXYZ-_ | 0123456789abcdefghijklmnopqrstuvwxyzABCDEFGHIJKLMNOPQRSTUVWXYZ-_ | 0123456789abcdefghijklmnopqrstuvwxyzABCDEFGHIJKLMNOPQRSTUVWXYZ-_ | 0123456789abcdefghijklmnopqrstuvwxyzABCDEFGHIJKLMNOPQRSTUVWXYZ-_,True,False,ok
lot270_other_profiles_final_candidate2/20260929_193856_radio_ebyte_e79_cc1352p,lot270_other_profiles_final_candidate2/20260929_193856_radio_ebyte_e79_cc1352p/run_00084,run_00084,2026-09-29T16:44:40+00:00,RADIO_EBYTE_E79_CC1352P,Ebyte E79-400DM2005S (CC1352P AT modem),RADIO_EBYTE_E79_CC1352P + AT_COMMANDS; E79 modem firmware 0.3.0 required,tx,COM16,COM4,COM16,4,512,8,64,512,"{""rf_profile"": ""GFSK50"", ""tx_power_dbm"": 13}",ampere,3300,121.28,121.28,94208,0.8336842105263158,True,4555.451284577306,5993.94335313431,27.87,121.28,9165.433313005746,17336.073069989412,,,9165.433313005746,17336.073069989412,1111.583752201337,563.9547027839511,3668.2263822644118,1861.0505191870386,per_frame_modeled_airtime_v1,"[[27.87, 43.03], [69.77, 84.93], [111.46, 126.62], [154.05, 169.21], [195.65, 210.81], [237.69, 252.85], [274.76, 289.92], [312.22, 327.38]]",,,,COM4,0123456789abcdefghijklmnopqrstuvwxyzABCDEFGHIJKLMNOPQRSTUVWXYZ-_ | 0123456789abcdefghijklmnopqrstuvwxyzABCDEFGHIJKLMNOPQRSTUVWXYZ-_ | 0123456789abcdefghijklmnopqrstuvwxyzABCDEFGHIJKLMNOPQRSTUVWXYZ-_ | 0123456789abcdefghijklmnopqrstuvwxyzABCDEFGHIJKLMNOPQRSTUVWXYZ-_ | 0123456789abcdefghijklmnopqrstuvwxyzABCDEFGHIJKLMNOPQRSTUVWXYZ-_ | 0123456789abcdefghijklmnopqrstuvwxyzABCDEFGHIJKLMNOPQRSTUVWXYZ-_ | 0123456789abcdefghijklmnopqrstuvwxyzABCDEFGHIJKLMNOPQRSTUVWXYZ-_ | 0123456789abcdefghijklmnopqrstuvwxyzABCDEFGHIJKLMNOPQRSTUVWXYZ-_,True,False,ok
lot270_other_profiles_final_candidate2/20260929_193856_radio_ebyte_e79_cc1352p,lot270_other_profiles_final_candidate2/20260929_193856_radio_ebyte_e79_cc1352p/run_00085,run_00085,2026-09-29T16:44:43+00:00,RADIO_EBYTE_E79_CC1352P,Ebyte E79-400DM2005S (CC1352P AT modem),RADIO_EBYTE_E79_CC1352P + AT_COMMANDS; E79 modem firmware 0.3.0 required,tx,COM16,COM4,COM16,5,512,8,64,512,"{""rf_profile"": ""GFSK50"", ""tx_power_dbm"": 13}",ampere,3300,121.28,121.28,95232,0.0,True,4555.451284577306,6051.362554488203,28.65,121.28,9161.432167471034,17560.2594901879,,,9161.432167471034,17560.2594901879,1111.098493270887,563.3095905776454,3666.625027793927,1858.9216489062296,per_frame_modeled_airtime_v1,"[[28.65, 43.81], [71.26, 86.42], [113.22, 128.38], [154.91, 170.07], [197.43, 212.59], [239.45, 254.61], [281.37, 296.53], [323.62, 338.78]]",,,,COM4,0123456789abcdefghijklmnopqrstuvwxyzABCDEFGHIJKLMNOPQRSTUVWXYZ-_ | 0123456789abcdefghijklmnopqrstuvwxyzABCDEFGHIJKLMNOPQRSTUVWXYZ-_ | 0123456789abcdefghijklmnopqrstuvwxyzABCDEFGHIJKLMNOPQRSTUVWXYZ-_ | 0123456789abcdefghijklmnopqrstuvwxyzABCDEFGHIJKLMNOPQRSTUVWXYZ-_ | 0123456789abcdefghijklmnopqrstuvwxyzABCDEFGHIJKLMNOPQRSTUVWXYZ-_ | 0123456789abcdefghijklmnopqrstuvwxyzABCDEFGHIJKLMNOPQRSTUVWXYZ-_ | 0123456789abcdefghijklmnopqrstuvwxyzABCDEFGHIJKLMNOPQRSTUVWXYZ-_ | 0123456789abcdefghijklmnopqrstuvwxyzABCDEFGHIJKLMNOPQRSTUVWXYZ-_,True,False,ok
lot270_other_profiles_final_candidate2/20260929_193856_radio_ebyte_e79_cc1352p,lot270_other_profiles_final_candidate2/20260929_193856_radio_ebyte_e79_cc1352p/run_00086,run_00086,2026-09-29T16:44:46+00:00,RADIO_EBYTE_E79_CC1352P,Ebyte E79-400DM2005S (CC1352P AT modem),RADIO_EBYTE_E79_CC1352P + AT_COMMANDS; E79 modem firmware 0.3.0 required,tx,COM16,COM4,COM16,1,1024,16,64,1024,"{""rf_profile"": ""GFSK50"", ""tx_power_dbm"": 13}",ampere,3300,242.56,242.56,95232,0.0,True,4550.590659970911,5994.6434079914725,27.38,242.56,9165.824579746222,18185.507051406814,,,9165.824579746222,18185.507051406814,2223.262410063244,1128.1873831077487,7336.765953208705,3723.0183642555703,per_frame_modeled_airtime_v1,"[[27.38, 42.54], [70.15, 85.31], [111.37, 126.53], [153.27, 168.43], [191.16, 206.32], [233.04, 248.2], [275.94, 291.1], [317.27, 332.43], [355.06, 370.22], [392.45, 407.61], [435.03, 450.19], [476.26, 491.42], [517.72, 532.88], [556.14, 571.3], [598.24, 613.4], [640.38, 655.54]]",,,,COM4,0123456789abcdefghijklmnopqrstuvwxyzABCDEFGHIJKLMNOPQRSTUVWXYZ-_ | 0123456789abcdefghijklmnopqrstuvwxyzABCDEFGHIJKLMNOPQRSTUVWXYZ-_ | 0123456789abcdefghijklmnopqrstuvwxyzABCDEFGHIJKLMNOPQRSTUVWXYZ-_ | 0123456789abcdefghijklmnopqrstuvwxyzABCDEFGHIJKLMNOPQRSTUVWXYZ-_ | 0123456789abcdefghijklmnopqrstuvwxyzABCDEFGHIJKLMNOPQRSTUVWXYZ-_ | 0123456789abcdefghijklmnopqrstuvwxyzABCDEFGHIJKLMNOPQRSTUVWXYZ-_ | 0123456789abcdefghijklmnopqrstuvwxyzABCDEFGHIJKLMNOPQRSTUVWXYZ-_ | 0123456789abcdefghijklmnopqrstuvwxyzABCDEFGHIJKLMNOPQRSTUVWXYZ-_ | 0123456789abcdefghijklmnopqrstuvwxyzABCDEFGHIJKLMNOPQRSTUVWXYZ-_ | 0123456789abcdefghijklmnopqrstuvwxyzABCDEFGHIJKLMNOPQRSTUVWXYZ-_ | 0123456789abcdefghijklmnopqrstuvwxyzABCDEFGHIJKLMNOPQRSTUVWXYZ-_ | 0123456789abcdefghijklmnopqrstuvwxyzABCDEFGHIJKLMNOPQRSTUVWXYZ-_ | 0123456789abcdefghijklmnopqrstuvwxyzABCDEFGHIJKLMNOPQRSTUVWXYZ-_ | 0123456789abcdefghijklmnopqrstuvwxyzABCDEFGHIJKLMNOPQRSTUVWXYZ-_ | 0123456789abcdefghijklmnopqrstuvwxyzABCDEFGHIJKLMNOPQRSTUVWXYZ-_ | 0123456789abcdefghijklmnopqrstuvwxyzABCDEFGHIJKLMNOPQRSTUVWXYZ-_,True,False,ok
lot270_other_profiles_final_candidate2/20260929_193856_radio_ebyte_e79_cc1352p,lot270_other_profiles_final_candidate2/20260929_193856_radio_ebyte_e79_cc1352p/run_00087,run_00087,2026-09-29T16:44:48+00:00,RADIO_EBYTE_E79_CC1352P,Ebyte E79-400DM2005S (CC1352P AT modem),RADIO_EBYTE_E79_CC1352P + AT_COMMANDS; E79 modem firmware 0.3.0 required,tx,COM16,COM4,COM16,2,1024,16,64,1024,"{""rf_profile"": ""GFSK50"", ""tx_power_dbm"": 13}",ampere,3300,242.56,242.56,94208,0.8336842105263158,True,4555.451284577306,5999.735727575533,27.03,242.56,9190.51412523703,18443.9100856101,,,9190.51412523703,18443.9100856101,2229.2511062174945,1133.6730888294042,7356.528650517731,3741.1211931370335,per_frame_modeled_airtime_v1,"[[27.03, 42.19], [69.7, 84.86], [111.89, 127.05], [154.08, 169.24], [196.06, 211.22], [237.93, 253.09], [276.17, 291.33], [313.81, 328.97], [355.64, 370.8], [398.64, 413.8], [440.54, 455.7], [483.03, 498.19], [520.11, 535.27], [562.81, 577.97], [604.18, 619.34], [641.35, 656.51]]",,,,COM4,0123456789abcdefghijklmnopqrstuvwxyzABCDEFGHIJKLMNOPQRSTUVWXYZ-_ | 0123456789abcdefghijklmnopqrstuvwxyzABCDEFGHIJKLMNOPQRSTUVWXYZ-_ | 0123456789abcdefghijklmnopqrstuvwxyzABCDEFGHIJKLMNOPQRSTUVWXYZ-_ | 0123456789abcdefghijklmnopqrstuvwxyzABCDEFGHIJKLMNOPQRSTUVWXYZ-_ | 0123456789abcdefghijklmnopqrstuvwxyzABCDEFGHIJKLMNOPQRSTUVWXYZ-_ | 0123456789abcdefghijklmnopqrstuvwxyzABCDEFGHIJKLMNOPQRSTUVWXYZ-_ | 0123456789abcdefghijklmnopqrstuvwxyzABCDEFGHIJKLMNOPQRSTUVWXYZ-_ | 0123456789abcdefghijklmnopqrstuvwxyzABCDEFGHIJKLMNOPQRSTUVWXYZ-_ | 0123456789abcdefghijklmnopqrstuvwxyzABCDEFGHIJKLMNOPQRSTUVWXYZ-_ | 0123456789abcdefghijklmnopqrstuvwxyzABCDEFGHIJKLMNOPQRSTUVWXYZ-_ | 0123456789abcdefghijklmnopqrstuvwxyzABCDEFGHIJKLMNOPQRSTUVWXYZ-_ | �0123456789abcdefghijklmnopqrstuvwxyzABCDEFGHIJKLMNOPQRSTUVWXYZ-_ | 0123456789abcdefghijklmnopqrstuvwxyzABCDEFGHIJKLMNOPQRSTUVWXYZ-_0123456789abcdefghijklmnopqrstuvwxyzABCDEFGHIJKLMNOPQRSTUVWXYZ-_ | 0123456789abcdefghijklmnopqrstuvwxyzABCDEFGHIJKLMNOPQRSTUVWXYZ-_ | 0123456789abcdefghijklmnopqrstuvwxyzABCDEFGHIJKLMNOPQRSTUVWXYZ-_,False,True,rx_missing
lot270_other_profiles_final_candidate2/20260929_193856_radio_ebyte_e79_cc1352p,lot270_other_profiles_final_candidate2/20260929_193856_radio_ebyte_e79_cc1352p/run_00088,run_00088,2026-09-29T16:44:51+00:00,RADIO_EBYTE_E79_CC1352P,Ebyte E79-400DM2005S (CC1352P AT modem),RADIO_EBYTE_E79_CC1352P + AT_COMMANDS; E79 modem firmware 0.3.0 required,tx,COM16,COM4,COM16,3,1024,16,64,1024,"{""rf_profile"": ""GFSK50"", ""tx_power_dbm"": 13}",ampere,3300,242.56,242.56,94208,0.8336842105263158,True,4555.451284577306,5993.94335313431,27.4,242.56,9133.593550613241,17175.228740785187,,,9133.593550613241,17175.228740785187,2215.4444516367475,1119.477678814474,7310.9666904012665,3694.2763400877643,per_frame_modeled_airtime_v1,"[[27.4, 42.56], [68.53, 83.69], [110.68, 125.84], [153.28, 168.44], [194.49, 209.65], [236.7, 251.86], [279.47, 294.63], [322.1, 337.26], [364.73, 379.89], [405.69, 420.85], [447.75, 462.91], [489.85, 505.01], [531.96, 547.12], [573.99, 589.15], [611.56, 626.72], [653.6, 668.76]]",,,,COM4,0123456789abcdefghijklmnopqrstuvwxyzABCDEFGHIJKLMNOPQRSTUVWXYZ-_ | 0123456789abcdefghijklmnopqrstuvwxyzABCDEFGHIJKLMNOPQRSTUVWXYZ-_0123456789abcdefghijklmnopqrstuvwxyzABCDEFGHIJKLMNOPQRSTUVWXYZ-_0123456789abcdefghijklmnopqrstuvwxyzABCDEFGHIJKLMNOPQRSTUVWXYZ-_ | 0123456789abcdefghijklmnopqrstuvwxyzABCDEFGHIJKLMNOPQRSTUVWXYZ-_ | 0123456789abcdefghijklmnopqrstuvwxyzABCDEFGHIJKLMNOPQRSTUVWXYZ-_ | 0123456789abcdefghijklmnopqrstuvwxyzABCDEFGHIJKLMNOPQRSTUVWXYZ-_ | 0123456789abcdefghijklmnopqrstuvwxyzABCDEFGHIJKLMNOPQRSTUVWXYZ-_ | 0123456789abcdefghijklmnopqrstuvwxyzABCDEFGHIJKLMNOPQRSTUVWXYZ-_ | 0123456789abcdefghijklmnopqrstuvwxyzABCDEFGHIJKLMNOPQRSTUVWXYZ-_ | 0123456789abcdefghijklmnopqrstuvwxyzABCDEFGHIJKLMNOPQRSTUVWXYZ-_ | 0123456789abcdefghijklmnopqrstuvwxyzABCDEFGHIJKLMNOPQRSTUVWXYZ-_ | 0123456789abcdefghijklmnopqrstuvwxyzABCDEFGHIJKLMNOPQRSTUVWXYZ-_ | 0123456789abcdefghijklmnopqrstuvwxyzABCDEFGHIJKLMNOPQRSTUVWXYZ-_ | 0123456789abcdefghijklmnopqrstuvwxyzABCDEFGHIJKLMNOPQRSTUVWXYZ-_ | 0123456789abcdefghijklmnopqrstuvwxyzABCDEFGHIJKLMNOPQRSTUVWXYZ-_,False,True,rx_missing
lot270_other_profiles_final_candidate2/20260929_193856_radio_ebyte_e79_cc1352p,lot270_other_profiles_final_candidate2/20260929_193856_radio_ebyte_e79_cc1352p/run_00089,run_00089,2026-09-29T16:44:54+00:00,RADIO_EBYTE_E79_CC1352P,Ebyte E79-400DM2005S (CC1352P AT modem),RADIO_EBYTE_E79_CC1352P + AT_COMMANDS; E79 modem firmware 0.3.0 required,tx,COM16,COM4,COM16,4,1024,16,64,1024,"{""rf_profile"": ""GFSK50"", ""tx_power_dbm"": 13}",ampere,3300,242.56,242.56,94208,0.8336842105263158,True,4550.590659970911,5994.6434079914725,27.41,242.56,9171.897576722798,17714.396377684134,,,9171.897576722798,17714.396377684134,2224.735476209882,1129.9972794468827,7341.62707149261,3728.9910221747127,per_frame_modeled_airtime_v1,"[[27.41, 42.57], [64.65, 79.81], [106.86, 122.02], [148.62, 163.78], [190.39, 205.55], [232.47, 247.63], [274.64, 289.8], [312.09, 327.25], [350.64, 365.8], [392.13, 407.29], [432.34, 447.5], [474.76, 489.92], [512.41, 527.57], [555.04, 570.2], [596.06, 611.22], [634.32, 649.48]]",,,,COM4,0123456789abcdefghijklmnopqrstuvwxyzABCDEFGHIJKLMNOPQRSTUVWXYZ-_ | 0123456789abcdefghijklmnopqrstuvwxyzABCDEFGHIJKLMNOPQRSTUVWXYZ-_ | 0123456789abcdefghijklmnopqrstuvwxyzABCDEFGHIJKLMNOPQRSTUVWXYZ-_ | 0123456789abcdefghijklmnopqrstuvwxyzABCDEFGHIJKLMNOPQRSTUVWXYZ-_ | 0123456789abcdefghijklmnopqrstuvwxyzABCDEFGHIJKLMNOPQRSTUVWXYZ-_ | 0123456789abcdefghijklmnopqrstuvwxyzABCDEFGHIJKLMNOPQRSTUVWXYZ-_ | 0123456789abcdefghijklmnopqrstuvwxyzABCDEFGHIJKLMNOPQRSTUVWXYZ-_ | 0123456789abcdefghijklmnopqrstuvwxyzABCDEFGHIJKLMNOPQRSTUVWXYZ-_ | 0123456789abcdefghijklmnopqrstuvwxyzABCDEFGHIJKLMNOPQRSTUVWXYZ-_ | 0123456789abcdefghijklmnopqrstuvwxyzABCDEFGHIJKLMNOPQRSTUVWXYZ-_ | 0123456789abcdefghijklmnopqrstuvwxyzABCDEFGHIJKLMNOPQRSTUVWXYZ-_ | 0123456789abcdefghijklmnopqrstuvwxyzABCDEFGHIJKLMNOPQRSTUVWXYZ-_ | 0123456789abcdefghijklmnopqrstuvwxyzABCDEFGHIJKLMNOPQRSTUVWXYZ-_ | 0123456789abcdefghijklmnopqrstuvwxyzABCDEFGHIJKLMNOPQRSTUVWXYZ-_ | 0123456789abcdefghijklmnopqrstuvwxyzABCDEFGHIJKLMNOPQRSTUVWXYZ-_ | 0123456789abcdefghijklmnopqrstuvwxyzABCDEFGHIJKLMNOPQRSTUVWXYZ-_,True,False,ok
lot270_other_profiles_final_candidate2/20260929_193856_radio_ebyte_e79_cc1352p,lot270_other_profiles_final_candidate2/20260929_193856_radio_ebyte_e79_cc1352p/run_00090,run_00090,2026-09-29T16:44:57+00:00,RADIO_EBYTE_E79_CC1352P,Ebyte E79-400DM2005S (CC1352P AT modem),RADIO_EBYTE_E79_CC1352P + AT_COMMANDS; E79 modem firmware 0.3.0 required,tx,COM16,COM4,COM16,5,1024,16,64,1024,"{""rf_profile"": ""GFSK50"", ""tx_power_dbm"": 13}",ampere,3300,242.56,242.56,94208,0.8336842105263158,True,4545.730816745121,5983.75949534685,27.69,242.56,9152.116120439772,17900.03937356081,,,9152.116120439772,17900.03937356081,2219.937286173871,1125.7853479611304,7325.793044373774,3715.09164827173,per_frame_modeled_airtime_v1,"[[27.69, 42.85], [69.84, 85.0], [112.45, 127.61], [154.07, 169.23], [196.29, 211.45], [238.11, 253.27], [280.78, 295.94], [317.67, 332.83], [359.3, 374.46], [401.46, 416.62], [443.48, 458.64], [480.4, 495.56], [521.63, 536.79], [558.82, 573.98], [596.32, 611.48], [638.12, 653.28]]",,,,COM4,0123456789abcdefghijklmnopqrstuvwxyzABCDEFGHIJKLMNOPQRSTUVWXYZ-_ | 0123456789abcdefghijklmnopqrstuvwxyzABCDEFGHIJKLMNOPQRSTUVWXYZ-_ | 0123456789abcdefghijklmnopqrstuvwxyzABCDEFGHIJKLMNOPQRSTUVWXYZ-_ | 0123456789abcdefghijklmnopqrstuvwxyzABCDEFGHIJKLMNOPQRSTUVWXYZ-_ | 0123456789abcdefghijklmnopqrstuvwxyzABCDEFGHIJKLMNOPQRSTUVWXYZ-_ | 0123456789abcdefghijklmnopqrstuvwxyzABCDEFGHIJKLMNOPQRSTUVWXYZ-_ | 0123456789abcdefghijklmnopqrstuvwxyzABCDEFGHIJKLMNOPQRSTUVWXYZ-_ | 0123456789abcdefghijklmnopqrstuvwxyzABCDEFGHIJKLMNOPQRSTUVWXYZ-_ | 0123456789abcdefghijklmnopqrstuvwxyzABCDEFGHIJKLMNOPQRSTUVWXYZ-_ | 0123456789abcdefghijklmnopqrstuvwxyzABCDEFGHIJKLMNOPQRSTUVWXYZ-_ | 0123456789abcdefghijklmnopqrstuvwxyzABCDEFGHIJKLMNOPQRSTUVWXYZ-_ | 0123456789abcdefghijklmnopqrstuvwxyzABCDEFGHIJKLMNOPQRSTUVWXYZ-_ | 0123456789abcdefghijklmnopqrstuvwxyzABCDEFGHIJKLMNOPQRSTUVWXYZ-_ | 0123456789abcdefghijklmnopqrstuvwxyzABCDEFGHIJKLMNOPQRSTUVWXYZ-_ | 0123456789abcdefghijklmnopqrstuvwxyzABCDEFGHIJKLMNOPQRSTUVWXYZ-_ | 0123456789abcdefghijklmnopqrstuvwxyzABCDEFGHIJKLMNOPQRSTUVWXYZ-_,True,False,ok
lot270_other_profiles_final_candidate2/20260929_193856_radio_ebyte_e79_cc1352p,lot270_other_profiles_final_candidate2/20260929_193856_radio_ebyte_e79_cc1352p/run_00091,run_00091,2026-09-29T16:45:01+00:00,RADIO_EBYTE_E79_CC1352P,Ebyte E79-400DM2005S (CC1352P AT modem),RADIO_EBYTE_E79_CC1352P + AT_COMMANDS; E79 modem firmware 0.3.0 required,tx,COM16,COM4,COM16,1,128,2,64,128,"{""rf_profile"": ""SLR2K5"", ""tx_power_dbm"": -20}",ampere,3300,492.4,492.4,120832,0.5285081581243722,True,4536.013474435363,5973.578763081774,12.72,492.4,6880.206370069052,17825.39681536418,,,6880.206370069052,17825.39681536418,3387.8136166220015,1318.1495550124632,11179.784934852605,4349.893531541128,per_frame_modeled_airtime_v1,"[[12.72, 258.92], [271.4, 517.6]]",,,,COM4,0123456789abcdefghijklmnopqrstuvwxyzABCDEFGHIJKLMNOPQRSTUVWXYZ-_ | 0123456789abcdefghijklmnopqrstuvwxyzABCDEFGHIJKLMNOPQRSTUVWXYZ-_,True,False,ok
lot270_other_profiles_final_candidate2/20260929_193856_radio_ebyte_e79_cc1352p,lot270_other_profiles_final_candidate2/20260929_193856_radio_ebyte_e79_cc1352p/run_00092,run_00092,2026-09-29T16:45:05+00:00,RADIO_EBYTE_E79_CC1352P,Ebyte E79-400DM2005S (CC1352P AT modem),RADIO_EBYTE_E79_CC1352P + AT_COMMANDS; E79 modem firmware 0.3.0 required,tx,COM16,COM4,COM16,2,128,2,64,128,"{""rf_profile"": ""SLR2K5"", ""tx_power_dbm"": -20}",ampere,3300,492.4,492.4,120832,0.5285081581243722,True,4545.730816745121,5989.551869788041,23.8,492.4,6893.414642089713,17768.994215261875,,,6893.414642089713,17768.994215261875,3394.3173697649745,1322.0042365604936,11201.247320224415,4362.6139806496285,per_frame_modeled_airtime_v1,"[[23.8, 270.0], [281.58, 527.78]]",,,,COM4,0123456789abcdefghijklmnopqrstuvwxyzABCDEFGHIJKLMNOPQRSTUVWXYZ-_ | 0123456789abcdefghijklmnopqrstuvwxyzABCDEFGHIJKLMNOPQRSTUVWXYZ-_,True,False,ok
lot270_other_profiles_final_candidate2/20260929_193856_radio_ebyte_e79_cc1352p,lot270_other_profiles_final_candidate2/20260929_193856_radio_ebyte_e79_cc1352p/run_00093,run_00093,2026-09-29T16:45:08+00:00,RADIO_EBYTE_E79_CC1352P,Ebyte E79-400DM2005S (CC1352P AT modem),RADIO_EBYTE_E79_CC1352P + AT_COMMANDS; E79 modem firmware 0.3.0 required,tx,COM16,COM4,COM16,3,128,2,64,128,"{""rf_profile"": ""SLR2K5"", ""tx_power_dbm"": -20}",ampere,3300,492.4,492.4,120832,0.5285081581243722,True,4545.730816745121,5989.551869788041,20.27,492.4,6856.447493973006,18183.903399135284,,,6856.447493973006,18183.903399135284,3376.114746032308,1303.4148782570596,11141.178661906617,4301.269098248296,per_frame_modeled_airtime_v1,"[[20.27, 266.47], [273.0, 519.2]]",,,,COM4,0123456789abcdefghijklmnopqrstuvwxyzABCDEFGHIJKLMNOPQRSTUVWXYZ-_ | 0123456789abcdefghijklmnopqrstuvwxyzABCDEFGHIJKLMNOPQRSTUVWXYZ-_,True,False,ok
lot270_other_profiles_final_candidate2/20260929_193856_radio_ebyte_e79_cc1352p,lot270_other_profiles_final_candidate2/20260929_193856_radio_ebyte_e79_cc1352p/run_00094,run_00094,2026-09-29T16:45:11+00:00,RADIO_EBYTE_E79_CC1352P,Ebyte E79-400DM2005S (CC1352P AT modem),RADIO_EBYTE_E79_CC1352P + AT_COMMANDS; E79 modem firmware 0.3.0 required,tx,COM16,COM4,COM16,4,128,2,64,128,"{""rf_profile"": ""SLR2K5"", ""tx_power_dbm"": -20}",ampere,3300,492.4,492.4,120832,0.5285081581243722,True,4545.730816745121,5989.551869788041,11.6,492.4,6866.864736763451,17842.013754588872,,,6866.864736763451,17842.013754588872,3381.2441963823235,1307.469643168464,11158.105848061667,4314.649822455931,per_frame_modeled_airtime_v1,"[[11.6, 257.8], [271.67, 517.87]]",,,,COM4,0123456789abcdefghijklmnopqrstuvwxyzABCDEFGHIJKLMNOPQRSTUVWXYZ-_ | 0123456789abcdefghijklmnopqrstuvwxyzABCDEFGHIJKLMNOPQRSTUVWXYZ-_,True,False,ok
lot270_other_profiles_final_candidate2/20260929_193856_radio_ebyte_e79_cc1352p,lot270_other_profiles_final_candidate2/20260929_193856_radio_ebyte_e79_cc1352p/run_00095,run_00095,2026-09-29T16:45:14+00:00,RADIO_EBYTE_E79_CC1352P,Ebyte E79-400DM2005S (CC1352P AT modem),RADIO_EBYTE_E79_CC1352P + AT_COMMANDS; E79 modem firmware 0.3.0 required,tx,COM16,COM4,COM16,5,128,2,64,128,"{""rf_profile"": ""SLR2K5"", ""tx_power_dbm"": -20}",ampere,3300,492.4,492.4,120832,0.5285081581243722,True,4550.590659970911,6046.260967105084,21.51,492.4,6944.370964831499,17730.58834011048,,,6944.370964831499,17730.58834011048,3419.40826308303,1345.636492615016,11284.047268173998,4440.600425629553,per_frame_modeled_airtime_v1,"[[21.51, 267.71], [274.14, 520.34]]",,,,COM4,0123456789abcdefghijklmnopqrstuvwxyzABCDEFGHIJKLMNOPQRSTUVWXYZ-_ | 0123456789abcdefghijklmnopqrstuvwxyzABCDEFGHIJKLMNOPQRSTUVWXYZ-_,True,False,ok
lot270_other_profiles_final_candidate2/20260929_193856_radio_ebyte_e79_cc1352p,lot270_other_profiles_final_candidate2/20260929_193856_radio_ebyte_e79_cc1352p/run_00096,run_00096,2026-09-29T16:45:22+00:00,RADIO_EBYTE_E79_CC1352P,Ebyte E79-400DM2005S (CC1352P AT modem),RADIO_EBYTE_E79_CC1352P + AT_COMMANDS; E79 modem firmware 0.3.0 required,tx,COM16,COM4,COM16,1,512,8,64,512,"{""rf_profile"": ""SLR2K5"", ""tx_power_dbm"": -20}",ampere,3300,1969.6,1969.6,320512,0.11966493817311527,True,4545.730816745121,5989.551869788041,12.76,1969.6,6905.161667626793,18019.462292829914,,,6905.161667626793,18019.462292829914,13600.406420557732,5309.563776856655,44881.34118784052,17521.56046362696,per_frame_modeled_airtime_v1,"[[12.76, 258.96], [272.92, 519.12], [531.07, 777.27], [780.72, 1026.92], [1038.65, 1284.85], [1295.77, 1541.97], [1551.72, 1797.92], [1809.81, 2056.01]]",,,,COM4,0123456789abcdefghijklmnopqrstuvwxyzABCDEFGHIJKLMNOPQRSTUVWXYZ-_ | 0123456789abcdefghijklmnopqrstuvwxyzABCDEFGHIJKLMNOPQRSTUVWXYZ-_ | 0123456789abcdefghijklmnopqrstuvwxyzABCDEFGHIJKLMNOPQRSTUVWXYZ-_ | 0123456789abcdefghijklmnopqrstuvwxyzABCDEFGHIJKLMNOPQRSTUVWXYZ-_ | 0123456789abcdefghijklmnopqrstuvwxyzABCDEFGHIJKLMNOPQRSTUVWXYZ-_ | 0123456789abcdefghijklmnopqrstuvwxyzABCDEFGHIJKLMNOPQRSTUVWXYZ-_ | 0123456789abcdefghijklmnopqrstuvwxyzABCDEFGHIJKLMNOPQRSTUVWXYZ-_ | 0123456789abcdefghijklmnopqrstuvwxyzABCDEFGHIJKLMNOPQRSTUVWXYZ-_,True,False,ok
lot270_other_profiles_final_candidate2/20260929_193856_radio_ebyte_e79_cc1352p,lot270_other_profiles_final_candidate2/20260929_193856_radio_ebyte_e79_cc1352p/run_00097,run_00097,2026-09-29T16:45:29+00:00,RADIO_EBYTE_E79_CC1352P,Ebyte E79-400DM2005S (CC1352P AT modem),RADIO_EBYTE_E79_CC1352P + AT_COMMANDS; E79 modem firmware 0.3.0 required,tx,COM16,COM4,COM16,2,512,8,64,512,"{""rf_profile"": ""SLR2K5"", ""tx_power_dbm"": -20}",ampere,3300,1969.6,1969.6,320512,0.11966493817311527,True,4540.8717548999375,5978.668738523991,14.44,1969.6,6913.053140910967,18150.60172759849,,,6913.053140910967,18150.60172759849,13615.949466338241,5332.9668969561235,44932.63323891619,17598.790759955205,per_frame_modeled_airtime_v1,"[[14.44, 260.64], [276.43, 522.63], [530.01, 776.21], [780.03, 1026.23], [1041.69, 1287.89], [1289.58, 1535.78], [1543.19, 1789.39], [1805.93, 2052.13]]",,,,COM4,0123456789abcdefghijklmnopqrstuvwxyzABCDEFGHIJKLMNOPQRSTUVWXYZ-_ | 0123456789abcdefghijklmnopqrstuvwxyzABCDEFGHIJKLMNOPQRSTUVWXYZ-_ | 0123456789abcdefghijklmnopqrstuvwxyzABCDEFGHIJKLMNOPQRSTUVWXYZ-_ | 0123456789abcdefghijklmnopqrstuvwxyzABCDEFGHIJKLMNOPQRSTUVWXYZ-_ | 0123456789abcdefghijklmnopqrstuvwxyzABCDEFGHIJKLMNOPQRSTUVWXYZ-_ | 0123456789abcdefghijklmnopqrstuvwxyzABCDEFGHIJKLMNOPQRSTUVWXYZ-_ | 0123456789abcdefghijklmnopqrstuvwxyzABCDEFGHIJKLMNOPQRSTUVWXYZ-_ | 0123456789abcdefghijklmnopqrstuvwxyzABCDEFGHIJKLMNOPQRSTUVWXYZ-_,True,False,ok
lot270_other_profiles_final_candidate2/20260929_193856_radio_ebyte_e79_cc1352p,lot270_other_profiles_final_candidate2/20260929_193856_radio_ebyte_e79_cc1352p/run_00098,run_00098,2026-09-29T16:45:36+00:00,RADIO_EBYTE_E79_CC1352P,Ebyte E79-400DM2005S (CC1352P AT modem),RADIO_EBYTE_E79_CC1352P + AT_COMMANDS; E79 modem firmware 0.3.0 required,tx,COM16,COM4,COM16,3,512,8,64,512,"{""rf_profile"": ""SLR2K5"", ""tx_power_dbm"": -20}",ampere,3300,1969.6,1969.6,320512,0.11966493817311527,True,4550.590659970911,5988.8510335502715,22.4,1969.6,6902.462815792414,17855.409667210388,,,6902.462815792414,17855.409667210388,13595.090761984738,5297.640465198269,44863.79951454963,17482.21353515429,per_frame_modeled_airtime_v1,"[[22.4, 268.6], [270.14, 516.34], [529.98, 776.18], [785.0, 1031.2], [1048.01, 1294.21], [1301.24, 1547.44], [1551.42, 1797.62], [1820.14, 2066.34]]",,,,COM4,0123456789abcdefghijklmnopqrstuvwxyzABCDEFGHIJKLMNOPQRSTUVWXYZ-_ | 0123456789abcdefghijklmnopqrstuvwxyzABCDEFGHIJKLMNOPQRSTUVWXYZ-_ | 0123456789abcdefghijklmnopqrstuvwxyzABCDEFGHIJKLMNOPQRSTUVWXYZ-_ | 0123456789abcdefghijklmnopqrstuvwxyzABCDEFGHIJKLMNOPQRSTUVWXYZ-_ | 0123456789abcdefghijklmnopqrstuvwxyzABCDEFGHIJKLMNOPQRSTUVWXYZ-_ | 0123456789abcdefghijklmnopqrstuvwxyzABCDEFGHIJKLMNOPQRSTUVWXYZ-_ | 0123456789abcdefghijklmnopqrstuvwxyzABCDEFGHIJKLMNOPQRSTUVWXYZ-_ | 0123456789abcdefghijklmnopqrstuvwxyzABCDEFGHIJKLMNOPQRSTUVWXYZ-_,True,False,ok
lot270_other_profiles_final_candidate2/20260929_193856_radio_ebyte_e79_cc1352p,lot270_other_profiles_final_candidate2/20260929_193856_radio_ebyte_e79_cc1352p/run_00099,run_00099,2026-09-29T16:45:43+00:00,RADIO_EBYTE_E79_CC1352P,Ebyte E79-400DM2005S (CC1352P AT modem),RADIO_EBYTE_E79_CC1352P + AT_COMMANDS; E79 modem firmware 0.3.0 required,tx,COM16,COM4,COM16,4,512,8,64,512,"{""rf_profile"": ""SLR2K5"", ""tx_power_dbm"": -20}",ampere,3300,1969.6,1969.6,320512,0.11966493817311527,True,4545.730816745121,5983.75949534685,24.71,1969.6,6894.137798412311,18017.6152883936,,,6894.137798412311,18017.6152883936,13578.693807752888,5284.595970193944,44809.68956558453,17439.166701640013,per_frame_modeled_airtime_v1,"[[24.71, 270.91], [277.39, 523.59], [533.57, 779.77], [781.49, 1027.69], [1040.55, 1286.75], [1292.32, 1538.52], [1547.43, 1793.63], [1796.16, 2042.36]]",,,,COM4,0123456789abcdefghijklmnopqrstuvwxyzABCDEFGHIJKLMNOPQRSTUVWXYZ-_ | 0123456789abcdefghijklmnopqrstuvwxyzABCDEFGHIJKLMNOPQRSTUVWXYZ-_ | 0123456789abcdefghijklmnopqrstuvwxyzABCDEFGHIJKLMNOPQRSTUVWXYZ-_ | 0123456789abcdefghijklmnopqrstuvwxyzABCDEFGHIJKLMNOPQRSTUVWXYZ-_ | 0123456789abcdefghijklmnopqrstuvwxyzABCDEFGHIJKLMNOPQRSTUVWXYZ-_ | 0123456789abcdefghijklmnopqrstuvwxyzABCDEFGHIJKLMNOPQRSTUVWXYZ-_ | 0123456789abcdefghijklmnopqrstuvwxyzABCDEFGHIJKLMNOPQRSTUVWXYZ-_ | 0123456789abcdefghijklmnopqrstuvwxyzABCDEFGHIJKLMNOPQRSTUVWXYZ-_,True,False,ok
lot270_other_profiles_final_candidate2/20260929_193856_radio_ebyte_e79_cc1352p,lot270_other_profiles_final_candidate2/20260929_193856_radio_ebyte_e79_cc1352p/run_00100,run_00100,2026-09-29T16:45:51+00:00,RADIO_EBYTE_E79_CC1352P,Ebyte E79-400DM2005S (CC1352P AT modem),RADIO_EBYTE_E79_CC1352P + AT_COMMANDS; E79 modem firmware 0.3.0 required,tx,COM16,COM4,COM16,5,512,8,64,512,"{""rf_profile"": ""SLR2K5"", ""tx_power_dbm"": -20}",ampere,3300,1969.6,1969.6,320512,0.11966493817311527,True,4540.8717548999375,5978.668738523991,19.75,1969.6,6907.997899937366,17822.302654845025,,,6907.997899937366,17822.302654845025,13605.992663716635,5318.022419420514,44899.775790264895,17549.473984087694,per_frame_modeled_airtime_v1,"[[19.75, 265.95], [277.65, 523.85], [526.35, 772.55], [787.01, 1033.21], [1038.7, 1284.9], [1296.8, 1543.0], [1546.76, 1792.96], [1805.8, 2052.0]]",,,,COM4,0123456789abcdefghijklmnopqrstuvwxyzABCDEFGHIJKLMNOPQRSTUVWXYZ-_ | 0123456789abcdefghijklmnopqrstuvwxyzABCDEFGHIJKLMNOPQRSTUVWXYZ-_ | 0123456789abcdefghijklmnopqrstuvwxyzABCDEFGHIJKLMNOPQRSTUVWXYZ-_ | 0123456789abcdefghijklmnopqrstuvwxyzABCDEFGHIJKLMNOPQRSTUVWXYZ-_ | 0123456789abcdefghijklmnopqrstuvwxyzABCDEFGHIJKLMNOPQRSTUVWXYZ-_ | 0123456789abcdefghijklmnopqrstuvwxyzABCDEFGHIJKLMNOPQRSTUVWXYZ-_ | 0123456789abcdefghijklmnopqrstuvwxyzABCDEFGHIJKLMNOPQRSTUVWXYZ-_ | 0123456789abcdefghijklmnopqrstuvwxyzABCDEFGHIJKLMNOPQRSTUVWXYZ-_,True,False,ok
lot270_other_profiles_final_candidate2/20260929_193856_radio_ebyte_e79_cc1352p,lot270_other_profiles_final_candidate2/20260929_193856_radio_ebyte_e79_cc1352p/run_00101,run_00101,2026-09-29T16:46:03+00:00,RADIO_EBYTE_E79_CC1352P,Ebyte E79-400DM2005S (CC1352P AT modem),RADIO_EBYTE_E79_CC1352P + AT_COMMANDS; E79 modem firmware 0.3.0 required,tx,COM16,COM4,COM16,1,1024,16,64,1024,"{""rf_profile"": ""SLR2K5"", ""tx_power_dbm"": -20}",ampere,3300,3939.2,3939.2,586752,0.006816725517730303,True,4540.8717548999375,5978.668738523991,10.97,3939.2,6887.028783318898,18337.537447539155,,,6887.028783318898,18337.537447539155,27129.383783249803,10554.462399646945,89526.96648472434,34829.72591883492,per_frame_modeled_airtime_v1,"[[10.97, 257.17], [275.51, 521.71], [532.54, 778.74], [783.65, 1029.85], [1039.38, 1285.58], [1294.99, 1541.19], [1544.02, 1790.22], [1802.41, 2048.61], [2055.43, 2301.63], [2311.52, 2557.72], [2570.39, 2816.59], [2822.28, 3068.48], [3079.62, 3325.82], [3331.11, 3577.31], [3586.16, 3832.36], [3840.11, 4086.31]]",,,,COM4,0123456789abcdefghijklmnopqrstuvwxyzABCDEFGHIJKLMNOPQRSTUVWXYZ-_ | 0123456789abcdefghijklmnopqrstuvwxyzABCDEFGHIJKLMNOPQRSTUVWXYZ-_ | 0123456789abcdefghijklmnopqrstuvwxyzABCDEFGHIJKLMNOPQRSTUVWXYZ-_ | 0123456789abcdefghijklmnopqrstuvwxyzABCDEFGHIJKLMNOPQRSTUVWXYZ-_ | 0123456789abcdefghijklmnopqrstuvwxyzABCDEFGHIJKLMNOPQRSTUVWXYZ-_ | 0123456789abcdefghijklmnopqrstuvwxyzABCDEFGHIJKLMNOPQRSTUVWXYZ-_ | 0123456789abcdefghijklmnopqrstuvwxyzABCDEFGHIJKLMNOPQRSTUVWXYZ-_ | 0123456789abcdefghijklmnopqrstuvwxyzABCDEFGHIJKLMNOPQRSTUVWXYZ-_ | 0123456789abcdefghijklmnopqrstuvwxyzABCDEFGHIJKLMNOPQRSTUVWXYZ-_ | 0123456789abcdefghijklmnopqrstuvwxyzABCDEFGHIJKLMNOPQRSTUVWXYZ-_ | 0123456789abcdefghijklmnopqrstuvwxyzABCDEFGHIJKLMNOPQRSTUVWXYZ-_ | 0123456789abcdefghijklmnopqrstuvMNOPQRSTUVWXYZ-_ | 0123456789abcdefghijklmnopqrstuvwxyzABCDEFGHIJKLMNOPQRSTUVWXYZ-_ | 0123456789abcdefghijklmnopqrstuvwxyzABCDEFGHIJKLMNOPQRSTUVWXYZ-_ | 0123456789abcdefghijklmnopqrstuvwxyzABCDEFGHIJKLMNOPQRSTUVWXYZ-_ | 0123456789abcdefghijklmnopqrstuvwxyzABCDEFGHIJKLMNOPQRSTUVWXYZ-_,False,True,rx_missing
lot270_other_profiles_final_candidate2/20260929_193856_radio_ebyte_e79_cc1352p,lot270_other_profiles_final_candidate2/20260929_193856_radio_ebyte_e79_cc1352p/run_00102,run_00102,2026-09-29T16:46:15+00:00,RADIO_EBYTE_E79_CC1352P,Ebyte E79-400DM2005S (CC1352P AT modem),RADIO_EBYTE_E79_CC1352P + AT_COMMANDS; E79 modem firmware 0.3.0 required,tx,COM16,COM4,COM16,2,1024,16,64,1024,"{""rf_profile"": ""SLR2K5"", ""tx_power_dbm"": -20}",ampere,3300,3939.2,3939.2,586752,0.006816725517730303,True,4536.013474435363,5973.578763081774,16.19,3939.2,6912.589314715705,18370.01932900909,,,6912.589314715705,18370.01932900909,27230.071828528104,10672.46739840119,89859.23703414273,35219.14241472392,per_frame_modeled_airtime_v1,"[[16.19, 262.39], [275.35, 521.55], [531.22, 777.42], [787.26, 1033.46], [1039.05, 1285.25], [1300.05, 1546.25], [1554.06, 1800.26], [1802.06, 2048.26], [2057.85, 2304.05], [2321.82, 2568.02], [2572.43, 2818.63], [2824.29, 3070.49], [3077.01, 3323.21], [3332.0, 3578.2], [3593.15, 3839.35], [3842.44, 4088.64]]",,,,COM4,0123456789abcdefghijklmnopqrstuvwxyzABCDEFGHIJKLMNOPQRSTUVWXYZ-_ | 0123456789abcdefghijklmnopqrstuvwxyzABCDEFGHIJKLMNOPQRSTUVWXYZ-_ | 0123456789abcdefghijklmnopqrstuvwxyzABCDEFGHIJKLMNOPQRSTUVWXYZ-_ | 0123456789abcdefghijklmnopqrstuvwxyzABCDEFGHIJKLMNOPQRSTUVWXYZ-_ | 0123456789abcdefghijklmnopqrstuvwxyzABCDEFGHIJKLMNOPQRSTUVWXYZ-_ | 0123456789abcdefghijklmnopqrstuvwxyzABCDEFGHIJKLMNOPQRSTUVWXYZ-_ | 0123456789abcdefghijklmnopqrstuvwxyzABCDEFGHIJKLMNOPQRSTUVWXYZ-_ | 0123456789abcdefghijklmnopqrstuvwxyzABCDEFGHIJKLMNOPQRSTUVWXYZ-_ | 0123456789abcdefghijklmnopqrstuvwxyzABCDEFGHIJKLMNOPQRSTUVWXYZ-_ | 0123456789abcdefghijklmnopqrstuvwxyzABCDEFGHIJKLMNOPQRSTUVWXYZ-_ | 0123456789abcdefghijklmnopqrstuvwxyzABCDEFGHIJKLMNOPQRSTUVWXYZ-_ | 0123456789abcdefghijklmnopqrstuvwxyzABCDEFGHIJKLMNOPQRSTUVWXYZ-_ | 0123456789abcdefghijklmnopqrstuvwxyzABCDEFGHIJKLMNOPQRSTUVWXYZ-_ | 0123456789abcdefghijklmnopqrstuvwxyzABCDEFGHIJKLMNOPQRSTUVWXYZ-_ | 0123456789abcdefghijklmnopqrstuvwxyzABCDEFGHIJKLMNOPQRSTUVWXYZ-_ | 0123456789abcdefghijklmnopqrstuvwxyzABCDEFGHIJKLMNOPQRSTUVWXYZ-_,True,False,ok
lot270_other_profiles_final_candidate2/20260929_193856_radio_ebyte_e79_cc1352p,lot270_other_profiles_final_candidate2/20260929_193856_radio_ebyte_e79_cc1352p/run_00103,run_00103,2026-09-29T16:46:28+00:00,RADIO_EBYTE_E79_CC1352P,Ebyte E79-400DM2005S (CC1352P AT modem),RADIO_EBYTE_E79_CC1352P + AT_COMMANDS; E79 modem firmware 0.3.0 required,tx,COM16,COM4,COM16,3,1024,16,64,1024,"{""rf_profile"": ""SLR2K5"", ""tx_power_dbm"": -20}",ampere,3300,3939.2,3939.2,586752,0.006816725517730303,True,4545.730816745121,5983.75949534685,21.91,3939.2,6874.8202745194785,18341.598903224567,,,6874.8202745194785,18341.598903224567,27081.29202538713,10490.20071134264,89368.26368377752,34617.66234743071,per_frame_modeled_airtime_v1,"[[21.91, 268.11], [278.51, 524.71], [525.18, 771.38], [785.83, 1032.03], [1038.45, 1284.65], [1296.73, 1542.93], [1545.04, 1791.24], [1800.15, 2046.35], [2052.14, 2298.34], [2317.42, 2563.62], [2570.3, 2816.5], [2820.2, 3066.4], [3074.26, 3320.46], [3329.23, 3575.43], [3582.99, 3829.19], [3838.7, 4084.9]]",,,,COM4,0123456789abcdefghijklmnopqrstuvwxyzABCDEFGHIJKLMNOPQRSTUVWXYZ-_ | 0123456789abcdefghijklmnopqrstuvwxyzABCDEFGHIJKLMNOPQRSTUVWXYZ-_ | 0123456789abcdefghijklmnopqrstuvwxyzABCDEFGHIJKLMNOPQRSTUVWXYZ-_ | 0123456789abcdefghijklmnopqrstuvwxyzABCDEFGHIJKLMNOPQRSTUVWXYZ-_ | 0123456789abcdefghijklmnopqrstuvwxyzABCDEFGHIJKLMNOPQRSTUVWXYZ-_0123456789abcdefghijklmnopqrstuvwxyzABCDEFGHIJKLMNOPQRSTUVWXYZ-_ | 0123456789abcdefghijklmnopqrstuvwxyzABCDEFGHIJKLMNOPQRSTUVWXYZ-_ | 0123456789abcdefghijklmnopqrstuvwxyzABCDEFGHIJKLMNOPQRSTUVWXYZ-_ | 0123456789abcdefghijklmnopqrstuvwxyzABCDEFGHIJKLMNOPQRSTUVWXYZ-_ | 0123456789abcdefghijklmnopqrstuvwxyzABCDEFGHIJKLMNOPQRSTUVWXYZ-_ | 0123456789abcdefghijklmnopqrstuvwxyzABCDEFGHIJKLMNOPQRSTUVWXYZ-_ | 0123456789abcdefghijklmnopqrstuvwxyzABCDEFGHIJKLMNOPQRSTUVWXYZ-_ | 0123456789abcdefghijklmnopqrstuvwxyzABCDEFGHIJKLMNOPQRSTUVWXYZ-_ | 0123456789abcdefghijklmnopqrstuvwxyzABCDEFGHIJKLMNOPQRSTUVWXYZ-_ | 0123456789abcdefghijklmnopqrstuvwxyzABCDEFGHIJKLMNOPQRSTUVWXYZ-_ | 0123456789abcdefghijklmnopqrstuvwxyzABCDEFGHIJKLMNOPQRSTUVWXYZ-_,False,True,rx_missing
lot270_other_profiles_final_candidate2/20260929_193856_radio_ebyte_e79_cc1352p,lot270_other_profiles_final_candidate2/20260929_193856_radio_ebyte_e79_cc1352p/run_00104,run_00104,2026-09-29T16:46:41+00:00,RADIO_EBYTE_E79_CC1352P,Ebyte E79-400DM2005S (CC1352P AT modem),RADIO_EBYTE_E79_CC1352P + AT_COMMANDS; E79 modem firmware 0.3.0 required,tx,COM16,COM4,COM16,4,1024,16,64,1024,"{""rf_profile"": ""SLR2K5"", ""tx_power_dbm"": -20}",ampere,3300,3939.2,3939.2,586752,0.006816725517730303,True,4545.730816745121,5989.551869788041,15.2,3939.2,6898.605187428185,18245.712795377967,,,6898.605187428185,18245.712795377967,27174.985554317107,10587.057692565202,89677.45232924644,34937.29038546517,per_frame_modeled_airtime_v1,"[[15.2, 261.4], [275.12, 521.32], [530.08, 776.28], [785.84, 1032.04], [1033.12, 1279.32], [1295.29, 1541.49], [1551.21, 1797.41], [1806.64, 2052.84], [2061.77, 2307.97], [2312.68, 2558.88], [2572.05, 2818.25], [2819.84, 3066.04], [3076.03, 3322.23], [3335.05, 3581.25], [3587.46, 3833.66], [3847.98, 4094.18]]",,,,COM4,0123456789abcdefghijklmnopqrstuvwxyzABCDEFGHIJKLMNOPQRSTUVWXYZ-_ | 0123456789abcdefghijklmnopqrstuvwxyzABCDEFGHIJKLMNOPQRSTUVWXYZ-_ | 0123456789abcdefghijklmnopqrstuvwxyzABCDEFGHIJKLMNOPQRSTUVWXYZ-_ | 0123456789abcdefghijklmnopqrstuvwxyzABCDEFGHIJKLMNOPQRSTUVWXYZ-_ | 0123456789abcdefghijklmnopqrstuvwxyzABCDEFGHIJKLMNOPQRSTUVWXYZ-_ | 0123456789abcdefghijklmnopqrstuvwxyzABCDEFGHIJKLMNOPQRSTUVWXYZ-_0123456789abcdefghijklmnopqrstuvwxyzABCDEFGHIJKLMNOPQRSTUVWXYZ-_ | 0123456789abcdefghijklmnopqrstuvwxyzABCDEFGHIJKLMNOPQRSTUVWXYZ-_ | 0123456789abcdefghijklmnopqrstuvwxyzABCDEFGHIJKLMNOPQRSTUVWXYZ-_ | 0123456789abcdefghijklmnopqrstuvwxyzABCDEFGHIJKLMNOPQRSTUVWXYZ-_ | 0123456789abcdefghijklmnopqrstuvwxyzABCDEFGHIJKLMNOPQRSTUVWXYZ-_ | 0123456789abcdefghijklmnopqrstuvwxyzABCDEFGHIJKLMNOPQRSTUVWXYZ-_ | 0123456789abcdefghijklmnopqrstuvwxyzABCDEFGHIJKLMNOPQRSTUVWXYZ-_ | 0123456789abcdefghijklmnopqrstuvwxyzABCDEFGHIJKLMNOPQRSTUVWXYZ-_ | 0123456789abcdefghijklmnopqrstuvwxyzABCDEFGHIJKLMNOPQRSTUVWXYZ-_ | 0123456789abcdefghijklmnopqrstuvwxyzABCDEFGHIJKLMNOPQRSTUVWXYZ-_,False,True,rx_missing
lot270_other_profiles_final_candidate2/20260929_193856_radio_ebyte_e79_cc1352p,lot270_other_profiles_final_candidate2/20260929_193856_radio_ebyte_e79_cc1352p/run_00105,run_00105,2026-09-29T16:46:53+00:00,RADIO_EBYTE_E79_CC1352P,Ebyte E79-400DM2005S (CC1352P AT modem),RADIO_EBYTE_E79_CC1352P + AT_COMMANDS; E79 modem firmware 0.3.0 required,tx,COM16,COM4,COM16,5,1024,16,64,1024,"{""rf_profile"": ""SLR2K5"", ""tx_power_dbm"": -20}",ampere,3300,3939.2,3939.2,586752,0.006816725517730303,True,4545.730816745121,6041.160161102527,11.69,3939.2,6900.803735804575,17987.517213121606,,,6900.803735804575,17987.517213121606,27183.646076081382,10601.741080286045,89706.03205106856,34985.74556494394,per_frame_modeled_airtime_v1,"[[11.69, 257.89], [278.71, 524.91], [535.8, 782.0], [787.9, 1034.1], [1037.13, 1283.33], [1290.33, 1536.53], [1547.52, 1793.72], [1812.52, 2058.72], [2064.54, 2310.74], [2319.41, 2565.61], [2576.75, 2822.95], [2832.05, 3078.25], [3087.73, 3333.93], [3338.89, 3585.09], [3593.93, 3840.13], [3847.9, 4094.1]]",,,,COM4,0123456789abcdefghijklmnopqrstuvwxyzABCDEFGHIJKLMNOPQRSTUVWXYZ-_ | 0123456789abcdefghijklmnopqrstuvwxyzABCDEFGHIJKLMNOPQRSTUVWXYZ-_ | 0123456789abcdefghijklmnopqrstuvwxyzABCDEFGHIJKLMNOPQRSTUVWXYZ-_ | 0123456789abcdefghijklmnopqrstuvwxyzABCDEFGHIJKLMNOPQRSTUVWXYZ-_ | 0123456789abcdefghijklmnopqrstuvwxyzABCDEFGHIJKLMNOPQRSTUVWXYZ-_ | 0123456789abcdefghijklmnopqrstuvwxyzABCDEFGHIJKLMNOPQRSTUVWXYZ-_ | 0123456789abcdefghijklmnopqrstuvwxyzABCDEFGHIJKLMNOPQRSTUVWXYZ-_0123456789abcdefghijklmnopqrstuvwxyzABCDEFGHIJKLMNOPQRSTUVWXYZ-_ | 0123456789abcdefghijklmnopqrstuvwxyzABCDEFGHIJKLMNOPQRSTUVWXYZ-_ | 0123456789abcdefghijklmnopqrstuvwxyzABCDEFGHIJKLMNOPQRSTUVWXYZ-_ | 0123456789abcdefghijklmnopqrstuvwxyzABCDEFGHIJKLMNOPQRSTUVWXYZ-_ | 0123456789abcdefghijklmnopqrstuvwxyzABCDEFGHIJKLMNOPQRSTUVWXYZ-_ | 0123456789abcdefghijklmnopqrstuvwxyzABCDEFGHIJKLMNOPQRSTUVWXYZ-_ | 0123456789abcdefghijklmnopqrstuvwxyzABCDEFGHIJKLMNOPQRSTUVWXYZ-_ | 0123456789abcdefghijklmnopqrstuvwxyzABCDEFGHIJKLMNOPQRSTUVWXYZ-_ | 0123456789abcdefghijklmnopqrstuvwxyzABCDEFGHIJKLMNOPQRSTUVWXYZ-_,False,True,rx_missing
lot270_other_profiles_final_candidate2/20260929_193856_radio_ebyte_e79_cc1352p,lot270_other_profiles_final_candidate2/20260929_193856_radio_ebyte_e79_cc1352p/run_00106,run_00106,2026-09-29T16:46:58+00:00,RADIO_EBYTE_E79_CC1352P,Ebyte E79-400DM2005S (CC1352P AT modem),RADIO_EBYTE_E79_CC1352P + AT_COMMANDS; E79 modem firmware 0.3.0 required,tx,COM16,COM4,COM16,1,128,2,64,128,"{""rf_profile"": ""SLR2K5"", ""tx_power_dbm"": 0}",ampere,3300,492.4,492.4,120832,0.5285081581243722,True,4550.590659970911,5994.6434079914725,24.03,492.4,7494.379044145884,17165.480340155358,,,7494.379044145884,17165.480340155358,3690.2322413374336,1456.5775566903142,12177.76639641353,4806.705937078036,per_frame_modeled_airtime_v1,"[[24.03, 270.23], [275.79, 521.99]]",,,,COM4,0123456789abcdefghijklmnopqrstuvwxyzABCDEFGHIJKLMNOPQRSTUVWXYZ-_ | 0123456789abcdefghijklmnopqrstuvwxyzABCDEFGHIJKLMNOPQRSTUVWXYZ-_,True,False,ok
lot270_other_profiles_final_candidate2/20260929_193856_radio_ebyte_e79_cc1352p,lot270_other_profiles_final_candidate2/20260929_193856_radio_ebyte_e79_cc1352p/run_00107,run_00107,2026-09-29T16:47:01+00:00,RADIO_EBYTE_E79_CC1352P,Ebyte E79-400DM2005S (CC1352P AT modem),RADIO_EBYTE_E79_CC1352P + AT_COMMANDS; E79 modem firmware 0.3.0 required,tx,COM16,COM4,COM16,2,128,2,64,128,"{""rf_profile"": ""SLR2K5"", ""tx_power_dbm"": 0}",ampere,3300,492.4,492.4,120832,0.5285081581243722,True,4545.730816745121,5983.75949534685,22.12,492.4,7497.403400252474,17161.56601305061,,,7497.403400252474,17161.56601305061,3691.721434284318,1460.422371122908,12182.68073313825,4819.393824705597,per_frame_modeled_airtime_v1,"[[22.12, 268.32], [281.92, 528.12]]",,,,COM4,0123456789abcdefghijklmnopqrstuvwxyzABCDEFGHIJKLMNOPQRSTUVWXYZ-_ | 0123456789abcdefghijklmnopqrstuvwxyzABCDEFGHIJKLMNOPQRSTUVWXYZ-_,True,False,ok
lot270_other_profiles_final_candidate2/20260929_193856_radio_ebyte_e79_cc1352p,lot270_other_profiles_final_candidate2/20260929_193856_radio_ebyte_e79_cc1352p/run_00108,run_00108,2026-09-29T16:47:04+00:00,RADIO_EBYTE_E79_CC1352P,Ebyte E79-400DM2005S (CC1352P AT modem),RADIO_EBYTE_E79_CC1352P + AT_COMMANDS; E79 modem firmware 0.3.0 required,tx,COM16,COM4,COM16,3,128,2,64,128,"{""rf_profile"": ""SLR2K5"", ""tx_power_dbm"": 0}",ampere,3300,492.4,492.4,120832,0.5285081581243722,True,4545.730816745121,5983.75949534685,16.9,492.4,7488.827453052011,17301.61276796997,,,7488.827453052011,17301.61276796997,3687.4986378828103,1455.721903292208,12168.745505013274,4803.882280864286,per_frame_modeled_airtime_v1,"[[16.9, 263.1], [274.1, 520.3]]",,,,COM4,0123456789abcdefghijklmnopqrstuvwxyzABCDEFGHIJKLMNOPQRSTUVWXYZ-_ | 0123456789abcdefghijklmnopqrstuvwxyzABCDEFGHIJKLMNOPQRSTUVWXYZ-_,True,False,ok
lot270_other_profiles_final_candidate2/20260929_193856_radio_ebyte_e79_cc1352p,lot270_other_profiles_final_candidate2/20260929_193856_radio_ebyte_e79_cc1352p/run_00109,run_00109,2026-09-29T16:47:07+00:00,RADIO_EBYTE_E79_CC1352P,Ebyte E79-400DM2005S (CC1352P AT modem),RADIO_EBYTE_E79_CC1352P + AT_COMMANDS; E79 modem firmware 0.3.0 required,tx,COM16,COM4,COM16,4,128,2,64,128,"{""rf_profile"": ""SLR2K5"", ""tx_power_dbm"": 0}",ampere,3300,492.4,492.4,120832,0.5285081581243722,True,4550.590659970911,5988.8510335502715,11.28,492.4,7493.710863147405,17429.115261179795,,,7493.710863147405,17429.115261179795,3689.903229013782,1455.9993111014587,12176.68065574548,4804.797726634813,per_frame_modeled_airtime_v1,"[[11.28, 257.48], [275.41, 521.61]]",,,,COM4,0123456789abcdefghijklmnopqrstuvwxyzABCDEFGHIJKLMNOPQRSTUVWXYZ-_ | 0123456789abcdefghijklmnopqrstuvwxyzABCDEFGHIJKLMNOPQRSTUVWXYZ-_,True,False,ok
lot270_other_profiles_final_candidate2/20260929_193856_radio_ebyte_e79_cc1352p,lot270_other_profiles_final_candidate2/20260929_193856_radio_ebyte_e79_cc1352p/run_00110,run_00110,2026-09-29T16:47:10+00:00,RADIO_EBYTE_E79_CC1352P,Ebyte E79-400DM2005S (CC1352P AT modem),RADIO_EBYTE_E79_CC1352P + AT_COMMANDS; E79 modem firmware 0.3.0 required,tx,COM16,COM4,COM16,5,128,2,64,128,"{""rf_profile"": ""SLR2K5"", ""tx_power_dbm"": 0}",ampere,3300,492.4,492.4,120832,0.5285081581243722,True,4555.451284577306,5993.94335313431,17.46,492.4,7495.159221628486,17509.613589007004,,,7495.159221628486,17509.613589007004,3690.6164007298667,1454.6638037730422,12179.034122408559,4800.390552451039,per_frame_modeled_airtime_v1,"[[17.46, 263.66], [273.18, 519.38]]",,,,COM4,0123456789abcdefghijklmnopqrstuvwxyzABCDEFGHIJKLMNOPQRSTUVWXYZ-_ | 0123456789abcdefghijklmnopqrstuvwxyzABCDEFGHIJKLMNOPQRSTUVWXYZ-_,True,False,ok
lot270_other_profiles_final_candidate2/20260929_193856_radio_ebyte_e79_cc1352p,lot270_other_profiles_final_candidate2/20260929_193856_radio_ebyte_e79_cc1352p/run_00111,run_00111,2026-09-29T16:47:17+00:00,RADIO_EBYTE_E79_CC1352P,Ebyte E79-400DM2005S (CC1352P AT modem),RADIO_EBYTE_E79_CC1352P + AT_COMMANDS; E79 modem firmware 0.3.0 required,tx,COM16,COM4,COM16,1,512,8,64,512,"{""rf_profile"": ""SLR2K5"", ""tx_power_dbm"": 0}",ampere,3300,1969.6,1969.6,320512,0.11966493817311527,True,4550.590659970911,5988.8510335502715,12.19,1969.6,7494.451949421142,17655.917256842677,,,7494.451949421142,17655.917256842677,14761.07255957988,5825.529608882354,48711.5394466136,19224.247709311767,per_frame_modeled_airtime_v1,"[[12.19, 258.39], [272.38, 518.58], [525.5, 771.7], [780.69, 1026.89], [1038.77, 1284.97], [1288.64, 1534.84], [1552.48, 1798.68], [1807.56, 2053.76]]",,,,COM4,0123456789abcdefghijklmnopqrstuvwxyzABCDEFGHIJKLMNOPQRSTUVWXYZ-_ | 0123456789abcdefghijklmnopqrstuvwxyzABCDEFGHIJKLMNOPQRSTUVWXYZ-_ | 0123456789abcdefghijklmnopqrstuvwxyzABCDEFGHIJKLMNOPQRSTUVWXYZ-_ | 0123456789abcdefghijklmnopqrstuvwxyzABCDEFGHIJKLMNOPQRSTUVWXYZ-_ | 0123456789abcdefghijklmnopqrstuvwxyzABCDEFGHIJKLMNOPQRSTUVWXYZ-_ | 0123456789abcdefghijklmnopqrstuvwxyzABCDEFGHIJKLMNOPQRSTUVWXYZ-_ | 0123456789abcdefghijklmnopqrstuvwxyzABCDEFGHIJKLMNOPQRSTUVWXYZ-_ | 0123456789abcdefghijklmnopqrstuvwxyzABCDEFGHIJKLMNOPQRSTUVWXYZ-_,True,False,ok
lot270_other_profiles_final_candidate2/20260929_193856_radio_ebyte_e79_cc1352p,lot270_other_profiles_final_candidate2/20260929_193856_radio_ebyte_e79_cc1352p/run_00112,run_00112,2026-09-29T16:47:24+00:00,RADIO_EBYTE_E79_CC1352P,Ebyte E79-400DM2005S (CC1352P AT modem),RADIO_EBYTE_E79_CC1352P + AT_COMMANDS; E79 modem firmware 0.3.0 required,tx,COM16,COM4,COM16,2,512,8,64,512,"{""rf_profile"": ""SLR2K5"", ""tx_power_dbm"": 0}",ampere,3300,1969.6,1969.6,320512,0.11966493817311527,True,4550.590659970911,6046.260967105084,11.45,1969.6,7495.408316036047,18788.541906901613,,,7495.408316036047,18788.541906901613,14762.956219264597,5828.622000270942,48717.75552357317,19234.45260089411,per_frame_modeled_airtime_v1,"[[11.45, 257.65], [278.67, 524.87], [533.55, 779.75], [789.79, 1035.99], [1036.84, 1283.04], [1297.57, 1543.77], [1549.53, 1795.73], [1803.06, 2049.26]]",,,,COM4,0123456789abcdefghijklmnopqrstuvwxyzABCDEFGHIJKLMNOPQRSTUVWXYZ-_ | 0123456789abcdefghijklmnopqrstuvwxyzABCDEFGHIJKLMNOPQRSTUVWXYZ-_ | 0123456789abcdefghijklmnopqrstuvwxyzABCDEFGHIJKLMNOPQRSTUVWXYZ-_ | 0123456789abcdefghijklmnopqrstuvwxyzABCDEFGHIJKLMNOPQRSTUVWXYZ-_ | 0123456789abcdefghijklmnopqrstuvwxyzABCDEFGHIJKLMNOPQRSTUVWXYZ-_ | 0123456789abcdefghijklmnopqrstuvwxyzABCDEFGHIJKLMNOPQRSTUVWXYZ-_ | 0123456789abcdefghijklmnopqrstuvwxyzABCDEFGHIJKLMNOPQRSTUVWXYZ-_ | 0123456789abcdefghijklmnopqrstuvwxyzABCDEFGHIJKLMNOPQRSTUVWXYZ-_,True,False,ok
lot270_other_profiles_final_candidate2/20260929_193856_radio_ebyte_e79_cc1352p,lot270_other_profiles_final_candidate2/20260929_193856_radio_ebyte_e79_cc1352p/run_00113,run_00113,2026-09-29T16:47:31+00:00,RADIO_EBYTE_E79_CC1352P,Ebyte E79-400DM2005S (CC1352P AT modem),RADIO_EBYTE_E79_CC1352P + AT_COMMANDS; E79 modem firmware 0.3.0 required,tx,COM16,COM4,COM16,3,512,8,64,512,"{""rf_profile"": ""SLR2K5"", ""tx_power_dbm"": 0}",ampere,3300,1969.6,1969.6,320512,0.11966493817311527,True,4555.451284577306,5999.735727575533,16.42,1969.6,7489.903504699356,17686.14916974539,,,7489.903504699356,17686.14916974539,14752.11394285585,5807.706109330374,48681.9760114243,19165.43016079023,per_frame_modeled_airtime_v1,"[[16.42, 262.62], [270.58, 516.78], [532.73, 778.93], [786.34, 1032.54], [1036.08, 1282.28], [1289.08, 1535.28], [1546.64, 1792.84], [1807.38, 2053.58]]",,,,COM4,0123456789abcdefghijklmnopqrstuvwxyzABCDEFGHIJKLMNOPQRSTUVWXYZ-_ | 0123456789abcdefghijklmnopqrstuvwxyzABCDEFGHIJKLMNOPQRSTUVWXYZ-_ | 0123456789abcdefghijklmnopqrstuvwxyzABCDEFGHIJKLMNOPQRSTUVWXYZ-_ | 0123456789abcdefghijklmnopqrstuvwxyzABCDEFGHIJKLMNOPQRSTUVWXYZ-_ | 0123456789abcdefghijklmnopqrstuvwxyzABCDEFGHIJKLMNOPQRSTUVWXYZ-_ | 0123456789abcdefghijklmnopqrstuvSTUVWXYZ-_ | 0123456789abcdefghijklmnopqrstuvwxyzABCDEFGHIJKLMNOPQRSTUVWXYZ-_ | 0123456789abcdefghijklmnopqrstuvwxyzABCDEFGHIJKLMNOPQRSTUVWXYZ-_,False,True,rx_missing
lot270_other_profiles_final_candidate2/20260929_193856_radio_ebyte_e79_cc1352p,lot270_other_profiles_final_candidate2/20260929_193856_radio_ebyte_e79_cc1352p/run_00114,run_00114,2026-09-29T16:47:38+00:00,RADIO_EBYTE_E79_CC1352P,Ebyte E79-400DM2005S (CC1352P AT modem),RADIO_EBYTE_E79_CC1352P + AT_COMMANDS; E79 modem firmware 0.3.0 required,tx,COM16,COM4,COM16,4,512,8,64,512,"{""rf_profile"": ""SLR2K5"", ""tx_power_dbm"": 0}",ampere,3300,1969.6,1969.6,320512,0.11966493817311527,True,4550.590659970911,5988.8510335502715,12.26,1969.6,7492.800865130232,18309.21299295532,,,7492.800865130232,18309.21299295532,14757.820583960505,5820.970290212909,48700.80792706966,19209.2019577026,per_frame_modeled_airtime_v1,"[[12.26, 258.46], [279.32, 525.52], [532.22, 778.42], [785.13, 1031.33], [1033.04, 1279.24], [1290.29, 1536.49], [1548.8, 1795.0], [1795.79, 2041.99]]",,,,COM4,0123456789abcdefghijklmnopqrstuvwxyzABCDEFGHIJKLMNOPQRSTUVWXYZ-_ | 0123456789abcdefghijklmnopqrstuvwxyzABCDEFGHIJKLMNOPQRSTUVWXYZ-_ | 0123456789abcdefghijklmnopqrstuvwxyzABCDEFGHIJKLMNOPQRSTUVWXYZ-_ | 0123456789abcdefghijklmnopqrstuvwxyzABCDEFGHIJKLMNOPQRSTUVWXYZ-_ | 0123456789abcdefghijklmnopqrstuvwxyzABCDEFGHIJKLMNOPQRSTUVWXYZ-_ | 0123456789abcdefghijklmnopqrstuvwxyzABCDEFGHIJKLMNOPQRSTUVWXYZ-_ | 0123456789abcdefghijklmnopqrstuvwxyzABCDEFGHIJKLMNOPQRSTUVWXYZ-_ | 0123456789abcdefghijklmnopqrstuvwxyzABCDEFGHIJKLMNOPQRSTUVWXYZ-_,True,False,ok
lot270_other_profiles_final_candidate2/20260929_193856_radio_ebyte_e79_cc1352p,lot270_other_profiles_final_candidate2/20260929_193856_radio_ebyte_e79_cc1352p/run_00115,run_00115,2026-09-29T16:47:44+00:00,RADIO_EBYTE_E79_CC1352P,Ebyte E79-400DM2005S (CC1352P AT modem),RADIO_EBYTE_E79_CC1352P + AT_COMMANDS; E79 modem firmware 0.3.0 required,tx,COM16,COM4,COM16,5,512,8,64,512,"{""rf_profile"": ""SLR2K5"", ""tx_power_dbm"": 0}",ampere,3300,1969.6,1969.6,320512,0.11966493817311527,True,4550.590659970911,5988.8510335502715,17.28,1969.6,7493.085697519772,17358.905795825245,,,7493.085697519772,17358.905795825245,14758.381589834942,5822.911002862428,48702.6592464553,19215.60630944601,per_frame_modeled_airtime_v1,"[[17.28, 263.48], [276.24, 522.44], [527.25, 773.45], [780.72, 1026.92], [1045.34, 1291.54], [1293.15, 1539.35], [1548.39, 1794.59], [1809.14, 2055.34]]",,,,COM4,0123456789abcdefghijklmnopqrstuvwxyzABCDEFGHIJKLMNOPQRSTUVWXYZ-_ | 0123456789abcdefghijklmnopqrstuvwxyzABCDEFGHIJKLMNOPQRSTUVWXYZ-_ | 0123456789abcdefghijklmnopqrstuvwxyzABCDEFGHIJKLMNOPQRSTUVWXYZ-_ | 0123456789abcdefghijklmnopqrstuvwxyzABCDEFGHIJKLMNOPQRSTUVWXYZ-_0123456789abcdefghijklmnopqrstuvwxyzABCDEFGHIJKLMNOPQRSTUVWXYZ-_ | 0123456789abcdefghijklmnopqrstuvwxyzABCDEFGHIJKLMNOPQRSTUVWXYZ-_ | 0123456789abcdefghijklmnopqrstuvwxyzABCDEFGHIJKLMNOPQRSTUVWXYZ-_ | 0123456789abcdefghijklmnopqrstuvwxyzABCDEFGHIJKLMNOPQRSTUVWXYZ-_,False,True,rx_missing
lot270_other_profiles_final_candidate2/20260929_193856_radio_ebyte_e79_cc1352p,lot270_other_profiles_final_candidate2/20260929_193856_radio_ebyte_e79_cc1352p/run_00116,run_00116,2026-09-29T16:47:56+00:00,RADIO_EBYTE_E79_CC1352P,Ebyte E79-400DM2005S (CC1352P AT modem),RADIO_EBYTE_E79_CC1352P + AT_COMMANDS; E79 modem firmware 0.3.0 required,tx,COM16,COM4,COM16,1,1024,16,64,1024,"{""rf_profile"": ""SLR2K5"", ""tx_power_dbm"": 0}",ampere,3300,3939.2,3939.2,586752,0.006816725517730303,True,4540.8717548999375,5978.668738523991,23.61,3939.2,7490.524038340501,17639.25837565921,,,7490.524038340501,17639.25837565921,29506.672291830902,11671.83192856775,97372.01856304197,38517.045364273574,per_frame_modeled_airtime_v1,"[[23.61, 269.81], [272.58, 518.78], [536.3, 782.5], [784.09, 1030.29], [1047.2, 1293.4], [1296.26, 1542.46], [1554.48, 1800.68], [1807.35, 2053.55], [2058.27, 2304.47], [2312.24, 2558.44], [2567.29, 2813.49], [2821.45, 3067.65], [3076.29, 3322.49], [3328.04, 3574.24], [3588.87, 3835.07], [3840.86, 4087.06]]",,,,COM4,0123456789abcdefghijklmnopqrstuvwxyzABCDEFGHIJKLMNOPQRSTUVWXYZ-_ | 0123456789abcdefghijklmnopqrstuvwxyzABCDEFGHIJKLMNOPQRSTUVWXYZ-_ | 0123456789abcdefghijklmnopqrstuvwxyzABCDEFGHIJKLMNOPQRSTUVWXYZ-_ | 0123456789abcdefghijklmnopqrstuvwxyzABCDEFGHIJKLMNOPQRSTUVWXYZ-_ | 0123456789abcdefghijklmnopqrstuvwxyzABCDEFGHIJKLMNOPQRSTUVWXYZ-_ | 0123456789abcdefghijklmnopqrstuvwxyzABCDEFGHIJKLMNOPQRSTUVWXYZ-_ | 0123456789abcdefghijklmnopqrstuvwxyzABCDEFGHIJKLMNOPQRSTUVWXYZ-_ | 0123456789abcdefghijklmnopqrstuvwxyzABCDEFGHIJKLMNOPQRSTUVWXYZ-_ | 0123456789abcdefghijklmnopqrstuvwxyzABCDEFGHIJKLMNOPQRSTUVWXYZ-_ | 0123456789abcdefghijklmnopqrstuvwxyzABCDEFGHIJKLMNOPQRSTUVWXYZ-_ | 0123456789abcdefghijklmnopqrstuvwxyzABCDEFGHIJKLMNOPQRSTUVWXYZ-_ | 0123456789abcdefghijklmnopqrstuvwxyzABCDEFGHIJKLMNOPQRSTUVWXYZ-_ | 0123456789abcdefghijklmnopqrstuvwxyzABCDEFGHIJKLMNOPQRSTUVWXYZ-_ | 0123456789abcdefghijklmnopqrstuvwxyzABCDEFGHIJKLMNOPQRSTUVWXYZ-_ | 0123456789abcdefghijklmnopqrstuvwxyzABCDEFGHIJKLMNOPQRSTUVWXYZ-_ | 0123456789abcdefghijklmnopqrstuvwxyzABCDEFGHIJKLMNOPQRSTUVWXYZ-_,True,False,ok
lot270_other_profiles_final_candidate2/20260929_193856_radio_ebyte_e79_cc1352p,lot270_other_profiles_final_candidate2/20260929_193856_radio_ebyte_e79_cc1352p/run_00117,run_00117,2026-09-29T16:48:08+00:00,RADIO_EBYTE_E79_CC1352P,Ebyte E79-400DM2005S (CC1352P AT modem),RADIO_EBYTE_E79_CC1352P + AT_COMMANDS; E79 modem firmware 0.3.0 required,tx,COM16,COM4,COM16,2,1024,16,64,1024,"{""rf_profile"": ""SLR2K5"", ""tx_power_dbm"": 0}",ampere,3300,3939.2,3939.2,586752,0.006816725517730303,True,4550.590659970911,5988.8510335502715,23.68,3939.2,7494.578224619728,17985.024951662694,,,7494.578224619728,17985.024951662694,29522.642542422032,11648.384158176845,97424.7203899927,38439.667721983584,per_frame_modeled_airtime_v1,"[[23.68, 269.88], [272.17, 518.37], [527.19, 773.39], [787.31, 1033.51], [1035.14, 1281.34], [1289.0, 1535.2], [1549.73, 1795.93], [1805.67, 2051.87], [2059.73, 2305.93], [2310.86, 2557.06], [2565.7, 2811.9], [2826.79, 3072.99], [3080.26, 3326.46], [3330.21, 3576.41], [3595.42, 3841.62], [3842.22, 4088.42]]",,,,COM4,0123456789abcdefghijklmnopqrstuvwxyzABCDEFGHIJKLMNOPQRSTUVWXYZ-_ | 0123456789abcdefghijklmnopqrstuvwxyzABCDEFGHIJKLMNOPQRSTUVWXYZ-_ | 0123456789abcdefghijklmnopqrstuvwxyzABCDEFGHIJKLMNOPQRSTUVWXYZ-_ | 0123456789abcdefghijklmnopqrstuvwxyzABCDEFGHIJKLMNOPQRSTUVWXYZ-_ | 0123456789abcdefghijklmnopqrstuvwxyzABCDEFGHIJKLMNOPQRSTUVWXYZ-_0123456789abcdefghijklmnopqrstuvwxyzABCDEFGHIJKLMNOPQRSTUVWXYZ-_ | 0123456789abcdefghijklmnopqrstuvwxyzABCDEFGHIJKLMNOPQRSTUVWXYZ-_ | 0123456789abcdefghijklmnopqrstuvwxyzABCDEFGHIJKLMNOPQRSTUVWXYZ-_ | 0123456789abcdefghijklmnopqrstuvwxyzABCDEFGHIJKLMNOPQRSTUVWXYZ-_ | 0123456789abcdefghijklmnopqrstuvwxyzABCDEFGHIJKLMNOPQRSTUVWXYZ-_ | 0123456789abcdefghijklmnopqrstuvwxyzABCDEFGHIJKLMNOPQRSTUVWXYZ-_ | 0123456789abcdefghijklmnopqrstuvwxyzABCDEFGHIJKLMNOPQRSTUVWXYZ-_ | 0123456789abcdefghijklmnopqrstuvwxyzABCDEFGHIJKLMNOPQRSTUVWXYZ-_ | 0123456789abcdefghijklmnopqrstuvwxyzABCDEFGHIJKLMNOPQRSTUVWXYZ-_ | 0123456789abcdefghijklmnopqrstuvwxyzABCDEFGHIJKLMNOPQRSTUVWXYZ-_ | 0123456789abcdefghijklmnopqrstuvwxyzABCDEFGHIJKLMNOPQRSTUVWXYZ-_,False,True,rx_missing
lot270_other_profiles_final_candidate2/20260929_193856_radio_ebyte_e79_cc1352p,lot270_other_profiles_final_candidate2/20260929_193856_radio_ebyte_e79_cc1352p/run_00118,run_00118,2026-09-29T16:48:19+00:00,RADIO_EBYTE_E79_CC1352P,Ebyte E79-400DM2005S (CC1352P AT modem),RADIO_EBYTE_E79_CC1352P + AT_COMMANDS; E79 modem firmware 0.3.0 required,tx,COM16,COM4,COM16,3,1024,16,64,1024,"{""rf_profile"": ""SLR2K5"", ""tx_power_dbm"": 0}",ampere,3300,3939.2,3939.2,586752,0.006816725517730303,True,4550.590659970911,5991.747220770872,12.91,3939.2,7487.403385107994,17704.496196387136,,,7487.403385107994,17704.496196387136,29494.37941461741,11621.781915347185,97331.45206823746,38351.88032064571,per_frame_modeled_airtime_v1,"[[12.91, 259.11], [276.05, 522.25], [532.64, 778.84], [781.63, 1027.83], [1040.69, 1286.89], [1290.15, 1536.35], [1549.25, 1795.45], [1802.97, 2049.17], [2059.16, 2305.36], [2307.32, 2553.52], [2568.4, 2814.6], [2818.41, 3064.61], [3072.05, 3318.25], [3330.55, 3576.75], [3582.33, 3828.53], [3847.89, 4094.09]]",,,,COM4,0123456789abcdefghijklmnopqrstuvwxyzABCDEFGHIJKLMNOPQRSTUVWXYZ-_ | 0123456789abcdefghijklmnopqrstuvwxyzABCDEFGHIJKLMNOPQRSTUVWXYZ-_ | 0123456789abcdefghijklmnopqrstuvwxyzABCDEFGHIJKLMNOPQRSTUVWXYZ-_ | 0123456789abcdefghijklmnopqrstuvwxyzABCDEFGHIJKLMNOPQRSTUVWXYZ-_ | 0123456789abcdefghijklmnopqrstuvwxyzABCDEFGHIJKLMNOPQRSTUVWXYZ-_ | 0123456789abcdefghijklmnopqrstuvwxyzABCDEFGHIJKLMNOPQRSTUVWXYZ-_ | 0123456789abcdefghijklmnopqrstuvwxyzABCDEFGHIJKLMNOPQRSTUVWXYZ-_ | 0123456789abcdefghijklmnopqrstuvwxyzABCDEFGHIJKLMNOPQRSTUVWXYZ-_ | 0123456789abcdefghijklmnopqrstuvwxyzABCDEFGHIJKLMNOPQRSTUVWXYZ-_ | 0123456789abcdefghijklmnopqrstuvwxyzABCDEFGHIJKLMNOPQRSTUVWXYZ-_ | 0123456789abcdefghijklmnopqrstuvwxyzABCDEFGHIJKLMNOPQRSTUVWXYZ-_ | 0123456789abcdefghijklmnopqrstuvwxyzABCDEFGHIJKLMNOPQRSTUVWXYZ-_ | 0123456789abcdefghijklmnopqrstuvwxyzABCDEFGHIJKLMNOPQRSTUVWXYZ-_ | 0123456789abcdefghijklmnopqrstuvwxyzABCDEFGHIJKLMNOPQRSTUVWXYZ-_ | 0123456789abcdefghijklmnopqrstuvwxyzABCDEFGHIJKLMNOPQRSTUVWXYZ-_ | 0123456789abcdefghijklmnopqrstuvwxyzABCDEFGHIJKLMNOPQRSTUVWXYZ-_,True,False,ok
lot270_other_profiles_final_candidate2/20260929_193856_radio_ebyte_e79_cc1352p,lot270_other_profiles_final_candidate2/20260929_193856_radio_ebyte_e79_cc1352p/run_00119,run_00119,2026-09-29T16:48:31+00:00,RADIO_EBYTE_E79_CC1352P,Ebyte E79-400DM2005S (CC1352P AT modem),RADIO_EBYTE_E79_CC1352P + AT_COMMANDS; E79 modem firmware 0.3.0 required,tx,COM16,COM4,COM16,4,1024,16,64,1024,"{""rf_profile"": ""SLR2K5"", ""tx_power_dbm"": 0}",ampere,3300,3939.2,3939.2,586752,0.006816725517730303,True,4550.590659970911,5994.6434079914725,23.48,3939.2,7494.3908935285635,18171.55435462253,,,7494.3908935285635,18171.55435462253,29521.904607787717,11651.155655183695,97422.28520569946,38448.81366210619,per_frame_modeled_airtime_v1,"[[23.48, 269.68], [271.5, 517.7], [525.25, 771.45], [784.3, 1030.5], [1041.02, 1287.22], [1296.31, 1542.51], [1544.6, 1790.8], [1803.72, 2049.92], [2054.82, 2301.02], [2311.99, 2558.19], [2570.64, 2816.84], [2820.94, 3067.14], [3073.01, 3319.21], [3330.96, 3577.16], [3594.57, 3840.77], [3841.41, 4087.61]]",,,,COM4,0123456789abcdefghijklmnopqrstuvwxyzABCDEFGHIJKLMNOPQRSTUVWXYZ-_ | 0123456789abcdefghijklmnopqrstuvwxyzABCDEFGHIJKLMNOPQRSTUVWXYZ-_ | 0123456789abcdefghijklmnopqrstuvwxyzABCDEFGHIJKLMNOPQRSTUVWXYZ-_ | 0123456789abcdefghijklmnopqrstuvwxyzABCDEFGHIJKLMNOPQRSTUVWXYZ-_ | 0123456789abcdefghijklmnopqrstuvPQRSTUVWXYZ-_ | 0123456789abcdefghijklmnopqrstuvwxyzABCDEFGHIJKLMNOPQRSTUVWXYZ-_ | 0123456789abcdefghijklmnopqrstuvwxyzABCDEFGHIJKLMNOPQRSTUVWXYZ-_ | 0123456789abcdefghijklmnopqrstuvwxyzABCDEFGHIJKLMNOPQRSTUVWXYZ-_ | 0123456789abcdefghijklmnopqrstuvwxyzABCDEFGHIJKLMNOPQRSTUVWXYZ-_ | 0123456789abcdefghijklmnopqrstuvwxyzABCDEFGHIJKLMNOPQRSTUVWXYZ-_ | 0123456789abcdefghijklmnopqrstuvwxyzABCDEFGHIJKLMNOPQRSTUVWXYZ-_ | 0123456789abcdefghijklmnopqrstuvwxyzABCDEFGHIJKLMNOPQRSTUVWXYZ-_ | 0123456789abcdefghijklmnopqrstuvwxyzABCDEFGHIJKLMNOPQRSTUVWXYZ-_ | 0123456789abcdefghijklmnopqrstuvwxyzABCDEFGHIJKLMNOPQRSTUVWXYZ-_ | 0123456789abcdefghijklmnopqrstuvwxyzABCDEFGHIJKLMNOPQRSTUVWXYZ-_ | 0123456789abcdefghijklmnopqrstuvwxyzABCDEFGHIJKLMNOPQRSTUVWXYZ-_,False,True,rx_missing
lot270_other_profiles_final_candidate2/20260929_193856_radio_ebyte_e79_cc1352p,lot270_other_profiles_final_candidate2/20260929_193856_radio_ebyte_e79_cc1352p/run_00120,run_00120,2026-09-29T16:48:42+00:00,RADIO_EBYTE_E79_CC1352P,Ebyte E79-400DM2005S (CC1352P AT modem),RADIO_EBYTE_E79_CC1352P + AT_COMMANDS; E79 modem firmware 0.3.0 required,tx,COM16,COM4,COM16,5,1024,16,64,1024,"{""rf_profile"": ""SLR2K5"", ""tx_power_dbm"": 0}",ampere,3300,3939.2,3939.2,586752,0.006816725517730303,True,4555.451284577306,5993.94335313431,13.31,3939.2,7495.640751371683,18053.828018086282,,,7495.640751371683,18053.828018086282,29526.828047803334,11635.111143702296,97438.532557751,38395.866774217575,per_frame_modeled_airtime_v1,"[[13.31, 259.51], [281.31, 527.51], [536.2, 782.4], [790.27, 1036.47], [1045.08, 1291.28], [1301.95, 1548.15], [1553.18, 1799.38], [1807.24, 2053.44], [2062.18, 2308.38], [2320.34, 2566.54], [2568.06, 2814.26], [2829.13, 3075.33], [3084.83, 3331.03], [3338.55, 3584.75], [3590.54, 3836.74], [3845.15, 4091.35]]",,,,COM4,0123456789abcdefghijklmnopqrstuvwxyzABCDEFGHIJKLMNOPQRSTUVWXYZ-_ | 0123456789abcdefghijklmnopqrstuvwxyzABCDEFGHIJKLMNOPQRSTUVWXYZ-_ | 0123456789abcdefghijklmnopqrstuvwxyzABCDEFGHIJKLMNOPQRSTUVWXYZ-_ | 0123456789abcdefghijklmnopqrstuvwxyzABCDEFGHIJKLMNOPQRSTUVWXYZ-_ | 0123456789abcdefghijklmnopqrstuvwxyzABCDEFGHIJKLMNOPQRSTUVWXYZ-_ | 0123456789abcdefghijklmnopqrstuvwxyzABCDEFGHIJKLMNOPQRSTUVWXYZ-_ | 0123456789abcdefghijklmnopqrstuvwxyzABCDEFGHIJKLMNOPQRSTUVWXYZ-_ | 0123456789abcdefghijklmnopqrstuvwxyzABCDEFGHIJKLMNOPQRSTUVWXYZ-_ | 0123456789abcdefghijklmnopqrstuvwxyzABCDEFGHIJKLMNOPQRSTUVWXYZ-_ | 0123456789abcdefghijklmnopqrstuvwxyzABCDEFGHIJKLMNOPQRSTUVWXYZ-_ | 0123456789abcdefghijklmnopqrstuvwxyzABCDEFGHIJKLMNOPQRSTUVWXYZ-_ | 0123456789abcdefghijklmnopqrstuvwxyzABCDEFGHIJKLMNOPQRSTUVWXYZ-_ | 0123456789abcdefghijklmnopqrstuvwxyzABCDEFGHIJKLMNOPQRSTUVWXYZ-_ | 0123456789abcdefghijklmnopqrstuvwxyzABCDEFGHIJKLMNOPQRSTUVWXYZ-_ | 0123456789abcdefghijklmnopqrstuvwxyzABCDEFGHIJKLMNOPQRSTUVWXYZ-_ | 0123456789abcdefghijklmnopqrstuvwxyzABCDEFGHIJKLMNOPQRSTUVWXYZ-_,True,False,ok
lot270_other_profiles_final_candidate2/20260929_193856_radio_ebyte_e79_cc1352p,lot270_other_profiles_final_candidate2/20260929_193856_radio_ebyte_e79_cc1352p/run_00121,run_00121,2026-09-29T16:48:47+00:00,RADIO_EBYTE_E79_CC1352P,Ebyte E79-400DM2005S (CC1352P AT modem),RADIO_EBYTE_E79_CC1352P + AT_COMMANDS; E79 modem firmware 0.3.0 required,tx,COM16,COM4,COM16,1,128,2,64,128,"{""rf_profile"": ""SLR2K5"", ""tx_power_dbm"": 13}",ampere,3300,492.4,492.4,120832,0.5285081581243722,True,4526.299257648033,5911.3665462658155,23.51,492.4,9480.197292447063,17868.16027789525,,,9480.197292447063,17868.16027789525,4668.049146800934,2446.1684022956806,15404.56218444308,8072.355727575746,per_frame_modeled_airtime_v1,"[[23.51, 269.71], [280.6, 526.8]]",,,,COM4,0123456789abcdefghijklmnopqrstuvwxyzABCDEFGHIJKLMNOPQRSTUVWXYZ-_ | 0123456789abcdefghijklmnopqrstuvwxyzABCDEFGHIJKLMNOPQRSTUVWXYZ-_,True,False,ok
lot270_other_profiles_final_candidate2/20260929_193856_radio_ebyte_e79_cc1352p,lot270_other_profiles_final_candidate2/20260929_193856_radio_ebyte_e79_cc1352p/run_00122,run_00122,2026-09-29T16:48:50+00:00,RADIO_EBYTE_E79_CC1352P,Ebyte E79-400DM2005S (CC1352P AT modem),RADIO_EBYTE_E79_CC1352P + AT_COMMANDS; E79 modem firmware 0.3.0 required,tx,COM16,COM4,COM16,2,128,2,64,128,"{""rf_profile"": ""SLR2K5"", ""tx_power_dbm"": 13}",ampere,3300,492.4,492.4,120832,0.5285081581243722,True,4521.44332132528,5958.31352503874,15.34,492.4,9480.963062314839,17706.141446868372,,,9480.963062314839,17706.141446868372,4668.426211883826,2448.2188224480533,15405.806499216626,8079.122114078576,per_frame_modeled_airtime_v1,"[[15.34, 261.54], [276.67, 522.87]]",,,,COM4,0123456789abcdefghijklmnopqrstuvwxyzABCDEFGHIJKLMNOPQRSTUVWXYZ-_ | 0123456789abcdefghijklmnopqrstuvwxyzABCDEFGHIJKLMNOPQRSTUVWXYZ-_,True,False,ok
lot270_other_profiles_final_candidate2/20260929_193856_radio_ebyte_e79_cc1352p,lot270_other_profiles_final_candidate2/20260929_193856_radio_ebyte_e79_cc1352p/run_00123,run_00123,2026-09-29T16:48:54+00:00,RADIO_EBYTE_E79_CC1352P,Ebyte E79-400DM2005S (CC1352P AT modem),RADIO_EBYTE_E79_CC1352P + AT_COMMANDS; E79 modem firmware 0.3.0 required,tx,COM16,COM4,COM16,3,128,2,64,128,"{""rf_profile"": ""SLR2K5"", ""tx_power_dbm"": 13}",ampere,3300,492.4,492.4,120832,0.5285081581243722,True,4531.155975351395,6025.862431378533,24.67,492.4,9482.442847238617,18086.53756327785,,,9482.442847238617,18086.53756327785,4669.154857980296,2445.1317894780186,15408.211031334975,8068.934905277461,per_frame_modeled_airtime_v1,"[[24.67, 270.87], [274.13, 520.33]]",,,,COM4,0123456789abcdefghijklmnopqrstuvwxyzABCDEFGHIJKLMNOPQRSTUVWXYZ-_ | 0123456789abcdefghijklmnopqrstuvwxyzABCDEFGHIJKLMNOPQRSTUVWXYZ-_,True,False,ok
lot270_other_profiles_final_candidate2/20260929_193856_radio_ebyte_e79_cc1352p,lot270_other_profiles_final_candidate2/20260929_193856_radio_ebyte_e79_cc1352p/run_00124,run_00124,2026-09-29T16:48:57+00:00,RADIO_EBYTE_E79_CC1352P,Ebyte E79-400DM2005S (CC1352P AT modem),RADIO_EBYTE_E79_CC1352P + AT_COMMANDS; E79 modem firmware 0.3.0 required,tx,COM16,COM4,COM16,4,128,2,64,128,"{""rf_profile"": ""SLR2K5"", ""tx_power_dbm"": 13}",ampere,3300,492.4,492.4,120832,0.5285081581243722,True,4531.155975351395,5974.281943461386,11.75,492.4,9464.888761080423,16802.30395232175,,,9464.888761080423,16802.30395232175,4660.511225956001,2436.117816605562,15379.687045654802,8039.188794798354,per_frame_modeled_airtime_v1,"[[11.75, 257.95], [272.9, 519.1]]",,,,COM4,0123456789abcdefghijklmnopqrstuvPQRSTUVWXYZ-_ | 0123456789abcdefghijklmnopqrstuvwxyzABCDEFGHIJKLMNOPQRSTUVWXYZ-_,False,True,rx_missing
lot270_other_profiles_final_candidate2/20260929_193856_radio_ebyte_e79_cc1352p,lot270_other_profiles_final_candidate2/20260929_193856_radio_ebyte_e79_cc1352p/run_00125,run_00125,2026-09-29T16:49:00+00:00,RADIO_EBYTE_E79_CC1352P,Ebyte E79-400DM2005S (CC1352P AT modem),RADIO_EBYTE_E79_CC1352P + AT_COMMANDS; E79 modem firmware 0.3.0 required,tx,COM16,COM4,COM16,5,128,2,64,128,"{""rf_profile"": ""SLR2K5"", ""tx_power_dbm"": 13}",ampere,3300,492.4,492.4,120832,0.5285081581243722,True,4531.155975351395,5968.489569020163,21.75,492.4,9467.519147890223,17951.803412649417,,,9467.519147890223,17951.803412649417,4661.806428421146,2437.0627830656044,15383.96121378978,8042.307184116494,per_frame_modeled_airtime_v1,"[[21.75, 267.95], [276.4, 522.6]]",,,,COM4,0123456789abcdefghijklmnopqrstuvwxyzABCDEFGHIJKLMNOPQRSTUVWXYZ-_ | 0123456789abcdefghijklmnopqrstuvwxyzABCDEFGHIJKLMNOPQRSTUVWXYZ-_,True,False,ok
lot270_other_profiles_final_candidate2/20260929_193856_radio_ebyte_e79_cc1352p,lot270_other_profiles_final_candidate2/20260929_193856_radio_ebyte_e79_cc1352p/run_00126,run_00126,2026-09-29T16:49:07+00:00,RADIO_EBYTE_E79_CC1352P,Ebyte E79-400DM2005S (CC1352P AT modem),RADIO_EBYTE_E79_CC1352P + AT_COMMANDS; E79 modem firmware 0.3.0 required,tx,COM16,COM4,COM16,1,512,8,64,512,"{""rf_profile"": ""SLR2K5"", ""tx_power_dbm"": 13}",ampere,3300,1969.6,1969.6,320512,0.11966493817311527,True,4506.880200640662,5885.719528259233,21.44,1969.6,9482.280307768768,18038.78799232826,,,9482.280307768768,18038.78799232826,18676.299294181365,9820.837985543403,61631.7876707985,32408.76535229323,per_frame_modeled_airtime_v1,"[[21.44, 267.64], [269.01, 515.21], [530.8, 777.0], [777.18, 1023.38], [1032.88, 1279.08], [1287.82, 1534.02], [1549.22, 1795.42], [1797.25, 2043.45]]",,,,COM4,0123456789abcdefghijklmnopqrstuvwxyzABCDEFGHIJKLMNOPQRSTUVWXYZ-_ | 0123456789abcdefghijklmnopqrstuvwxyzABCDEFGHIJKLMNOPQRSTUVWXYZ-_ | 0123456789abcdefghijklmnopqrstuvwxyzABCDEFGHIJKLMNOPQRSTUVWXYZ-_ | 0123456789abcdefghijklmnopqrstuvwxyzABCDEFGHIJKLMNOPQRSTUVWXYZ-_ | 0123456789abcdefghijklmnopqrstuvwxyzABCDEFGHIJKLMNOPQRSTUVWXYZ-_ | 0123456789abcdefghijklmnopqrstuvwxyzABCDEFGHIJKLMNOPQRSTUVWXYZ-_ | 0123456789abcdefghijklmnopqrstuvwxyzABCDEFGHIJKLMNOPQRSTUVWXYZ-_ | 0123456789abcdefghijklmnopqrstuvwxyzABCDEFGHIJKLMNOPQRSTUVWXYZ-_,True,False,ok
lot270_other_profiles_final_candidate2/20260929_193856_radio_ebyte_e79_cc1352p,lot270_other_profiles_final_candidate2/20260929_193856_radio_ebyte_e79_cc1352p/run_00127,run_00127,2026-09-29T16:49:14+00:00,RADIO_EBYTE_E79_CC1352P,Ebyte E79-400DM2005S (CC1352P AT modem),RADIO_EBYTE_E79_CC1352P + AT_COMMANDS; E79 modem firmware 0.3.0 required,tx,COM16,COM4,COM16,2,512,8,64,512,"{""rf_profile"": ""SLR2K5"", ""tx_power_dbm"": 13}",ampere,3300,1969.6,1969.6,320512,0.11966493817311527,True,4526.299257648033,5963.401156339136,12.16,1969.6,9471.720704099067,17379.91088914373,,,9471.720704099067,17379.91088914373,18655.501098793524,9764.945907778012,61563.153626018626,32224.32149566744,per_frame_modeled_airtime_v1,"[[12.16, 258.36], [270.16, 516.36], [524.21, 770.41], [779.54, 1025.74], [1035.49, 1281.69], [1292.6, 1538.8], [1543.58, 1789.78], [1807.45, 2053.65]]",,,,COM4,0123456789abcdefghijklmnopqrstuvwxyzABCDEFGHIJKLMNOPQRSTUVWXYZ-_ | 0123456789abcdefghijklmnopqrstuvwxyzABCDEFGHIJKLMNOPQRSTUVWXYZ-_0123456789abcdefghijklmnopqrstuvwxyzABCDEFGHIJKLMNOPQRSTUVWXYZ-_ | 0123456789abcdefghijklmnopqrstuvwxyzABCDEFGHIJKLMNOPQRSTUVWXYZ-_ | 0123456789abcdefghijklmnopqrstuvwxyzABCDEFGHIJKLMNOPQRSTUVWXYZ-_ | 0123456789abcdefghijklmnopqrstuvwxyzABCDEFGHIJKLMNOPQRSTUVWXYZ-_ | 0123456789abcdefghijklmnopqrstuvwxyzABCDEFGHIJKLMNOPQRSTUVWXYZ-_ | 0123456789abcdefghijklmnopqrstuvwxyzABCDEFGHIJKLMNOPQRSTUVWXYZ-_,False,True,rx_missing
lot270_other_profiles_final_candidate2/20260929_193856_radio_ebyte_e79_cc1352p,lot270_other_profiles_final_candidate2/20260929_193856_radio_ebyte_e79_cc1352p/run_00128,run_00128,2026-09-29T16:49:21+00:00,RADIO_EBYTE_E79_CC1352P,Ebyte E79-400DM2005S (CC1352P AT modem),RADIO_EBYTE_E79_CC1352P + AT_COMMANDS; E79 modem firmware 0.3.0 required,tx,COM16,COM4,COM16,3,512,8,64,512,"{""rf_profile"": ""SLR2K5"", ""tx_power_dbm"": 13}",ampere,3300,1969.6,1969.6,320512,0.11966493817311527,True,4531.155975351395,5968.489569020163,18.29,1969.6,9486.896094380656,17983.64324677147,,,9486.896094380656,17983.64324677147,18685.390547492138,9786.93195005972,61661.78880672405,32296.87543519707,per_frame_modeled_airtime_v1,"[[18.29, 264.49], [270.0, 516.2], [529.87, 776.07], [782.67, 1028.87], [1031.0, 1277.2], [1293.13, 1539.33], [1548.75, 1794.95], [1797.25, 2043.45]]",,,,COM4,0123456789abcdefghijklmnopqrstuvwxyzABCDEFGHIJKLMNOPQRSTUVWXYZ-_ | 0123456789abcdefghijklmnopqrstuvwxyzABCDEFGHIJKLMNOPQRSTUVWXYZ-_ | 0123456789abcdefghijklmnopqrstuvwxyzABCDEFGHIJKLMNOPQRSTUVWXYZ-_ | 0123456789abcdefghijklmnopqrstuvwxyzABCDEFGHIJKLMNOPQRSTUVWXYZ-_ | 0123456789abcdefghijklmnopqrstuvwxyzABCDEFGHIJKLMNOPQRSTUVWXYZ-_ | 0123456789abcdefghijklmnopqrstuvwxyzABCDEFGHIJKLMNOPQRSTUVWXYZ-_ | 0123456789abcdefghijklmnopqrstuvwxyzABCDEFGHIJKLMNOPQRSTUVWXYZ-_ | 0123456789abcdefghijklmnopqrstuvwxyzABCDEFGHIJKLMNOPQRSTUVWXYZ-_,True,False,ok
lot270_other_profiles_final_candidate2/20260929_193856_radio_ebyte_e79_cc1352p,lot270_other_profiles_final_candidate2/20260929_193856_radio_ebyte_e79_cc1352p/run_00129,run_00129,2026-09-29T16:49:28+00:00,RADIO_EBYTE_E79_CC1352P,Ebyte E79-400DM2005S (CC1352P AT modem),RADIO_EBYTE_E79_CC1352P + AT_COMMANDS; E79 modem firmware 0.3.0 required,tx,COM16,COM4,COM16,4,512,8,64,512,"{""rf_profile"": ""SLR2K5"", ""tx_power_dbm"": 13}",ampere,3300,1969.6,1969.6,320512,0.11966493817311527,True,4523.871289486657,5937.73622287289,17.47,1969.6,9484.367116037383,17224.405605575892,,,9484.367116037383,17224.405605575892,18680.40947174723,9795.730669569302,61645.351256765854,32325.911209578695,per_frame_modeled_airtime_v1,"[[17.47, 263.67], [272.56, 518.76], [528.51, 774.71], [783.04, 1029.24], [1033.88, 1280.08], [1290.51, 1536.71], [1552.62, 1798.82], [1799.7, 2045.9]]",,,,COM4,0123456789abcdefghijklmnopqrstuvwxyzABCDEFGHIJKLMNOPQRSTUVWXYZ-_ | 0123456789abcdefghijklmnopqrstuvwxyzABCDEFGHIJKLMNOPQRSTUVWXYZ-_ | 0123456789abcdefghijklmnopqrstuvwxyzABCDEFGHIJKLMNOPQRSTUVWXYZ-_ | 0123456789abcdefghijklmnopqrstuvwxyzABCDEFGHIJKLMNOPQRSTUVWXYZ-_ | 0123456789abcdefghijklmnopqrstuvwxyzABCDEFGHIJKLMNOPQRSTUVWXYZ-_ | 0123456789abcdefghijklmnopqrstuvwxyzABCDEFGHIJKLMNOPQRSTUVWXYZ-_ | 0123456789abcdefghijklmnopqrstuvwxyzABCDEFGHIJKLMNOPQRSTUVWXYZ-_ | 0123456789abcdefghijklmnopqrstuvwxyzABCDEFGHIJKLMNOPQRSTUVWXYZ-_,True,False,ok
lot270_other_profiles_final_candidate2/20260929_193856_radio_ebyte_e79_cc1352p,lot270_other_profiles_final_candidate2/20260929_193856_radio_ebyte_e79_cc1352p/run_00130,run_00130,2026-09-29T16:49:35+00:00,RADIO_EBYTE_E79_CC1352P,Ebyte E79-400DM2005S (CC1352P AT modem),RADIO_EBYTE_E79_CC1352P + AT_COMMANDS; E79 modem firmware 0.3.0 required,tx,COM16,COM4,COM16,5,512,8,64,512,"{""rf_profile"": ""SLR2K5"", ""tx_power_dbm"": 13}",ampere,3300,1969.6,1969.6,320512,0.11966493817311527,True,4536.013474435363,5973.578763081774,23.55,1969.6,9489.363576764192,17868.230650563695,,,9489.363576764192,17868.230650563695,18690.25050079475,9781.547471775539,61677.82665262267,32279.106656859276,per_frame_modeled_airtime_v1,"[[23.55, 269.75], [273.17, 519.37], [524.08, 770.28], [782.2, 1028.4], [1044.46, 1290.66], [1295.22, 1541.42], [1552.41, 1798.61], [1800.98, 2047.18]]",,,,COM4,0123456789abcdefghijklmnopqrstuvwxyzABCDEFGHIJKLMNOPQRSTUVWXYZ-_ | 0123456789abcdefghijklmnopqrstuvwxyzABCDEFGHIJKLMNOPQRSTUVWXYZ-_ | 0123456789abcdefghijklmnopqrstuvwxyzABCDEFGHIJKLMNOPQRSTUVWXYZ-_ | 0123456789abcdefghijklmnopqrstuvwxyzABCDEFGHIJKLMNOPQRSTUVWXYZ-_ | 0123456789abcdefghijklmnopqrstuvwxyzABCDEFGHIJKLMNOPQRSTUVWXYZ-_ | 0123456789abcdefghijklmnopqrstuvTUVWXYZ-_ | 0123456789abcdefghijklmnopqrstuvwxyzABCDEFGHIJKLMNOPQRSTUVWXYZ-_ | 0123456789abcdefghijklmnopqrstuvwxyzABCDEFGHIJKLMNOPQRSTUVWXYZ-_,False,True,rx_missing
lot270_other_profiles_final_candidate2/20260929_193856_radio_ebyte_e79_cc1352p,lot270_other_profiles_final_candidate2/20260929_193856_radio_ebyte_e79_cc1352p/run_00131,run_00131,2026-09-29T16:49:47+00:00,RADIO_EBYTE_E79_CC1352P,Ebyte E79-400DM2005S (CC1352P AT modem),RADIO_EBYTE_E79_CC1352P + AT_COMMANDS; E79 modem firmware 0.3.0 required,tx,COM16,COM4,COM16,1,1024,16,64,1024,"{""rf_profile"": ""SLR2K5"", ""tx_power_dbm"": 13}",ampere,3300,3939.2,3939.2,586752,0.006816725517730303,True,4536.013474435363,6030.9608932392575,15.83,3939.2,9487.152011470489,19109.797829089188,,,9487.152011470489,19109.797829089188,37371.78920358455,19557.36758433253,123326.904371829,64539.31302829734,per_frame_modeled_airtime_v1,"[[15.83, 262.03], [276.56, 522.76], [534.7, 780.9], [781.34, 1027.54], [1042.11, 1288.31], [1301.08, 1547.28], [1548.06, 1794.26], [1801.68, 2047.88], [2066.8, 2313.0], [2317.85, 2564.05], [2568.44, 2814.64], [2826.35, 3072.55], [3077.64, 3323.84], [3338.09, 3584.29], [3592.21, 3838.41], [3839.14, 4085.34]]",,,,COM4,0123456789abcdefghijklmnopqrstuvwxyzABCDEFGHIJKLMNOPQRSTUVWXYZ-_ | 0123456789abcdefghijklmnopqrstuvwxyzABCDEFGHIJKLMNOPQRSTUVWXYZ-_ | 0123456789abcdefghijklmnopqrstuvwxyzABCDEFGHIJKLMNOPQRSTUVWXYZ-_ | 0123456789abcdefghijklmnopqrstuvwxyzABCDEFGHIJKLMNOPQRSTUVWXYZ-_ | 0123456789abcdefghijklmnopqrstuvwxyzABCDEFGHIJKLMNOPQRSTUVWXYZ-_ | 0123456789abcdefghijklmnopqrstuvwxyzABCDEFGHIJKLMNOPQRSTUVWXYZ-_ | 0123456789abcdefghijklmnopqrstuvwxyzABCDEFGHIJKLMNOPQRSTUVWXYZ-_ | 0123456789abcdefghijklmnopqrstuvwxyzABCDEFGHIJKLMNOPQRSTUVWXYZ-_ | 0123456789abcdefghijklmnopqrstuvwxyzABCDEFGHIJKLMNOPQRSTUVWXYZ-_ | 0123456789abcdefghijklmnopqrstuvwxyzABCDEFGHIJKLMNOPQRSTUVWXYZ-_0123456789abcdefghijklmnopqrstuvwxyzABCDEFGHIJKLMNOPQRSTUVWXYZ-_ | 0123456789abcdefghijklmnopqrstuvwxyzABCDEFGHIJKLMNOPQRSTUVWXYZ-_ | 0123456789abcdefghijklmnopqrstuvwxyzABCDEFGHIJKLMNOPQRSTUVWXYZ-_ | 0123456789abcdefghijklmnopqrstuvwxyzABCDEFGHIJKLMNOPQRSTUVWXYZ-_ | 0123456789abcdefghijklmnopqrstuvwxyzABCDEFGHIJKLMNOPQRSTUVWXYZ-_ | 0123456789abcdefghijklmnopqrstuvwxyzABCDEFGHIJKLMNOPQRSTUVWXYZ-_,False,True,rx_missing
lot270_other_profiles_final_candidate2/20260929_193856_radio_ebyte_e79_cc1352p,lot270_other_profiles_final_candidate2/20260929_193856_radio_ebyte_e79_cc1352p/run_00132,run_00132,2026-09-29T16:49:59+00:00,RADIO_EBYTE_E79_CC1352P,Ebyte E79-400DM2005S (CC1352P AT modem),RADIO_EBYTE_E79_CC1352P + AT_COMMANDS; E79 modem firmware 0.3.0 required,tx,COM16,COM4,COM16,2,1024,16,64,1024,"{""rf_profile"": ""SLR2K5"", ""tx_power_dbm"": 13}",ampere,3300,3939.2,3939.2,586752,0.006816725517730303,True,4521.44332132528,5964.105899479974,12.23,3939.2,9478.921092474859,17952.885920547847,,,9478.921092474859,17952.885920547847,37339.365967476966,19577.59806235242,123219.90769267398,64606.07360576298,per_frame_modeled_airtime_v1,"[[12.23, 258.43], [271.59, 517.79], [524.05, 770.25], [777.0, 1023.2], [1036.44, 1282.64], [1289.17, 1535.37], [1539.0, 1785.2], [1797.22, 2043.42], [2045.3, 2291.5], [2300.89, 2547.09], [2556.28, 2802.48], [2810.42, 3056.62], [3070.76, 3316.96], [3325.63, 3571.83], [3574.43, 3820.63], [3837.56, 4083.76]]",,,,COM4,0123456789abcdefghijklmnopqrstuvwxyzABCDEFGHIJKLMNOPQRSTUVWXYZ-_ | 0123456789abcdefghijklmnopqrstuvwxyzABCDEFGHIJKLMNOPQRSTUVWXYZ-_ | 0123456789abcdefghijklmnopqrstuvwxyzABCDEFGHIJKLMNOPQRSTUVWXYZ-_ | 0123456789abcdefghijklmnopqrstuvwxyzABCDEFGHIJKLMNOPQRSTUVWXYZ-_ | 0123456789abcdefghijklmnopqrstuvwxyzABCDEFGHIJKLMNOPQRSTUVWXYZ-_ | 0123456789abcdefghijklmnopqrstuvwxyzABCDEFGHIJKLMNOPQRSTUVWXYZ-_ | 0123456789abcdefghijklmnopqrstuvwxyzABCDEFGHIJKLMNOPQRSTUVWXYZ-_ | 0123456789abcdefghijklmnopqrstuvwxyzABCDEFGHIJKLMNOPQRSTUVWXYZ-_ | 0123456789abcdefghijklmnopqrstuvwxyzABCDEFGHIJKLMNOPQRSTUVWXYZ-_ | 0123456789abcdefghijklmnopqrstuvwxyzABCDEFGHIJKLMNOPQRSTUVWXYZ-_ | 0123456789abcdefghijklmnopqrstuvwxyzABCDEFGHIJKLMNOPQRSTUVWXYZ-_ | 0123456789abcdefghijklmnopqrstuvwxyzABCDEFGHIJKLMNOPQRSTUVWXYZ-_ | 0123456789abcdefghijklmnopqrstuvwxyzABCDEFGHIJKLMNOPQRSTUVWXYZ-_ | 0123456789abcdefghijklmnopqrstuvwxyzABCDEFGHIJKLMNOPQRSTUVWXYZ-_ | 0123456789abcdefghijklmnopqrstuvwxyzABCDEFGHIJKLMNOPQRSTUVWXYZ-_ | 0123456789abcdefghijklmnopqrstuvwxyzABCDEFGHIJKLMNOPQRSTUVWXYZ-_,True,False,ok
lot270_other_profiles_final_candidate2/20260929_193856_radio_ebyte_e79_cc1352p,lot270_other_profiles_final_candidate2/20260929_193856_radio_ebyte_e79_cc1352p/run_00133,run_00133,2026-09-29T16:50:11+00:00,RADIO_EBYTE_E79_CC1352P,Ebyte E79-400DM2005S (CC1352P AT modem),RADIO_EBYTE_E79_CC1352P + AT_COMMANDS; E79 modem firmware 0.3.0 required,tx,COM16,COM4,COM16,3,1024,16,64,1024,"{""rf_profile"": ""SLR2K5"", ""tx_power_dbm"": 13}",ampere,3300,3939.2,3939.2,586752,0.006816725517730303,True,4531.155975351395,5974.281943461386,14.46,3939.2,9483.049476995411,17775.045979632545,,,9483.049476995411,17775.045979632545,37355.62849978032,19556.796642626054,123273.57404927506,64537.428920665974,per_frame_modeled_airtime_v1,"[[14.46, 260.66], [271.16, 517.36], [533.42, 779.62], [789.13, 1035.33], [1038.88, 1285.08], [1291.86, 1538.06], [1556.39, 1802.59], [1812.45, 2058.65], [2063.88, 2310.08], [2323.94, 2570.14], [2575.06, 2821.26], [2828.07, 3074.27], [3086.24, 3332.44], [3334.81, 3581.01], [3590.66, 3836.86], [3853.4, 4099.6]]",,,,COM4,0123456789abcdefghijklmnopqrstuvwxyzABCDEFGHIJKLMNOPQRSTUVWXYZ-_ | 0123456789abcdefghijklmnopqrstuvwxyzABCDEFGHIJKLMNOPQRSTUVWXYZ-_ | 0123456789abcdefghijklmnopqrstuvwxyzABCDEFGHIJKLMNOPQRSTUVWXYZ-_ | 0123456789abcdefghijklmnopqrstuvwxyzABCDEFGHIJKLMNOPQRSTUVWXYZ-_ | 0123456789abcdefghijklmnopqrstuvwxyzABCDEFGHIJKLMNOPQRSTUVWXYZ-_ | 0123456789abcdefghijklmnopqrstuvVWXYZ-_ | 0123456789abcdefghijklmnopqrstuvwxyzABCDEFGHIJKLMNOPQRSTUVWXYZ-_ | 0123456789abcdefghijklmnopqrstuvwxyzABCDEFGHIJKLMNOPQRSTUVWXYZ-_ | 0123456789abcdefghijklmnopqrstuvwxyzABCDEFGHIJKLMNOPQRSTUVWXYZ-_ | 0123456789abcdefghijklmnopqrstuvwxyzABCDEFGHIJKLMNOPQRSTUVWXYZ-_ | 0123456789abcdefghijklmnopqrstuvwxyzABCDEFGHIJKLMNOPQRSTUVWXYZ-_ | 0123456789abcdefghijklmnopqrstuvwxyzABCDEFGHIJKLMNOPQRSTUVWXYZ-_ | 0123456789abcdefghijklmnopqrstuvwxyzABCDEFGHIJKLMNOPQRSTUVWXYZ-_ | 0123456789abcdefghijklmnopqrstuvwxyzABCDEFGHIJKLMNOPQRSTUVWXYZ-_ | 0123456789abcdefghijklmnopqrstuvwxyzABCDEFGHIJKLMNOPQRSTUVWXYZ-_ | 0123456789abcdefghijklmnopqrstuvwxyzABCDEFGHIJKLMNOPQRSTUVWXYZ-_,False,True,rx_missing
lot270_other_profiles_final_candidate2/20260929_193856_radio_ebyte_e79_cc1352p,lot270_other_profiles_final_candidate2/20260929_193856_radio_ebyte_e79_cc1352p/run_00134,run_00134,2026-09-29T16:50:23+00:00,RADIO_EBYTE_E79_CC1352P,Ebyte E79-400DM2005S (CC1352P AT modem),RADIO_EBYTE_E79_CC1352P + AT_COMMANDS; E79 modem firmware 0.3.0 required,tx,COM16,COM4,COM16,4,1024,16,64,1024,"{""rf_profile"": ""SLR2K5"", ""tx_power_dbm"": 13}",ampere,3300,3939.2,3939.2,586752,0.006816725517730303,True,4521.44332132528,5964.105899479974,22.09,3939.2,9490.206300443626,18696.784272455563,,,9490.206300443626,18696.784272455563,37383.82065870753,19625.165940851843,123366.60817373486,64763.04760481108,per_frame_modeled_airtime_v1,"[[22.09, 268.29], [275.07, 521.27], [530.92, 777.12], [786.55, 1032.75], [1035.44, 1281.64], [1294.81, 1541.01], [1544.96, 1791.16], [1803.74, 2049.94], [2057.07, 2303.27], [2313.02, 2559.22], [2564.72, 2810.92], [2816.35, 3062.55], [3077.59, 3323.79], [3326.57, 3572.77], [3578.91, 3825.11], [3844.88, 4091.08]]",,,,COM4,0123456789abcdefghijklmnopqrstuvwxyzABCDEFGHIJKLMNOPQRSTUVWXYZ-_ | 0123456789abcdefghijklmnopqrstuvwxyzABCDEFGHIJKLMNOPQRSTUVWXYZ-_ | 0123456789abcdefghijklmnopqrstuvwxyzABCDEFGHIJKLMNOPQRSTUVWXYZ-_ | 0123456789abcdefghijklmnopqrstuvwxyzABCDEFGHIJKLMNOPQRSTUVWXYZ-_ | 0123456789abcdefghijklmnopqrstuvwxyzABCDEFGHIJKLMNOPQRSTUVWXYZ-_ | 0123456789abcdefghijklmnopqrstuvwxyzABCDEFGHIJKLMNOPQRSTUVWXYZ-_ | 0123456789abcdefghijklmnopqrstuvwxyzABCDEFGHIJKLMNOPQRSTUVWXYZ-_ | 0123456789abcdefghijklmnopqrstuvwxyzABCDEFGHIJKLMNOPQRSTUVWXYZ-_ | 0123456789abcdefghijklmnopqrstuvwxyzABCDEFGHIJKLMNOPQRSTUVWXYZ-_ | 0123456789abcdefghijklmnopqrstuvwxyzABCDEFGHIJKLMNOPQRSTUVWXYZ-_ | 0123456789abcdefghijklmnopqrstuvwxyzABCDEFGHIJKLMNOPQRSTUVWXYZ-_ | 0123456789abcdefghijklmnopqrstuvwxyzABCDEFGHIJKLMNOPQRSTUVWXYZ-_ | 0123456789abcdefghijklmnopqrstuvwxyzABCDEFGHIJKLMNOPQRSTUVWXYZ-_ | 0123456789abcdefghijklmnopqrstuvwxyzABCDEFGHIJKLMNOPQRSTUVWXYZ-_0123456789abcdefghijklmnopqrstuvwxyzABCDEFGHIJKLMNOPQRSTUVWXYZ-_ | 0123456789abcdefghijklmnopqrstuvwxyzABCDEFGHIJKLMNOPQRSTUVWXYZ-_,False,True,rx_missing
lot270_other_profiles_final_candidate2/20260929_193856_radio_ebyte_e79_cc1352p,lot270_other_profiles_final_candidate2/20260929_193856_radio_ebyte_e79_cc1352p/run_00135,run_00135,2026-09-29T16:50:35+00:00,RADIO_EBYTE_E79_CC1352P,Ebyte E79-400DM2005S (CC1352P AT modem),RADIO_EBYTE_E79_CC1352P + AT_COMMANDS; E79 modem firmware 0.3.0 required,tx,COM16,COM4,COM16,5,1024,16,64,1024,"{""rf_profile"": ""SLR2K5"", ""tx_power_dbm"": 13}",ampere,3300,3939.2,3939.2,586752,0.006816725517730303,True,4526.299257648033,5963.401156339136,24.3,3939.2,9489.482256224524,17983.521580025998,,,9489.482256224524,17983.521580025998,37380.96850371965,19600.47015009501,123357.19606227483,64681.55149531353,per_frame_modeled_airtime_v1,"[[24.3, 270.5], [271.0, 517.2], [527.24, 773.44], [782.86, 1029.06], [1044.35, 1290.55], [1294.31, 1540.51], [1549.41, 1795.61], [1797.1, 2043.3], [2051.0, 2297.2], [2306.64, 2552.84], [2563.68, 2809.88], [2816.0, 3062.2], [3080.78, 3326.98], [3335.45, 3581.65], [3582.37, 3828.57], [3847.47, 4093.67]]",,,,COM4,0123456789abcdefghijklmnopqrstuvwxyzABCDEFGHIJKLMNOPQRSTUVWXYZ-_ | 0123456789abcdefghijklmnopqrstuvwxyzABCDEFGHIJKLMNOPQRSTUVWXYZ-_ | 0123456789abcdefghijklmnopqrstuvwxyzABCDEFGHIJKLMNOPQRSTUVWXYZ-_ | 0123456789abcdefghijklmnopqrstuvwxyzABCDEFGHIJKLMNOPQRSTUVWXYZ-_ | 0123456789abcdefghijklmnopqrstuvwxyzABCDEFGHIJKLMNOPQRSTUVWXYZ-_ | 0123456789abcdefghijklmnopqrstuvwxyzABCDEFGHIJKLMNOPQRSTUVWXYZ-_ | 0123456789abcdefghijklmnopqrstuvwxyzABCDEFGHIJKLMNOPQRSTUVWXYZ-_ | 0123456789abcdefghijklmnopqrstuvwxyzABCDEFGHIJKLMNOPQRSTUVWXYZ-_ | 0123456789abcdefghijklmnopqrstuvwxyzABCDEFGHIJKLMNOPQRSTUVWXYZ-_ | 0123456789abcdefghijklmnopqrstuvwxyzABCDEFGHIJKLMNOPQRSTUVWXYZ-_ | 0123456789abcdefghijklmnopqrstuvwxyzABCDEFGHIJKLMNOPQRSTUVWXYZ-_ | 0123456789abcdefghijklmnopqrstuvwxyzABCDEFGHIJKLMNOPQRSTUVWXYZ-_ | 0123456789abcdefghijklmnopqrstuvwxyzABCDEFGHIJKLMNOPQRSTUVWXYZ-_ | 0123456789abcdefghijklmnopqrstuvwxyzABCDEFGHIJKLMNOPQRSTUVWXYZ-_ | 0123456789abcdefghijklmnopqrstuvwxyzABCDEFGHIJKLMNOPQRSTUVWXYZ-_ | 0123456789abcdefghijklmnopqrstuvwxyzABCDEFGHIJKLMNOPQRSTUVWXYZ-_,True,False,ok
lot270_other_profiles_final_candidate2/20260929_193856_radio_ebyte_e79_cc1352p,lot270_other_profiles_final_candidate2/20260929_193856_radio_ebyte_e79_cc1352p/run_00136,run_00136,2026-09-29T16:50:39+00:00,RADIO_EBYTE_E79_CC1352P,Ebyte E79-400DM2005S (CC1352P AT modem),RADIO_EBYTE_E79_CC1352P + AT_COMMANDS; E79 modem firmware 0.3.0 required,tx,COM16,COM4,COM16,1,128,2,64,128,"{""rf_profile"": ""SLR5"", ""tx_power_dbm"": -20}",ampere,3300,249.20000000000002,249.20000000000002,94208,0.8336842105263158,True,4540.8717548999375,5978.668738523991,25.42,249.20000000000002,6913.013847539913,17655.933644092907,,,6913.013847539913,17655.933644092907,1722.723050806946,674.6205603223824,5684.986067662921,2226.247849063862,per_frame_modeled_airtime_v1,"[[25.42, 150.02], [171.93, 296.53]]",,,,COM4,0123456789abcdefghijklmnopqrstuvwxyzABCDEFGHIJKLMNOPQRSTUVWXYZ-_ | 0123456789abcdefghijklmnopqrstuvwxyzABCDEFGHIJKLMNOPQRSTUVWXYZ-_,True,False,ok
lot270_other_profiles_final_candidate2/20260929_193856_radio_ebyte_e79_cc1352p,lot270_other_profiles_final_candidate2/20260929_193856_radio_ebyte_e79_cc1352p/run_00137,run_00137,2026-09-29T16:50:41+00:00,RADIO_EBYTE_E79_CC1352P,Ebyte E79-400DM2005S (CC1352P AT modem),RADIO_EBYTE_E79_CC1352P + AT_COMMANDS; E79 modem firmware 0.3.0 required,tx,COM16,COM4,COM16,2,128,2,64,128,"{""rf_profile"": ""SLR5"", ""tx_power_dbm"": -20}",ampere,3300,249.20000000000002,249.20000000000002,94208,0.8336842105263158,True,4540.8717548999375,5984.461112965214,27.34,249.20000000000002,6947.7593321475615,17635.951540532442,,,6947.7593321475615,17635.951540532442,1731.3816255711722,683.9488937209775,5713.559364384868,2257.0313492792257,per_frame_modeled_airtime_v1,"[[27.34, 151.94], [170.52, 295.12]]",,,,COM4,0123456789abcdefghijklmnopqrstuvwxyzABCDEFGHIJKLMNOPQRSTUVWXYZ-_ | 0123456789abcdefghijklmnopqrstuvwxyzABCDEFGHIJKLMNOPQRSTUVWXYZ-_,True,False,ok
lot270_other_profiles_final_candidate2/20260929_193856_radio_ebyte_e79_cc1352p,lot270_other_profiles_final_candidate2/20260929_193856_radio_ebyte_e79_cc1352p/run_00138,run_00138,2026-09-29T16:50:44+00:00,RADIO_EBYTE_E79_CC1352P,Ebyte E79-400DM2005S (CC1352P AT modem),RADIO_EBYTE_E79_CC1352P + AT_COMMANDS; E79 modem firmware 0.3.0 required,tx,COM16,COM4,COM16,3,128,2,64,128,"{""rf_profile"": ""SLR5"", ""tx_power_dbm"": -20}",ampere,3300,249.20000000000002,249.20000000000002,94208,0.8336842105263158,True,4536.013474435363,5979.371137522986,23.59,249.20000000000002,6945.815013344779,17744.839662512277,,,6945.815013344779,17744.839662512277,1730.8971013255189,683.3224740018752,5711.960434374212,2254.964164206188,per_frame_modeled_airtime_v1,"[[23.59, 148.19], [171.88, 296.48]]",,,,COM4,0123456789abcdefghijklmnopqrstuvwxyzABCDEFGHIJKLMNOPQRSTUVWXYZ-_ | 0123456789abcdefghijklmnopqrstuvwxyzABCDEFGHIJKLMNOPQRSTUVWXYZ-_,True,False,ok
lot270_other_profiles_final_candidate2/20260929_193856_radio_ebyte_e79_cc1352p,lot270_other_profiles_final_candidate2/20260929_193856_radio_ebyte_e79_cc1352p/run_00139,run_00139,2026-09-29T16:50:47+00:00,RADIO_EBYTE_E79_CC1352P,Ebyte E79-400DM2005S (CC1352P AT modem),RADIO_EBYTE_E79_CC1352P + AT_COMMANDS; E79 modem firmware 0.3.0 required,tx,COM16,COM4,COM16,4,128,2,64,128,"{""rf_profile"": ""SLR5"", ""tx_power_dbm"": -20}",ampere,3300,249.20000000000002,249.20000000000002,94208,0.8336842105263158,True,4536.013474435363,5979.371137522986,26.88,249.20000000000002,6995.492365774437,17765.642294112622,,,6995.492365774437,17765.642294112622,1743.2766975509896,696.5761623493321,5752.813101918266,2298.701335752796,per_frame_modeled_airtime_v1,"[[26.88, 151.48], [169.92, 294.52]]",,,,COM4,0123456789abcdefghijklmnopqrstuvwxyzABCDEFGHIJKLMNOPQRSTUVWXYZ-_ | 0123456789abcdefghijklmnopqrstuvwxyzABCDEFGHIJKLMNOPQRSTUVWXYZ-_,True,False,ok
lot270_other_profiles_final_candidate2/20260929_193856_radio_ebyte_e79_cc1352p,lot270_other_profiles_final_candidate2/20260929_193856_radio_ebyte_e79_cc1352p/run_00140,run_00140,2026-09-29T16:50:50+00:00,RADIO_EBYTE_E79_CC1352P,Ebyte E79-400DM2005S (CC1352P AT modem),RADIO_EBYTE_E79_CC1352P + AT_COMMANDS; E79 modem firmware 0.3.0 required,tx,COM16,COM4,COM16,5,128,2,64,128,"{""rf_profile"": ""SLR5"", ""tx_power_dbm"": -20}",ampere,3300,249.20000000000002,249.20000000000002,94208,0.8336842105263158,True,4536.013474435363,5979.371137522986,25.27,249.20000000000002,6908.559881477668,17603.41422271281,,,6908.559881477668,17603.41422271281,1721.6131224642347,675.1353609558003,5681.3233041319745,2227.946691154141,per_frame_modeled_airtime_v1,"[[25.27, 149.87], [172.28, 296.88]]",,,,COM4,0123456789abcdefghijklmnopqrstuvwxyzABCDEFGHIJKLMNOPQRSTUVWXYZ-_ | 0123456789abcdefghijklmnopqrstuvwxyzABCDEFGHIJKLMNOPQRSTUVWXYZ-_,True,False,ok
lot270_other_profiles_final_candidate2/20260929_193856_radio_ebyte_e79_cc1352p,lot270_other_profiles_final_candidate2/20260929_193856_radio_ebyte_e79_cc1352p/run_00141,run_00141,2026-09-29T16:50:54+00:00,RADIO_EBYTE_E79_CC1352P,Ebyte E79-400DM2005S (CC1352P AT modem),RADIO_EBYTE_E79_CC1352P + AT_COMMANDS; E79 modem firmware 0.3.0 required,tx,COM16,COM4,COM16,1,512,8,64,512,"{""rf_profile"": ""SLR5"", ""tx_power_dbm"": -20}",ampere,3300,996.8000000000001,996.8000000000001,189440,0.0675219446320054,True,4540.8717548999375,5984.461112965214,27.22,996.8000000000001,6958.569621627393,17747.999998119896,,,6958.569621627393,17747.999998119896,6936.302198838185,2747.3515783615326,22889.79725616601,9066.260208593058,per_frame_modeled_airtime_v1,"[[27.22, 151.82], [169.56, 294.16], [314.72, 439.32], [459.02, 583.62], [605.65, 730.25], [750.38, 874.98], [899.94, 1024.54], [1044.1, 1168.7]]",,,,COM4,0123456789abcdefghijklmnopqrstuvwxyzABCDEFGHIJKLMNOPQRSTUVWXYZ-_ | 0123456789abcdefghijklmnopqrstuvwxyzABCDEFGHIJKLMNOPQRSTUVWXYZ-_ | 0123456789abcdefghijklmnopqrstuvwxyzABCDEFGHIJKLMNOPQRSTUVWXYZ-_ | 0123456789abcdefghijklmnopqrstuvwxyzABCDEFGHIJKLMNOPQRSTUVWXYZ-_ | 0123456789abcdefghijklmnopqrstuvwxyzABCDEFGHIJKLMNOPQRSTUVWXYZ-_ | 0123456789abcdefghijklmnopqrstuvwxyzABCDEFGHIJKLMNOPQRSTUVWXYZ-_ | 0123456789abcdefghijklmnopqrstuvwxyzABCDEFGHIJKLMNOPQRSTUVWXYZ-_ | 0123456789abcdefghijklmnopqrstuvwxyzABCDEFGHIJKLMNOPQRSTUVWXYZ-_,True,False,ok
lot270_other_profiles_final_candidate2/20260929_193856_radio_ebyte_e79_cc1352p,lot270_other_profiles_final_candidate2/20260929_193856_radio_ebyte_e79_cc1352p/run_00142,run_00142,2026-09-29T16:50:59+00:00,RADIO_EBYTE_E79_CC1352P,Ebyte E79-400DM2005S (CC1352P AT modem),RADIO_EBYTE_E79_CC1352P + AT_COMMANDS; E79 modem firmware 0.3.0 required,tx,COM16,COM4,COM16,2,512,8,64,512,"{""rf_profile"": ""SLR5"", ""tx_power_dbm"": -20}",ampere,3300,996.8000000000001,996.8000000000001,189440,0.0675219446320054,True,4540.8717548999375,6036.060136480577,27.01,996.8000000000001,6937.213474131562,17761.16928780006,,,6937.213474131562,17761.16928780006,6915.0143910143415,2725.275554375975,22819.547490347326,8993.409329440718,per_frame_modeled_airtime_v1,"[[27.01, 151.61], [170.27, 294.87], [319.71, 444.31], [467.42, 592.02], [614.9, 739.5], [758.07, 882.67], [909.33, 1033.93], [1054.02, 1178.62]]",,,,COM4,0123456789abcdefghijklmnopqrstuvwxyzABCDEFGHIJKLMNOPQRSTUVWXYZ-_ | 0123456789abcdefghijklmnopqrstuvwxyzABCDEFGHIJKLMNOPQRSTUVWXYZ-_ | 0123456789abcdefghijklmnopqrstuvwxyzABCDEFGHIJKLMNOPQRSTUVWXYZ-_ | 0123456789abcdefghijklmnopqrstuvwxyzABCDEFGHIJKLMNOPQRSTUVWXYZ-_ | 0123456789abcdefghijklmnopqrstuvwxyzABCDEFGHIJKLMNOPQRSTUVWXYZ-_ | 0123456789abcdefghijklmnopqrstuvwxyzABCDEFGHIJKLMNOPQRSTUVWXYZ-_ | 0123456789abcdefghijklmnopqrstuvwxyzABCDEFGHIJKLMNOPQRSTUVWXYZ-_ | 0123456789abcdefghijklmnopqrstuvwxyzABCDEFGHIJKLMNOPQRSTUVWXYZ-_,True,False,ok
lot270_other_profiles_final_candidate2/20260929_193856_radio_ebyte_e79_cc1352p,lot270_other_profiles_final_candidate2/20260929_193856_radio_ebyte_e79_cc1352p/run_00143,run_00143,2026-09-29T16:51:04+00:00,RADIO_EBYTE_E79_CC1352P,Ebyte E79-400DM2005S (CC1352P AT modem),RADIO_EBYTE_E79_CC1352P + AT_COMMANDS; E79 modem firmware 0.3.0 required,tx,COM16,COM4,COM16,3,512,8,64,512,"{""rf_profile"": ""SLR5"", ""tx_power_dbm"": -20}",ampere,3300,996.8000000000001,996.8000000000001,189440,0.0675219446320054,True,4536.013474435363,6030.9608932392575,24.31,996.8000000000001,6931.573876722642,17792.42342926927,,,6931.573876722642,17792.42342926927,6909.39284031713,2722.9862231084676,22800.996373046528,8985.854536257943,per_frame_modeled_airtime_v1,"[[24.31, 148.91], [172.52, 297.12], [317.15, 441.75], [463.62, 588.22], [607.28, 731.88], [755.76, 880.36], [901.22, 1025.82], [1047.85, 1172.45]]",,,,COM4,0123456789abcdefghijklmnopqrstuvwxyzABCDEFGHIJKLMNOPQRSTUVWXYZ-_ | 0123456789abcdefghijklmnopqrstuvwxyzABCDEFGHIJKLMNOPQRSTUVWXYZ-_ | 0123456789abcdefghijklmnopqrstuvwxyzABCDEFGHIJKLMNOPQRSTUVWXYZ-_ | 0123456789abcdefghijklmnopqrstuvwxyzABCDEFGHIJKLMNOPQRSTUVWXYZ-_ | 0123456789abcdefghijklmnopqrstuvwxyzABCDEFGHIJKLMNOPQRSTUVWXYZ-_ | 0123456789abcdefghijklmnopqrstuvwxyzABCDEFGHIJKLMNOPQRSTUVWXYZ-_ | 0123456789abcdefghijklmnopqrstuvwxyzABCDEFGHIJKLMNOPQRSTUVWXYZ-_ | 0123456789abcdefghijklmnopqrstuvwxyzABCDEFGHIJKLMNOPQRSTUVWXYZ-_,True,False,ok
lot270_other_profiles_final_candidate2/20260929_193856_radio_ebyte_e79_cc1352p,lot270_other_profiles_final_candidate2/20260929_193856_radio_ebyte_e79_cc1352p/run_00144,run_00144,2026-09-29T16:51:08+00:00,RADIO_EBYTE_E79_CC1352P,Ebyte E79-400DM2005S (CC1352P AT modem),RADIO_EBYTE_E79_CC1352P + AT_COMMANDS; E79 modem firmware 0.3.0 required,tx,COM16,COM4,COM16,4,512,8,64,512,"{""rf_profile"": ""SLR5"", ""tx_power_dbm"": -20}",ampere,3300,996.8000000000001,996.8000000000001,189440,0.0675219446320054,True,4531.155975351395,5974.281943461386,25.83,996.8000000000001,6971.573207963102,17950.874548383337,,,6971.573207963102,17950.874548383337,6949.264173697619,2766.728871225173,22932.571773202144,9130.20527504307,per_frame_modeled_airtime_v1,"[[25.83, 150.43], [169.05, 293.65], [316.46, 441.06], [460.87, 585.47], [606.15, 730.75], [754.21, 878.81], [896.17, 1020.77], [1044.78, 1169.38]]",,,,COM4,0123456789abcdefghijklmnopqrstuvwxyzABCDEFGHIJKLMNOPQRSTUVWXYZ-_ | 0123456789abcdefghijklmnopqrstuvwxyzABCDEFGHIJKLMNOPQRSTUVWXYZ-_ | 0123456789abcdefghijklmnopqrstuvwxyzABCDEFGHIJKLMNOPQRSTUVWXYZ-_ | 0123456789abcdefghijklmnopqrstuvwxyzABCDEFGHIJKLMNOPQRSTUVWXYZ-_ | 0123456789abcdefghijklmnopqrstuvwxyzABCDEFGHIJKLMNOPQRSTUVWXYZ-_ | 0123456789abcdefghijklmnopqrstuvwxyzABCDEFGHIJKLMNOPQRSTUVWXYZ-_ | 0123456789abcdefghijklmnopqrstuvwxyzABCDEFGHIJKLMNOPQRSTUVWXYZ-_0123456789abcdefghijklmnopqrstuvwxyzABCDEFGHIJKLMNOPQRSTUVWXYZ-_,False,True,rx_missing
lot270_other_profiles_final_candidate2/20260929_193856_radio_ebyte_e79_cc1352p,lot270_other_profiles_final_candidate2/20260929_193856_radio_ebyte_e79_cc1352p/run_00145,run_00145,2026-09-29T16:51:13+00:00,RADIO_EBYTE_E79_CC1352P,Ebyte E79-400DM2005S (CC1352P AT modem),RADIO_EBYTE_E79_CC1352P + AT_COMMANDS; E79 modem firmware 0.3.0 required,tx,COM16,COM4,COM16,5,512,8,64,512,"{""rf_profile"": ""SLR5"", ""tx_power_dbm"": -20}",ampere,3300,996.8000000000001,996.8000000000001,189440,0.0675219446320054,True,4536.013474435363,5979.371137522986,27.52,996.8000000000001,6949.8809479145975,17818.458899208952,,,6949.8809479145975,17818.458899208952,6927.641328881271,2741.137721083692,22861.216385308195,9045.754479576184,per_frame_modeled_airtime_v1,"[[27.52, 152.12], [171.08, 295.68], [318.82, 443.42], [465.23, 589.83], [607.7, 732.3], [753.81, 878.41], [902.24, 1026.84], [1046.89, 1171.49]]",,,,COM4,0123456789abcdefghijklmnopqrstuvwxyzABCDEFGHIJKLMNOPQRSTUVWXYZ-_ | 0123456789abcdefghijklmnopqrstuvwxyzABCDEFGHIJKLMNOPQRSTUVWXYZ-_ | 0123456789abcdefghijklmnopqrstuvwxyzABCDEFGHIJKLMNOPQRSTUVWXYZ-_ | 0123456789abcdefghijklmnopqrstuvwxyzABCDEFGHIJKLMNOPQRSTUVWXYZ-_ | 0123456789abcdefghijklmnopqrstuvwxyzABCDEFGHIJKLMNOPQRSTUVWXYZ-_ | 0123456789abcdefghijklmnopqrstuvwxyzABCDEFGHIJKLMNOPQRSTUVWXYZ-_ | 0123456789abcdefghijklmnopqrstuvwxyzABCDEFGHIJKLMNOPQRSTUVWXYZ-_ | 0123456789abcdefghijklmnopqrstuvwxyzABCDEFGHIJKLMNOPQRSTUVWXYZ-_,True,False,ok
lot270_other_profiles_final_candidate2/20260929_193856_radio_ebyte_e79_cc1352p,lot270_other_profiles_final_candidate2/20260929_193856_radio_ebyte_e79_cc1352p/run_00146,run_00146,2026-09-29T16:51:20+00:00,RADIO_EBYTE_E79_CC1352P,Ebyte E79-400DM2005S (CC1352P AT modem),RADIO_EBYTE_E79_CC1352P + AT_COMMANDS; E79 modem firmware 0.3.0 required,tx,COM16,COM4,COM16,1,1024,16,64,1024,"{""rf_profile"": ""SLR5"", ""tx_power_dbm"": -20}",ampere,3300,1993.6000000000001,1993.6000000000001,323584,0.17029888688698572,True,4536.013474435363,6030.9608932392575,23.63,1993.6000000000001,6951.073602538557,18428.38784931243,,,6951.073602538557,18428.38784931243,13857.660334020868,5485.387333120949,45730.27910226886,18101.77819929913,per_frame_modeled_airtime_v1,"[[23.63, 148.23], [171.65, 296.25], [316.74, 441.34], [462.75, 587.35], [611.54, 736.14], [753.09, 877.69], [901.07, 1025.67], [1044.7, 1169.3], [1190.98, 1315.58], [1337.79, 1462.39], [1482.51, 1607.11], [1629.15, 1753.75], [1770.83, 1895.43], [1917.68, 2042.28], [2061.48, 2186.08], [2208.02, 2332.62]]",,,,COM4,0123456789abcdefghijklmnopqrstuvwxyzABCDEFGHIJKLMNOPQRSTUVWXYZ-_ | 0123456789abcdefghijklmnopqrstuvwxyzABCDEFGHIJKLMNOPQRSTUVWXYZ-_ | 0123456789abcdefghijklmnopqrstuvwxyzABCDEFGHIJKLMNOPQRSTUVWXYZ-_ | 0123456789abcdefghijklmnopqrstuvwxyzABCDEFGHIJKLMNOPQRSTUVWXYZ-_ | 0123456789abcdefghijklmnopqrstuvwxyzABCDEFGHIJKLMNOPQRSTUVWXYZ-_ | 0123456789abcdefghijklmnopqrstuvwxyzABCDEFGHIJKLMNOPQRSTUVWXYZ-_ | 0123456789abcdefghijklmnopqrstuvwxyzABCDEFGHIJKLMNOPQRSTUVWXYZ-_ | 0123456789abcdefghijklmnopqrstuvRSTUVWXYZ-_ | 0123456789abcdefghijklmnopqrstuvwxyzABCDEFGHIJKLMNOPQRSTUVWXYZ-_ | 0123456789abcdefghijklmnopqrstuvwxyzABCDEFGHIJKLMNOPQRSTUVWXYZ-_ | 0123456789abcdefghijklmnopqrstuvwxyzABCDEFGHIJKLMNOPQRSTUVWXYZ-_ | 0123456789abcdefghijklmnopqrstuvwxyzABCDEFGHIJKLMNOPQRSTUVWXYZ-_ | 0123456789abcdefghijklmnopqrstuvwxyzABCDEFGHIJKLMNOPQRSTUVWXYZ-_ | 0123456789abcdefghijklmnopqrstuvwxyzABCDEFGHIJKLMNOPQRSTUVWXYZ-_ | 0123456789abcdefghijklmnopqrstuvwxyzABCDEFGHIJKLMNOPQRSTUVWXYZ-_ | 0123456789abcdefghijklmnopqrstuvwxyzABCDEFGHIJKLMNOPQRSTUVWXYZ-_,False,True,rx_missing
lot270_other_profiles_final_candidate2/20260929_193856_radio_ebyte_e79_cc1352p,lot270_other_profiles_final_candidate2/20260929_193856_radio_ebyte_e79_cc1352p/run_00147,run_00147,2026-09-29T16:51:27+00:00,RADIO_EBYTE_E79_CC1352P,Ebyte E79-400DM2005S (CC1352P AT modem),RADIO_EBYTE_E79_CC1352P + AT_COMMANDS; E79 modem firmware 0.3.0 required,tx,COM16,COM4,COM16,2,1024,16,64,1024,"{""rf_profile"": ""SLR5"", ""tx_power_dbm"": -20}",ampere,3300,1993.6000000000001,1993.6000000000001,323584,0.17029888688698572,True,4536.013474435363,6030.9608932392575,26.6,1993.6000000000001,6939.6349200336435,18531.554505618435,,,6939.6349200336435,18531.554505618435,13834.856176579073,5462.944054194314,45655.02538271094,18027.715378841236,per_frame_modeled_airtime_v1,"[[26.6, 151.2], [173.83, 298.43], [318.02, 442.62], [464.59, 589.19], [607.51, 732.11], [753.0, 877.6], [899.96, 1024.56], [1042.83, 1167.43], [1188.57, 1313.17], [1335.26, 1459.86], [1478.62, 1603.22], [1627.57, 1752.17], [1773.32, 1897.92], [1916.27, 2040.87], [2062.72, 2187.32], [2210.32, 2334.92]]",,,,COM4,0123456789abcdefghijklmnopqrstuvwxyzABCDEFGHIJKLMNOPQRSTUVWXYZ-_ | 0123456789abcdefghijklmnopqrstuvwxyzABCDEFGHIJKLMNOPQRSTUVWXYZ-_ | 0123456789abcdefghijklmnopqrstuvwxyzABCDEFGHIJKLMNOPQRSTUVWXYZ-_ | 0123456789abcdefghijklmnopqrstuvwxyzABCDEFGHIJKLMNOPQRSTUVWXYZ-_ | 0123456789abcdefghijklmnopqrstuvwxyzABCDEFGHIJKLMNOPQRSTUVWXYZ-_ | 0123456789abcdefghijklmnopqrstuvwxyzABCDEFGHIJKLMNOPQRSTUVWXYZ-_ | 0123456789abcdefghijklmnopqrstuvwxyzABCDEFGHIJKLMNOPQRSTUVWXYZ-_ | 0123456789abcdefghijklmnopqrstuvwxyzABCDEFGHIJKLMNOPQRSTUVWXYZ-_ | 0123456789abcdefghijklmnopqrstuvwxyzABCDEFGHIJKLMNOPQRSTUVWXYZ-_ | 0123456789abcdefghijklmnopqrstuvwxyzABCDEFGHIJKLMNOPQRSTUVWXYZ-_ | 0123456789abcdefghijklmnopqrstuvwxyzABCDEFGHIJKLMNOPQRSTUVWXYZ-_ | 0123456789abcdefghijklmnopqrstuvwxyzABCDEFGHIJKLMNOPQRSTUVWXYZ-_ | 0123456789abcdefghijklmnopqrstuvwxyzABCDEFGHIJKLMNOPQRSTUVWXYZ-_ | 0123456789abcdefghijklmnopqrstuvwxyzABCDEFGHIJKLMNOPQRSTUVWXYZ-_ | 0123456789abcdefghijklmnopqrstuvwxyzABCDEFGHIJKLMNOPQRSTUVWXYZ-_ | 0123456789abcdefghijklmnopqrstuvwxyzABCDEFGHIJKLMNOPQRSTUVWXYZ-_,True,False,ok
lot270_other_profiles_final_candidate2/20260929_193856_radio_ebyte_e79_cc1352p,lot270_other_profiles_final_candidate2/20260929_193856_radio_ebyte_e79_cc1352p/run_00148,run_00148,2026-09-29T16:51:35+00:00,RADIO_EBYTE_E79_CC1352P,Ebyte E79-400DM2005S (CC1352P AT modem),RADIO_EBYTE_E79_CC1352P + AT_COMMANDS; E79 modem firmware 0.3.0 required,tx,COM16,COM4,COM16,3,1024,16,64,1024,"{""rf_profile"": ""SLR5"", ""tx_power_dbm"": -20}",ampere,3300,1993.6000000000001,1993.6000000000001,323584,0.17029888688698572,True,4526.299257648033,5963.401156339136,26.59,1993.6000000000001,6933.970811871946,18047.452875243198,,,6933.970811871946,18047.452875243198,13823.564210547913,5462.523361668239,45617.76189480811,18026.327093505188,per_frame_modeled_airtime_v1,"[[26.59, 151.19], [172.93, 297.53], [317.07, 441.67], [462.99, 587.59], [610.42, 735.02], [753.97, 878.57], [897.53, 1022.13], [1048.53, 1173.13], [1193.13, 1317.73], [1339.78, 1464.38], [1485.1, 1609.7], [1630.13, 1754.73], [1774.31, 1898.91], [1920.8, 2045.4], [2068.65, 2193.25], [2215.17, 2339.77]]",,,,COM4,0123456789abcdefghijklmnopqrstuvwxyzABCDEFGHIJKLMNOPQRSTUVWXYZ-_ | 0123456789abcdefghijklmnopqrstuvwxyzABCDEFGHIJKLMNOPQRSTUVWXYZ-_ | 0123456789abcdefghijklmnopqrstuvwxyzABCDEFGHIJKLMNOPQRSTUVWXYZ-_ | 0123456789abcdefghijklmnopqrstuvwxyzABCDEFGHIJKLMNOPQRSTUVWXYZ-_ | 0123456789abcdefghijklmnopqrstuvwxyzABCDEFGHIJKLMNOPQRSTUVWXYZ-_ | 0123456789abcdefghijklmnopqrstuvwxyzABCDEFGHIJKLMNOPQRSTUVWXYZ-_ | 0123456789abcdefghijklmnopqrstuvwxyzABCDEFGHIJKLMNOPQRSTUVWXYZ-_ | 0123456789abcdefghijklmnopqrstuvwxyzABCDEFGHIJKLMNOPQRSTUVWXYZ-_ | 0123456789abcdefghijklmnopqrstuvwxyzABCDEFGHIJKLMNOPQRSTUVWXYZ-_ | 0123456789abcdefghijklmnopqrstuvwxyzABCDEFGHIJKLMNOPQRSTUVWXYZ-_ | 0123456789abcdefghijklmnopqrstuvwxyzABCDEFGHIJKLMNOPQRSTUVWXYZ-_ | 0123456789abcdefghijklmnopqrstuvwxyzABCDEFGHIJKLMNOPQRSTUVWXYZ-_ | 0123456789abcdefghijklmnopqrstuvwxyzABCDEFGHIJKLMNOPQRSTUVWXYZ-_ | 0123456789abcdefghijklmnopqrstuvwxyzABCDEFGHIJKLMNOPQRSTUVWXYZ-_ | 0123456789abcdefghijklmnopqrstuvwxyzABCDEFGHIJKLMNOPQRSTUVWXYZ-_,False,True,rx_missing
lot270_other_profiles_final_candidate2/20260929_193856_radio_ebyte_e79_cc1352p,lot270_other_profiles_final_candidate2/20260929_193856_radio_ebyte_e79_cc1352p/run_00149,run_00149,2026-09-29T16:51:42+00:00,RADIO_EBYTE_E79_CC1352P,Ebyte E79-400DM2005S (CC1352P AT modem),RADIO_EBYTE_E79_CC1352P + AT_COMMANDS; E79 modem firmware 0.3.0 required,tx,COM16,COM4,COM16,4,1024,16,64,1024,"{""rf_profile"": ""SLR5"", ""tx_power_dbm"": -20}",ampere,3300,1993.6000000000001,1993.6000000000001,323584,0.17029888688698572,True,4536.013474435363,6030.9608932392575,25.92,1993.6000000000001,6950.862470079682,17833.23201612179,,,6950.862470079682,17833.23201612179,13857.239420350854,5482.741787911439,45728.890087157815,18093.047900107747,per_frame_modeled_airtime_v1,"[[25.92, 150.52], [171.01, 295.61], [314.34, 438.94], [466.7, 591.3], [611.09, 735.69], [759.28, 883.88], [906.68, 1031.28], [1053.12, 1177.72], [1195.22, 1319.82], [1338.84, 1463.44], [1486.95, 1611.55], [1631.5, 1756.1], [1778.64, 1903.24], [1921.8, 2046.4], [2066.98, 2191.58], [2213.73, 2338.33]]",,,,COM4,0123456789abcdefghijklmnopqrstuvwxyzABCDEFGHIJKLMNOPQRSTUVWXYZ-_ | 0123456789abcdefghijklmnopqrstuvwxyzABCDEFGHIJKLMNOPQRSTUVWXYZ-_ | 0123456789abcdefghijklmnopqrstuvwxyzABCDEFGHIJKLMNOPQRSTUVWXYZ-_ | 0123456789abcdefghijklmnopqrstuvwxyzABCDEFGHIJKLMNOPQRSTUVWXYZ-_ | 0123456789abcdefghijklmnopqrstuvwxyzABCDEFGHIJKLMNOPQRSTUVWXYZ-_ | 0123456789abcdefghijklmnopqrstuvwxyzABCDEFGHIJKLMNOPQRSTUVWXYZ-_0123456789abcdefghijklmnopqrstuvwxyzABCDEFGHIJKLMNOPQRSTUVWXYZ-_ | 0123456789abcdefghijklmnopqrstuvwxyzABCDEFGHIJKLMNOPQRSTUVWXYZ-_ | 0123456789abcdefghijklmnopqrstuvwxyzABCDEFGHIJKLMNOPQRSTUVWXYZ-_ | 0123456789abcdefghijklmnopqrstuvwxyzABCDEFGHIJKLMNOPQRSTUVWXYZ-_ | 0123456789abcdefghijklmnopqrstuvwxyzABCDEFGHIJKLMNOPQRSTUVWXYZ-_ | 0123456789abcdefghijklmnopqrstuvwxyzABCDEFGHIJKLMNOPQRSTUVWXYZ-_ | 0123456789abcdefghijklmnopqrstuvwxyzABCDEFGHIJKLMNOPQRSTUVWXYZ-_ | 0123456789abcdefghijklmnopqrstuvwxyzABCDEFGHIJKLMNOPQRSTUVWXYZ-_ | 0123456789abcdefghijklmnopqrstuvwxyzABCDEFGHIJKLMNOPQRSTUVWXYZ-_ | 0123456789abcdefghijklmnopqrstuvwxyzABCDEFGHIJKLMNOPQRSTUVWXYZ-_,False,True,rx_missing
lot270_other_profiles_final_candidate2/20260929_193856_radio_ebyte_e79_cc1352p,lot270_other_profiles_final_candidate2/20260929_193856_radio_ebyte_e79_cc1352p/run_00150,run_00150,2026-09-29T16:51:49+00:00,RADIO_EBYTE_E79_CC1352P,Ebyte E79-400DM2005S (CC1352P AT modem),RADIO_EBYTE_E79_CC1352P + AT_COMMANDS; E79 modem firmware 0.3.0 required,tx,COM16,COM4,COM16,5,1024,16,64,1024,"{""rf_profile"": ""SLR5"", ""tx_power_dbm"": -20}",ampere,3300,1993.6000000000001,1993.6000000000001,323584,0.17029888688698572,True,4536.013474435363,5973.578763081774,27.94,1993.6000000000001,6941.807501562654,17737.759212575816,,,6941.807501562654,17737.759212575816,13839.187435115306,5465.2766017123,45669.318535880506,18035.41278565059,per_frame_modeled_airtime_v1,"[[27.94, 152.54], [172.04, 296.64], [319.21, 443.81], [461.3, 585.9], [610.32, 734.92], [756.91, 881.51], [901.13, 1025.73], [1045.23, 1169.83], [1191.98, 1316.58], [1336.99, 1461.59], [1479.37, 1603.97], [1626.7, 1751.3], [1774.03, 1898.63], [1915.85, 2040.45], [2059.37, 2183.97], [2204.44, 2329.04]]",,,,COM4,0123456789abcdefghijklmnopqrstuvwxyzABCDEFGHIJKLMNOPQRSTUVWXYZ-_ | 0123456789abcdefghijklmnopqrstuvwxyzABCDEFGHIJKLMNOPQRSTUVWXYZ-_ | 0123456789abcdefghijklmnopqrstuvwxyzABCDEFGHIJKLMNOPQRSTUVWXYZ-_ | 0123456789abcdefghijklmnopqrstuvwxyzABCDEFGHIJKLMNOPQRSTUVWXYZ-_ | 0123456789abcdefghijklmnopqrstuvwxyzABCDEFGHIJKLMNOPQRSTUVWXYZ-_ | 0123456789abcdefghijklmnopqrstuvwxyzABCDEFGHIJKLMNOPQRSTUVWXYZ-_ | 0123456789abcdefghijklmnopqrstuvwxyzABCDEFGHIJKLMNOPQRSTUVWXYZ-_ | 0123456789abcdefghijklmnopqrstuvwxyzABCDEFGHIJKLMNOPQRSTUVWXYZ-_ | 0123456789abcdefghijklmnopqrstuvwxyzABCDEFGHIJKLMNOPQRSTUVWXYZ-_ | 0123456789abcdefghijklmnopqrstuvwxyzABCDEFGHIJKLMNOPQRSTUVWXYZ-_ | 0123456789abcdefghijklmnopqrstuvwxyzABCDEFGHIJKLMNOPQRSTUVWXYZ-_ | 0123456789abcdefghijklmnopqrstuvwxyzABCDEFGHIJKLMNOPQRSTUVWXYZ-_ | 0123456789abcdefghijklmnopqrstuvwxyzABCDEFGHIJKLMNOPQRSTUVWXYZ-_ | 0123456789abcdefghijklmnopqrstuvwxyzABCDEFGHIJKLMNOPQRSTUVWXYZ-_ | 0123456789abcdefghijklmnopqrstuvwxyzABCDEFGHIJKLMNOPQRSTUVWXYZ-_ | 0123456789abcdefghijklmnopqrstuvwxyzABCDEFGHIJKLMNOPQRSTUVWXYZ-_,True,False,ok
lot270_other_profiles_final_candidate2/20260929_193856_radio_ebyte_e79_cc1352p,lot270_other_profiles_final_candidate2/20260929_193856_radio_ebyte_e79_cc1352p/run_00151,run_00151,2026-09-29T16:51:53+00:00,RADIO_EBYTE_E79_CC1352P,Ebyte E79-400DM2005S (CC1352P AT modem),RADIO_EBYTE_E79_CC1352P + AT_COMMANDS; E79 modem firmware 0.3.0 required,tx,COM16,COM4,COM16,1,128,2,64,128,"{""rf_profile"": ""SLR5"", ""tx_power_dbm"": 0}",ampere,3300,249.20000000000002,249.20000000000002,94208,0.8336842105263158,True,4540.8717548999375,5981.564925744603,24.14,249.20000000000002,7574.005488996571,16895.99866829168,,,7574.005488996571,16895.99866829168,1887.4421678579456,757.9877101748825,6228.55915393122,2501.3594435771124,per_frame_modeled_airtime_v1,"[[24.14, 148.74], [169.74, 294.34]]",,,,COM4,0123456789abcdefghijklmnopqrstuvwxyzABCDEFGHIJKLMNOPQRSTUVWXYZ-_ | 0123456789abcdefghijklmnopqrstuvwxyzABCDEFGHIJKLMNOPQRSTUVWXYZ-_,True,False,ok
lot270_other_profiles_final_candidate2/20260929_193856_radio_ebyte_e79_cc1352p,lot270_other_profiles_final_candidate2/20260929_193856_radio_ebyte_e79_cc1352p/run_00152,run_00152,2026-09-29T16:51:56+00:00,RADIO_EBYTE_E79_CC1352P,Ebyte E79-400DM2005S (CC1352P AT modem),RADIO_EBYTE_E79_CC1352P + AT_COMMANDS; E79 modem firmware 0.3.0 required,tx,COM16,COM4,COM16,2,128,2,64,128,"{""rf_profile"": ""SLR5"", ""tx_power_dbm"": 0}",ampere,3300,249.20000000000002,249.20000000000002,94208,0.8336842105263158,True,4550.590659970911,5988.8510335502715,27.46,249.20000000000002,7595.027509307347,17418.858217404104,,,7595.027509307347,17418.858217404104,1892.680855319391,760.845505728814,6245.84682255399,2510.7901689050864,per_frame_modeled_airtime_v1,"[[27.46, 152.06], [173.0, 297.6]]",,,,COM4,0123456789abcdefghijklmnopqrstuvwxyzABCDEFGHIJKLMNOPQRSTUVWXYZ-_ | 0123456789abcdefghijklmnopqrstuvwxyzABCDEFGHIJKLMNOPQRSTUVWXYZ-_,True,False,ok
lot270_other_profiles_final_candidate2/20260929_193856_radio_ebyte_e79_cc1352p,lot270_other_profiles_final_candidate2/20260929_193856_radio_ebyte_e79_cc1352p/run_00153,run_00153,2026-09-29T16:51:58+00:00,RADIO_EBYTE_E79_CC1352P,Ebyte E79-400DM2005S (CC1352P AT modem),RADIO_EBYTE_E79_CC1352P + AT_COMMANDS; E79 modem firmware 0.3.0 required,tx,COM16,COM4,COM16,3,128,2,64,128,"{""rf_profile"": ""SLR5"", ""tx_power_dbm"": 0}",ampere,3300,249.20000000000002,249.20000000000002,94208,0.8336842105263158,True,4550.590659970911,5988.8510335502715,27.91,249.20000000000002,7581.363159113039,17170.590539626213,,,7581.363159113039,17170.590539626213,1889.2756992509692,757.0990082803676,6234.609807528198,2498.426727325213,per_frame_modeled_airtime_v1,"[[27.91, 152.51], [174.95, 299.55]]",,,,COM4,0123456789abcdefghijklmnopqrstuvwxyzABCDEFGHIJKLMNOPQRSTUVWXYZ-_ | 0123456789abcdefghijklmnopqrstuvwxyzABCDEFGHIJKLMNOPQRSTUVWXYZ-_,True,False,ok
lot270_other_profiles_final_candidate2/20260929_193856_radio_ebyte_e79_cc1352p,lot270_other_profiles_final_candidate2/20260929_193856_radio_ebyte_e79_cc1352p/run_00154,run_00154,2026-09-29T16:52:01+00:00,RADIO_EBYTE_E79_CC1352P,Ebyte E79-400DM2005S (CC1352P AT modem),RADIO_EBYTE_E79_CC1352P + AT_COMMANDS; E79 modem firmware 0.3.0 required,tx,COM16,COM4,COM16,4,128,2,64,128,"{""rf_profile"": ""SLR5"", ""tx_power_dbm"": 0}",ampere,3300,249.20000000000002,249.20000000000002,94208,0.8336842105263158,True,4545.730816745121,5983.75949534685,24.1,249.20000000000002,7577.925662967803,17035.885589710488,,,7577.925662967803,17035.885589710488,1888.4190752115765,757.7143404404,6231.782948198202,2500.4573234533195,per_frame_modeled_airtime_v1,"[[24.1, 148.7], [168.52, 293.12]]",,,,COM4,0123456789abcdefghijklmnopqrstuvwxyzABCDEFGHIJKLMNOPQRSTUVWXYZ-_ | 0123456789abcdefghijklmnopqrstuvwxyzABCDEFGHIJKLMNOPQRSTUVWXYZ-_,True,False,ok
lot270_other_profiles_final_candidate2/20260929_193856_radio_ebyte_e79_cc1352p,lot270_other_profiles_final_candidate2/20260929_193856_radio_ebyte_e79_cc1352p/run_00155,run_00155,2026-09-29T16:52:04+00:00,RADIO_EBYTE_E79_CC1352P,Ebyte E79-400DM2005S (CC1352P AT modem),RADIO_EBYTE_E79_CC1352P + AT_COMMANDS; E79 modem firmware 0.3.0 required,tx,COM16,COM4,COM16,5,128,2,64,128,"{""rf_profile"": ""SLR5"", ""tx_power_dbm"": 0}",ampere,3300,249.20000000000002,249.20000000000002,94208,0.8336842105263158,True,4550.590659970911,5994.6434079914725,25.76,249.20000000000002,7590.661461889306,16979.31183951335,,,7590.661461889306,16979.31183951335,1891.5928363028152,760.2801499385824,6242.256359799289,2508.924494797322,per_frame_modeled_airtime_v1,"[[25.76, 150.36], [169.92, 294.52]]",,,,COM4,0123456789abcdefghijklmnopqrstuvwxyzABCDEFGHIJKLMNOPQRSTUVWXYZ-_ | 0123456789abcdefghijklmnopqrstuvwxyzABCDEFGHIJKLMNOPQRSTUVWXYZ-_,True,False,ok
lot270_other_profiles_final_candidate2/20260929_193856_radio_ebyte_e79_cc1352p,lot270_other_profiles_final_candidate2/20260929_193856_radio_ebyte_e79_cc1352p/run_00156,run_00156,2026-09-29T16:52:08+00:00,RADIO_EBYTE_E79_CC1352P,Ebyte E79-400DM2005S (CC1352P AT modem),RADIO_EBYTE_E79_CC1352P + AT_COMMANDS; E79 modem firmware 0.3.0 required,tx,COM16,COM4,COM16,1,512,8,64,512,"{""rf_profile"": ""SLR5"", ""tx_power_dbm"": 0}",ampere,3300,996.8000000000001,996.8000000000001,189440,0.0675219446320054,True,4550.590659970911,5988.8510335502715,26.41,996.8000000000001,7592.1384546500785,17456.323582301087,,,7592.1384546500785,17456.323582301087,7567.843611595198,3041.314914186617,24973.883918264153,10036.339216815835,per_frame_modeled_airtime_v1,"[[26.41, 151.01], [168.97, 293.57], [315.54, 440.14], [464.88, 589.48], [607.44, 732.04], [753.49, 878.09], [897.07, 1021.67], [1041.17, 1165.77]]",,,,COM4,0123456789abcdefghijklmnopqrstuvwxyzABCDEFGHIJKLMNOPQRSTUVWXYZ-_ | 0123456789abcdefghijklmnopqrstuvwxyzABCDEFGHIJKLMNOPQRSTUVWXYZ-_ | 0123456789abcdefghijklmnopqrstuvwxyzABCDEFGHIJKLMNOPQRSTUVWXYZ-_ | 0123456789abcdefghijklmnopqrstuvwxyzABCDEFGHIJKLMNOPQRSTUVWXYZ-_ | 0123456789abcdefghijklmnopqrstuvwxyzABCDEFGHIJKLMNOPQRSTUVWXYZ-_ | 0123456789abcdefghijklmnopqrstuvwxyzABCDEFGHIJKLMNOPQRSTUVWXYZ-_ | 0123456789abcdefghijklmnopqrstuvwxyzABCDEFGHIJKLMNOPQRSTUVWXYZ-_ | 0123456789abcdefghijklmnopqrstuvwxyzABCDEFGHIJKLMNOPQRSTUVWXYZ-_,True,False,ok
lot270_other_profiles_final_candidate2/20260929_193856_radio_ebyte_e79_cc1352p,lot270_other_profiles_final_candidate2/20260929_193856_radio_ebyte_e79_cc1352p/run_00157,run_00157,2026-09-29T16:52:13+00:00,RADIO_EBYTE_E79_CC1352P,Ebyte E79-400DM2005S (CC1352P AT modem),RADIO_EBYTE_E79_CC1352P + AT_COMMANDS; E79 modem firmware 0.3.0 required,tx,COM16,COM4,COM16,2,512,8,64,512,"{""rf_profile"": ""SLR5"", ""tx_power_dbm"": 0}",ampere,3300,996.8000000000001,996.8000000000001,189440,0.0675219446320054,True,4540.8717548999375,6036.060136480577,25.61,996.8000000000001,7586.261423313158,18569.962674576454,,,7586.261423313158,18569.962674576454,7561.985386758556,3044.4144560170466,24954.551776303233,10046.567704856254,per_frame_modeled_airtime_v1,"[[25.61, 150.21], [172.16, 296.76], [314.04, 438.64], [459.26, 583.86], [604.72, 729.32], [752.03, 876.63], [895.73, 1020.33], [1041.6, 1166.2]]",,,,COM4,0123456789abcdefghijklmnopqrstuvwxyzABCDEFGHIJKLMNOPQRSTUVWXYZ-_ | 0123456789abcdefghijklmnopqrstuvwxyzABCDEFGHIJKLMNOPQRSTUVWXYZ-_ | 0123456789abcdefghijklmnopqrstuvwxyzABCDEFGHIJKLMNOPQRSTUVWXYZ-_ | 0123456789abcdefghijklmnopqrstuvwxyzABCDEFGHIJKLMNOPQRSTUVWXYZ-_ | 0123456789abcdefghijklmnopqrstuvwxyzABCDEFGHIJKLMNOPQRSTUVWXYZ-_ | 0123456789abcdefghijklmnopqrstuvwxyzABCDEFGHIJKLMNOPQRSTUVWXYZ-_ | 0123456789abcdefghijklmnopqrstuvwxyzABCDEFGHIJKLMNOPQRSTUVWXYZ-_ | 0123456789abcdefghijklmnopqrstuvwxyzABCDEFGHIJKLMNOPQRSTUVWXYZ-_,True,False,ok
lot270_other_profiles_final_candidate2/20260929_193856_radio_ebyte_e79_cc1352p,lot270_other_profiles_final_candidate2/20260929_193856_radio_ebyte_e79_cc1352p/run_00158,run_00158,2026-09-29T16:52:17+00:00,RADIO_EBYTE_E79_CC1352P,Ebyte E79-400DM2005S (CC1352P AT modem),RADIO_EBYTE_E79_CC1352P + AT_COMMANDS; E79 modem firmware 0.3.0 required,tx,COM16,COM4,COM16,3,512,8,64,512,"{""rf_profile"": ""SLR5"", ""tx_power_dbm"": 0}",ampere,3300,996.8000000000001,996.8000000000001,189440,0.0675219446320054,True,4545.730816745121,5983.75949534685,26.96,996.8000000000001,7574.123490971061,17605.091466106263,,,7574.123490971061,17605.091466106263,7549.886295799954,3027.2560198601127,24914.624776139844,9989.944865538371,per_frame_modeled_airtime_v1,"[[26.96, 151.56], [170.32, 294.92], [318.35, 442.95], [463.4, 588.0], [608.03, 732.63], [755.07, 879.67], [900.13, 1024.73], [1046.96, 1171.56]]",,,,COM4,0123456789abcdefghijklmnopqrstuvwxyzABCDEFGHIJKLMNOPQRSTUVWXYZ-_ | 0123456789abcdefghijklmnopqrstuvwxyzABCDEFGHIJKLMNOPQRSTUVWXYZ-_ | 0123456789abcdefghijklmnopqrstuvwxyzABCDEFGHIJKLMNOPQRSTUVWXYZ-_ | 0123456789abcdefghijklmnopqrstuvwxyzABCDEFGHIJKLMNOPQRSTUVWXYZ-_ | 0123456789abcdefghijklmnopqrstuvwxyzABCDEFGHIJKLMNOPQRSTUVWXYZ-_ | 0123456789abcdefghijklmnopqrstuvwxyzABCDEFGHIJKLMNOPQRSTUVWXYZ-_ | 0123456789abcdefghijklmnopqrstuvwxyzABCDEFGHIJKLMNOPQRSTUVWXYZ-_ | 0123456789abcdefghijklmnopqrstuvwxyzABCDEFGHIJKLMNOPQRSTUVWXYZ-_,True,False,ok
lot270_other_profiles_final_candidate2/20260929_193856_radio_ebyte_e79_cc1352p,lot270_other_profiles_final_candidate2/20260929_193856_radio_ebyte_e79_cc1352p/run_00159,run_00159,2026-09-29T16:52:22+00:00,RADIO_EBYTE_E79_CC1352P,Ebyte E79-400DM2005S (CC1352P AT modem),RADIO_EBYTE_E79_CC1352P + AT_COMMANDS; E79 modem firmware 0.3.0 required,tx,COM16,COM4,COM16,4,512,8,64,512,"{""rf_profile"": ""SLR5"", ""tx_power_dbm"": 0}",ampere,3300,996.8000000000001,996.8000000000001,189440,0.0675219446320054,True,4550.590659970911,6046.260967105084,24.56,996.8000000000001,7586.126149577178,17753.778060368426,,,7586.126149577178,17753.778060368426,7561.85054589853,3033.9570661215544,24954.106801465146,10012.058318201129,per_frame_modeled_airtime_v1,"[[24.56, 149.16], [171.87, 296.47], [316.69, 441.29], [463.76, 588.36], [607.09, 731.69], [753.73, 878.33], [900.98, 1025.58], [1046.15, 1170.75]]",,,,COM4,0123456789abcdefghijklmnopqrstuvwxyzABCDEFGHIJKLMNOPQRSTUVWXYZ-_ | 0123456789abcdefghijklmnopqrstuvwxyzABCDEFGHIJKLMNOPQRSTUVWXYZ-_ | 0123456789abcdefghijklmnopqrstuvwxyzABCDEFGHIJKLMNOPQRSTUVWXYZ-_ | 0123456789abcdefghijklmnopqrstuvwxyzABCDEFGHIJKLMNOPQRSTUVWXYZ-_ | 0123456789abcdefghijklmnopqrstuvwxyzABCDEFGHIJKLMNOPQRSTUVWXYZ-_ | 0123456789abcdefghijklmnopqrstuvwxyzABCDEFGHIJKLMNOPQRSTUVWXYZ-_ | 0123456789abcdefghijklmnopqrstuvwxyzABCDEFGHIJKLMNOPQRSTUVWXYZ-_ | 0123456789abcdefghijklmnopqrstuvwxyzABCDEFGHIJKLMNOPQRSTUVWXYZ-_,True,False,ok
lot270_other_profiles_final_candidate2/20260929_193856_radio_ebyte_e79_cc1352p,lot270_other_profiles_final_candidate2/20260929_193856_radio_ebyte_e79_cc1352p/run_00160,run_00160,2026-09-29T16:52:26+00:00,RADIO_EBYTE_E79_CC1352P,Ebyte E79-400DM2005S (CC1352P AT modem),RADIO_EBYTE_E79_CC1352P + AT_COMMANDS; E79 modem firmware 0.3.0 required,tx,COM16,COM4,COM16,5,512,8,64,512,"{""rf_profile"": ""SLR5"", ""tx_power_dbm"": 0}",ampere,3300,996.8000000000001,996.8000000000001,189440,0.0675219446320054,True,4545.730816745121,5983.75949534685,26.55,996.8000000000001,7589.896245255245,17945.79159161044,,,7589.896245255245,17945.79159161044,7565.608577270428,3043.0852356006194,24966.50830499241,10042.181277482043,per_frame_modeled_airtime_v1,"[[26.55, 151.15], [171.68, 296.28], [316.27, 440.87], [461.51, 586.11], [610.62, 735.22], [754.66, 879.26], [899.24, 1023.84], [1046.94, 1171.54]]",,,,COM4,0123456789abcdefghijklmnopqrstuvwxyzABCDEFGHIJKLMNOPQRSTUVWXYZ-_ | 0123456789abcdefghijklmnopqrstuvwxyzABCDEFGHIJKLMNOPQRSTUVWXYZ-_ | 0123456789abcdefghijklmnopqrstuvwxyzABCDEFGHIJKLMNOPQRSTUVWXYZ-_ | 0123456789abcdefghijklmnopqrstuvwxyzABCDEFGHIJKLMNOPQRSTUVWXYZ-_ | 0123456789abcdefghijklmnopqrstuvwxyzABCDEFGHIJKLMNOPQRSTUVWXYZ-_ | 0123456789abcdefghijklmnopqrstuvwxyzABCDEFGHIJKLMNOPQRSTUVWXYZ-_ | 0123456789abcdefghijklmnopqrstuvwxyzABCDEFGHIJKLMNOPQRSTUVWXYZ-_ | 0123456789abcdefghijklmnopqrstuvwxyzABCDEFGHIJKLMNOPQRSTUVWXYZ-_,True,False,ok
lot270_other_profiles_final_candidate2/20260929_193856_radio_ebyte_e79_cc1352p,lot270_other_profiles_final_candidate2/20260929_193856_radio_ebyte_e79_cc1352p/run_00161,run_00161,2026-09-29T16:52:33+00:00,RADIO_EBYTE_E79_CC1352P,Ebyte E79-400DM2005S (CC1352P AT modem),RADIO_EBYTE_E79_CC1352P + AT_COMMANDS; E79 modem firmware 0.3.0 required,tx,COM16,COM4,COM16,1,1024,16,64,1024,"{""rf_profile"": ""SLR5"", ""tx_power_dbm"": 0}",ampere,3300,1993.6000000000001,1993.6000000000001,323584,0.17029888688698572,True,4550.590659970911,5874.003363043362,25.56,1993.6000000000001,7591.209084871178,17942.249849132913,,,7591.209084871178,17942.249849132913,15133.83443159918,6078.349051009062,49941.65362427729,20058.551868329905,per_frame_modeled_airtime_v1,"[[25.56, 150.16], [168.74, 293.34], [315.4, 440.0], [461.03, 585.63], [605.82, 730.42], [751.61, 876.21], [898.68, 1023.28], [1043.87, 1168.47], [1187.11, 1311.71], [1331.75, 1456.35], [1479.02, 1603.62], [1622.88, 1747.48], [1767.94, 1892.54], [1914.97, 2039.57], [2060.08, 2184.68], [2206.6, 2331.2]]",,,,COM4,0123456789abcdefghijklmnopqrstuvwxyzABCDEFGHIJKLMNOPQRSTUVWXYZ-_ | 0123456789abcdefghijklmnopqrstuvwxyzABCDEFGHIJKLMNOPQRSTUVWXYZ-_ | 0123456789abcdefghijklmnopqrstuvwxyzABCDEFGHIJKLMNOPQRSTUVWXYZ-_ | 0123456789abcdefghijklmnopqrstuvwxyzABCDEFGHIJKLMNOPQRSTUVWXYZ-_ | 0123456789abcdefghijklmnopqrstuvwxyzABCDEFGHIJKLMNOPQRSTUVWXYZ-_ | 0123456789abcdefghijklmnopqrstuvwxyzABCDEFGHIJKLMNOPQRSTUVWXYZ-_ | 0123456789abcdefghijklmnopqrstuvwxyzABCDEFGHIJKLMNOPQRSTUVWXYZ-_ | 0123456789abcdefghijklmnopqrstuvwxyzABCDEFGHIJKLMNOPQRSTUVWXYZ-_ | 0123456789abcdefghijklmnopqrstuvwxyzABCDEFGHIJKLMNOPQRSTUVWXYZ-_ | 0123456789abcdefghijklmnopqrstuvwxyzABCDEFGHIJKLMNOPQRSTUVWXYZ-_ | 0123456789abcdefghijklmnopqrstuvwxyzABCDEFGHIJKLMNOPQRSTUVWXYZ-_ | 0123456789abcdefghijklmnopqrstuvwxyzABCDEFGHIJKLMNOPQRSTUVWXYZ-_ | 0123456789abcdefghijklmnopqrstuvwxyzABCDEFGHIJKLMNOPQRSTUVWXYZ-_ | 0123456789abcdefghijklmnopqrstuvwxyzABCDEFGHIJKLMNOPQRSTUVWXYZ-_ | 0123456789abcdefghijklmnopqrstuvwxyzABCDEFGHIJKLMNOPQRSTUVWXYZ-_ | 0123456789abcdefghijklmnopqrstuvwxyzABCDEFGHIJKLMNOPQRSTUVWXYZ-_,True,False,ok
lot270_other_profiles_final_candidate2/20260929_193856_radio_ebyte_e79_cc1352p,lot270_other_profiles_final_candidate2/20260929_193856_radio_ebyte_e79_cc1352p/run_00162,run_00162,2026-09-29T16:52:40+00:00,RADIO_EBYTE_E79_CC1352P,Ebyte E79-400DM2005S (CC1352P AT modem),RADIO_EBYTE_E79_CC1352P + AT_COMMANDS; E79 modem firmware 0.3.0 required,tx,COM16,COM4,COM16,2,1024,16,64,1024,"{""rf_profile"": ""SLR5"", ""tx_power_dbm"": 0}",ampere,3300,1993.6000000000001,1993.6000000000001,323584,0.17029888688698572,True,4545.730816745121,5931.687814077045,24.48,1993.6000000000001,7580.618822648103,17365.284463728105,,,7580.618822648103,17365.284463728105,15112.721684831256,6066.773116959222,49871.981559943146,20020.35128596543,per_frame_modeled_airtime_v1,"[[24.48, 149.08], [169.01, 293.61], [317.59, 442.19], [462.48, 587.08], [610.08, 734.68], [755.68, 880.28], [899.64, 1024.24], [1045.03, 1169.63], [1190.68, 1315.28], [1335.92, 1460.52], [1481.58, 1606.18], [1629.19, 1753.79], [1776.29, 1900.89], [1920.87, 2045.47], [2069.79, 2194.39], [2213.63, 2338.23]]",,,,COM4,0123456789abcdefghijklmnopqrstuvwxyzABCDEFGHIJKLMNOPQRSTUVWXYZ-_ | 0123456789abcdefghijklmnopqrstuvwxyzABCDEFGHIJKLMNOPQRSTUVWXYZ-_ | 0123456789abcdefghijklmnopqrstuvwxyzABCDEFGHIJKLMNOPQRSTUVWXYZ-_ | 0123456789abcdefghijklmnopqrstuvwxyzABCDEFGHIJKLMNOPQRSTUVWXYZ-_ | 0123456789abcdefghijklmnopqrstuvwxyzABCDEFGHIJKLMNOPQRSTUVWXYZ-_ | 0123456789abcdefghijklmnopqrstuvwxyzABCDEFGHIJKLMNOPQRSTUVWXYZ-_ | 0123456789abcdefghijklmnopqrstuvwxyzABCDEFGHIJKLMNOPQRSTUVWXYZ-_ | 0123456789abcdefghijklmnopqrstuvwxyzABCDEFGHIJKLMNOPQRSTUVWXYZ-_ | 0123456789abcdefghijklmnopqrstuvwxyzABCDEFGHIJKLMNOPQRSTUVWXYZ-_ | 0123456789abcdefghijklmnopqrstuvwxyzABCDEFGHIJKLMNOPQRSTUVWXYZ-_ | 0123456789abcdefghijklmnopqrstuvwxyzABCDEFGHIJKLMNOPQRSTUVWXYZ-_ | 0123456789abcdefghijklmnopqrstuvwxyzABCDEFGHIJKLMNOPQRSTUVWXYZ-_ | 0123456789abcdefghijklmnopqrstuvwxyzABCDEFGHIJKLMNOPQRSTUVWXYZ-_ | 0123456789abcdefghijklmnopqrstuvwxyzABCDEFGHIJKLMNOPQRSTUVWXYZ-_ | 0123456789abcdefghijklmnopqrstuvwxyzABCDEFGHIJKLMNOPQRSTUVWXYZ-_ | 0123456789abcdefghijklmnopqrstuvwxyzABCDEFGHIJKLMNOPQRSTUVWXYZ-_,True,False,ok
lot270_other_profiles_final_candidate2/20260929_193856_radio_ebyte_e79_cc1352p,lot270_other_profiles_final_candidate2/20260929_193856_radio_ebyte_e79_cc1352p/run_00163,run_00163,2026-09-29T16:52:46+00:00,RADIO_EBYTE_E79_CC1352P,Ebyte E79-400DM2005S (CC1352P AT modem),RADIO_EBYTE_E79_CC1352P + AT_COMMANDS; E79 modem firmware 0.3.0 required,tx,COM16,COM4,COM16,3,1024,16,64,1024,"{""rf_profile"": ""SLR5"", ""tx_power_dbm"": 0}",ampere,3300,1993.6000000000001,1993.6000000000001,323584,0.17029888688698572,True,4545.730816745121,5926.349561792038,24.54,1993.6000000000001,7578.341846130818,17615.352778913864,,,7578.341846130818,17615.352778913864,15108.1823044464,6061.599056414969,49857.00160467312,20003.276886169395,per_frame_modeled_airtime_v1,"[[24.54, 149.14], [171.16, 295.76], [317.76, 442.36], [466.21, 590.81], [612.35, 736.95], [755.47, 880.07], [902.62, 1027.22], [1048.78, 1173.38], [1191.87, 1316.47], [1338.48, 1463.08], [1484.59, 1609.19], [1629.63, 1754.23], [1773.81, 1898.41], [1917.7, 2042.3], [2066.33, 2190.93], [2209.31, 2333.91]]",,,,COM4,0123456789abcdefghijklmnopqrstuvwxyzABCDEFGHIJKLMNOPQRSTUVWXYZ-_ | 0123456789abcdefghijklmnopqrstuvwxyzABCDEFGHIJKLMNOPQRSTUVWXYZ-_ | 0123456789abcdefghijklmnopqrstuvwxyzABCDEFGHIJKLMNOPQRSTUVWXYZ-_ | 0123456789abcdefghijklmnopqrstuvwxyzABCDEFGHIJKLMNOPQRSTUVWXYZ-_ | 0123456789abcdefghijklmnopqrstuvwxyzABCDEFGHIJKLMNOPQRSTUVWXYZ-_ | 0123456789abcdefghijklmnopqrstuvwxyzABCDEFGHIJKLMNOPQRSTUVWXYZ-_ | 0123456789abcdefghijklmnopqrstuvwxyzABCDEFGHIJKLMNOPQRSTUVWXYZ-_ | 0123456789abcdefghijklmnopqrstuvwxyzABCDEFGHIJKLMNOPQRSTUVWXYZ-_ | 0123456789abcdefghijklmnopqrstuvwxyzABCDEFGHIJKLMNOPQRSTUVWXYZ-_ | 0123456789abcdefghijklmnopqrstuvwxyzABCDEFGHIJKLMNOPQRSTUVWXYZ-_ | 0123456789abcdefghijklmnopqrstuvwxyzABCDEFGHIJKLMNOPQRSTUVWXYZ-_ | 0123456789abcdefghijklmnopqrstuvwxyzABCDEFGHIJKLMNOPQRSTUVWXYZ-_ | 0123456789abcdefghijklmnopqrstuvwxyzABCDEFGHIJKLMNOPQRSTUVWXYZ-_ | 0123456789abcdefghijklmnopqrstuvwxyzABCDEFGHIJKLMNOPQRSTUVWXYZ-_ | 0123456789abcdefghijklmnopqrstuvwxyzABCDEFGHIJKLMNOPQRSTUVWXYZ-_ | 0123456789abcdefghijklmnopqrstuvwxyzABCDEFGHIJKLMNOPQRSTUVWXYZ-_,True,False,ok
lot270_other_profiles_final_candidate2/20260929_193856_radio_ebyte_e79_cc1352p,lot270_other_profiles_final_candidate2/20260929_193856_radio_ebyte_e79_cc1352p/run_00164,run_00164,2026-09-29T16:52:53+00:00,RADIO_EBYTE_E79_CC1352P,Ebyte E79-400DM2005S (CC1352P AT modem),RADIO_EBYTE_E79_CC1352P + AT_COMMANDS; E79 modem firmware 0.3.0 required,tx,COM16,COM4,COM16,4,1024,16,64,1024,"{""rf_profile"": ""SLR5"", ""tx_power_dbm"": 0}",ampere,3300,1993.6000000000001,1993.6000000000001,323584,0.17029888688698572,True,4550.590659970911,5931.431832196378,25.88,1993.6000000000001,7586.893993619271,17871.133515720434,,,7586.893993619271,17871.133515720434,15125.231865679378,6069.090995694698,49913.265156741945,20028.000285792503,per_frame_modeled_airtime_v1,"[[25.88, 150.48], [169.82, 294.42], [313.19, 437.79], [457.76, 582.36], [603.82, 728.42], [752.43, 877.03], [897.87, 1022.47], [1041.97, 1166.57], [1190.2, 1314.8], [1335.23, 1459.83], [1478.84, 1603.44], [1623.05, 1747.65], [1772.95, 1897.55], [1915.32, 2039.92], [2062.74, 2187.34], [2204.69, 2329.29]]",,,,COM4,0123456789abcdefghijklmnopqrstuvwxyzABCDEFGHIJKLMNOPQRSTUVWXYZ-_ | 0123456789abcdefghijklmnopqrstuvwxyzABCDEFGHIJKLMNOPQRSTUVWXYZ-_ | 0123456789abcdefghijklmnopqrstuvwxyzABCDEFGHIJKLMNOPQRSTUVWXYZ-_ | 0123456789abcdefghijklmnopqrstuvwxyzABCDEFGHIJKLMNOPQRSTUVWXYZ-_ | 0123456789abcdefghijklmnopqrstuvwxyzABCDEFGHIJKLMNOPQRSTUVWXYZ-_ | 0123456789abcdefghijklmnopqrstuvwxyzABCDEFGHIJKLMNOPQRSTUVWXYZ-_ | 0123456789abcdefghijklmnopqrstuvwxyzABCDEFGHIJKLMNOPQRSTUVWXYZ-_ | 0123456789abcdefghijklmnopqrstuvwxyzABCDEFGHIJKLMNOPQRSTUVWXYZ-_ | 0123456789abcdefghijklmnopqrstuvwxyzABCDEFGHIJKLMNOPQRSTUVWXYZ-_ | 0123456789abcdefghijklmnopqrstuvSTUVWXYZ-_ | 0123456789abcdefghijklmnopqrstuvwxyzABCDEFGHIJKLMNOPQRSTUVWXYZ-_ | 0123456789abcdefghijklmnopqrstuvwxyzABCDEFGHIJKLMNOPQRSTUVWXYZ-_ | 0123456789abcdefghijklmnopqrstuvwxyzABCDEFGHIJKLMNOPQRSTUVWXYZ-_ | 0123456789abcdefghijklmnopqrstuvwxyzABCDEFGHIJKLMNOPQRSTUVWXYZ-_ | 0123456789abcdefghijklmnopqrstuvwxyzABCDEFGHIJKLMNOPQRSTUVWXYZ-_ | 0123456789abcdefghijklmnopqrstuvwxyzABCDEFGHIJKLMNOPQRSTUVWXYZ-_,False,True,rx_missing
lot270_other_profiles_final_candidate2/20260929_193856_radio_ebyte_e79_cc1352p,lot270_other_profiles_final_candidate2/20260929_193856_radio_ebyte_e79_cc1352p/run_00165,run_00165,2026-09-29T16:53:00+00:00,RADIO_EBYTE_E79_CC1352P,Ebyte E79-400DM2005S (CC1352P AT modem),RADIO_EBYTE_E79_CC1352P + AT_COMMANDS; E79 modem firmware 0.3.0 required,tx,COM16,COM4,COM16,5,1024,16,64,1024,"{""rf_profile"": ""SLR5"", ""tx_power_dbm"": 0}",ampere,3300,1993.6000000000001,1993.6000000000001,323584,0.17029888688698572,True,4550.590659970911,5936.770084481386,26.38,1993.6000000000001,7581.261479332311,17685.727273799643,,,7581.261479332311,17685.727273799643,15114.002885196896,6058.628369757179,49876.20952114976,19993.47362019869,per_frame_modeled_airtime_v1,"[[26.38, 150.98], [177.47, 302.07], [321.7, 446.3], [470.08, 594.68], [616.09, 740.69], [758.65, 883.25], [906.51, 1031.11], [1050.97, 1175.57], [1196.53, 1321.13], [1339.2, 1463.8], [1485.36, 1609.96], [1629.93, 1754.53], [1774.53, 1899.13], [1920.82, 2045.42], [2066.34, 2190.94], [2210.21, 2334.81]]",,,,COM4,0123456789abcdefghijklmnopqrstuvwxyzABCDEFGHIJKLMNOPQRSTUVWXYZ-_ | 0123456789abcdefghijklmnopqrstuvwxyzABCDEFGHIJKLMNOPQRSTUVWXYZ-_ | 0123456789abcdefghijklmnopqrstuvwxyzABCDEFGHIJKLMNOPQRSTUVWXYZ-_ | 0123456789abcdefghijklmnopqrstuvwxyzABCDEFGHIJKLMNOPQRSTUVWXYZ-_ | 0123456789abcdefghijklmnopqrstuvwxyzABCDEFGHIJKLMNOPQRSTUVWXYZ-_ | 0123456789abcdefghijklmnopqrstuvwxyzABCDEFGHIJKLMNOPQRSTUVWXYZ-_ | 0123456789abcdefghijklmnopqrstuvwxyzABCDEFGHIJKLMNOPQRSTUVWXYZ-_ | 0123456789abcdefghijklmnopqrstuvwxyzABCDEFGHIJKLMNOPQRSTUVWXYZ-_ | 0123456789abcdefghijklmnopqrstuvwxyzABCDEFGHIJKLMNOPQRSTUVWXYZ-_ | 0123456789abcdefghijklmnopqrstuvwxyzABCDEFGHIJKLMNOPQRSTUVWXYZ-_ | 0123456789abcdefghijklmnopqrstuvwxyzABCDEFGHIJKLMNOPQRSTUVWXYZ-_ | 0123456789abcdefghijklmnopqrstuvwxyzABCDEFGHIJKLMNOPQRSTUVWXYZ-_0123456789abcdefghijklmnopqrstuvwxyzABCDEFGHIJKLMNOPQRSTUVWXYZ-_ | 0123456789abcdefghijklmnopqrstuvwxyzABCDEFGHIJKLMNOPQRSTUVWXYZ-_ | 0123456789abcdefghijklmnopqrstuvwxyzABCDEFGHIJKLMNOPQRSTUVWXYZ-_ | 0123456789abcdefghijklmnopqrstuvwxyzABCDEFGHIJKLMNOPQRSTUVWXYZ-_,False,True,rx_missing
lot270_other_profiles_final_candidate2/20260929_193856_radio_ebyte_e79_cc1352p,lot270_other_profiles_final_candidate2/20260929_193856_radio_ebyte_e79_cc1352p/run_00166,run_00166,2026-09-29T16:53:05+00:00,RADIO_EBYTE_E79_CC1352P,Ebyte E79-400DM2005S (CC1352P AT modem),RADIO_EBYTE_E79_CC1352P + AT_COMMANDS; E79 modem firmware 0.3.0 required,tx,COM16,COM4,COM16,1,128,2,64,128,"{""rf_profile"": ""SLR5"", ""tx_power_dbm"": 13}",ampere,3300,249.20000000000002,249.20000000000002,94208,0.8336842105263158,True,4545.730816745121,5868.930360438145,25.4,249.20000000000002,9642.836213911587,17140.366882418373,,,9642.836213911587,17140.366882418373,2402.9947845067677,1272.1951847043654,7929.882788872333,4198.244109524406,per_frame_modeled_airtime_v1,"[[25.4, 150.0], [172.44, 297.04]]",,,,COM4,0123456789abcdefghijklmnopqrstuvwxyzABCDEFGHIJKLMNOPQRSTUVWXYZ-_ | 0123456789abcdefghijklmnopqrstuvwxyzABCDEFGHIJKLMNOPQRSTUVWXYZ-_,True,False,ok
lot270_other_profiles_final_candidate2/20260929_193856_radio_ebyte_e79_cc1352p,lot270_other_profiles_final_candidate2/20260929_193856_radio_ebyte_e79_cc1352p/run_00167,run_00167,2026-09-29T16:53:08+00:00,RADIO_EBYTE_E79_CC1352P,Ebyte E79-400DM2005S (CC1352P AT modem),RADIO_EBYTE_E79_CC1352P + AT_COMMANDS; E79 modem firmware 0.3.0 required,tx,COM16,COM4,COM16,2,128,2,64,128,"{""rf_profile"": ""SLR5"", ""tx_power_dbm"": 13}",ampere,3300,249.20000000000002,249.20000000000002,95232,0.0,True,4536.013474435363,5916.187365125187,27.58,249.20000000000002,9635.66194770933,16972.578118570407,,,9635.66194770933,16972.578118570407,2401.206957369165,1272.743213250413,7923.982959318245,4200.052603726363,per_frame_modeled_airtime_v1,"[[27.58, 152.18], [173.83, 298.43]]",,,,COM4,0123456789abcdefghijklmnopqrstuvwxyzABCDEFGHIJKLMNOPQRSTUVWXYZ-_ | 0123456789abcdefghijklmnopqrstuvwxyzABCDEFGHIJKLMNOPQRSTUVWXYZ-_,True,False,ok
lot270_other_profiles_final_candidate2/20260929_193856_radio_ebyte_e79_cc1352p,lot270_other_profiles_final_candidate2/20260929_193856_radio_ebyte_e79_cc1352p/run_00168,run_00168,2026-09-29T16:53:10+00:00,RADIO_EBYTE_E79_CC1352P,Ebyte E79-400DM2005S (CC1352P AT modem),RADIO_EBYTE_E79_CC1352P + AT_COMMANDS; E79 modem firmware 0.3.0 required,tx,COM16,COM4,COM16,3,128,2,64,128,"{""rf_profile"": ""SLR5"", ""tx_power_dbm"": 13}",ampere,3300,249.20000000000002,249.20000000000002,94208,0.8336842105263158,True,4540.8717548999375,5810.924552626895,26.86,249.20000000000002,9644.590720872335,17060.56822647799,,,9644.590720872335,17060.56822647799,2403.432007641386,1273.32462878909,7931.325625216574,4201.971275003996,per_frame_modeled_airtime_v1,"[[26.86, 151.46], [174.78, 299.38]]",,,,COM4,0123456789abcdefghijklmnopqrstuvwxyzABCDEFGHIJKLMNOPQRSTUVWXYZ-_ | 0123456789abcdefghijklmnopqrstuvwxyzABCDEFGHIJKLMNOPQRSTUVWXYZ-_,True,False,ok
lot270_other_profiles_final_candidate2/20260929_193856_radio_ebyte_e79_cc1352p,lot270_other_profiles_final_candidate2/20260929_193856_radio_ebyte_e79_cc1352p/run_00169,run_00169,2026-09-29T16:53:13+00:00,RADIO_EBYTE_E79_CC1352P,Ebyte E79-400DM2005S (CC1352P AT modem),RADIO_EBYTE_E79_CC1352P + AT_COMMANDS; E79 modem firmware 0.3.0 required,tx,COM16,COM4,COM16,4,128,2,64,128,"{""rf_profile"": ""SLR5"", ""tx_power_dbm"": 13}",ampere,3300,249.20000000000002,249.20000000000002,94208,0.8336842105263158,True,4536.013474435363,5916.187365125187,24.37,249.20000000000002,9632.887737241543,17005.16687442161,,,9632.887737241543,17005.16687442161,2400.5156241205923,1271.9177798739604,7921.701559597954,4197.328673584069,per_frame_modeled_airtime_v1,"[[24.37, 148.97], [171.48, 296.08]]",,,,COM4,0123456789abcdefghijklmnopqrstuvwxyzABCDEFGHIJKLMNOPQRSTUVWXYZ-_ | 0123456789abcdefghijklmnopqrstuvwxyzABCDEFGHIJKLMNOPQRSTUVWXYZ-_,True,False,ok
lot270_other_profiles_final_candidate2/20260929_193856_radio_ebyte_e79_cc1352p,lot270_other_profiles_final_candidate2/20260929_193856_radio_ebyte_e79_cc1352p/run_00170,run_00170,2026-09-29T16:53:16+00:00,RADIO_EBYTE_E79_CC1352P,Ebyte E79-400DM2005S (CC1352P AT modem),RADIO_EBYTE_E79_CC1352P + AT_COMMANDS; E79 modem firmware 0.3.0 required,tx,COM16,COM4,COM16,5,128,2,64,128,"{""rf_profile"": ""SLR5"", ""tx_power_dbm"": 13}",ampere,3300,249.20000000000002,249.20000000000002,94208,0.8336842105263158,True,4545.730816745121,5873.833026165163,27.47,249.20000000000002,9640.852094736647,17152.388653454727,,,9640.852094736647,17152.388653454727,2402.500342008372,1271.5070150636616,7928.251128627628,4195.973149710083,per_frame_modeled_airtime_v1,"[[27.47, 152.07], [170.13, 294.73]]",,,,COM4,0123456789abcdefghijklmnopqrstuvwxyzABCDEFGHIJKLMNOPQRSTUVWXYZ-_ | 0123456789abcdefghijklmnopqrstuvwxyzABCDEFGHIJKLMNOPQRSTUVWXYZ-_,True,False,ok
lot270_other_profiles_final_candidate2/20260929_193856_radio_ebyte_e79_cc1352p,lot270_other_profiles_final_candidate2/20260929_193856_radio_ebyte_e79_cc1352p/run_00171,run_00171,2026-09-29T16:53:20+00:00,RADIO_EBYTE_E79_CC1352P,Ebyte E79-400DM2005S (CC1352P AT modem),RADIO_EBYTE_E79_CC1352P + AT_COMMANDS; E79 modem firmware 0.3.0 required,tx,COM16,COM4,COM16,1,512,8,64,512,"{""rf_profile"": ""SLR5"", ""tx_power_dbm"": 13}",ampere,3300,996.8000000000001,996.8000000000001,189440,0.0675219446320054,True,4545.730816745121,5873.833026165163,26.79,996.8000000000001,9640.82596523487,17593.79077243022,,,9640.82596523487,17593.79077243022,9609.97532214612,5086.51881862568,31712.918563082192,16785.512101464745,per_frame_modeled_airtime_v1,"[[26.79, 151.39], [173.72, 298.32], [316.04, 440.64], [463.95, 588.55], [608.44, 733.04], [755.09, 879.69], [902.49, 1027.09], [1048.43, 1173.03]]",,,,COM4,0123456789abcdefghijklmnopqrstuvwxyzABCDEFGHIJKLMNOPQRSTUVWXYZ-_ | 0123456789abcdefghijklmnopqrstuvwxyzABCDEFGHIJKLMNOPQRSTUVWXYZ-_ | 0123456789abcdefghijklmnopqrstuvwxyzABCDEFGHIJKLMNOPQRSTUVWXYZ-_ | 0123456789abcdefghijklmnopqrstuvwxyzABCDEFGHIJKLMNOPQRSTUVWXYZ-_ | 0123456789abcdefghijklmnopqrstuvwxyzABCDEFGHIJKLMNOPQRSTUVWXYZ-_ | 0123456789abcdefghijklmnopqrstuvwxyzABCDEFGHIJKLMNOPQRSTUVWXYZ-_ | 0123456789abcdefghijklmnopqrstuvwxyzABCDEFGHIJKLMNOPQRSTUVWXYZ-_ | 0123456789abcdefghijklmnopqrstuvwxyzABCDEFGHIJKLMNOPQRSTUVWXYZ-_,True,False,ok
lot270_other_profiles_final_candidate2/20260929_193856_radio_ebyte_e79_cc1352p,lot270_other_profiles_final_candidate2/20260929_193856_radio_ebyte_e79_cc1352p/run_00172,run_00172,2026-09-29T16:53:25+00:00,RADIO_EBYTE_E79_CC1352P,Ebyte E79-400DM2005S (CC1352P AT modem),RADIO_EBYTE_E79_CC1352P + AT_COMMANDS; E79 modem firmware 0.3.0 required,tx,COM16,COM4,COM16,2,512,8,64,512,"{""rf_profile"": ""SLR5"", ""tx_power_dbm"": 13}",ampere,3300,996.8000000000001,996.8000000000001,189440,0.0675219446320054,True,4545.730816745121,5868.930360438145,27.34,996.8000000000001,9638.167543346943,18199.869620165093,,,9638.167543346943,18199.869620165093,9607.325407208233,5084.33422254233,31704.173843787165,16778.30293438969,per_frame_modeled_airtime_v1,"[[27.34, 151.94], [168.93, 293.53], [316.43, 441.03], [459.93, 584.53], [607.24, 731.84], [751.17, 875.77], [895.52, 1020.12], [1043.22, 1167.82]]",,,,COM4,0123456789abcdefghijklmnopqrstuvwxyzABCDEFGHIJKLMNOPQRSTUVWXYZ-_ | 0123456789abcdefghijklmnopqrstuvwxyzABCDEFGHIJKLMNOPQRSTUVWXYZ-_ | 0123456789abcdefghijklmnopqrstuvwxyzABCDEFGHIJKLMNOPQRSTUVWXYZ-_ | 0123456789abcdefghijklmnopqrstuvwxyzABCDEFGHIJKLMNOPQRSTUVWXYZ-_ | 0123456789abcdefghijklmnopqrstuvwxyzABCDEFGHIJKLMNOPQRSTUVWXYZ-_ | 0123456789abcdefghijklmnopqrstuvwxyzABCDEFGHIJKLMNOPQRSTUVWXYZ-_ | 0123456789abcdefghijklmnopqrstuvwxyzABCDEFGHIJKLMNOPQRSTUVWXYZ-_ | 0123456789abcdefghijklmnopqrstuvwxyzABCDEFGHIJKLMNOPQRSTUVWXYZ-_,True,False,ok
lot270_other_profiles_final_candidate2/20260929_193856_radio_ebyte_e79_cc1352p,lot270_other_profiles_final_candidate2/20260929_193856_radio_ebyte_e79_cc1352p/run_00173,run_00173,2026-09-29T16:53:29+00:00,RADIO_EBYTE_E79_CC1352P,Ebyte E79-400DM2005S (CC1352P AT modem),RADIO_EBYTE_E79_CC1352P + AT_COMMANDS; E79 modem firmware 0.3.0 required,tx,COM16,COM4,COM16,3,512,8,64,512,"{""rf_profile"": ""SLR5"", ""tx_power_dbm"": 13}",ampere,3300,996.8000000000001,996.8000000000001,189440,0.0675219446320054,True,4545.730816745121,5926.349561792038,24.93,996.8000000000001,9647.085481149472,17386.67086075544,,,9647.085481149472,17386.67086075544,9616.214807609795,5093.1030667029745,31733.508865112322,16807.240120119815,per_frame_modeled_airtime_v1,"[[24.93, 149.53], [173.54, 298.14], [317.0, 441.6], [465.46, 590.06], [609.0, 733.6], [755.4, 880.0], [897.6, 1022.2], [1043.07, 1167.67]]",,,,COM4,0123456789abcdefghijklmnopqrstuvwxyzABCDEFGHIJKLMNOPQRSTUVWXYZ-_ | 0123456789abcdefghijklmnopqrstuvwxyzABCDEFGHIJKLMNOPQRSTUVWXYZ-_ | 0123456789abcdefghijklmnopqrstuvwxyzABCDEFGHIJKLMNOPQRSTUVWXYZ-_ | 0123456789abcdefghijklmnopqrstuvwxyzABCDEFGHIJKLMNOPQRSTUVWXYZ-_ | 0123456789abcdefghijklmnopqrstuvwxyzABCDEFGHIJKLMNOPQRSTUVWXYZ-_ | 0123456789abcdefghijklmnopqrstuvwxyzABCDEFGHIJKLMNOPQRSTUVWXYZ-_ | 0123456789abcdefghijklmnopqrstuvwxyzABCDEFGHIJKLMNOPQRSTUVWXYZ-_0123456789abcdefghijklmnopqrstuvwxyzABCDEFGHIJKLMNOPQRSTUVWXYZ-_,False,True,rx_missing
lot270_other_profiles_final_candidate2/20260929_193856_radio_ebyte_e79_cc1352p,lot270_other_profiles_final_candidate2/20260929_193856_radio_ebyte_e79_cc1352p/run_00174,run_00174,2026-09-29T16:53:34+00:00,RADIO_EBYTE_E79_CC1352P,Ebyte E79-400DM2005S (CC1352P AT modem),RADIO_EBYTE_E79_CC1352P + AT_COMMANDS; E79 modem firmware 0.3.0 required,tx,COM16,COM4,COM16,4,512,8,64,512,"{""rf_profile"": ""SLR5"", ""tx_power_dbm"": 13}",ampere,3300,996.8000000000001,996.8000000000001,189440,0.0675219446320054,True,4540.8717548999375,5921.268072768314,25.75,996.8000000000001,9641.672867898376,17192.74300983555,,,9641.672867898376,17192.74300983555,9610.8195147211,5093.040577131901,31715.70439857963,16807.033904535274,per_frame_modeled_airtime_v1,"[[25.75, 150.35], [169.35, 293.95], [316.17, 440.77], [460.82, 585.42], [604.49, 729.09], [752.54, 877.14], [898.27, 1022.87], [1040.6, 1165.2]]",,,,COM4,0123456789abcdefghijklmnopqrstuvwxyzABCDEFGHIJKLMNOPQRSTUVWXYZ-_ | 0123456789abcdefghijklmnopqrstuvwxyzABCDEFGHIJKLMNOPQRSTUVWXYZ-_0123456789abcdefghijklmnopqrstuvwxyzABCDEFGHIJKLMNOPQRSTUVWXYZ-_ | 0123456789abcdefghijklmnopqrstuvwxyzABCDEFGHIJKLMNOPQRSTUVWXYZ-_ | 0123456789abcdefghijklmnopqrstuvwxyzABCDEFGHIJKLMNOPQRSTUVWXYZ-_ | 0123456789abcdefghijklmnopqrstuvwxyzABCDEFGHIJKLMNOPQRSTUVWXYZ-_ | 0123456789abcdefghijklmnopqrstuvwxyzABCDEFGHIJKLMNOPQRSTUVWXYZ-_ | 0123456789abcdefghijklmnopqrstuvwxyzABCDEFGHIJKLMNOPQRSTUVWXYZ-_,False,True,rx_missing
lot270_other_profiles_final_candidate2/20260929_193856_radio_ebyte_e79_cc1352p,lot270_other_profiles_final_candidate2/20260929_193856_radio_ebyte_e79_cc1352p/run_00175,run_00175,2026-09-29T16:53:38+00:00,RADIO_EBYTE_E79_CC1352P,Ebyte E79-400DM2005S (CC1352P AT modem),RADIO_EBYTE_E79_CC1352P + AT_COMMANDS; E79 modem firmware 0.3.0 required,tx,COM16,COM4,COM16,5,512,8,64,512,"{""rf_profile"": ""SLR5"", ""tx_power_dbm"": 13}",ampere,3300,996.8000000000001,996.8000000000001,189440,0.0675219446320054,True,4545.730816745121,5926.349561792038,23.75,996.8000000000001,9644.645903798253,18940.197412794394,,,9644.645903798253,18940.197412794394,9613.7830369061,5091.146896063295,31725.484021790126,16800.78475700887,per_frame_modeled_airtime_v1,"[[23.75, 148.35], [170.32, 294.92], [316.06, 440.66], [464.17, 588.77], [609.13, 733.73], [754.26, 878.86], [902.58, 1027.18], [1048.89, 1173.49]]",,,,COM4,0123456789abcdefghijklmnopqrstuvwxyzABCDEFGHIJKLMNOPQRSTUVWXYZ-_ | 0123456789abcdefghijklmnopqrstuvwxyzABCDEFGHIJKLMNOPQRSTUVWXYZ-_ | 0123456789abcdefghijklmnopqrstuvwxyzABCDEFGHIJKLMNOPQRSTUVWXYZ-_ | 0123456789abcdefghijklmnopqrstuvwxyzABCDEFGHIJKLMNOPQRSTUVWXYZ-_ | 0123456789abcdefghijklmnopqrstuvwxyzABCDEFGHIJKLMNOPQRSTUVWXYZ-_ | 0123456789abcdefghijklmnopqrstuvwxyzABCDEFGHIJKLMNOPQRSTUVWXYZ-_ | 0123456789abcdefghijklmnopqrstuvwxyzABCDEFGHIJKLMNOPQRSTUVWXYZ-_ | 0123456789abcdefghijklmnopqrstuvwxyzABCDEFGHIJKLMNOPQRSTUVWXYZ-_,True,False,ok
lot270_other_profiles_final_candidate2/20260929_193856_radio_ebyte_e79_cc1352p,lot270_other_profiles_final_candidate2/20260929_193856_radio_ebyte_e79_cc1352p/run_00176,run_00176,2026-09-29T16:53:45+00:00,RADIO_EBYTE_E79_CC1352P,Ebyte E79-400DM2005S (CC1352P AT modem),RADIO_EBYTE_E79_CC1352P + AT_COMMANDS; E79 modem firmware 0.3.0 required,tx,COM16,COM4,COM16,1,1024,16,64,1024,"{""rf_profile"": ""SLR5"", ""tx_power_dbm"": 13}",ampere,3300,1993.6000000000001,1993.6000000000001,323584,0.17029888688698572,True,4545.730816745121,5873.833026165163,26.9,1993.6000000000001,9641.947321566748,17569.25541173912,,,9641.947321566748,17569.25541173912,19222.186180275465,10174.859127119049,63433.21439490903,33577.03511949286,per_frame_modeled_airtime_v1,"[[26.9, 151.5], [173.55, 298.15], [317.46, 442.06], [462.59, 587.19], [611.56, 736.16], [756.09, 880.69], [902.69, 1027.29], [1049.85, 1174.45], [1197.09, 1321.69], [1341.79, 1466.39], [1485.52, 1610.12], [1630.56, 1755.16], [1775.76, 1900.36], [1924.08, 2048.68], [2072.68, 2197.28], [2219.56, 2344.16]]",,,,COM4,0123456789abcdefghijklmnopqrstuvwxyzABCDEFGHIJKLMNOPQRSTUVWXYZ-_ | 0123456789abcdefghijklmnopqrstuvwxyzABCDEFGHIJKLMNOPQRSTUVWXYZ-_ | 0123456789abcdefghijklmnopqrstuvwxyzABCDEFGHIJKLMNOPQRSTUVWXYZ-_ | 0123456789abcdefghijklmnopqrstuvwxyzABCDEFGHIJKLMNOPQRSTUVWXYZ-_ | 0123456789abcdefghijklmnopqrstuvwxyzABCDEFGHIJKLMNOPQRSTUVWXYZ-_ | 0123456789abcdefghijklmnopqrstuvwxyzABCDEFGHIJKLMNOPQRSTUVWXYZ-_ | 0123456789abcdefghijklmnopqrstuvwxyzABCDEFGHIJKLMNOPQRSTUVWXYZ-_ | 0123456789abcdefghijklmnopqrstuvwxyzABCDEFGHIJKLMNOPQRSTUVWXYZ-_ | 0123456789abcdefghijklmnopqrstuvwxyzABCDEFGHIJKLMNOPQRSTUVWXYZ-_ | 0123456789abcdefghijklmnopqrstuvwxyzABCDEFGHIJKLMNOPQRSTUVWXYZ-_ | 0123456789abcdefghijklmnopqrstuvwxyzABCDEFGHIJKLMNOPQRSTUVWXYZ-_ | 0123456789abcdefghijklmnopqrstuvwxyzABCDEFGHIJKLMNOPQRSTUVWXYZ-_ | 0123456789abcdefghijklmnopqrstuvwxyzABCDEFGHIJKLMNOPQRSTUVWXYZ-_ | 0123456789abcdefghijklmnopqrstuvwxyzABCDEFGHIJKLMNOPQRSTUVWXYZ-_ | 0123456789abcdefghijklmnopqrstuvwxyzABCDEFGHIJKLMNOPQRSTUVWXYZ-_ | 0123456789abcdefghijklmnopqrstuvwxyzABCDEFGHIJKLMNOPQRSTUVWXYZ-_,True,False,ok
lot270_other_profiles_final_candidate2/20260929_193856_radio_ebyte_e79_cc1352p,lot270_other_profiles_final_candidate2/20260929_193856_radio_ebyte_e79_cc1352p/run_00177,run_00177,2026-09-29T16:53:52+00:00,RADIO_EBYTE_E79_CC1352P,Ebyte E79-400DM2005S (CC1352P AT modem),RADIO_EBYTE_E79_CC1352P + AT_COMMANDS; E79 modem firmware 0.3.0 required,tx,COM16,COM4,COM16,2,1024,16,64,1024,"{""rf_profile"": ""SLR5"", ""tx_power_dbm"": 13}",ampere,3300,1993.6000000000001,1993.6000000000001,323584,0.17029888688698572,True,4540.8717548999375,5978.668738523991,24.25,1993.6000000000001,9643.035223474308,18281.0378505727,,,9643.035223474308,18281.0378505727,19224.35502151838,10186.976747983597,63440.37157101065,33617.02326834587,per_frame_modeled_airtime_v1,"[[24.25, 148.85], [172.53, 297.13], [318.84, 443.44], [461.22, 585.82], [609.04, 733.64], [754.18, 878.78], [901.35, 1025.95], [1048.38, 1172.98], [1194.08, 1318.68], [1338.47, 1463.07], [1487.56, 1612.16], [1634.07, 1758.67], [1779.19, 1903.79], [1923.66, 2048.26], [2073.06, 2197.66], [2216.53, 2341.13]]",,,,COM4,0123456789abcdefghijklmnopqrstuvwxyzABCDEFGHIJKLMNOPQRSTUVWXYZ-_ | 0123456789abcdefghijklmnopqrstuvwxyzABCDEFGHIJKLMNOPQRSTUVWXYZ-_ | 0123456789abcdefghijklmnopqrstuvwxyzABCDEFGHIJKLMNOPQRSTUVWXYZ-_ | 0123456789abcdefghijklmnopqrstuvwxyzABCDEFGHIJKLMNOPQRSTUVWXYZ-_ | 0123456789abcdefghijklmnopqrstuvwxyzABCDEFGHIJKLMNOPQRSTUVWXYZ-_ | 0123456789abcdefghijklmnopqrstuvwxyzABCDEFGHIJKLMNOPQRSTUVWXYZ-_ | 0123456789abcdefghijklmnopqrstuvwxyzABCDEFGHIJKLMNOPQRSTUVWXYZ-_ | 0123456789abcdefghijklmnopqrstuvwxyzABCDEFGHIJKLMNOPQRSTUVWXYZ-_ | 0123456789abcdefghijklmnopqrstuvwxyzABCDEFGHIJKLMNOPQRSTUVWXYZ-_ | 0123456789abcdefghijklmnopqrstuvwxyzABCDEFGHIJKLMNOPQRSTUVWXYZ-_ | 0123456789abcdefghijklmnopqrstuvwxyzABCDEFGHIJKLMNOPQRSTUVWXYZ-_ | 0123456789abcdefghijklmnopqrstuvwxyzABCDEFGHIJKLMNOPQRSTUVWXYZ-_ | 0123456789abcdefghijklmnopqrstuvwxyzABCDEFGHIJKLMNOPQRSTUVWXYZ-_ | 0123456789abcdefghijklmnopqrstuvwxyzABCDEFGHIJKLMNOPQRSTUVWXYZ-_ | 0123456789abcdefghijklmnopqrstuvwxyzABCDEFGHIJKLMNOPQRSTUVWXYZ-_ | 0123456789abcdefghijklmnopqrstuvwxyzABCDEFGHIJKLMNOPQRSTUVWXYZ-_,True,False,ok
lot270_other_profiles_final_candidate2/20260929_193856_radio_ebyte_e79_cc1352p,lot270_other_profiles_final_candidate2/20260929_193856_radio_ebyte_e79_cc1352p/run_00178,run_00178,2026-09-29T16:53:59+00:00,RADIO_EBYTE_E79_CC1352P,Ebyte E79-400DM2005S (CC1352P AT modem),RADIO_EBYTE_E79_CC1352P + AT_COMMANDS; E79 modem firmware 0.3.0 required,tx,COM16,COM4,COM16,3,1024,16,64,1024,"{""rf_profile"": ""SLR5"", ""tx_power_dbm"": 13}",ampere,3300,1993.6000000000001,1993.6000000000001,323584,0.17029888688698572,True,4536.013474435363,5921.525617410227,23.57,1993.6000000000001,9639.428145410368,18538.64390257615,,,9639.428145410368,18538.64390257615,19217.16395069011,10188.736706244226,63416.64103727735,33622.83113060595,per_frame_modeled_airtime_v1,"[[23.57, 148.17], [169.59, 294.19], [313.54, 438.14], [465.19, 589.79], [611.53, 736.13], [756.42, 881.02], [902.06, 1026.66], [1049.23, 1173.83], [1195.26, 1319.86], [1340.84, 1465.44], [1489.55, 1614.15], [1638.79, 1763.39], [1785.87, 1910.47], [1932.03, 2056.63], [2078.45, 2203.05], [2222.41, 2347.01]]",,,,COM4,0123456789abcdefghijklmnopqrstuvwxyzABCDEFGHIJKLMNOPQRSTUVWXYZ-_ | 0123456789abcdefghijklmnopqrstuvwxyzABCDEFGHIJKLMNOPQRSTUVWXYZ-_ | 0123456789abcdefghijklmnopqrstuvwxyzABCDEFGHIJKLMNOPQRSTUVWXYZ-_ | 0123456789abcdefghijklmnopqrstuvwxyzABCDEFGHIJKLMNOPQRSTUVWXYZ-_ | 0123456789abcdefghijklmnopqrstuvwxyzABCDEFGHIJKLMNOPQRSTUVWXYZ-_ | 0123456789abcdefghijklmnopqrstuvwxyzABCDEFGHIJKLMNOPQRSTUVWXYZ-_ | 0123456789abcdefghijklmnopqrstuvwxyzABCDEFGHIJKLMNOPQRSTUVWXYZ-_ | 0123456789abcdefghijklmnopqrstuvwxyzABCDEFGHIJKLMNOPQRSTUVWXYZ-_ | 0123456789abcdefghijklmnopqrstuvwxyzABCDEFGHIJKLMNOPQRSTUVWXYZ-_ | 0123456789abcdefghijklmnopqrstuvwxyzABCDEFGHIJKLMNOPQRSTUVWXYZ-_ | 0123456789abcdefghijklmnopqrstuvwxyzABCDEFGHIJKLMNOPQRSTUVWXYZ-_ | 0123456789abcdefghijklmnopqrstuvwxyzABCDEFGHIJKLMNOPQRSTUVWXYZ-_ | 0123456789abcdefghijklmnopqrstuvwxyzABCDEFGHIJKLMNOPQRSTUVWXYZ-_ | 0123456789abcdefghijklmnopqrstuvwxyzABCDEFGHIJKLMNOPQRSTUVWXYZ-_ | 0123456789abcdefghijklmnopqrstuvwxyzABCDEFGHIJKLMNOPQRSTUVWXYZ-_ | 0123456789abcdefghijklmnopqrstuvwxyzABCDEFGHIJKLMNOPQRSTUVWXYZ-_,True,False,ok
lot270_other_profiles_final_candidate2/20260929_193856_radio_ebyte_e79_cc1352p,lot270_other_profiles_final_candidate2/20260929_193856_radio_ebyte_e79_cc1352p/run_00179,run_00179,2026-09-29T16:54:06+00:00,RADIO_EBYTE_E79_CC1352P,Ebyte E79-400DM2005S (CC1352P AT modem),RADIO_EBYTE_E79_CC1352P + AT_COMMANDS; E79 modem firmware 0.3.0 required,tx,COM16,COM4,COM16,4,1024,16,64,1024,"{""rf_profile"": ""SLR5"", ""tx_power_dbm"": 13}",ampere,3300,1993.6000000000001,1993.6000000000001,323584,0.17029888688698572,True,4540.8717548999375,5863.858139213501,24.66,1993.6000000000001,9643.808730715407,18706.222402133015,,,9643.808730715407,18706.222402133015,19225.897085554236,10189.7347739529,63445.46038232897,33626.12475404457,per_frame_modeled_airtime_v1,"[[24.66, 149.26], [172.4, 297.0], [318.32, 442.92], [463.78, 588.38], [606.54, 731.14], [752.72, 877.32], [898.25, 1022.85], [1045.93, 1170.53], [1192.2, 1316.8], [1339.47, 1464.07], [1482.87, 1607.47], [1629.16, 1753.76], [1772.16, 1896.76], [1918.64, 2043.24], [2061.24, 2185.84], [2211.33, 2335.93]]",,,,COM4,0123456789abcdefghijklmnopqrstuvwxyzABCDEFGHIJKLMNOPQRSTUVWXYZ-_ | 0123456789abcdefghijklmnopqrstuvwxyzABCDEFGHIJKLMNOPQRSTUVWXYZ-_ | 0123456789abcdefghijklmnopqrstuvwxyzABCDEFGHIJKLMNOPQRSTUVWXYZ-_ | 0123456789abcdefghijklmnopqrstuvwxyzABCDEFGHIJKLMNOPQRSTUVWXYZ-_ | 0123456789abcdefghijklmnopqrstuvwxyzABCDEFGHIJKLMNOPQRSTUVWXYZ-_ | 0123456789abcdefghijklmnopqrstuvwxyzABCDEFGHIJKLMNOPQRSTUVWXYZ-_ | 0123456789abcdefghijklmnopqrstuvwxyzABCDEFGHIJKLMNOPQRSTUVWXYZ-_ | 0123456789abcdefghijklmnopqrstuvwxyzABCDEFGHIJKLMNOPQRSTUVWXYZ-_ | 0123456789abcdefghijklmnopqrstuvwxyzABCDEFGHIJKLMNOPQRSTUVWXYZ-_ | 0123456789abcdefghijklmnopqrstuvwxyzABCDEFGHIJKLMNOPQRSTUVWXYZ-_ | 0123456789abcdefghijklmnopqrstuvwxyzABCDEFGHIJKLMNOPQRSTUVWXYZ-_ | 0123456789abcdefghijklmnopqrstuvwxyzABCDEFGHIJKLMNOPQRSTUVWXYZ-_ | 0123456789abcdefghijklmnopqrstuvwxyzABCDEFGHIJKLMNOPQRSTUVWXYZ-_ | 0123456789abcdefghijklmnopqrstuvwxyzABCDEFGHIJKLMNOPQRSTUVWXYZ-_ | 0123456789abcdefghijklmnopqrstuvwxyzABCDEFGHIJKLMNOPQRSTUVWXYZ-_ | 0123456789abcdefghijklmnopqrstuvwxyzABCDEFGHIJKLMNOPQRSTUVWXYZ-_,True,False,ok
lot270_other_profiles_final_candidate2/20260929_193856_radio_ebyte_e79_cc1352p,lot270_other_profiles_final_candidate2/20260929_193856_radio_ebyte_e79_cc1352p/run_00180,run_00180,2026-09-29T16:54:13+00:00,RADIO_EBYTE_E79_CC1352P,Ebyte E79-400DM2005S (CC1352P AT modem),RADIO_EBYTE_E79_CC1352P + AT_COMMANDS; E79 modem firmware 0.3.0 required,tx,COM16,COM4,COM16,5,1024,16,64,1024,"{""rf_profile"": ""SLR5"", ""tx_power_dbm"": 13}",ampere,3300,1993.6000000000001,1993.6000000000001,323584,0.17029888688698572,True,4540.8717548999375,5921.268072768314,23.94,1993.6000000000001,9638.221803481143,18158.305958341567,,,9638.221803481143,18158.305958341567,19214.75898742001,10177.855406278957,63408.70465848603,33586.92284072056,per_frame_modeled_airtime_v1,"[[23.94, 148.54], [172.67, 297.27], [318.77, 443.37], [466.17, 590.77], [610.45, 735.05], [756.35, 880.95], [905.86, 1030.46], [1051.43, 1176.03], [1198.9, 1323.5], [1348.71, 1473.31], [1491.31, 1615.91], [1637.01, 1761.61], [1783.86, 1908.46], [1929.32, 2053.92], [2074.31, 2198.91], [2218.68, 2343.28]]",,,,COM4,0123456789abcdefghijklmnopqrstuvwxyzABCDEFGHIJKLMNOPQRSTUVWXYZ-_ | 0123456789abcdefghijklmnopqrstuvwxyzABCDEFGHIJKLMNOPQRSTUVWXYZ-_ | 0123456789abcdefghijklmnopqrstuvwxyzABCDEFGHIJKLMNOPQRSTUVWXYZ-_ | 0123456789abcdefghijklmnopqrstuvwxyzABCDEFGHIJKLMNOPQRSTUVWXYZ-_ | 0123456789abcdefghijklmnopqrstuvwxyzABCDEFGHIJKLMNOPQRSTUVWXYZ-_ | 0123456789abcdefghijklmnopqrstuvwxyzABCDEFGHIJKLMNOPQRSTUVWXYZ-_ | 0123456789abcdefghijklmnopqrstuvwxyzABCDEFGHIJKLMNOPQRSTUVWXYZ-_ | 0123456789abcdefghijklmnopqrstuvwxyzABCDEFGHIJKLMNOPQRSTUVWXYZ-_ | 0123456789abcdefghijklmnopqrstuvwxyzABCDEFGHIJKLMNOPQRSTUVWXYZ-_ | 0123456789abcdefghijklmnopqrstuvwxyzABCDEFGHIJKLMNOPQRSTUVWXYZ-_ | 0123456789abcdefghijklmnopqrstuvwxyzABCDEFGHIJKLMNOPQRSTUVWXYZ-_ | 0123456789abcdefghijklmnopqrstuvwxyzABCDEFGHIJKLMNOPQRSTUVWXYZ-_ | 0123456789abcdefghijklmnopqrstuvwxyzABCDEFGHIJKLMNOPQRSTUVWXYZ-_ | 0123456789abcdefghijklmnopqrstuvwxyzABCDEFGHIJKLMNOPQRSTUVWXYZ-_ | 0123456789abcdefghijklmnopqrstuvwxyzABCDEFGHIJKLMNOPQRSTUVWXYZ-_ | 0123456789abcdefghijklmnopqrstuvwxyzABCDEFGHIJKLMNOPQRSTUVWXYZ-_,True,False,ok
lot270_other_profiles_final_candidate2/20260929_193856_radio_ebyte_e79_cc1352p,lot270_other_profiles_final_candidate2/20260929_193856_radio_ebyte_e79_cc1352p/run_00181,run_00181,2026-09-29T16:54:17+00:00,RADIO_EBYTE_E79_CC1352P,Ebyte E79-400DM2005S (CC1352P AT modem),RADIO_EBYTE_E79_CC1352P + AT_COMMANDS; E79 modem firmware 0.3.0 required,tx,COM16,COM4,COM16,1,128,2,64,128,"{""rf_profile"": ""OOK4K8"", ""tx_power_dbm"": -20}",ampere,3300,259.33333333333337,259.33333333333337,94208,0.8336842105263158,True,4540.8717548999375,5984.461112965214,25.36,259.33,6437.007969555283,17752.43336533329,,,6437.007969555283,17752.43336533329,1669.3092767447715,584.6902751288609,5508.720613257746,1929.4779079252407,per_frame_modeled_airtime_v1,"[[25.36, 155.03], [180.49, 310.15]]",,,,COM4,0123456789abcdefghijklmnopqrstuvwxyzABCDEFGHIJKLMNOPQRSTUVWXYZ-_ | 0123456789abcdefghijklmnopqrstuvwxyzABCDEFGHIJKLMNOPQRSTUVWXYZ-_,True,False,ok
lot270_other_profiles_final_candidate2/20260929_193856_radio_ebyte_e79_cc1352p,lot270_other_profiles_final_candidate2/20260929_193856_radio_ebyte_e79_cc1352p/run_00182,run_00182,2026-09-29T16:54:20+00:00,RADIO_EBYTE_E79_CC1352P,Ebyte E79-400DM2005S (CC1352P AT modem),RADIO_EBYTE_E79_CC1352P + AT_COMMANDS; E79 modem firmware 0.3.0 required,tx,COM16,COM4,COM16,2,128,2,64,128,"{""rf_profile"": ""OOK4K8"", ""tx_power_dbm"": -20}",ampere,3300,259.33333333333337,259.33333333333337,94208,0.8336842105263158,True,4545.730816745121,5931.687814077045,27.65,259.33,6411.355387304356,17803.633206084938,,,6411.355387304356,17803.633206084938,1662.6567925896386,575.6673179830152,5486.767415545807,1899.7021493439502,per_frame_modeled_airtime_v1,"[[27.65, 157.32], [176.2, 305.86]]",,,,COM4,0123456789abcdefghijklmnopqrstuvwxyzABCDEFGHIJKLMNOPQRSTUVWXYZ-_ | 0123456789abcdefghijklmnopqrstuvwxyzABCDEFGHIJKLMNOPQRSTUVWXYZ-_,True,False,ok
lot270_other_profiles_final_candidate2/20260929_193856_radio_ebyte_e79_cc1352p,lot270_other_profiles_final_candidate2/20260929_193856_radio_ebyte_e79_cc1352p/run_00183,run_00183,2026-09-29T16:54:23+00:00,RADIO_EBYTE_E79_CC1352P,Ebyte E79-400DM2005S (CC1352P AT modem),RADIO_EBYTE_E79_CC1352P + AT_COMMANDS; E79 modem firmware 0.3.0 required,tx,COM16,COM4,COM16,3,128,2,64,128,"{""rf_profile"": ""OOK4K8"", ""tx_power_dbm"": -20}",ampere,3300,259.33333333333337,259.33333333333337,94208,0.8336842105263158,True,4550.590659970911,5936.770084481386,27.85,259.33,6441.486766885879,18264.007994116335,,,6441.486766885879,18264.007994116335,1670.470763256515,584.8586741866577,5512.553518746499,1930.0336248159704,per_frame_modeled_airtime_v1,"[[27.85, 157.52], [178.1, 307.76]]",,,,COM4,0123456789abcdefghijklmnopqrstuvwxyzABCDEFGHIJKLMNOPQRSTUVWXYZ-_ | 0123456789abcdefghijklmnopqrstuvwxyzABCDEFGHIJKLMNOPQRSTUVWXYZ-_,True,False,ok
lot270_other_profiles_final_candidate2/20260929_193856_radio_ebyte_e79_cc1352p,lot270_other_profiles_final_candidate2/20260929_193856_radio_ebyte_e79_cc1352p/run_00184,run_00184,2026-09-29T16:54:25+00:00,RADIO_EBYTE_E79_CC1352P,Ebyte E79-400DM2005S (CC1352P AT modem),RADIO_EBYTE_E79_CC1352P + AT_COMMANDS; E79 modem firmware 0.3.0 required,tx,COM16,COM4,COM16,4,128,2,64,128,"{""rf_profile"": ""OOK4K8"", ""tx_power_dbm"": -20}",ampere,3300,259.33333333333337,259.33333333333337,94208,0.8336842105263158,True,4550.590659970911,5936.770084481386,25.19,259.33,6429.995498531228,17728.297759421126,,,6429.995498531228,17728.297759421126,1667.4907326341033,578.8390523189743,5502.71941769254,1910.168872652615,per_frame_modeled_airtime_v1,"[[25.19, 154.86], [179.3, 308.96]]",,,,COM4,0123456789abcdefghijklmnopqrstuvwxyzABCDEFGHIJKLMNOPQRSTUVWXYZ-_ | 0123456789abcdefghijklmnopqrstuvwxyzABCDEFGHIJKLMNOPQRSTUVWXYZ-_,True,False,ok
lot270_other_profiles_final_candidate2/20260929_193856_radio_ebyte_e79_cc1352p,lot270_other_profiles_final_candidate2/20260929_193856_radio_ebyte_e79_cc1352p/run_00185,run_00185,2026-09-29T16:54:28+00:00,RADIO_EBYTE_E79_CC1352P,Ebyte E79-400DM2005S (CC1352P AT modem),RADIO_EBYTE_E79_CC1352P + AT_COMMANDS; E79 modem firmware 0.3.0 required,tx,COM16,COM4,COM16,5,128,2,64,128,"{""rf_profile"": ""OOK4K8"", ""tx_power_dbm"": -20}",ampere,3300,259.33333333333337,259.33333333333337,94208,0.8336842105263158,True,4550.590659970911,5936.770084481386,28.51,259.33,6411.543747908321,17690.53347786969,,,6411.543747908321,17690.53347786969,1662.705640145065,573.6649361385886,5486.928612478714,1893.0942892573423,per_frame_modeled_airtime_v1,"[[28.51, 158.18], [180.97, 310.63]]",,,,COM4,0123456789abcdefghijklmnopqrstuvwxyzABCDEFGHIJKLMNOPQRSTUVWXYZ-_ | 0123456789abcdefghijklmnopqrstuvwxyzABCDEFGHIJKLMNOPQRSTUVWXYZ-_,True,False,ok
lot270_other_profiles_final_candidate2/20260929_193856_radio_ebyte_e79_cc1352p,lot270_other_profiles_final_candidate2/20260929_193856_radio_ebyte_e79_cc1352p/run_00186,run_00186,2026-09-29T16:54:33+00:00,RADIO_EBYTE_E79_CC1352P,Ebyte E79-400DM2005S (CC1352P AT modem),RADIO_EBYTE_E79_CC1352P + AT_COMMANDS; E79 modem firmware 0.3.0 required,tx,COM16,COM4,COM16,1,512,8,64,512,"{""rf_profile"": ""OOK4K8"", ""tx_power_dbm"": -20}",ampere,3300,1037.3333333333335,1037.3333333333335,194560,0.2461033634126333,True,4550.590659970911,5874.003363043362,25.8,1037.3300000000002,6360.290224814929,17821.922818960542,,,6360.290224814929,17821.922818960542,6597.7198589072705,2236.3450176612846,21772.47553439399,7379.938558282239,per_frame_modeled_airtime_v1,"[[25.8, 155.47], [179.68, 309.35], [329.14, 458.81], [480.17, 609.84], [632.67, 762.34], [784.02, 913.68], [933.8, 1063.46], [1086.41, 1216.07]]",,,,COM4,0123456789abcdefghijklmnopqrstuvwxyzABCDEFGHIJKLMNOPQRSTUVWXYZ-_ | 0123456789abcdefghijklmnopqrstuvwxyzABCDEFGHIJKLMNOPQRSTUVWXYZ-_ | 0123456789abcdefghijklmnopqrstuvwxyzABCDEFGHIJKLMNOPQRSTUVWXYZ-_ | 0123456789abcdefghijklmnopqrstuvwxyzABCDEFGHIJKLMNOPQRSTUVWXYZ-_ | 0123456789abcdefghijklmnopqrstuvwxyzABCDEFGHIJKLMNOPQRSTUVWXYZ-_ | 0123456789abcdefghijklmnopqrstuvwxyzABCDEFGHIJKLMNOPQRSTUVWXYZ-_ | 0123456789abcdefghijklmnopqrstuvwxyzABCDEFGHIJKLMNOPQRSTUVWXYZ-_ | 0123456789abcdefghijklmnopqrstuvwxyzABCDEFGHIJKLMNOPQRSTUVWXYZ-_,True,False,ok
lot270_other_profiles_final_candidate2/20260929_193856_radio_ebyte_e79_cc1352p,lot270_other_profiles_final_candidate2/20260929_193856_radio_ebyte_e79_cc1352p/run_00187,run_00187,2026-09-29T16:54:38+00:00,RADIO_EBYTE_E79_CC1352P,Ebyte E79-400DM2005S (CC1352P AT modem),RADIO_EBYTE_E79_CC1352P + AT_COMMANDS; E79 modem firmware 0.3.0 required,tx,COM16,COM4,COM16,2,512,8,64,512,"{""rf_profile"": ""OOK4K8"", ""tx_power_dbm"": -20}",ampere,3300,1037.3333333333335,1037.3333333333335,194560,0.2461033634126333,True,4548.160738358016,5957.600297671154,24.7,1037.3300000000002,6368.631122659284,18227.08204119326,,,6368.631122659284,18227.08204119326,6606.372122468156,2245.7707824605113,21801.02800414491,7411.043582119687,per_frame_modeled_airtime_v1,"[[24.7, 154.37], [175.35, 305.02], [331.24, 460.91], [481.9, 611.57], [630.91, 760.58], [782.45, 912.11], [937.06, 1066.72], [1093.27, 1222.93]]",,,,COM4,0123456789abcdefghijklmnopqrstuvwxyzABCDEFGHIJKLMNOPQRSTUVWXYZ-_ | 0123456789abcdefghijklmnopqrstuvwxyzABCDEFGHIJKLMNOPQRSTUVWXYZ-_ | 0123456789abcdefghijklmnopqrstuvwxyzABCDEFGHIJKLMNOPQRSTUVWXYZ-_ | 0123456789abcdefghijklmnopqrstuvwxyzABCDEFGHIJKLMNOPQRSTUVWXYZ-_ | 0123456789abcdefghijklmnopqrstuvwxyzABCDEFGHIJKLMNOPQRSTUVWXYZ-_ | 0123456789abcdefghijklmnopqrstuvwxyzABCDEFGHIJKLMNOPQRSTUVWXYZ-_ | 0123456789abcdefghijklmnopqrstuvwxyzABCDEFGHIJKLMNOPQRSTUVWXYZ-_ | 0123456789abcdefghijklmnopqrstuvwxyzABCDEFGHIJKLMNOPQRSTUVWXYZ-_,True,False,ok
lot270_other_profiles_final_candidate2/20260929_193856_radio_ebyte_e79_cc1352p,lot270_other_profiles_final_candidate2/20260929_193856_radio_ebyte_e79_cc1352p/run_00188,run_00188,2026-09-29T16:54:42+00:00,RADIO_EBYTE_E79_CC1352P,Ebyte E79-400DM2005S (CC1352P AT modem),RADIO_EBYTE_E79_CC1352P + AT_COMMANDS; E79 modem firmware 0.3.0 required,tx,COM16,COM4,COM16,3,512,8,64,512,"{""rf_profile"": ""OOK4K8"", ""tx_power_dbm"": -20}",ampere,3300,1037.3333333333335,1037.3333333333335,194560,0.2461033634126333,True,4550.590659970911,5878.906028770391,26.76,1037.3300000000002,6340.364640996745,17950.243219519867,,,6340.364640996745,17950.243219519867,6577.0504530451535,2214.76194650463,21704.266495049007,7308.714423465279,per_frame_modeled_airtime_v1,"[[26.76, 156.43], [182.35, 312.02], [332.79, 462.46], [486.41, 616.08], [639.14, 768.81], [788.08, 917.74], [939.83, 1069.49], [1091.63, 1221.29]]",,,,COM4,0123456789abcdefghijklmnopqrstuvwxyzABCDEFGHIJKLMNOPQRSTUVWXYZ-_ | 0123456789abcdefghijklmnopqrstuvwxyzABCDEFGHIJKLMNOPQRSTUVWXYZ-_ | 0123456789abcdefghijklmnopqrstuvwxyzABCDEFGHIJKLMNOPQRSTUVWXYZ-_ | 0123456789abcdefghijklmnopqrstuvwxyzABCDEFGHIJKLMNOPQRSTUVWXYZ-_ | 0123456789abcdefghijklmnopqrstuvwxyzABCDEFGHIJKLMNOPQRSTUVWXYZ-_ | 0123456789abcdefghijklmnopqrstuvwxyzABCDEFGHIJKLMNOPQRSTUVWXYZ-_ | 0123456789abcdefghijklmnopqrstuvwxyzABCDEFGHIJKLMNOPQRSTUVWXYZ-_ | 0123456789abcdefghijklmnopqrstuvwxyzABCDEFGHIJKLMNOPQRSTUVWXYZ-_,True,False,ok
lot270_other_profiles_final_candidate2/20260929_193856_radio_ebyte_e79_cc1352p,lot270_other_profiles_final_candidate2/20260929_193856_radio_ebyte_e79_cc1352p/run_00189,run_00189,2026-09-29T16:54:47+00:00,RADIO_EBYTE_E79_CC1352P,Ebyte E79-400DM2005S (CC1352P AT modem),RADIO_EBYTE_E79_CC1352P + AT_COMMANDS; E79 modem firmware 0.3.0 required,tx,COM16,COM4,COM16,4,512,8,64,512,"{""rf_profile"": ""OOK4K8"", ""tx_power_dbm"": -20}",ampere,3300,1037.3333333333335,1037.3333333333335,194560,0.2461033634126333,True,4550.590659970911,5931.431832196378,27.68,1037.3300000000002,6361.631484071604,18012.188378081115,,,6361.631484071604,18012.188378081115,6599.1111873719965,2239.897979349021,21777.066918327586,7391.66333185177,per_frame_modeled_airtime_v1,"[[27.68, 157.35], [180.34, 310.01], [331.4, 461.07], [484.9, 614.57], [635.42, 765.09], [790.37, 920.03], [940.45, 1070.11], [1092.05, 1221.71]]",,,,COM4,0123456789abcdefghijklmnopqrstuvwxyzABCDEFGHIJKLMNOPQRSTUVWXYZ-_ | 0123456789abcdefghijklmnopqrstuvwxyzABCDEFGHIJKLMNOPQRSTUVWXYZ-_ | 0123456789abcdefghijklmnopqrstuvwxyzABCDEFGHIJKLMNOPQRSTUVWXYZ-_ | 0123456789abcdefghijklmnopqrstuvwxyzABCDEFGHIJKLMNOPQRSTUVWXYZ-_ | 0123456789abcdefghijklmnopqrstuvwxyzABCDEFGHIJKLMNOPQRSTUVWXYZ-_ | 0123456789abcdefghijklmnopqrstuvwxyzABCDEFGHIJKLMNOPQRSTUVWXYZ-_ | 0123456789abcdefghijklmnopqrstuvwxyzABCDEFGHIJKLMNOPQRSTUVWXYZ-_ | 0123456789abcdefghijklmnopqrstuvwxyzABCDEFGHIJKLMNOPQRSTUVWXYZ-_,True,False,ok
lot270_other_profiles_final_candidate2/20260929_193856_radio_ebyte_e79_cc1352p,lot270_other_profiles_final_candidate2/20260929_193856_radio_ebyte_e79_cc1352p/run_00190,run_00190,2026-09-29T16:54:51+00:00,RADIO_EBYTE_E79_CC1352P,Ebyte E79-400DM2005S (CC1352P AT modem),RADIO_EBYTE_E79_CC1352P + AT_COMMANDS; E79 modem firmware 0.3.0 required,tx,COM16,COM4,COM16,5,512,8,64,512,"{""rf_profile"": ""OOK4K8"", ""tx_power_dbm"": -20}",ampere,3300,1037.3333333333335,1037.3333333333335,194560,0.2461033634126333,True,4550.590659970911,5931.431832196378,24.94,1037.3300000000002,6395.0103168784835,17790.042717221226,,,6395.0103168784835,17790.042717221226,6633.736052007557,2277.1837816090424,21891.32897162494,7514.70647930984,per_frame_modeled_airtime_v1,"[[24.94, 154.61], [175.37, 305.04], [328.27, 457.94], [477.87, 607.54], [629.34, 759.01], [781.42, 911.08], [936.06, 1065.72], [1091.48, 1221.14]]",,,,COM4,0123456789abcdefghijklmnopqrstuvwxyzABCDEFGHIJKLMNOPQRSTUVWXYZ-_ | 0123456789abcdefghijklmnopqrstuvwxyzABCDEFGHIJKLMNOPQRSTUVWXYZ-_ | 0123456789abcdefghijklmnopqrstuvwxyzABCDEFGHIJKLMNOPQRSTUVWXYZ-_ | 0123456789abcdefghijklmnopqrstuvwxyzABCDEFGHIJKLMNOPQRSTUVWXYZ-_ | 0123456789abcdefghijklmnopqrstuvwxyzABCDEFGHIJKLMNOPQRSTUVWXYZ-_ | 0123456789abcdefghijklmnopqrstuvwxyzABCDEFGHIJKLMNOPQRSTUVWXYZ-_ | 0123456789abcdefghijklmnopqrstuvwxyzABCDEFGHIJKLMNOPQRSTUVWXYZ-_ | 0123456789abcdefghijklmnopqrstuvwxyzABCDEFGHIJKLMNOPQRSTUVWXYZ-_,True,False,ok
lot270_other_profiles_final_candidate2/20260929_193856_radio_ebyte_e79_cc1352p,lot270_other_profiles_final_candidate2/20260929_193856_radio_ebyte_e79_cc1352p/run_00191,run_00191,2026-09-29T16:54:59+00:00,RADIO_EBYTE_E79_CC1352P,Ebyte E79-400DM2005S (CC1352P AT modem),RADIO_EBYTE_E79_CC1352P + AT_COMMANDS; E79 modem firmware 0.3.0 required,tx,COM16,COM4,COM16,1,1024,16,64,1024,"{""rf_profile"": ""OOK4K8"", ""tx_power_dbm"": -20}",ampere,3300,2074.666666666667,2074.666666666667,334848,0.06923719708726274,True,4550.590659970911,5878.906028770391,27.08,2074.6600000000003,6375.119627015167,17893.87070385227,,,6375.119627015167,17893.87070385227,13226.205685383287,4507.995959772382,43646.47876176485,14876.38666724886,per_frame_modeled_airtime_v1,"[[27.08, 156.75], [176.96, 306.63], [327.0, 456.67], [480.67, 610.34], [633.96, 763.63], [784.49, 914.16], [936.9, 1066.57], [1088.57, 1218.24], [1238.13, 1367.8], [1394.34, 1524.01], [1544.99, 1674.65], [1696.58, 1826.24], [1847.62, 1977.28], [1999.11, 2128.77], [2149.75, 2279.41], [2301.5, 2431.16]]",,,,COM4,0123456789abcdefghijklmnopqrstuvwxyzABCDEFGHIJKLMNOPQRSTUVWXYZ-_ | 0123456789abcdefghijklmnopqrstuvwxyzABCDEFGHIJKLMNOPQRSTUVWXYZ-_ | 0123456789abcdefghijklmnopqrstuvwxyzABCDEFGHIJKLMNOPQRSTUVWXYZ-_ | 0123456789abcdefghijklmnopqrstuvwxyzABCDEFGHIJKLMNOPQRSTUVWXYZ-_ | 0123456789abcdefghijklmnopqrstuvwxyzABCDEFGHIJKLMNOPQRSTUVWXYZ-_ | 0123456789abcdefghijklmnopqrstuvwxyzABCDEFGHIJKLMNOPQRSTUVWXYZ-_ | 0123456789abcdefghijklmnopqrstuvwxyzABCDEFGHIJKLMNOPQRSTUVWXYZ-_ | 0123456789abcdefghijklmnopqrstuvwxyzABCDEFGHIJKLMNOPQRSTUVWXYZ-_ | 0123456789abcdefghijklmnopqrstuvwxyzABCDEFGHIJKLMNOPQRSTUVWXYZ-_ | 0123456789abcdefghijklmnopqrstuvwxyzABCDEFGHIJKLMNOPQRSTUVWXYZ-_ | 0123456789abcdefghijklmnopqrstuvwxyzABCDEFGHIJKLMNOPQRSTUVWXYZ-_ | 0123456789abcdefghijklmnopqrstuvwxyzABCDEFGHIJKLMNOPQRSTUVWXYZ-_ | 0123456789abcdefghijklmnopqrstuvwxyzABCDEFGHIJKLMNOPQRSTUVWXYZ-_ | 0123456789abcdefghijklmnopqrstuvwxyzABCDEFGHIJKLMNOPQRSTUVWXYZ-_ | 0123456789abcdefghijklmnopqrstuvwxyzABCDEFGHIJKLMNOPQRSTUVWXYZ-_ | 0123456789abcdefghijklmnopqrstuvwxyzABCDEFGHIJKLMNOPQRSTUVWXYZ-_,True,False,ok
lot270_other_profiles_final_candidate2/20260929_193856_radio_ebyte_e79_cc1352p,lot270_other_profiles_final_candidate2/20260929_193856_radio_ebyte_e79_cc1352p/run_00192,run_00192,2026-09-29T16:55:06+00:00,RADIO_EBYTE_E79_CC1352P,Ebyte E79-400DM2005S (CC1352P AT modem),RADIO_EBYTE_E79_CC1352P + AT_COMMANDS; E79 modem firmware 0.3.0 required,tx,COM16,COM4,COM16,2,1024,16,64,1024,"{""rf_profile"": ""OOK4K8"", ""tx_power_dbm"": -20}",ampere,3300,2074.666666666667,2074.666666666667,334848,0.06923719708726274,True,4550.590659970911,5988.8510335502715,27.07,2074.6600000000003,6354.888767510031,18072.3178471326,,,6354.888767510031,18072.3178471326,13184.233530402362,4461.369367390884,43507.97065032779,14722.518912389916,per_frame_modeled_airtime_v1,"[[27.07, 156.74], [183.19, 312.86], [331.69, 461.36], [486.0, 615.67], [640.33, 770.0], [795.79, 925.46], [946.37, 1076.04], [1101.43, 1231.1], [1251.86, 1381.53], [1406.99, 1536.66], [1563.17, 1692.83], [1716.76, 1846.42], [1873.65, 2003.31], [2026.1, 2155.76], [2176.34, 2306.0], [2329.8, 2459.46]]",,,,COM4,0123456789abcdefghijklmnopqrstuvwxyzABCDEFGHIJKLMNOPQRSTUVWXYZ-_ | 0123456789abcdefghijklmnopqrstuvwxyzABCDEFGHIJKLMNOPQRSTUVWXYZ-_ | 0123456789abcdefghijklmnopqrstuvwxyzABCDEFGHIJKLMNOPQRSTUVWXYZ-_ | 0123456789abcdefghijklmnopqrstuvwxyzABCDEFGHIJKLMNOPQRSTUVWXYZ-_ | 0123456789abcdefghijklmnopqrstuvwxyzABCDEFGHIJKLMNOPQRSTUVWXYZ-_ | 0123456789abcdefghijklmnopqrstuvwxyzABCDEFGHIJKLMNOPQRSTUVWXYZ-_ | 0123456789abcdefghijklmnopqrstuvwxyzABCDEFGHIJKLMNOPQRSTUVWXYZ-_ | 0123456789abcdefghijklmnopqrstuvwxyzABCDEFGHIJKLMNOPQRSTUVWXYZ-_ | 0123456789abcdefghijklmnopqrstuvwxyzABCDEFGHIJKLMNOPQRSTUVWXYZ-_ | 0123456789abcdefghijklmnopqrstuvwxyzABCDEFGHIJKLMNOPQRSTUVWXYZ-_ | 0123456789abcdefghijklmnopqrstuvwxyzABCDEFGHIJKLMNOPQRSTUVWXYZ-_ | 0123456789abcdefghijklmnopqrstuvwxyzABCDEFGHIJKLMNOPQRSTUVWXYZ-_ | 0123456789abcdefghijklmnopqrstuvwxyzABCDEFGHIJKLMNOPQRSTUVWXYZ-_ | 0123456789abcdefghijklmnopqrstuvwxyzABCDEFGHIJKLMNOPQRSTUVWXYZ-_ | 0123456789abcdefghijklmnopqrstuvwxyzABCDEFGHIJKLMNOPQRSTUVWXYZ-_ | 0123456789abcdefghijklmnopqrstuvwxyzABCDEFGHIJKLMNOPQRSTUVWXYZ-_,True,False,ok
lot270_other_profiles_final_candidate2/20260929_193856_radio_ebyte_e79_cc1352p,lot270_other_profiles_final_candidate2/20260929_193856_radio_ebyte_e79_cc1352p/run_00193,run_00193,2026-09-29T16:55:14+00:00,RADIO_EBYTE_E79_CC1352P,Ebyte E79-400DM2005S (CC1352P AT modem),RADIO_EBYTE_E79_CC1352P + AT_COMMANDS; E79 modem firmware 0.3.0 required,tx,COM16,COM4,COM16,3,1024,16,64,1024,"{""rf_profile"": ""OOK4K8"", ""tx_power_dbm"": -20}",ampere,3300,2074.666666666667,2074.666666666667,334848,0.06923719708726274,True,4550.590659970911,5931.431832196378,25.4,2074.6600000000003,6365.599206647845,18095.48158835285,,,6365.599206647845,18095.48158835285,13206.454050064018,4481.311007844657,43581.29836521126,14788.326325887367,per_frame_modeled_airtime_v1,"[[25.4, 155.07], [177.33, 307.0], [329.81, 459.48], [479.21, 608.88], [630.25, 759.92], [781.62, 911.29], [933.27, 1062.94], [1085.06, 1214.73], [1240.66, 1370.33], [1390.64, 1520.31], [1545.96, 1675.62], [1700.55, 1830.21], [1852.04, 1981.7], [2002.62, 2132.28], [2154.98, 2284.64], [2307.62, 2437.28]]",,,,COM4,0123456789abcdefghijklmnopqrstuvwxyzABCDEFGHIJKLMNOPQRSTUVWXYZ-_ | 0123456789abcdefghijklmnopqrstuvwxyzABCDEFGHIJKLMNOPQRSTUVWXYZ-_0123456789abcdefghijklmnopqrstuvwxyzABCDEFGHIJKLMNOPQRSTUVWXYZ-_ | 0123456789abcdefghijklmnopqrstuvwxyzABCDEFGHIJKLMNOPQRSTUVWXYZ-_ | 0123456789abcdefghijklmnopqrstuvwxyzABCDEFGHIJKLMNOPQRSTUVWXYZ-_ | 0123456789abcdefghijklmnopqrstuvwxyzABCDEFGHIJKLMNOPQRSTUVWXYZ-_ | 0123456789abcdefghijklmnopqrstuvwxyzABCDEFGHIJKLMNOPQRSTUVWXYZ-_ | 0123456789abcdefghijklmnopqrstuvwxyzABCDEFGHIJKLMNOPQRSTUVWXYZ-_ | 0123456789abcdefghijklmnopqrstuvwxyzABCDEFGHIJKLMNOPQRSTUVWXYZ-_ | 0123456789abcdefghijklmnopqrstuvwxyzABCDEFGHIJKLMNOPQRSTUVWXYZ-_ | 0123456789abcdefghijklmnopqrstuvwxyzABCDEFGHIJKLMNOPQRSTUVWXYZ-_ | 0123456789abcdefghijklmnopqrstuvwxyzABCDEFGHIJKLMNOPQRSTUVWXYZ-_ | 0123456789abcdefghijklmnopqrstuvwxyzABCDEFGHIJKLMNOPQRSTUVWXYZ-_ | 0123456789abcdefghijklmnopqrstuvwxyzABCDEFGHIJKLMNOPQRSTUVWXYZ-_ | 0123456789abcdefghijklmnopqrstuvwxyzABCDEFGHIJKLMNOPQRSTUVWXYZ-_ | 0123456789abcdefghijklmnopqrstuvwxyzABCDEFGHIJKLMNOPQRSTUVWXYZ-_,False,True,rx_missing
lot270_other_profiles_final_candidate2/20260929_193856_radio_ebyte_e79_cc1352p,lot270_other_profiles_final_candidate2/20260929_193856_radio_ebyte_e79_cc1352p/run_00194,run_00194,2026-09-29T16:55:21+00:00,RADIO_EBYTE_E79_CC1352P,Ebyte E79-400DM2005S (CC1352P AT modem),RADIO_EBYTE_E79_CC1352P + AT_COMMANDS; E79 modem firmware 0.3.0 required,tx,COM16,COM4,COM16,4,1024,16,64,1024,"{""rf_profile"": ""OOK4K8"", ""tx_power_dbm"": -20}",ampere,3300,2074.666666666667,2074.666666666667,334848,0.06923719708726274,True,4545.730816745121,5983.75949534685,25.72,2074.6600000000003,6390.833728451943,17912.457034035484,,,6390.833728451943,17912.457034035484,13258.807103070108,4549.163109723289,43754.06344013136,15012.238262086854,per_frame_modeled_airtime_v1,"[[25.72, 155.39], [182.47, 312.14], [333.53, 463.2], [485.46, 615.13], [635.79, 765.46], [790.42, 920.09], [942.72, 1072.39], [1095.19, 1224.86], [1249.87, 1379.54], [1400.18, 1529.85], [1555.74, 1685.4], [1705.57, 1835.23], [1862.57, 1992.23], [2012.52, 2142.18], [2168.08, 2297.74], [2321.51, 2451.17]]",,,,COM4,0123456789abcdefghijklmnopqrstuvwxyzABCDEFGHIJKLMNOPQRSTUVWXYZ-_ | 0123456789abcdefghijklmnopqrstuvwxyzABCDEFGHIJKLMNOPQRSTUVWXYZ-_ | 0123456789abcdefghijklmnopqrstuvwxyzABCDEFGHIJKLMNOPQRSTUVWXYZ-_ | 0123456789abcdefghijklmnopqrstuvwxyzABCDEFGHIJKLMNOPQRSTUVWXYZ-_ | 0123456789abcdefghijklmnopqrstuvwxyzABCDEFGHIJKLMNOPQRSTUVWXYZ-_ | 0123456789abcdefghijklmnopqrstuvwxyzABCDEFGHIJKLMNOPQRSTUVWXYZ-_ | 0123456789abcdefghijklmnopqrstuvwxyzABCDEFGHIJKLMNOPQRSTUVWXYZ-_ | 0123456789abcdefghijklmnopqrstuvwxyzABCDEFGHIJKLMNOPQRSTUVWXYZ-_ | 0123456789abcdefghijklmnopqrstuvwxyzABCDEFGHIJKLMNOPQRSTUVWXYZ-_0123456789abcdefghijklmnopqrstuvwxyzABCDEFGHIJKLMNOPQRSTUVWXYZ-_ | 0123456789abcdefghijklmnopqrstuvwxyzABCDEFGHIJKLMNOPQRSTUVWXYZ-_ | 0123456789abcdefghijklmnopqrstuvwxyzABCDEFGHIJKLMNOPQRSTUVWXYZ-_ | 0123456789abcdefghijklmnopqrstuvwxyzABCDEFGHIJKLMNOPQRSTUVWXYZ-_ | 0123456789abcdefghijklmnopqrstuvwxyzABCDEFGHIJKLMNOPQRSTUVWXYZ-_ | 0123456789abcdefghijklmnopqrstuvwxyzABCDEFGHIJKLMNOPQRSTUVWXYZ-_ | 0123456789abcdefghijklmnopqrstuvwxyzABCDEFGHIJKLMNOPQRSTUVWXYZ-_,False,True,rx_missing
lot270_other_profiles_final_candidate2/20260929_193856_radio_ebyte_e79_cc1352p,lot270_other_profiles_final_candidate2/20260929_193856_radio_ebyte_e79_cc1352p/run_00195,run_00195,2026-09-29T16:55:29+00:00,RADIO_EBYTE_E79_CC1352P,Ebyte E79-400DM2005S (CC1352P AT modem),RADIO_EBYTE_E79_CC1352P + AT_COMMANDS; E79 modem firmware 0.3.0 required,tx,COM16,COM4,COM16,5,1024,16,64,1024,"{""rf_profile"": ""OOK4K8"", ""tx_power_dbm"": -20}",ampere,3300,2074.666666666667,2074.666666666667,334848,0.06923719708726274,True,4550.590659970911,5936.770084481386,27.79,2074.6600000000003,6354.411561811536,18331.74726673226,,,6354.411561811536,18331.74726673226,13183.243490827921,4463.693349086396,43504.70351973214,14730.188051985106,per_frame_modeled_airtime_v1,"[[27.79, 157.46], [178.35, 308.02], [331.97, 461.64], [486.66, 616.33], [636.03, 765.7], [788.03, 917.7], [943.33, 1073.0], [1092.97, 1222.64], [1247.59, 1377.26], [1402.27, 1531.94], [1558.02, 1687.68], [1708.28, 1837.94], [1864.76, 1994.42], [2013.34, 2143.0], [2167.9, 2297.56], [2320.56, 2450.22]]",,,,COM4,0123456789abcdefghijklmnopqrstuvwxyzABCDEFGHIJKLMNOPQRSTUVWXYZ-_ | 0123456789abcdefghijklmnopqrstuvwxyzABCDEFGHIJKLMNOPQRSTUVWXYZ-_ | 0123456789abcdefghijklmnopqrstuvwxyzABCDEFGHIJKLMNOPQRSTUVWXYZ-_ | 0123456789abcdefghijklmnopqrstuvwxyzABCDEFGHIJKLMNOPQRSTUVWXYZ-_ | 0123456789abcdefghijklmnopqrstuvwxyzABCDEFGHIJKLMNOPQRSTUVWXYZ-_ | 0123456789abcdefghijklmnopqrstuvwxyzABCDEFGHIJKLMNOPQRSTUVWXYZ-_ | 0123456789abcdefghijklmnopqrstuvwxyzABCDEFGHIJKLMNOPQRSTUVWXYZ-_ | 0123456789abcdefghijklmnopqrstuvwxyzABCDEFGHIJKLMNOPQRSTUVWXYZ-_ | 0123456789abcdefghijklmnopqrstuvwxyzABCDEFGHIJKLMNOPQRSTUVWXYZ-_ | 0123456789abcdefghijklmnopqrstuvwxyzABCDEFGHIJKLMNOPQRSTUVWXYZ-_ | 0123456789abcdefghijklmnopqrstuvwxyzABCDEFGHIJKLMNOPQRSTUVWXYZ-_ | 0123456789abcdefghijklmnopqrstuvwxyzABCDEFGHIJKLMNOPQRSTUVWXYZ-_ | 0123456789abcdefghijklmnopqrstuvwxyzABCDEFGHIJKLMNOPQRSTUVWXYZ-_ | 0123456789abcdefghijklmnopqrstuvwxyzABCDEFGHIJKLMNOPQRSTUVWXYZ-_ | 0123456789abcdefghijklmnopqrstuvwxyzABCDEFGHIJKLMNOPQRSTUVWXYZ-_ | 0123456789abcdefghijklmnopqrstuvwxyzABCDEFGHIJKLMNOPQRSTUVWXYZ-_,True,False,ok
lot270_other_profiles_final_candidate2/20260929_193856_radio_ebyte_e79_cc1352p,lot270_other_profiles_final_candidate2/20260929_193856_radio_ebyte_e79_cc1352p/run_00196,run_00196,2026-09-29T16:55:33+00:00,RADIO_EBYTE_E79_CC1352P,Ebyte E79-400DM2005S (CC1352P AT modem),RADIO_EBYTE_E79_CC1352P + AT_COMMANDS; E79 modem firmware 0.3.0 required,tx,COM16,COM4,COM16,1,128,2,64,128,"{""rf_profile"": ""OOK4K8"", ""tx_power_dbm"": 0}",ampere,3300,259.33333333333337,259.33333333333337,94208,0.8336842105263158,True,4550.590659970911,5878.906028770391,26.83,259.33,6742.49500879514,19027.129797895643,,,6742.49500879514,19027.129797895643,1748.5312306308435,629.5205587620306,5770.153061081784,2077.417843914701,per_frame_modeled_airtime_v1,"[[26.83, 156.5], [175.47, 305.13]]",,,,COM4,0123456789abcdefghijklmnopqrstuvwxyzABCDEFGHIJKLMNOPQRSTUVWXYZ-_ | 0123456789abcdefghijklmnopqrstuvwxyzABCDEFGHIJKLMNOPQRSTUVWXYZ-_,True,False,ok
lot270_other_profiles_final_candidate2/20260929_193856_radio_ebyte_e79_cc1352p,lot270_other_profiles_final_candidate2/20260929_193856_radio_ebyte_e79_cc1352p/run_00197,run_00197,2026-09-29T16:55:35+00:00,RADIO_EBYTE_E79_CC1352P,Ebyte E79-400DM2005S (CC1352P AT modem),RADIO_EBYTE_E79_CC1352P + AT_COMMANDS; E79 modem firmware 0.3.0 required,tx,COM16,COM4,COM16,2,128,2,64,128,"{""rf_profile"": ""OOK4K8"", ""tx_power_dbm"": 0}",ampere,3300,259.33333333333337,259.33333333333337,94208,0.8336842105263158,True,4545.730816745121,5931.687814077045,26.73,259.33,6731.8388053849785,18883.857025275396,,,6731.8388053849785,18883.857025275396,1745.7677574004865,625.6490016931541,5761.033599421605,2064.6417055874085,per_frame_modeled_airtime_v1,"[[26.73, 156.4], [180.08, 309.74]]",,,,COM4,0123456789abcdefghijklmnopqrstuvwxyzABCDEFGHIJKLMNOPQRSTUVWXYZ-_ | 0123456789abcdefghijklmnopqrstuvwxyzABCDEFGHIJKLMNOPQRSTUVWXYZ-_,True,False,ok
lot270_other_profiles_final_candidate2/20260929_193856_radio_ebyte_e79_cc1352p,lot270_other_profiles_final_candidate2/20260929_193856_radio_ebyte_e79_cc1352p/run_00198,run_00198,2026-09-29T16:55:38+00:00,RADIO_EBYTE_E79_CC1352P,Ebyte E79-400DM2005S (CC1352P AT modem),RADIO_EBYTE_E79_CC1352P + AT_COMMANDS; E79 modem firmware 0.3.0 required,tx,COM16,COM4,COM16,3,128,2,64,128,"{""rf_profile"": ""OOK4K8"", ""tx_power_dbm"": 0}",ampere,3300,259.33333333333337,259.33333333333337,94208,0.8336842105263158,True,4545.730816745121,5926.349561792038,27.37,259.33,6725.805009590952,19899.991756270585,,,6725.805009590952,19899.991756270585,1744.2030131372217,622.7347518185438,5755.869943352831,2055.0246810011945,per_frame_modeled_airtime_v1,"[[27.37, 157.04], [179.79, 309.45]]",,,,COM4,0123456789abcdefghijklmnopqrstuvwxyzABCDEFGHIJKLMNOPQRSTUVWXYZ-_ | 0123456789abcdefghijklmnopqrstuvwxyzABCDEFGHIJKLMNOPQRSTUVWXYZ-_,True,False,ok
lot270_other_profiles_final_candidate2/20260929_193856_radio_ebyte_e79_cc1352p,lot270_other_profiles_final_candidate2/20260929_193856_radio_ebyte_e79_cc1352p/run_00199,run_00199,2026-09-29T16:55:41+00:00,RADIO_EBYTE_E79_CC1352P,Ebyte E79-400DM2005S (CC1352P AT modem),RADIO_EBYTE_E79_CC1352P + AT_COMMANDS; E79 modem firmware 0.3.0 required,tx,COM16,COM4,COM16,4,128,2,64,128,"{""rf_profile"": ""OOK4K8"", ""tx_power_dbm"": 0}",ampere,3300,259.33333333333337,259.33333333333337,94208,0.8336842105263158,True,4545.730816745121,5868.930360438145,26.85,259.33,6733.566334641341,19238.650344251728,,,6733.566334641341,19238.650344251728,1746.215757562539,626.5999640082364,5762.5119999563785,2067.77988122718,per_frame_modeled_airtime_v1,"[[26.85, 156.52], [177.25, 306.91]]",,,,COM4,0123456789abcdefghijklmnopqrstuvwxyzABCDEFGHIJKLMNOPQRSTUVWXYZ-_ | 0123456789abcdefghijklmnopqrstuvwxyzABCDEFGHIJKLMNOPQRSTUVWXYZ-_,True,False,ok
lot270_other_profiles_final_candidate2/20260929_193856_radio_ebyte_e79_cc1352p,lot270_other_profiles_final_candidate2/20260929_193856_radio_ebyte_e79_cc1352p/run_00200,run_00200,2026-09-29T16:55:44+00:00,RADIO_EBYTE_E79_CC1352P,Ebyte E79-400DM2005S (CC1352P AT modem),RADIO_EBYTE_E79_CC1352P + AT_COMMANDS; E79 modem firmware 0.3.0 required,tx,COM16,COM4,COM16,5,128,2,64,128,"{""rf_profile"": ""OOK4K8"", ""tx_power_dbm"": 0}",ampere,3300,259.33333333333337,259.33333333333337,94208,0.8336842105263158,True,4545.730816745121,5873.833026165163,26.35,259.33,6691.93375332369,18988.159215877433,,,6691.93375332369,18988.159215877433,1735.4191802494327,613.9601991055633,5726.8832948231275,2026.068657048359,per_frame_modeled_airtime_v1,"[[26.35, 156.02], [177.83, 307.49]]",,,,COM4,0123456789abcdefghijklmnopqrstuvwxyzABCDEFGHIJKLMNOPQRSTUVWXYZ-_ | 0123456789abcdefghijklmnopqrstuvwxyzABCDEFGHIJKLMNOPQRSTUVWXYZ-_,True,False,ok
lot270_other_profiles_final_candidate2/20260929_193856_radio_ebyte_e79_cc1352p,lot270_other_profiles_final_candidate2/20260929_193856_radio_ebyte_e79_cc1352p/run_00201,run_00201,2026-09-29T16:55:48+00:00,RADIO_EBYTE_E79_CC1352P,Ebyte E79-400DM2005S (CC1352P AT modem),RADIO_EBYTE_E79_CC1352P + AT_COMMANDS; E79 modem firmware 0.3.0 required,tx,COM16,COM4,COM16,1,512,8,64,512,"{""rf_profile"": ""OOK4K8"", ""tx_power_dbm"": 0}",ampere,3300,1037.3333333333335,1037.3333333333335,194560,0.2461033634126333,True,4545.730816745121,5873.833026165163,26.45,1037.3300000000002,6681.5646678309495,18947.230055869997,,,6681.5646678309495,18947.230055869997,6930.987476881079,2442.5548726417624,22872.258673707558,8060.431079717815,per_frame_modeled_airtime_v1,"[[26.45, 156.12], [179.1, 308.77], [331.68, 461.35], [483.82, 613.49], [633.04, 762.71], [784.5, 914.16], [936.04, 1065.7], [1087.3, 1216.96]]",,,,COM4,0123456789abcdefghijklmnopqrstuvwxyzABCDEFGHIJKLMNOPQRSTUVWXYZ-_ | 0123456789abcdefghijklmnopqrstuvwxyzABCDEFGHIJKLMNOPQRSTUVWXYZ-_ | 0123456789abcdefghijklmnopqrstuvwxyzABCDEFGHIJKLMNOPQRSTUVWXYZ-_ | 0123456789abcdefghijklmnopqrstuvwxyzABCDEFGHIJKLMNOPQRSTUVWXYZ-_ | 0123456789abcdefghijklmnopqrstuvwxyzABCDEFGHIJKLMNOPQRSTUVWXYZ-_ | 0123456789abcdefghijklmnopqrstuvwxyzABCDEFGHIJKLMNOPQRSTUVWXYZ-_ | 0123456789abcdefghijklmnopqrstuvwxyzABCDEFGHIJKLMNOPQRSTUVWXYZ-_ | 0123456789abcdefghijklmnopqrstuvwxyzABCDEFGHIJKLMNOPQRSTUVWXYZ-_,True,False,ok
lot270_other_profiles_final_candidate2/20260929_193856_radio_ebyte_e79_cc1352p,lot270_other_profiles_final_candidate2/20260929_193856_radio_ebyte_e79_cc1352p/run_00202,run_00202,2026-09-29T16:55:53+00:00,RADIO_EBYTE_E79_CC1352P,Ebyte E79-400DM2005S (CC1352P AT modem),RADIO_EBYTE_E79_CC1352P + AT_COMMANDS; E79 modem firmware 0.3.0 required,tx,COM16,COM4,COM16,2,512,8,64,512,"{""rf_profile"": ""OOK4K8"", ""tx_power_dbm"": 0}",ampere,3300,1037.3333333333335,1037.3333333333335,194560,0.2461033634126333,True,4550.590659970911,5931.431832196378,25.99,1037.3300000000002,6701.823928291255,19220.81028518801,,,6701.823928291255,19220.81028518801,6952.0030155343675,2459.4673645633384,22941.60995126341,8116.242303059016,per_frame_modeled_airtime_v1,"[[25.99, 155.66], [178.51, 308.18], [329.46, 459.13], [480.0, 609.67], [632.41, 762.08], [780.8, 910.46], [935.47, 1065.13], [1087.88, 1217.54]]",,,,COM4,0123456789abcdefghijklmnopqrstuvwxyzABCDEFGHIJKLMNOPQRSTUVWXYZ-_ | 0123456789abcdefghijklmnopqrstuvwxyzABCDEFGHIJKLMNOPQRSTUVWXYZ-_ | 0123456789abcdefghijklmnopqrstuvwxyzABCDEFGHIJKLMNOPQRSTUVWXYZ-_ | 0123456789abcdefghijklmnopqrstuvwxyzABCDEFGHIJKLMNOPQRSTUVWXYZ-_ | 0123456789abcdefghijklmnopqrstuvwxyzABCDEFGHIJKLMNOPQRSTUVWXYZ-_ | 0123456789abcdefghijklmnopqrstuvwxyzABCDEFGHIJKLMNOPQRSTUVWXYZ-_ | 0123456789abcdefghijklmnopqrstuvwxyzABCDEFGHIJKLMNOPQRSTUVWXYZ-_ | 0123456789abcdefghijklmnopqrstuvwxyzABCDEFGHIJKLMNOPQRSTUVWXYZ-_,True,False,ok
lot270_other_profiles_final_candidate2/20260929_193856_radio_ebyte_e79_cc1352p,lot270_other_profiles_final_candidate2/20260929_193856_radio_ebyte_e79_cc1352p/run_00203,run_00203,2026-09-29T16:55:57+00:00,RADIO_EBYTE_E79_CC1352P,Ebyte E79-400DM2005S (CC1352P AT modem),RADIO_EBYTE_E79_CC1352P + AT_COMMANDS; E79 modem firmware 0.3.0 required,tx,COM16,COM4,COM16,3,512,8,64,512,"{""rf_profile"": ""OOK4K8"", ""tx_power_dbm"": 0}",ampere,3300,1037.3333333333335,1037.3333333333335,194560,0.2461033634126333,True,4550.590659970911,5931.431832196378,27.83,1037.3300000000002,6717.495883298808,19651.724181122237,,,6717.495883298808,19651.724181122237,6968.260004622352,2478.887608685304,22995.258015253763,8180.329108661502,per_frame_modeled_airtime_v1,"[[27.83, 157.5], [180.65, 310.32], [331.99, 461.66], [483.37, 613.04], [634.65, 764.32], [783.6, 913.26], [936.78, 1066.44], [1091.49, 1221.15]]",,,,COM4,0123456789abcdefghijklmnopqrstuvwxyzABCDEFGHIJKLMNOPQRSTUVWXYZ-_ | 0123456789abcdefghijklmnopqrstuvwxyzABCDEFGHIJKLMNOPQRSTUVWXYZ-_ | 0123456789abcdefghijklmnopqrstuvwxyzABCDEFGHIJKLMNOPQRSTUVWXYZ-_ | 0123456789abcdefghijklmnopqrstuvwxyzABCDEFGHIJKLMNOPQRSTUVWXYZ-_ | 0123456789abcdefghijklmnopqrstuvwxyzABCDEFGHIJKLMNOPQRSTUVWXYZ-_ | 0123456789abcdefghijklmnopqrstuvwxyzABCDEFGHIJKLMNOPQRSTUVWXYZ-_ | 0123456789abcdefghijklmnopqrstuvwxyzABCDEFGHIJKLMNOPQRSTUVWXYZ-_ | 0123456789abcdefghijklmnopqrstuvwxyzABCDEFGHIJKLMNOPQRSTUVWXYZ-_,True,False,ok
lot270_other_profiles_final_candidate2/20260929_193856_radio_ebyte_e79_cc1352p,lot270_other_profiles_final_candidate2/20260929_193856_radio_ebyte_e79_cc1352p/run_00204,run_00204,2026-09-29T16:56:02+00:00,RADIO_EBYTE_E79_CC1352P,Ebyte E79-400DM2005S (CC1352P AT modem),RADIO_EBYTE_E79_CC1352P + AT_COMMANDS; E79 modem firmware 0.3.0 required,tx,COM16,COM4,COM16,4,512,8,64,512,"{""rf_profile"": ""OOK4K8"", ""tx_power_dbm"": 0}",ampere,3300,1037.3333333333335,1037.3333333333335,194560,0.2461033634126333,True,4545.730816745121,5926.349561792038,27.61,1037.3300000000002,6694.011811498534,19456.050954002065,,,6694.011811498534,19456.050954002065,6943.899272421775,2454.6053341319125,22914.867598991856,8100.19760263531,per_frame_modeled_airtime_v1,"[[27.61, 157.28], [178.29, 307.96], [327.79, 457.46], [480.29, 609.96], [631.78, 761.45], [782.43, 912.09], [935.48, 1065.14], [1083.98, 1213.64]]",,,,COM4,0123456789abcdefghijklmnopqrstuvwxyzABCDEFGHIJKLMNOPQRSTUVWXYZ-_ | 0123456789abcdefghijklmnopqrstuvwxyzABCDEFGHIJKLMNOPQRSTUVWXYZ-_0123456789abcdefghijklmnopqrstuvwxyzABCDEFGHIJKLMNOPQRSTUVWXYZ-_ | 0123456789abcdefghijklmnopqrstuvwxyzABCDEFGHIJKLMNOPQRSTUVWXYZ-_ | 0123456789abcdefghijklmnopqrstuvwxyzABCDEFGHIJKLMNOPQRSTUVWXYZ-_ | 0123456789abcdefghijklmnopqrstuvwxyzABCDEFGHIJKLMNOPQRSTUVWXYZ-_ | 0123456789abcdefghijklmnopqrstuvwxyzABCDEFGHIJKLMNOPQRSTUVWXYZ-_ | 0123456789abcdefghijklmnopqrstuvwxyzABCDEFGHIJKLMNOPQRSTUVWXYZ-_,False,True,rx_missing
lot270_other_profiles_final_candidate2/20260929_193856_radio_ebyte_e79_cc1352p,lot270_other_profiles_final_candidate2/20260929_193856_radio_ebyte_e79_cc1352p/run_00205,run_00205,2026-09-29T16:56:07+00:00,RADIO_EBYTE_E79_CC1352P,Ebyte E79-400DM2005S (CC1352P AT modem),RADIO_EBYTE_E79_CC1352P + AT_COMMANDS; E79 modem firmware 0.3.0 required,tx,COM16,COM4,COM16,5,512,8,64,512,"{""rf_profile"": ""OOK4K8"", ""tx_power_dbm"": 0}",ampere,3300,1037.3333333333335,1037.3333333333335,194560,0.2461033634126333,True,4545.730816745121,5926.349561792038,26.34,1037.3300000000002,6723.761301919639,19805.76805977128,,,6723.761301919639,19805.76805977128,6974.759311320299,2486.3255405616724,23016.705727356988,8204.874283853518,per_frame_modeled_airtime_v1,"[[26.34, 156.01], [181.68, 311.35], [336.4, 466.07], [488.8, 618.47], [644.45, 774.12], [798.32, 927.98], [953.25, 1082.91], [1104.96, 1234.62]]",,,,COM4,0123456789abcdefghijklmnopqrstuvwxyzABCDEFGHIJKLMNOPQRSTUVWXYZ-_ | 0123456789abcdefghijklmnopqrstuvwxyzABCDEFGHIJKLMNOPQRSTUVWXYZ-_ | 0123456789abcdefghijklmnopqrstuvwxyzABCDEFGHIJKLMNOPQRSTUVWXYZ-_ | 0123456789abcdefghijklmnopqrstuvwxyzABCDEFGHIJKLMNOPQRSTUVWXYZ-_ | 0123456789abcdefghijklmnopqrstuvwxyzABCDEFGHIJKLMNOPQRSTUVWXYZ-_ | 0123456789abcdefghijklmnopqrstuvwxyzABCDEFGHIJKLMNOPQRSTUVWXYZ-_ | 0123456789abcdefghijklmnopqrstuvwxyzABCDEFGHIJKLMNOPQRSTUVWXYZ-_ | 0123456789abcdefghijklmnopqrstuvwxyzABCDEFGHIJKLMNOPQRSTUVWXYZ-_,True,False,ok
lot270_other_profiles_final_candidate2/20260929_193856_radio_ebyte_e79_cc1352p,lot270_other_profiles_final_candidate2/20260929_193856_radio_ebyte_e79_cc1352p/run_00206,run_00206,2026-09-29T16:56:14+00:00,RADIO_EBYTE_E79_CC1352P,Ebyte E79-400DM2005S (CC1352P AT modem),RADIO_EBYTE_E79_CC1352P + AT_COMMANDS; E79 modem firmware 0.3.0 required,tx,COM16,COM4,COM16,1,1024,16,64,1024,"{""rf_profile"": ""OOK4K8"", ""tx_power_dbm"": 0}",ampere,3300,2074.666666666667,2074.666666666667,334848,0.06923719708726274,True,4550.590659970911,5931.431832196378,26.74,2074.6600000000003,6708.708764052945,19156.67248347512,,,6708.708764052945,19156.67248347512,13918.289724430084,4932.690231096379,45930.35609061927,16277.877762618049,per_frame_modeled_airtime_v1,"[[26.74, 156.41], [178.38, 308.05], [327.14, 456.81], [478.06, 607.73], [630.66, 760.33], [779.02, 908.69], [932.09, 1061.76], [1083.65, 1213.32], [1238.69, 1368.36], [1391.65, 1521.32], [1541.9, 1671.56], [1691.95, 1821.61], [1842.65, 1972.31], [1996.63, 2126.29], [2152.07, 2281.73], [2308.17, 2437.83]]",,,,COM4,0123456789abcdefghijklmnopqrstuvwxyzABCDEFGHIJKLMNOPQRSTUVWXYZ-_ | 0123456789abcdefghijklmnopqrstuvwxyzABCDEFGHIJKLMNOPQRSTUVWXYZ-_ | 0123456789abcdefghijklmnopqrstuvwxyzABCDEFGHIJKLMNOPQRSTUVWXYZ-_0123456789abcdefghijklmnopqrstuvwxyzABCDEFGHIJKLMNOPQRSTUVWXYZ-_ | 0123456789abcdefghijklmnopqrstuvwxyzABCDEFGHIJKLMNOPQRSTUVWXYZ-_ | 0123456789abcdefghijklmnopqrstuvwxyzABCDEFGHIJKLMNOPQRSTUVWXYZ-_ | 0123456789abcdefghijklmnopqrstuvwxyzABCDEFGHIJKLMNOPQRSTUVWXYZ-_ | 0123456789abcdefghijklmnopqrstuvwxyzABCDEFGHIJKLMNOPQRSTUVWXYZ-_ | 0123456789abcdefghijklmnopqrstuvwxyzABCDEFGHIJKLMNOPQRSTUVWXYZ-_ | 0123456789abcdefghijklmnopqrstuvwxyzABCDEFGHIJKLMNOPQRSTUVWXYZ-_ | 0123456789abcdefghijklmnopqrstuvwxyzABCDEFGHIJKLMNOPQRSTUVWXYZ-_ | 0123456789abcdefghijklmnopqrstuvwxyzABCDEFGHIJKLMNOPQRSTUVWXYZ-_ | 0123456789abcdefghijklmnopqrstuvwxyzABCDEFGHIJKLMNOPQRSTUVWXYZ-_ | 0123456789abcdefghijklmnopqrstuvwxyzABCDEFGHIJKLMNOPQRSTUVWXYZ-_ | 0123456789abcdefghijklmnopqrstuvwxyzABCDEFGHIJKLMNOPQRSTUVWXYZ-_ | 0123456789abcdefghijklmnopqrstuvwxyzABCDEFGHIJKLMNOPQRSTUVWXYZ-_,False,True,rx_missing
lot270_other_profiles_final_candidate2/20260929_193856_radio_ebyte_e79_cc1352p,lot270_other_profiles_final_candidate2/20260929_193856_radio_ebyte_e79_cc1352p/run_00207,run_00207,2026-09-29T16:56:21+00:00,RADIO_EBYTE_E79_CC1352P,Ebyte E79-400DM2005S (CC1352P AT modem),RADIO_EBYTE_E79_CC1352P + AT_COMMANDS; E79 modem firmware 0.3.0 required,tx,COM16,COM4,COM16,2,1024,16,64,1024,"{""rf_profile"": ""OOK4K8"", ""tx_power_dbm"": 0}",ampere,3300,2074.666666666667,2074.666666666667,334848,0.06923719708726274,True,4545.730816745121,5926.349561792038,24.89,2074.6600000000003,6717.566115181644,19525.401607419364,,,6717.566115181644,19525.401607419364,13936.665716522748,4965.667750103626,45990.99686452506,16386.703575341962,per_frame_modeled_airtime_v1,"[[24.89, 154.56], [179.57, 309.24], [333.2, 462.87], [484.53, 614.2], [636.7, 766.37], [787.14, 916.81], [938.96, 1068.63], [1090.86, 1220.53], [1243.36, 1373.03], [1393.86, 1523.53], [1546.23, 1675.89], [1695.92, 1825.58], [1848.59, 1978.25], [2001.18, 2130.84], [2151.69, 2281.35], [2305.22, 2434.88]]",,,,COM4,0123456789abcdefghijklmnopqrstuvwxyzABCDEFGHIJKLMNOPQRSTUVWXYZ-_ | 0123456789abcdefghijklmnopqrstuvwxyzABCDEFGHIJKLMNOPQRSTUVWXYZ-_ | 0123456789abcdefghijklmnopqrstuvwxyzABCDEFGHIJKLMNOPQRSTUVWXYZ-_ | 0123456789abcdefghijklmnopqrstuvwxyzABCDEFGHIJKLMNOPQRSTUVWXYZ-_ | 0123456789abcdefghijklmnopqrstuvwxyzABCDEFGHIJKLMNOPQRSTUVWXYZ-_ | 0123456789abcdefghijklmnopqrstuvwxyzABCDEFGHIJKLMNOPQRSTUVWXYZ-_ | 0123456789abcdefghijklmnopqrstuvwxyzABCDEFGHIJKLMNOPQRSTUVWXYZ-_ | 0123456789abcdefghijklmnopqrstuvwxyzABCDEFGHIJKLMNOPQRSTUVWXYZ-_ | 0123456789abcdefghijklmnopqrstuvwxyzABCDEFGHIJKLMNOPQRSTUVWXYZ-_ | 0123456789abcdefghijklmnopqrstuvwxyzABCDEFGHIJKLMNOPQRSTUVWXYZ-_ | 0123456789abcdefghijklmnopqrstuvwxyzABCDEFGHIJKLMNOPQRSTUVWXYZ-_ | 0123456789abcdefghijklmnopqrstuvwxyzABCDEFGHIJKLMNOPQRSTUVWXYZ-_ | 0123456789abcdefghijklmnopqrstuvwxyzABCDEFGHIJKLMNOPQRSTUVWXYZ-_ | 0123456789abcdefghijklmnopqrstuvwxyzABCDEFGHIJKLMNOPQRSTUVWXYZ-_ | 0123456789abcdefghijklmnopqrstuvwxyzABCDEFGHIJKLMNOPQRSTUVWXYZ-_ | 0123456789abcdefghijklmnopqrstuvwxyzABCDEFGHIJKLMNOPQRSTUVWXYZ-_,True,False,ok
lot270_other_profiles_final_candidate2/20260929_193856_radio_ebyte_e79_cc1352p,lot270_other_profiles_final_candidate2/20260929_193856_radio_ebyte_e79_cc1352p/run_00208,run_00208,2026-09-29T16:56:28+00:00,RADIO_EBYTE_E79_CC1352P,Ebyte E79-400DM2005S (CC1352P AT modem),RADIO_EBYTE_E79_CC1352P + AT_COMMANDS; E79 modem firmware 0.3.0 required,tx,COM16,COM4,COM16,3,1024,16,64,1024,"{""rf_profile"": ""OOK4K8"", ""tx_power_dbm"": 0}",ampere,3300,2074.666666666667,2074.666666666667,334848,0.06923719708726274,True,4550.590659970911,5931.431832196378,26.54,2074.6600000000003,6714.833011479558,19401.243934266335,,,6714.833011479558,19401.243934266335,13930.99545559618,4949.653066830424,45972.28500346739,16333.855120540398,per_frame_modeled_airtime_v1,"[[26.54, 156.21], [181.11, 310.78], [330.45, 460.12], [485.98, 615.65], [639.62, 769.29], [792.33, 922.0], [942.86, 1072.53], [1096.26, 1225.93], [1246.52, 1376.19], [1398.49, 1528.16], [1549.96, 1679.62], [1701.22, 1830.88], [1855.18, 1984.84], [2005.62, 2135.28], [2158.74, 2288.4], [2312.77, 2442.43]]",,,,COM4,0123456789abcdefghijklmnopqrstuvwxyzABCDEFGHIJKLMNOPQRSTUVWXYZ-_ | 0123456789abcdefghijklmnopqrstuvwxyzABCDEFGHIJKLMNOPQRSTUVWXYZ-_ | 0123456789abcdefghijklmnopqrstuvwxyzABCDEFGHIJKLMNOPQRSTUVWXYZ-_ | 0123456789abcdefghijklmnopqrstuvwxyzABCDEFGHIJKLMNOPQRSTUVWXYZ-_ | 0123456789abcdefghijklmnopqrstuvwxyzABCDEFGHIJKLMNOPQRSTUVWXYZ-_ | 0123456789abcdefghijklmnopqrstuvwxyzABCDEFGHIJKLMNOPQRSTUVWXYZ-_ | 0123456789abcdefghijklmnopqrstuvwxyzABCDEFGHIJKLMNOPQRSTUVWXYZ-_ | 0123456789abcdefghijklmnopqrstuvwxyzABCDEFGHIJKLMNOPQRSTUVWXYZ-_ | 0123456789abcdefghijklmnopqrstuvwxyzABCDEFGHIJKLMNOPQRSTUVWXYZ-_ | 0123456789abcdefghijklmnopqrstuvwxyzABCDEFGHIJKLMNOPQRSTUVWXYZ-_ | 0123456789abcdefghijklmnopqrstuvwxyzABCDEFGHIJKLMNOPQRSTUVWXYZ-_ | 0123456789abcdefghijklmnopqrstuvwxyzABCDEFGHIJKLMNOPQRSTUVWXYZ-_ | 0123456789abcdefghijklmnopqrstuvwxyzABCDEFGHIJKLMNOPQRSTUVWXYZ-_ | 0123456789abcdefghijklmnopqrstuvwxyzABCDEFGHIJKLMNOPQRSTUVWXYZ-_ | 0123456789abcdefghijklmnopqrstuvwxyzABCDEFGHIJKLMNOPQRSTUVWXYZ-_ | 0123456789abcdefghijklmnopqrstuvwxyzABCDEFGHIJKLMNOPQRSTUVWXYZ-_,True,False,ok
lot270_other_profiles_final_candidate2/20260929_193856_radio_ebyte_e79_cc1352p,lot270_other_profiles_final_candidate2/20260929_193856_radio_ebyte_e79_cc1352p/run_00209,run_00209,2026-09-29T16:56:36+00:00,RADIO_EBYTE_E79_CC1352P,Ebyte E79-400DM2005S (CC1352P AT modem),RADIO_EBYTE_E79_CC1352P + AT_COMMANDS; E79 modem firmware 0.3.0 required,tx,COM16,COM4,COM16,4,1024,16,64,1024,"{""rf_profile"": ""OOK4K8"", ""tx_power_dbm"": 0}",ampere,3300,2074.666666666667,2074.666666666667,334848,0.06923719708726274,True,4550.590659970911,5936.770084481386,26.06,2074.6600000000003,6719.4168747710155,19351.124647662655,,,6719.4168747710155,19351.124647662655,13940.505413412435,4957.905830791576,46003.667864261035,16361.089241612199,per_frame_modeled_airtime_v1,"[[26.06, 155.73], [179.39, 309.06], [331.14, 460.81], [481.69, 611.36], [632.36, 762.03], [784.88, 914.55], [937.9, 1067.57], [1087.26, 1216.93], [1242.82, 1372.49], [1391.34, 1521.01], [1545.83, 1675.49], [1700.97, 1830.63], [1851.61, 1981.27], [2004.87, 2134.53], [2160.3, 2289.96], [2314.01, 2443.67]]",,,,COM4,0123456789abcdefghijklmnopqrstuvwxyzABCDEFGHIJKLMNOPQRSTUVWXYZ-_ | 0123456789abcdefghijklmnopqrstuvwxyzABCDEFGHIJKLMNOPQRSTUVWXYZ-_ | 0123456789abcdefghijklmnopqrstuvwxyzABCDEFGHIJKLMNOPQRSTUVWXYZ-_ | 0123456789abcdefghijklmnopqrstuvwxyzABCDEFGHIJKLMNOPQRSTUVWXYZ-_ | 0123456789abcdefghijklmnopqrstuvwxyzABCDEFGHIJKLMNOPQRSTUVWXYZ-_ | 0123456789abcdefghijklmnopqrstuvwxyzABCDEFGHIJKLMNOPQRSTUVWXYZ-_ | 0123456789abcdefghijklmnopqrstuvwxyzABCDEFGHIJKLMNOPQRSTUVWXYZ-_ | 0123456789abcdefghijklmnopqrstuvwxyzABCDEFGHIJKLMNOPQRSTUVWXYZ-_ | 0123456789abcdefghijklmnopqrstuvwxyzABCDEFGHIJKLMNOPQRSTUVWXYZ-_0123456789abcdefghijklmnopqrstuvwxyzABCDEFGHIJKLMNOPQRSTUVWXYZ-_ | 0123456789abcdefghijklmnopqrstuvwxyzABCDEFGHIJKLMNOPQRSTUVWXYZ-_ | 0123456789abcdefghijklmnopqrstuvwxyzABCDEFGHIJKLMNOPQRSTUVWXYZ-_ | 0123456789abcdefghijklmnopqrstuvwxyzABCDEFGHIJKLMNOPQRSTUVWXYZ-_ | 0123456789abcdefghijklmnopqrstuvwxyzABCDEFGHIJKLMNOPQRSTUVWXYZ-_ | 0123456789abcdefghijklmnopqrstuvwxyzABCDEFGHIJKLMNOPQRSTUVWXYZ-_ | 0123456789abcdefghijklmnopqrstuvwxyzABCDEFGHIJKLMNOPQRSTUVWXYZ-_,False,True,rx_missing
lot270_other_profiles_final_candidate2/20260929_193856_radio_ebyte_e79_cc1352p,lot270_other_profiles_final_candidate2/20260929_193856_radio_ebyte_e79_cc1352p/run_00210,run_00210,2026-09-29T16:56:43+00:00,RADIO_EBYTE_E79_CC1352P,Ebyte E79-400DM2005S (CC1352P AT modem),RADIO_EBYTE_E79_CC1352P + AT_COMMANDS; E79 modem firmware 0.3.0 required,tx,COM16,COM4,COM16,5,1024,16,64,1024,"{""rf_profile"": ""OOK4K8"", ""tx_power_dbm"": 0}",ampere,3300,2074.666666666667,2074.666666666667,334848,0.06923719708726274,True,4550.590659970911,5931.431832196378,25.19,2074.6600000000003,6707.583960041963,19192.634678438564,,,6707.583960041963,19192.634678438564,13915.95613854066,4931.455293355789,45922.655257184175,16273.802468074102,per_frame_modeled_airtime_v1,"[[25.19, 154.86], [177.96, 307.63], [330.71, 460.38], [482.27, 611.94], [633.61, 763.28], [784.17, 913.84], [937.68, 1067.35], [1088.32, 1217.99], [1240.05, 1369.72], [1394.22, 1523.89], [1546.24, 1675.9], [1696.88, 1826.54], [1851.15, 1980.81], [2001.8, 2131.46], [2152.9, 2282.56], [2305.86, 2435.52]]",,,,COM4,0123456789abcdefghijklmnopqrstuvwxyzABCDEFGHIJKLMNOPQRSTUVWXYZ-_ | 0123456789abcdefghijklmnopqrstuvwxyzABCDEFGHIJKLMNOPQRSTUVWXYZ-_ | 0123456789abcdefghijklmnopqrstuvwxyzABCDEFGHIJKLMNOPQRSTUVWXYZ-_ | 0123456789abcdefghijklmnopqrstuvwxyzABCDEFGHIJKLMNOPQRSTUVWXYZ-_ | 0123456789abcdefghijklmnopqrstuvwxyzABCDEFGHIJKLMNOPQRSTUVWXYZ-_ | 0123456789abcdefghijklmnopqrstuvwxyzABCDEFGHIJKLMNOPQRSTUVWXYZ-_ | 0123456789abcdefghijklmnopqrstuvwxyzABCDEFGHIJKLMNOPQRSTUVWXYZ-_ | 0123456789abcdefghijklmnopqrstuvwxyzABCDEFGHIJKLMNOPQRSTUVWXYZ-_ | 0123456789abcdefghijklmnopqrstuvwxyzABCDEFGHIJKLMNOPQRSTUVWXYZ-_ | 0123456789abcdefghijklmnopqrstuvwxyzABCDEFGHIJKLMNOPQRSTUVWXYZ-_ | 0123456789abcdefghijklmnopqrstuvwxyzABCDEFGHIJKLMNOPQRSTUVWXYZ-_ | 0123456789abcdefghijklmnopqrstuvwxyzABCDEFGHIJKLMNOPQRSTUVWXYZ-_ | 0123456789abcdefghijklmnopqrstuvwxyzABCDEFGHIJKLMNOPQRSTUVWXYZ-_ | 0123456789abcdefghijklmnopqrstuvwxyzABCDEFGHIJKLMNOPQRSTUVWXYZ-_ | 0123456789abcdefghijklmnopqrstuvwxyzABCDEFGHIJKLMNOPQRSTUVWXYZ-_ | 0123456789abcdefghijklmnopqrstuvwxyzABCDEFGHIJKLMNOPQRSTUVWXYZ-_,True,False,ok
lot270_other_profiles_final_candidate2/20260929_193856_radio_ebyte_e79_cc1352p,lot270_other_profiles_final_candidate2/20260929_193856_radio_ebyte_e79_cc1352p/run_00211,run_00211,2026-09-29T16:56:47+00:00,RADIO_EBYTE_E79_CC1352P,Ebyte E79-400DM2005S (CC1352P AT modem),RADIO_EBYTE_E79_CC1352P + AT_COMMANDS; E79 modem firmware 0.3.0 required,tx,COM16,COM4,COM16,1,128,2,64,128,"{""rf_profile"": ""OOK4K8"", ""tx_power_dbm"": 13}",ampere,3300,259.33333333333337,259.33333333333337,95232,0.0,True,4550.590659970911,5878.906028770391,26.85,259.33,7695.565682597666,20164.033883746535,,,7695.565682597666,20164.033883746535,1995.6910484680527,870.9279284343803,6585.7804599445735,2874.0621638334546,per_frame_modeled_airtime_v1,"[[26.85, 156.52], [182.87, 312.53]]",,,,COM4,0123456789abcdefghijklmnopqrstuvwxyzABCDEFGHIJKLMNOPQRSTUVWXYZ-_ | 0123456789abcdefghijklmnopqrstuvwxyzABCDEFGHIJKLMNOPQRSTUVWXYZ-_,True,False,ok
lot270_other_profiles_final_candidate2/20260929_193856_radio_ebyte_e79_cc1352p,lot270_other_profiles_final_candidate2/20260929_193856_radio_ebyte_e79_cc1352p/run_00212,run_00212,2026-09-29T16:56:50+00:00,RADIO_EBYTE_E79_CC1352P,Ebyte E79-400DM2005S (CC1352P AT modem),RADIO_EBYTE_E79_CC1352P + AT_COMMANDS; E79 modem firmware 0.3.0 required,tx,COM16,COM4,COM16,2,128,2,64,128,"{""rf_profile"": ""OOK4K8"", ""tx_power_dbm"": 13}",ampere,3300,259.33333333333337,259.33333333333337,94208,0.8336842105263158,True,4545.730816745121,5873.833026165163,26.37,259.33,7675.17778080942,19833.42979911307,,,7675.17778080942,19833.42979911307,1990.4038538973068,865.0495476132747,6568.3327178611125,2854.6635071238065,per_frame_modeled_airtime_v1,"[[26.37, 156.04], [178.82, 308.48]]",,,,COM4,0123456789abcdefghijklmnopqrstuvwxyzABCDEFGHIJKLMNOPQRSTUVWXYZ-_ | 0123456789abcdefghijklmnopqrstuvwxyzABCDEFGHIJKLMNOPQRSTUVWXYZ-_,True,False,ok
lot270_other_profiles_final_candidate2/20260929_193856_radio_ebyte_e79_cc1352p,lot270_other_profiles_final_candidate2/20260929_193856_radio_ebyte_e79_cc1352p/run_00213,run_00213,2026-09-29T16:56:53+00:00,RADIO_EBYTE_E79_CC1352P,Ebyte E79-400DM2005S (CC1352P AT modem),RADIO_EBYTE_E79_CC1352P + AT_COMMANDS; E79 modem firmware 0.3.0 required,tx,COM16,COM4,COM16,3,128,2,64,128,"{""rf_profile"": ""OOK4K8"", ""tx_power_dbm"": 13}",ampere,3300,259.33333333333337,259.33333333333337,94208,0.8336842105263158,True,4550.590659970911,5931.431832196378,27.14,259.33,7657.154636195739,20022.980355020576,,,7657.154636195739,20022.980355020576,1985.7299118046408,859.2103793454456,6552.908708955314,2835.3942518399704,per_frame_modeled_airtime_v1,"[[27.14, 156.81], [176.36, 306.02]]",,,,COM4,0123456789abcdefghijklmnopqrstuvwxyzABCDEFGHIJKLMNOPQRSTUVWXYZ-_ | 0123456789abcdefghijklmnopqrstuvwxyzABCDEFGHIJKLMNOPQRSTUVWXYZ-_,True,False,ok
lot270_other_profiles_final_candidate2/20260929_193856_radio_ebyte_e79_cc1352p,lot270_other_profiles_final_candidate2/20260929_193856_radio_ebyte_e79_cc1352p/run_00214,run_00214,2026-09-29T16:56:55+00:00,RADIO_EBYTE_E79_CC1352P,Ebyte E79-400DM2005S (CC1352P AT modem),RADIO_EBYTE_E79_CC1352P + AT_COMMANDS; E79 modem firmware 0.3.0 required,tx,COM16,COM4,COM16,4,128,2,64,128,"{""rf_profile"": ""OOK4K8"", ""tx_power_dbm"": 13}",ampere,3300,259.33333333333337,259.33333333333337,94208,0.8336842105263158,True,4550.590659970911,5874.003363043362,25.51,259.33,7676.336760466497,20142.239758948952,,,7676.336760466497,20142.239758948952,1990.7044120917767,864.8124660953682,6569.324559902862,2853.8811381147148,per_frame_modeled_airtime_v1,"[[25.51, 155.18], [179.84, 309.5]]",,,,COM4,0123456789abcdefghijklmnopqrstuvwxyzABCDEFGHIJKLMNOPQRSTUVWXYZ-_ | 0123456789abcdefghijklmnopqrstuvwxyzABCDEFGHIJKLMNOPQRSTUVWXYZ-_,True,False,ok
lot270_other_profiles_final_candidate2/20260929_193856_radio_ebyte_e79_cc1352p,lot270_other_profiles_final_candidate2/20260929_193856_radio_ebyte_e79_cc1352p/run_00215,run_00215,2026-09-29T16:56:58+00:00,RADIO_EBYTE_E79_CC1352P,Ebyte E79-400DM2005S (CC1352P AT modem),RADIO_EBYTE_E79_CC1352P + AT_COMMANDS; E79 modem firmware 0.3.0 required,tx,COM16,COM4,COM16,5,128,2,64,128,"{""rf_profile"": ""OOK4K8"", ""tx_power_dbm"": 13}",ampere,3300,259.33333333333337,259.33333333333337,94208,0.8336842105263158,True,4545.730816745121,5931.687814077045,25.3,259.33,7700.802836269862,20086.895227206573,,,7700.802836269862,20086.895227206573,1997.0491995298632,873.2788606575475,6590.262358448548,2881.820240169907,per_frame_modeled_airtime_v1,"[[25.3, 154.97], [177.89, 307.55]]",,,,COM4,0123456789abcdefghijklmnopqrstuvwxyzABCDEFGHIJKLMNOPQRSTUVWXYZ-_ | 0123456789abcdefghijklmnopqrstuvwxyzABCDEFGHIJKLMNOPQRSTUVWXYZ-_,True,False,ok
lot270_other_profiles_final_candidate2/20260929_193856_radio_ebyte_e79_cc1352p,lot270_other_profiles_final_candidate2/20260929_193856_radio_ebyte_e79_cc1352p/run_00216,run_00216,2026-09-29T16:57:03+00:00,RADIO_EBYTE_E79_CC1352P,Ebyte E79-400DM2005S (CC1352P AT modem),RADIO_EBYTE_E79_CC1352P + AT_COMMANDS; E79 modem firmware 0.3.0 required,tx,COM16,COM4,COM16,1,512,8,64,512,"{""rf_profile"": ""OOK4K8"", ""tx_power_dbm"": 13}",ampere,3300,1037.3333333333335,1037.3333333333335,194560,0.2461033634126333,True,4545.730816745121,5873.833026165163,26.61,1037.3300000000002,7674.814445091801,20181.170083146535,,,7674.814445091801,20181.170083146535,7961.315268327077,3463.3793205180077,26272.340385479354,11429.151757709426,per_frame_modeled_airtime_v1,"[[26.61, 156.28], [178.82, 308.49], [330.02, 459.69], [485.76, 615.43], [637.45, 767.12], [789.89, 919.55], [940.83, 1070.49], [1091.89, 1221.55]]",,,,COM4,0123456789abcdefghijklmnopqrstuvwxyzABCDEFGHIJKLMNOPQRSTUVWXYZ-_ | 0123456789abcdefghijklmnopqrstuvwxyzABCDEFGHIJKLMNOPQRSTUVWXYZ-_ | 0123456789abcdefghijklmnopqrstuvwxyzABCDEFGHIJKLMNOPQRSTUVWXYZ-_ | 0123456789abcdefghijklmnopqrstuvwxyzABCDEFGHIJKLMNOPQRSTUVWXYZ-_ | 0123456789abcdefghijklmnopqrstuvwxyzABCDEFGHIJKLMNOPQRSTUVWXYZ-_ | 0123456789abcdefghijklmnopqrstuvwxyzABCDEFGHIJKLMNOPQRSTUVWXYZ-_ | 0123456789abcdefghijklmnopqrstuvwxyzABCDEFGHIJKLMNOPQRSTUVWXYZ-_ | 0123456789abcdefghijklmnopqrstuvwxyzABCDEFGHIJKLMNOPQRSTUVWXYZ-_,True,False,ok
lot270_other_profiles_final_candidate2/20260929_193856_radio_ebyte_e79_cc1352p,lot270_other_profiles_final_candidate2/20260929_193856_radio_ebyte_e79_cc1352p/run_00217,run_00217,2026-09-29T16:57:07+00:00,RADIO_EBYTE_E79_CC1352P,Ebyte E79-400DM2005S (CC1352P AT modem),RADIO_EBYTE_E79_CC1352P + AT_COMMANDS; E79 modem firmware 0.3.0 required,tx,COM16,COM4,COM16,2,512,8,64,512,"{""rf_profile"": ""OOK4K8"", ""tx_power_dbm"": 13}",ampere,3300,1037.3333333333335,1037.3333333333335,194560,0.2461033634126333,True,4545.730816745121,5926.349561792038,26.44,1037.3300000000002,7679.85266586948,20067.800583531836,,,7679.85266586948,20067.800583531836,7966.541565886388,3469.044774877564,26289.587167425077,11447.84775709596,per_frame_modeled_airtime_v1,"[[26.44, 156.11], [181.69, 311.36], [334.96, 464.63], [490.63, 620.3], [640.01, 769.68], [794.82, 924.48], [946.49, 1076.15], [1101.41, 1231.07]]",,,,COM4,0123456789abcdefghijklmnopqrstuvwxyzABCDEFGHIJKLMNOPQRSTUVWXYZ-_ | 0123456789abcdefghijklmnopqrstuvwxyzABCDEFGHIJKLMNOPQRSTUVWXYZ-_ | 0123456789abcdefghijklmnopqrstuvwxyzABCDEFGHIJKLMNOPQRSTUVWXYZ-_ | 0123456789abcdefghijklmnopqrstuvwxyzABCDEFGHIJKLMNOPQRSTUVWXYZ-_ | 0123456789abcdefghijklmnopqrstuvwxyzABCDEFGHIJKLMNOPQRSTUVWXYZ-_ | 0123456789abcdefghijklmnopqrstuvwxyzABCDEFGHIJKLMNOPQRSTUVWXYZ-_ | 0123456789abcdefghijklmnopqrstuvwxyzABCDEFGHIJKLMNOPQRSTUVWXYZ-_ | 0123456789abcdefghijklmnopqrstuvwxyzABCDEFGHIJKLMNOPQRSTUVWXYZ-_,True,False,ok
lot270_other_profiles_final_candidate2/20260929_193856_radio_ebyte_e79_cc1352p,lot270_other_profiles_final_candidate2/20260929_193856_radio_ebyte_e79_cc1352p/run_00218,run_00218,2026-09-29T16:57:12+00:00,RADIO_EBYTE_E79_CC1352P,Ebyte E79-400DM2005S (CC1352P AT modem),RADIO_EBYTE_E79_CC1352P + AT_COMMANDS; E79 modem firmware 0.3.0 required,tx,COM16,COM4,COM16,3,512,8,64,512,"{""rf_profile"": ""OOK4K8"", ""tx_power_dbm"": 13}",ampere,3300,1037.3333333333335,1037.3333333333335,194560,0.2461033634126333,True,4545.730816745121,5868.930360438145,26.05,1037.3300000000002,7680.029100227671,20934.59060518606,,,7680.029100227671,20934.59060518606,7966.72458653917,3468.855850906549,26290.191135579258,11447.224307991612,per_frame_modeled_airtime_v1,"[[26.05, 155.72], [178.63, 308.3], [329.07, 458.74], [481.59, 611.26], [637.07, 766.74], [786.75, 916.41], [939.16, 1068.82], [1093.18, 1222.84]]",,,,COM4,0123456789abcdefghijklmnopqrstuvwxyzABCDEFGHIJKLMNOPQRSTUVWXYZ-_ | 0123456789abcdefghijklmnopqrstuvwxyzABCDEFGHIJKLMNOPQRSTUVWXYZ-_ | 0123456789abcdefghijklmnopqrstuvwxyzABCDEFGHIJKLMNOPQRSTUVWXYZ-_ | 0123456789abcdefghijklmnopqrstuvwxyzABCDEFGHIJKLMNOPQRSTUVWXYZ-_ | 0123456789abcdefghijklmnopqrstuvwxyzABCDEFGHIJKLMNOPQRSTUVWXYZ-_ | 0123456789abcdefghijklmnopqrstuvwxyzABCDEFGHIJKLMNOPQRSTUVWXYZ-_ | 0123456789abcdefghijklmnopqrstuvwxyzABCDEFGHIJKLMNOPQRSTUVWXYZ-_ | 0123456789abcdefghijklmnopqrstuvwxyzABCDEFGHIJKLMNOPQRSTUVWXYZ-_,True,False,ok
lot270_other_profiles_final_candidate2/20260929_193856_radio_ebyte_e79_cc1352p,lot270_other_profiles_final_candidate2/20260929_193856_radio_ebyte_e79_cc1352p/run_00219,run_00219,2026-09-29T16:57:16+00:00,RADIO_EBYTE_E79_CC1352P,Ebyte E79-400DM2005S (CC1352P AT modem),RADIO_EBYTE_E79_CC1352P + AT_COMMANDS; E79 modem firmware 0.3.0 required,tx,COM16,COM4,COM16,4,512,8,64,512,"{""rf_profile"": ""OOK4K8"", ""tx_power_dbm"": 13}",ampere,3300,1037.3333333333335,1037.3333333333335,194560,0.2461033634126333,True,4545.730816745121,5868.930360438145,25.86,1037.3300000000002,7688.9988944380575,20114.265224974974,,,7688.9988944380575,20114.265224974974,7976.02922316743,3479.9549443597375,26320.89643645252,11483.851316387134,per_frame_modeled_airtime_v1,"[[25.86, 155.53], [177.86, 307.53], [330.35, 460.02], [479.83, 609.5], [630.24, 759.91], [781.73, 911.39], [934.28, 1063.94], [1083.24, 1212.9]]",,,,COM4,0123456789abcdefghijklmnopqrstuvwxyzABCDEFGHIJKLMNOPQRSTUVWXYZ-_ | 0123456789abcdefghijklmnopqrstuvwxyzABCDEFGHIJKLMNOPQRSTUVWXYZ-_ | 0123456789abcdefghijklmnopqrstuvwxyzABCDEFGHIJKLMNOPQRSTUVWXYZ-_ | 0123456789abcdefghijklmnopqrstuvwxyzABCDEFGHIJKLMNOPQRSTUVWXYZ-_ | 0123456789abcdefghijklmnopqrstuvwxyzABCDEFGHIJKLMNOPQRSTUVWXYZ-_ | 0123456789abcdefghijklmnopqrstuvwxyzABCDEFGHIJKLMNOPQRSTUVWXYZ-_ | 0123456789abcdefghijklmnopqrstuvwxyzABCDEFGHIJKLMNOPQRSTUVWXYZ-_ | 0123456789abcdefghijklmnopqrstuvwxyzABCDEFGHIJKLMNOPQRSTUVWXYZ-_,True,False,ok
lot270_other_profiles_final_candidate2/20260929_193856_radio_ebyte_e79_cc1352p,lot270_other_profiles_final_candidate2/20260929_193856_radio_ebyte_e79_cc1352p/run_00220,run_00220,2026-09-29T16:57:21+00:00,RADIO_EBYTE_E79_CC1352P,Ebyte E79-400DM2005S (CC1352P AT modem),RADIO_EBYTE_E79_CC1352P + AT_COMMANDS; E79 modem firmware 0.3.0 required,tx,COM16,COM4,COM16,5,512,8,64,512,"{""rf_profile"": ""OOK4K8"", ""tx_power_dbm"": 13}",ampere,3300,1037.3333333333335,1037.3333333333335,194560,0.2461033634126333,True,4540.8717548999375,5978.668738523991,25.79,1037.3300000000002,7679.9143814422105,20306.127195165147,,,7679.9143814422105,20306.127195165147,7966.605585301448,3471.528919158517,26289.798431494775,11456.045433223106,per_frame_modeled_airtime_v1,"[[25.79, 155.46], [177.87, 307.54], [328.99, 458.66], [479.03, 608.7], [630.51, 760.18], [784.62, 914.28], [934.28, 1063.94], [1087.27, 1216.93]]",,,,COM4,0123456789abcdefghijklmnopqrstuvwxyzABCDEFGHIJKLMNOPQRSTUVWXYZ-_ | 0123456789abcdefghijklmnopqrstuvwxyzABCDEFGHIJKLMNOPQRSTUVWXYZ-_ | 0123456789abcdefghijklmnopqrstuvwxyzABCDEFGHIJKLMNOPQRSTUVWXYZ-_ | 0123456789abcdefghijklmnopqrstuvwxyzABCDEFGHIJKLMNOPQRSTUVWXYZ-_ | 0123456789abcdefghijklmnopqrstuvwxyzABCDEFGHIJKLMNOPQRSTUVWXYZ-_0123456789abcdefghijklmnopqrstuvwxyzABCDEFGHIJKLMNOPQRSTUVWXYZ-_ | 0123456789abcdefghijklmnopqrstuvwxyzABCDEFGHIJKLMNOPQRSTUVWXYZ-_ | 0123456789abcdefghijklmnopqrstuvwxyzABCDEFGHIJKLMNOPQRSTUVWXYZ-_,False,True,rx_missing
lot270_other_profiles_final_candidate2/20260929_193856_radio_ebyte_e79_cc1352p,lot270_other_profiles_final_candidate2/20260929_193856_radio_ebyte_e79_cc1352p/run_00221,run_00221,2026-09-29T16:57:28+00:00,RADIO_EBYTE_E79_CC1352P,Ebyte E79-400DM2005S (CC1352P AT modem),RADIO_EBYTE_E79_CC1352P + AT_COMMANDS; E79 modem firmware 0.3.0 required,tx,COM16,COM4,COM16,1,1024,16,64,1024,"{""rf_profile"": ""OOK4K8"", ""tx_power_dbm"": 13}",ampere,3300,2074.666666666667,2074.666666666667,334848,0.06923719708726274,True,4540.8717548999375,5921.268072768314,27.26,2074.6600000000003,7682.45219174619,20340.039592381185,,,7682.45219174619,20340.039592381185,15938.47626412815,6952.6199490963245,52596.971671622894,22943.645832017868,per_frame_modeled_airtime_v1,"[[27.26, 156.93], [177.91, 307.58], [327.11, 456.78], [481.81, 611.48], [634.3, 763.97], [787.81, 917.48], [943.09, 1072.76], [1095.37, 1225.04], [1245.53, 1375.2], [1399.1, 1528.77], [1550.72, 1680.38], [1704.07, 1833.73], [1855.49, 1985.15], [2006.99, 2136.65], [2159.87, 2289.53], [2315.12, 2444.78]]",,,,COM4,0123456789abcdefghijklmnopqrstuvwxyzABCDEFGHIJKLMNOPQRSTUVWXYZ-_ | 0123456789abcdefghijklmnopqrstuvwxyzABCDEFGHIJKLMNOPQRSTUVWXYZ-_ | 0123456789abcdefghijklmnopqrstuvwxyzABCDEFGHIJKLMNOPQRSTUVWXYZ-_ | 0123456789abcdefghijklmnopqrstuvwxyzABCDEFGHIJKLMNOPQRSTUVWXYZ-_ | 0123456789abcdefghijklmnopqrstuvwxyzABCDEFGHIJKLMNOPQRSTUVWXYZ-_ | 0123456789abcdefghijklmnopqrstuvwxyzABCDEFGHIJKLMNOPQRSTUVWXYZ-_ | 0123456789abcdefghijklmnopqrstuvwxyzABCDEFGHIJKLMNOPQRSTUVWXYZ-_ | 0123456789abcdefghijklmnopqrstuvwxyzABCDEFGHIJKLMNOPQRSTUVWXYZ-_ | 0123456789abcdefghijklmnopqrstuvwxyzABCDEFGHIJKLMNOPQRSTUVWXYZ-_ | 0123456789abcdefghijklmnopqrstuvwxyzABCDEFGHIJKLMNOPQRSTUVWXYZ-_ | 0123456789abcdefghijklmnopqrstuvwxyzABCDEFGHIJKLMNOPQRSTUVWXYZ-_ | 0123456789abcdefghijklmnopqrstuvwxyzABCDEFGHIJKLMNOPQRSTUVWXYZ-_ | 0123456789abcdefghijklmnopqrstuvwxyzABCDEFGHIJKLMNOPQRSTUVWXYZ-_ | 0123456789abcdefghijklmnopqrstuvwxyzABCDEFGHIJKLMNOPQRSTUVWXYZ-_ | 0123456789abcdefghijklmnopqrstuvwxyzABCDEFGHIJKLMNOPQRSTUVWXYZ-_ | 0123456789abcdefghijklmnopqrstuvwxyzABCDEFGHIJKLMNOPQRSTUVWXYZ-_,True,False,ok
lot270_other_profiles_final_candidate2/20260929_193856_radio_ebyte_e79_cc1352p,lot270_other_profiles_final_candidate2/20260929_193856_radio_ebyte_e79_cc1352p/run_00222,run_00222,2026-09-29T16:57:36+00:00,RADIO_EBYTE_E79_CC1352P,Ebyte E79-400DM2005S (CC1352P AT modem),RADIO_EBYTE_E79_CC1352P + AT_COMMANDS; E79 modem firmware 0.3.0 required,tx,COM16,COM4,COM16,2,1024,16,64,1024,"{""rf_profile"": ""OOK4K8"", ""tx_power_dbm"": 13}",ampere,3300,2074.666666666667,2074.666666666667,334848,0.06923719708726274,True,4540.8717548999375,5810.924552626895,26.52,2074.6600000000003,7678.244941773774,20536.52530358998,,,7678.244941773774,20536.52530358998,15929.747650900379,6943.881720976833,52568.16724797125,22914.80967922355,per_frame_modeled_airtime_v1,"[[26.52, 156.19], [177.45, 307.12], [328.06, 457.73], [482.53, 612.2], [635.08, 764.75], [785.75, 915.42], [938.07, 1067.74], [1094.29, 1223.96], [1247.87, 1377.54], [1399.67, 1529.34], [1549.09, 1678.75], [1699.41, 1829.07], [1851.35, 1981.01], [2001.65, 2131.31], [2154.21, 2283.87], [2311.26, 2440.92]]",,,,COM4,0123456789abcdefghijklmnopqrstuvwxyzABCDEFGHIJKLMNOPQRSTUVWXYZ-_ | 0123456789abcdefghijklmnopqrstuvwxyzABCDEFGHIJKLMNOPQRSTUVWXYZ-_ | 0123456789abcdefghijklmnopqrstuvwxyzABCDEFGHIJKLMNOPQRSTUVWXYZ-_ | 0123456789abcdefghijklmnopqrstuvwxyzABCDEFGHIJKLMNOPQRSTUVWXYZ-_ | 0123456789abcdefghijklmnopqrstuvwxyzABCDEFGHIJKLMNOPQRSTUVWXYZ-_ | 0123456789abcdefghijklmnopqrstuvwxyzABCDEFGHIJKLMNOPQRSTUVWXYZ-_ | 0123456789abcdefghijklmnopqrstuvwxyzABCDEFGHIJKLMNOPQRSTUVWXYZ-_0123456789abcdefghijklmnopqrstuvwxyzABCDEFGHIJKLMNOPQRSTUVWXYZ-_ | 0123456789abcdefghijklmnopqrstuvwxyzABCDEFGHIJKLMNOPQRSTUVWXYZ-_ | 0123456789abcdefghijklmnopqrstuvwxyzABCDEFGHIJKLMNOPQRSTUVWXYZ-_ | 0123456789abcdefghijklmnopqrstuvwxyzABCDEFGHIJKLMNOPQRSTUVWXYZ-_ | 0123456789abcdefghijklmnopqrstuvwxyzABCDEFGHIJKLMNOPQRSTUVWXYZ-_ | 0123456789abcdefghijklmnopqrstuvwxyzABCDEFGHIJKLMNOPQRSTUVWXYZ-_ | 0123456789abcdefghijklmnopqrstuvwxyzABCDEFGHIJKLMNOPQRSTUVWXYZ-_ | 0123456789abcdefghijklmnopqrstuvwxyzABCDEFGHIJKLMNOPQRSTUVWXYZ-_ | 0123456789abcdefghijklmnopqrstuvwxyzABCDEFGHIJKLMNOPQRSTUVWXYZ-_,False,True,rx_missing
lot270_other_profiles_final_candidate2/20260929_193856_radio_ebyte_e79_cc1352p,lot270_other_profiles_final_candidate2/20260929_193856_radio_ebyte_e79_cc1352p/run_00223,run_00223,2026-09-29T16:57:43+00:00,RADIO_EBYTE_E79_CC1352P,Ebyte E79-400DM2005S (CC1352P AT modem),RADIO_EBYTE_E79_CC1352P + AT_COMMANDS; E79 modem firmware 0.3.0 required,tx,COM16,COM4,COM16,3,1024,16,64,1024,"{""rf_profile"": ""OOK4K8"", ""tx_power_dbm"": 13}",ampere,3300,2074.666666666667,2074.666666666667,334848,0.06923719708726274,True,4540.8717548999375,5921.268072768314,27.42,2074.6600000000003,7683.93540672323,20493.502430232205,,,7683.93540672323,20493.502430232205,15941.553430912416,6957.9746362684655,52607.12632201097,22961.316299685936,per_frame_modeled_airtime_v1,"[[27.42, 157.09], [180.58, 310.25], [336.44, 466.11], [488.03, 617.7], [640.84, 770.51], [791.58, 921.25], [941.1, 1070.77], [1094.66, 1224.33], [1246.16, 1375.83], [1401.23, 1530.9], [1551.35, 1681.01], [1701.86, 1831.52], [1854.81, 1984.47], [2009.27, 2138.93], [2160.62, 2290.28], [2314.25, 2443.91]]",,,,COM4,0123456789abcdefghijklmnopqrstuvwxyzABCDEFGHIJKLMNOPQRSTUVWXYZ-_ | 0123456789abcdefghijklmnopqrstuvwxyzABCDEFGHIJKLMNOPQRSTUVWXYZ-_ | 0123456789abcdefghijklmnopqrstuvwxyzABCDEFGHIJKLMNOPQRSTUVWXYZ-_ | 0123456789abcdefghijklmnopqrstuvwxyzABCDEFGHIJKLMNOPQRSTUVWXYZ-_ | 0123456789abcdefghijklmnopqrstuvwxyzABCDEFGHIJKLMNOPQRSTUVWXYZ-_ | 0123456789abcdefghijklmnopqrstuvwxyzABCDEFGHIJKLMNOPQRSTUVWXYZ-_ | 0123456789abcdefghijklmnopqrstuvwxyzABCDEFGHIJKLMNOPQRSTUVWXYZ-_ | 0123456789abcdefghijklmnopqrstuvwxyzABCDEFGHIJKLMNOPQRSTUVWXYZ-_ | 0123456789abcdefghijklmnopqrstuvwxyzABCDEFGHIJKLMNOPQRSTUVWXYZ-_ | 0123456789abcdefghijklmnopqrstuvwxyzABCDEFGHIJKLMNOPQRSTUVWXYZ-_ | 0123456789abcdefghijklmnopqrstuvwxyzABCDEFGHIJKLMNOPQRSTUVWXYZ-_ | 0123456789abcdefghijklmnopqrstuvwxyzABCDEFGHIJKLMNOPQRSTUVWXYZ-_ | 0123456789abcdefghijklmnopqrstuvwxyzABCDEFGHIJKLMNOPQRSTUVWXYZ-_ | 0123456789abcdefghijklmnopqrstuvwxyzABCDEFGHIJKLMNOPQRSTUVWXYZ-_ | 0123456789abcdefghijklmnopqrstuvwxyzABCDEFGHIJKLMNOPQRSTUVWXYZ-_ | 0123456789abcdefghijklmnopqrstuvwxyzABCDEFGHIJKLMNOPQRSTUVWXYZ-_,True,False,ok
lot270_other_profiles_final_candidate2/20260929_193856_radio_ebyte_e79_cc1352p,lot270_other_profiles_final_candidate2/20260929_193856_radio_ebyte_e79_cc1352p/run_00224,run_00224,2026-09-29T16:57:50+00:00,RADIO_EBYTE_E79_CC1352P,Ebyte E79-400DM2005S (CC1352P AT modem),RADIO_EBYTE_E79_CC1352P + AT_COMMANDS; E79 modem firmware 0.3.0 required,tx,COM16,COM4,COM16,4,1024,16,64,1024,"{""rf_profile"": ""OOK4K8"", ""tx_power_dbm"": 13}",ampere,3300,2074.666666666667,2074.666666666667,334848,0.06923719708726274,True,4540.8717548999375,5868.760804940573,25.47,2074.6600000000003,7696.730208398284,20684.53501621467,,,7696.730208398284,20684.53501621467,15968.098294155583,6986.801502364257,52694.72437071342,23056.444957802047,per_frame_modeled_airtime_v1,"[[25.47, 155.14], [179.85, 309.52], [334.49, 464.16], [485.71, 615.38], [637.16, 766.83], [786.92, 916.59], [938.39, 1068.06], [1094.39, 1224.06], [1245.04, 1374.71], [1395.39, 1525.06], [1550.12, 1679.78], [1702.44, 1832.1], [1850.79, 1980.45], [2001.4, 2131.06], [2154.88, 2284.54], [2309.49, 2439.15]]",,,,COM4,0123456789abcdefghijklmnopqrstuvwxyzABCDEFGHIJKLMNOPQRSTUVWXYZ-_ | 0123456789abcdefghijklmnopqrstuvwxyzABCDEFGHIJKLMNOPQRSTUVWXYZ-_ | 0123456789abcdefghijklmnopqrstuvwxyzABCDEFGHIJKLMNOPQRSTUVWXYZ-_ | 0123456789abcdefghijklmnopqrstuvwxyzABCDEFGHIJKLMNOPQRSTUVWXYZ-_ | 0123456789abcdefghijklmnopqrstuvwxyzABCDEFGHIJKLMNOPQRSTUVWXYZ-_ | 0123456789abcdefghijklmnopqrstuvwxyzABCDEFGHIJKLMNOPQRSTUVWXYZ-_ | 0123456789abcdefghijklmnopqrstuvwxyzABCDEFGHIJKLMNOPQRSTUVWXYZ-_ | 0123456789abcdefghijklmnopqrstuvwxyzABCDEFGHIJKLMNOPQRSTUVWXYZ-_ | 0123456789abcdefghijklmnopqrstuvwxyzABCDEFGHIJKLMNOPQRSTUVWXYZ-_ | 0123456789abcdefghijklmnopqrstuvwxyzABCDEFGHIJKLMNOPQRSTUVWXYZ-_ | 0123456789abcdefghijklmnopqrstuvwxyzABCDEFGHIJKLMNOPQRSTUVWXYZ-_ | 0123456789abcdefghijklmnopqrstuvwxyzABCDEFGHIJKLMNOPQRSTUVWXYZ-_ | 0123456789abcdefghijklmnopqrstuvwxyzABCDEFGHIJKLMNOPQRSTUVWXYZ-_ | 0123456789abcdefghijklmnopqrstuvwxyzABCDEFGHIJKLMNOPQRSTUVWXYZ-_ | 0123456789abcdefghijklmnopqrstuvwxyzABCDEFGHIJKLMNOPQRSTUVWXYZ-_ | 0123456789abcdefghijklmnopqrstuvwxyzABCDEFGHIJKLMNOPQRSTUVWXYZ-_,True,False,ok
lot270_other_profiles_final_candidate2/20260929_193856_radio_ebyte_e79_cc1352p,lot270_other_profiles_final_candidate2/20260929_193856_radio_ebyte_e79_cc1352p/run_00225,run_00225,2026-09-29T16:57:58+00:00,RADIO_EBYTE_E79_CC1352P,Ebyte E79-400DM2005S (CC1352P AT modem),RADIO_EBYTE_E79_CC1352P + AT_COMMANDS; E79 modem firmware 0.3.0 required,tx,COM16,COM4,COM16,5,1024,16,64,1024,"{""rf_profile"": ""OOK4K8"", ""tx_power_dbm"": 13}",ampere,3300,2074.666666666667,2074.666666666667,334848,0.06923719708726274,True,4545.730816745121,5873.833026165163,27.17,2074.6600000000003,7684.723875987546,20358.558117884437,,,7684.723875987546,20358.558117884437,15943.189236556322,6948.069746273314,52612.52448063586,22928.630162701935,per_frame_modeled_airtime_v1,"[[27.17, 156.84], [182.12, 311.79], [335.48, 465.15], [491.87, 621.54], [641.4, 771.07], [793.49, 923.16], [948.26, 1077.93], [1100.45, 1230.12], [1249.89, 1379.56], [1401.93, 1531.6], [1551.32, 1680.98], [1704.04, 1833.7], [1853.72, 1983.38], [2008.88, 2138.54], [2159.75, 2289.41], [2314.68, 2444.34]]",,,,COM4,0123456789abcdefghijklmnopqrstuvwxyzABCDEFGHIJKLMNOPQRSTUVWXYZ-_ | 0123456789abcdefghijklmnopqrstuvwxyzABCDEFGHIJKLMNOPQRSTUVWXYZ-_ | 0123456789abcdefghijklmnopqrstuvwxyzABCDEFGHIJKLMNOPQRSTUVWXYZ-_ | 0123456789abcdefghijklmnopqrstuvwxyzABCDEFGHIJKLMNOPQRSTUVWXYZ-_0123456789abcdefghijklmnopqrstuvwxyzABCDEFGHIJKLMNOPQRSTUVWXYZ-_ | 0123456789abcdefghijklmnopqrstuvwxyzABCDEFGHIJKLMNOPQRSTUVWXYZ-_ | 0123456789abcdefghijklmnopqrstuvwxyzABCDEFGHIJKLMNOPQRSTUVWXYZ-_ | 0123456789abcdefghijklmnopqrstuvwxyzABCDEFGHIJKLMNOPQRSTUVWXYZ-_ | 0123456789abcdefghijklmnopqrstuvwxyzABCDEFGHIJKLMNOPQRSTUVWXYZ-_ | 0123456789abcdefghijklmnopqrstuvwxyzABCDEFGHIJKLMNOPQRSTUVWXYZ-_ | 0123456789abcdefghijklmnopqrstuvwxyzABCDEFGHIJKLMNOPQRSTUVWXYZ-_ | 0123456789abcdefghijklmnopqrstuvwxyzABCDEFGHIJKLMNOPQRSTUVWXYZ-_ | 0123456789abcdefghijklmnopqrstuvwxyzABCDEFGHIJKLMNOPQRSTUVWXYZ-_ | 0123456789abcdefghijklmnopqrstuvwxyzABCDEFGHIJKLMNOPQRSTUVWXYZ-_ | 0123456789abcdefghijklmnopqrstuvwxyzABCDEFGHIJKLMNOPQRSTUVWXYZ-_ | 0123456789abcdefghijklmnopqrstuvwxyzABCDEFGHIJKLMNOPQRSTUVWXYZ-_,False,True,rx_missing
lot270_other_profiles_final_candidate2/20260929_193856_radio_ebyte_e79_cc1352p,lot270_other_profiles_final_candidate2/20260929_193856_radio_ebyte_e79_cc1352p/run_00226,run_00226,2026-09-29T16:58:02+00:00,RADIO_EBYTE_E79_CC1352P,Ebyte E79-400DM2005S (CC1352P AT modem),RADIO_EBYTE_E79_CC1352P + AT_COMMANDS; E79 modem firmware 0.3.0 required,tx,COM16,COM4,COM16,1,128,2,64,128,"{""rf_profile"": ""IEEE154G50"", ""tx_power_dbm"": -20}",ampere,3300,30.96,30.96,94208,0.8336842105263158,True,4550.590659970911,5874.003363043362,26.81,30.96,6922.95759743717,17505.91818818302,,,6922.95759743717,17505.91818818302,214.3347672166548,82.92568683270183,707.3047318149607,273.65476654791604,per_frame_modeled_airtime_v1,"[[26.81, 42.29], [68.75, 84.23]]",,,,COM4,0123456789abcdefghijklmnopqrstuvwxyzABCDEFGHIJKLMNOPQRSTUVWXYZ-_ | 0123456789abcdefghijklmnopqrstuvwxyzABCDEFGHIJKLMNOPQRSTUVWXYZ-_,True,False,ok
lot270_other_profiles_final_candidate2/20260929_193856_radio_ebyte_e79_cc1352p,lot270_other_profiles_final_candidate2/20260929_193856_radio_ebyte_e79_cc1352p/run_00227,run_00227,2026-09-29T16:58:04+00:00,RADIO_EBYTE_E79_CC1352P,Ebyte E79-400DM2005S (CC1352P AT modem),RADIO_EBYTE_E79_CC1352P + AT_COMMANDS; E79 modem firmware 0.3.0 required,tx,COM16,COM4,COM16,2,128,2,64,128,"{""rf_profile"": ""IEEE154G50"", ""tx_power_dbm"": -20}",ampere,3300,30.96,30.96,94208,0.8336842105263158,True,4540.8717548999375,5926.606325053332,27.13,30.96,6833.707276089433,17445.241846776014,,,6833.707276089433,17445.241846776014,211.57157726772886,80.09700162696141,698.1862049835051,264.32010536897263,per_frame_modeled_airtime_v1,"[[27.13, 42.61], [67.97, 83.45]]",,,,COM4,0123456789abcdefghijklmnopqrstuvwxyzABCDEFGHIJKLMNOPQRSTUVWXYZ-_ | 0123456789abcdefghijklmnopqrstuvwxyzABCDEFGHIJKLMNOPQRSTUVWXYZ-_,True,False,ok
lot270_other_profiles_final_candidate2/20260929_193856_radio_ebyte_e79_cc1352p,lot270_other_profiles_final_candidate2/20260929_193856_radio_ebyte_e79_cc1352p/run_00228,run_00228,2026-09-29T16:58:07+00:00,RADIO_EBYTE_E79_CC1352P,Ebyte E79-400DM2005S (CC1352P AT modem),RADIO_EBYTE_E79_CC1352P + AT_COMMANDS; E79 modem firmware 0.3.0 required,tx,COM16,COM4,COM16,3,128,2,64,128,"{""rf_profile"": ""IEEE154G50"", ""tx_power_dbm"": -20}",ampere,3300,30.96,30.96,94208,0.8336842105263158,True,4545.730816745121,5926.349561792038,26.66,30.96,6937.54306726192,17639.59215035585,,,6937.54306726192,17639.59215035585,214.78633336242908,83.258589321379,708.7949000960159,274.7533447605507,per_frame_modeled_airtime_v1,"[[26.66, 42.14], [68.6, 84.08]]",,,,COM4,0123456789abcdefghijklmnopqrstuvwxyzABCDEFGHIJKLMNOPQRSTUVWXYZ-_ | 0123456789abcdefghijklmnopqrstuvwxyzABCDEFGHIJKLMNOPQRSTUVWXYZ-_,True,False,ok
lot270_other_profiles_final_candidate2/20260929_193856_radio_ebyte_e79_cc1352p,lot270_other_profiles_final_candidate2/20260929_193856_radio_ebyte_e79_cc1352p/run_00229,run_00229,2026-09-29T16:58:10+00:00,RADIO_EBYTE_E79_CC1352P,Ebyte E79-400DM2005S (CC1352P AT modem),RADIO_EBYTE_E79_CC1352P + AT_COMMANDS; E79 modem firmware 0.3.0 required,tx,COM16,COM4,COM16,4,128,2,64,128,"{""rf_profile"": ""IEEE154G50"", ""tx_power_dbm"": -20}",ampere,3300,30.96,30.96,94208,0.8336842105263158,True,4540.8717548999375,5921.268072768314,27.12,30.96,6827.138638442624,17789.09195300311,,,6827.138638442624,17789.09195300311,211.36821224618365,79.85810597070855,697.515100412406,263.5317497033382,per_frame_modeled_airtime_v1,"[[27.12, 42.6], [70.37, 85.85]]",,,,COM4,0123456789abcdefghijklmnopqrstuvwxyzABCDEFGHIJKLMNOPQRSTUVWXYZ-_ | 0123456789abcdefghijklmnopqrstuvwxyzABCDEFGHIJKLMNOPQRSTUVWXYZ-_,True,False,ok
lot270_other_profiles_final_candidate2/20260929_193856_radio_ebyte_e79_cc1352p,lot270_other_profiles_final_candidate2/20260929_193856_radio_ebyte_e79_cc1352p/run_00230,run_00230,2026-09-29T16:58:13+00:00,RADIO_EBYTE_E79_CC1352P,Ebyte E79-400DM2005S (CC1352P AT modem),RADIO_EBYTE_E79_CC1352P + AT_COMMANDS; E79 modem firmware 0.3.0 required,tx,COM16,COM4,COM16,5,128,2,64,128,"{""rf_profile"": ""IEEE154G50"", ""tx_power_dbm"": -20}",ampere,3300,30.96,30.96,94208,0.8336842105263158,True,4545.730816745121,5926.349561792038,26.99,30.96,6776.596444042488,17518.46132930881,,,6776.596444042488,17518.46132930881,209.8034259075554,77.57901876719697,692.3513054949328,256.01076193175,per_frame_modeled_airtime_v1,"[[26.99, 42.47], [68.85, 84.33]]",,,,COM4,0123456789abcdefghijklmnopqrstuvwxyzABCDEFGHIJKLMNOPQRSTUVWXYZ-_ | 0123456789abcdefghijklmnopqrstuvwxyzABCDEFGHIJKLMNOPQRSTUVWXYZ-_,True,False,ok
lot270_other_profiles_final_candidate2/20260929_193856_radio_ebyte_e79_cc1352p,lot270_other_profiles_final_candidate2/20260929_193856_radio_ebyte_e79_cc1352p/run_00231,run_00231,2026-09-29T16:58:15+00:00,RADIO_EBYTE_E79_CC1352P,Ebyte E79-400DM2005S (CC1352P AT modem),RADIO_EBYTE_E79_CC1352P + AT_COMMANDS; E79 modem firmware 0.3.0 required,tx,COM16,COM4,COM16,1,512,8,64,512,"{""rf_profile"": ""IEEE154G50"", ""tx_power_dbm"": -20}",ampere,3300,123.84,123.84,94208,0.8336842105263158,True,4545.730816745121,5868.930360438145,27.0,123.84,6842.566931394912,17763.905481389265,,,6842.566931394912,17763.905481389265,847.3834887839458,320.7583935684363,2796.3655129870212,1058.5026987758397,per_frame_modeled_airtime_v1,"[[27.0, 42.48], [69.8, 85.28], [111.7, 127.18], [153.68, 169.16], [195.33, 210.81], [237.35, 252.83], [279.66, 295.14], [321.88, 337.36]]",,,,COM4,0123456789abcdefghijklmnopqrstuvwxyzABCDEFGHIJKLMNOPQRSTUVWXYZ-_ | 0123456789abcdefghijklmnopqrstuvwxyzABCDEFGHIJKLMNOPQRSTUVWXYZ-_ | 0123456789abcdefghijklmnopqrstuvwxyzABCDEFGHIJKLMNOPQRSTUVWXYZ-_ | 0123456789abcdefghijklmnopqrstuvwxyzABCDEFGHIJKLMNOPQRSTUVWXYZ-_ | 0123456789abcdefghijklmnopqrstuvwxyzABCDEFGHIJKLMNOPQRSTUVWXYZ-_ | 0123456789abcdefghijklmnopqrstuvwxyzABCDEFGHIJKLMNOPQRSTUVWXYZ-_ | 0123456789abcdefghijklmnopqrstuvwxyzABCDEFGHIJKLMNOPQRSTUVWXYZ-_ | 0123456789abcdefghijklmnopqrstuvwxyzABCDEFGHIJKLMNOPQRSTUVWXYZ-_,True,False,ok
lot270_other_profiles_final_candidate2/20260929_193856_radio_ebyte_e79_cc1352p,lot270_other_profiles_final_candidate2/20260929_193856_radio_ebyte_e79_cc1352p/run_00232,run_00232,2026-09-29T16:58:18+00:00,RADIO_EBYTE_E79_CC1352P,Ebyte E79-400DM2005S (CC1352P AT modem),RADIO_EBYTE_E79_CC1352P + AT_COMMANDS; E79 modem firmware 0.3.0 required,tx,COM16,COM4,COM16,2,512,8,64,512,"{""rf_profile"": ""IEEE154G50"", ""tx_power_dbm"": -20}",ampere,3300,123.84,123.84,94208,0.8336842105263158,True,4545.730816745121,5926.349561792038,26.96,123.84,6897.548474220545,17895.984690124595,,,6897.548474220545,17895.984690124595,854.1924030474723,328.90580669739364,2818.834930056659,1085.389162101399,per_frame_modeled_airtime_v1,"[[26.96, 42.44], [68.78, 84.26], [111.46, 126.94], [153.72, 169.2], [195.78, 211.26], [238.14, 253.62], [280.63, 296.11], [323.7, 339.18]]",,,,COM4,0123456789abcdefghijklmnopqrstuvwxyzABCDEFGHIJKLMNOPQRSTUVWXYZ-_ | 0123456789abcdefghijklmnopqrstuvwxyzABCDEFGHIJKLMNOPQRSTUVWXYZ-_ | 0123456789abcdefghijklmnopqrstuvwxyzABCDEFGHIJKLMNOPQRSTUVWXYZ-_ | 0123456789abcdefghijklmnopqrstuvwxyzABCDEFGHIJKLMNOPQRSTUVWXYZ-_ | 0123456789abcdefghijklmnopqrstuvwxyzABCDEFGHIJKLMNOPQRSTUVWXYZ-_ | 0123456789abcdefghijklmnopqrstuvwxyzABCDEFGHIJKLMNOPQRSTUVWXYZ-_ | 0123456789abcdefghijklmnopqrstuvwxyzABCDEFGHIJKLMNOPQRSTUVWXYZ-_ | 0123456789abcdefghijklmnopqrstuvwxyzABCDEFGHIJKLMNOPQRSTUVWXYZ-_,True,False,ok
lot270_other_profiles_final_candidate2/20260929_193856_radio_ebyte_e79_cc1352p,lot270_other_profiles_final_candidate2/20260929_193856_radio_ebyte_e79_cc1352p/run_00233,run_00233,2026-09-29T16:58:21+00:00,RADIO_EBYTE_E79_CC1352P,Ebyte E79-400DM2005S (CC1352P AT modem),RADIO_EBYTE_E79_CC1352P + AT_COMMANDS; E79 modem firmware 0.3.0 required,tx,COM16,COM4,COM16,3,512,8,64,512,"{""rf_profile"": ""IEEE154G50"", ""tx_power_dbm"": -20}",ampere,3300,123.84,123.84,94208,0.8336842105263158,True,4540.8717548999375,5921.268072768314,26.76,123.84,6849.6923018279585,17874.110967422264,,,6849.6923018279585,17874.110967422264,848.2658946583744,321.78748508151824,2799.2774523726353,1061.8987007690102,per_frame_modeled_airtime_v1,"[[26.76, 42.24], [68.27, 83.75], [111.21, 126.69], [153.82, 169.3], [195.76, 211.24], [238.41, 253.89], [280.91, 296.39], [323.51, 338.99]]",,,,COM4,0123456789abcdefghijklmnopqrstuvwxyzABCDEFGHIJKLMNOPQRSTUVWXYZ-_ | 0123456789abcdefghijklmnopqrstuvwxyzABCDEFGHIJKLMNOPQRSTUVWXYZ-_ | 0123456789abcdefghijklmnopqrstuvwxyzABCDEFGHIJKLMNOPQRSTUVWXYZ-_ | 0123456789abcdefghijklmnopqrstuvwxyzABCDEFGHIJKLMNOPQRSTUVWXYZ-_ | 0123456789abcdefghijklmnopqrstuvwxyzABCDEFGHIJKLMNOPQRSTUVWXYZ-_ | 0123456789abcdefghijklmnopqrstuvwxyzABCDEFGHIJKLMNOPQRSTUVWXYZ-_ | 0123456789abcdefghijklmnopqrstuvwxyzABCDEFGHIJKLMNOPQRSTUVWXYZ-_ | 0123456789abcdefghijklmnopqrstuvwxyzABCDEFGHIJKLMNOPQRSTUVWXYZ-_,True,False,ok
lot270_other_profiles_final_candidate2/20260929_193856_radio_ebyte_e79_cc1352p,lot270_other_profiles_final_candidate2/20260929_193856_radio_ebyte_e79_cc1352p/run_00234,run_00234,2026-09-29T16:58:23+00:00,RADIO_EBYTE_E79_CC1352P,Ebyte E79-400DM2005S (CC1352P AT modem),RADIO_EBYTE_E79_CC1352P + AT_COMMANDS; E79 modem firmware 0.3.0 required,tx,COM16,COM4,COM16,4,512,8,64,512,"{""rf_profile"": ""IEEE154G50"", ""tx_power_dbm"": -20}",ampere,3300,123.84,123.84,94208,0.8336842105263158,True,4540.8717548999375,5921.268072768314,28.28,123.84,6888.601972910772,17759.502242888706,,,6888.601972910772,17759.502242888706,853.08446832527,327.8811868759675,2815.178745473391,1082.0079166906926,per_frame_modeled_airtime_v1,"[[28.28, 43.76], [69.23, 84.71], [111.29, 126.77], [153.74, 169.22], [195.81, 211.29], [237.84, 253.32], [279.76, 295.24], [321.87, 337.35]]",,,,COM4,0123456789abcdefghijklmnopqrstuvwxyzABCDEFGHIJKLMNOPQRSTUVWXYZ-_ | 0123456789abcdefghijklmnopqrstuvwxyzABCDEFGHIJKLMNOPQRSTUVWXYZ-_ | 0123456789abcdefghijklmnopqrstuvwxyzABCDEFGHIJKLMNOPQRSTUVWXYZ-_ | 0123456789abcdefghijklmnopqrstuvwxyzABCDEFGHIJKLMNOPQRSTUVWXYZ-_ | 0123456789abcdefghijklmnopqrstuvwxyzABCDEFGHIJKLMNOPQRSTUVWXYZ-_ | 0123456789abcdefghijklmnopqrstuvwxyzABCDEFGHIJKLMNOPQRSTUVWXYZ-_ | 0123456789abcdefghijklmnopqrstuvwxyzABCDEFGHIJKLMNOPQRSTUVWXYZ-_ | 0123456789abcdefghijklmnopqrstuvwxyzABCDEFGHIJKLMNOPQRSTUVWXYZ-_,True,False,ok
lot270_other_profiles_final_candidate2/20260929_193856_radio_ebyte_e79_cc1352p,lot270_other_profiles_final_candidate2/20260929_193856_radio_ebyte_e79_cc1352p/run_00235,run_00235,2026-09-29T16:58:26+00:00,RADIO_EBYTE_E79_CC1352P,Ebyte E79-400DM2005S (CC1352P AT modem),RADIO_EBYTE_E79_CC1352P + AT_COMMANDS; E79 modem firmware 0.3.0 required,tx,COM16,COM4,COM16,5,512,8,64,512,"{""rf_profile"": ""IEEE154G50"", ""tx_power_dbm"": -20}",ampere,3300,123.84,123.84,94208,0.8336842105263158,True,4540.8717548999375,5921.268072768314,27.23,123.84,6806.493112020793,17792.119892052455,,,6806.493112020793,17792.119892052455,842.9161069926549,316.0479755114125,2781.623153075761,1042.9583191876613,per_frame_modeled_airtime_v1,"[[27.23, 42.71], [69.75, 85.23], [111.12, 126.6], [152.81, 168.29], [194.5, 209.98], [236.39, 251.87], [278.2, 293.68], [320.08, 335.56]]",,,,COM4,0123456789abcdefghijklmnopqrstuvwxyzABCDEFGHIJKLMNOPQRSTUVWXYZ-_ | 0123456789abcdefghijklmnopqrstuvwxyzABCDEFGHIJKLMNOPQRSTUVWXYZ-_ | 0123456789abcdefghijklmnopqrstuvwxyzABCDEFGHIJKLMNOPQRSTUVWXYZ-_ | 0123456789abcdefghijklmnopqrstuvwxyzABCDEFGHIJKLMNOPQRSTUVWXYZ-_ | 0123456789abcdefghijklmnopqrstuvwxyzABCDEFGHIJKLMNOPQRSTUVWXYZ-_0123456789abcdefghijklmnopqrstuvwxyzABCDEFGHIJKLMNOPQRSTUVWXYZ-_ | 0123456789abcdefghijklmnopqrstuvwxyzABCDEFGHIJKLMNOPQRSTUVWXYZ-_ | 0123456789abcdefghijklmnopqrstuvwxyzABCDEFGHIJKLMNOPQRSTUVWXYZ-_,False,True,rx_missing
lot270_other_profiles_final_candidate2/20260929_193856_radio_ebyte_e79_cc1352p,lot270_other_profiles_final_candidate2/20260929_193856_radio_ebyte_e79_cc1352p/run_00236,run_00236,2026-09-29T16:58:29+00:00,RADIO_EBYTE_E79_CC1352P,Ebyte E79-400DM2005S (CC1352P AT modem),RADIO_EBYTE_E79_CC1352P + AT_COMMANDS; E79 modem firmware 0.3.0 required,tx,COM16,COM4,COM16,1,1024,16,64,1024,"{""rf_profile"": ""IEEE154G50"", ""tx_power_dbm"": -20}",ampere,3300,247.68,247.68,94208,0.8336842105263158,True,4545.730816745121,5873.833026165163,28.23,247.68,6824.14110807485,17880.018306231108,,,6824.14110807485,17880.018306231108,1690.203269647979,637.3545619080777,5577.67078983833,2103.2700542966563,per_frame_modeled_airtime_v1,"[[28.23, 43.71], [71.36, 86.84], [114.12, 129.6], [155.51, 170.99], [197.97, 213.45], [240.09, 255.57], [281.69, 297.17], [324.19, 339.67], [365.7, 381.18], [407.65, 423.13], [449.19, 464.67], [491.97, 507.45], [533.44, 548.92], [575.38, 590.86], [619.35, 634.83], [660.0, 675.48]]",,,,COM4,0123456789abcdefghijklmnopqrstuvwxyzABCDEFGHIJKLMNOPQRSTUVWXYZ-_ | 0123456789abcdefghijklmnopqrstuvwxyzABCDEFGHIJKLMNOPQRSTUVWXYZ-_ | 0123456789abcdefghijklmnopqrstuvwxyzABCDEFGHIJKLMNOPQRSTUVWXYZ-_ | 0123456789abcdefghijklmnopqrstuvwxyzABCDEFGHIJKLMNOPQRSTUVWXYZ-_ | 0123456789abcdefghijklmnopqrstuvwxyzABCDEFGHIJKLMNOPQRSTUVWXYZ-_ | 0123456789abcdefghijklmnopqrstuvwxyzABCDEFGHIJKLMNOPQRSTUVWXYZ-_ | 0123456789abcdefghijklmnopqrstuvwxyzABCDEFGHIJKLMNOPQRSTUVWXYZ-_ | 0123456789abcdefghijklmnopqrstuvwxyzABCDEFGHIJKLMNOPQRSTUVWXYZ-_ | 0123456789abcdefghijklmnopqrstuvwxyzABCDEFGHIJKLMNOPQRSTUVWXYZ-_ | 0123456789abcdefghijklmnopqrstuvwxyzABCDEFGHIJKLMNOPQRSTUVWXYZ-_ | 0123456789abcdefghijklmnopqrstuvwxyzABCDEFGHIJKLMNOPQRSTUVWXYZ-_ | 0123456789abcdefghijklmnopqrstuvwxyzABCDEFGHIJKLMNOPQRSTUVWXYZ-_ | 0123456789abcdefghijklmnopqrstuvwxyzABCDEFGHIJKLMNOPQRSTUVWXYZ-_ | 0123456789abcdefghijklmnopqrstuvwxyzABCDEFGHIJKLMNOPQRSTUVWXYZ-_ | 0123456789abcdefghijklmnopqrstuvwxyzABCDEFGHIJKLMNOPQRSTUVWXYZ-_ | 0123456789abcdefghijklmnopqrstuvwxyzABCDEFGHIJKLMNOPQRSTUVWXYZ-_,True,False,ok
lot270_other_profiles_final_candidate2/20260929_193856_radio_ebyte_e79_cc1352p,lot270_other_profiles_final_candidate2/20260929_193856_radio_ebyte_e79_cc1352p/run_00237,run_00237,2026-09-29T16:58:32+00:00,RADIO_EBYTE_E79_CC1352P,Ebyte E79-400DM2005S (CC1352P AT modem),RADIO_EBYTE_E79_CC1352P + AT_COMMANDS; E79 modem firmware 0.3.0 required,tx,COM16,COM4,COM16,2,1024,16,64,1024,"{""rf_profile"": ""IEEE154G50"", ""tx_power_dbm"": -20}",ampere,3300,247.68,247.68,94208,0.8336842105263158,True,4540.8717548999375,5863.858139213501,27.07,247.68,6844.928398582756,17780.70549117115,,,6844.928398582756,17780.70549117115,1695.351865760977,643.468750310814,5594.661157011224,2123.446876025686,per_frame_modeled_airtime_v1,"[[27.07, 42.55], [68.64, 84.12], [110.92, 126.4], [153.02, 168.5], [195.17, 210.65], [237.1, 252.58], [279.01, 294.49], [321.74, 337.22], [364.21, 379.69], [406.89, 422.37], [449.45, 464.93], [491.97, 507.45], [534.9, 550.38], [576.22, 591.7], [617.44, 632.92], [659.13, 674.61]]",,,,COM4,0123456789abcdefghijklmnopqrstuvwxyzABCDEFGHIJKLMNOPQRSTUVWXYZ-_ | 0123456789abcdefghijklmnopqrstuvwxyzABCDEFGHIJKLMNOPQRSTUVWXYZ-_ | 0123456789abcdefghijklmnopqrstuvwxyzABCDEFGHIJKLMNOPQRSTUVWXYZ-_ | 0123456789abcdefghijklmnopqrstuvwxyzABCDEFGHIJKLMNOPQRSTUVWXYZ-_ | 0123456789abcdefghijklmnopqrstuvwxyzABCDEFGHIJKLMNOPQRSTUVWXYZ-_ | 0123456789abcdefghijklmnopqrstuvwxyzABCDEFGHIJKLMNOPQRSTUVWXYZ-_ | 0123456789abcdefghijklmnopqrstuvwxyzABCDEFGHIJKLMNOPQRSTUVWXYZ-_ | 0123456789abcdefghijklmnopqrstuvwxyzABCDEFGHIJKLMNOPQRSTUVWXYZ-_ | 0123456789abcdefghijklmnopqrstuvwxyzABCDEFGHIJKLMNOPQRSTUVWXYZ-_ | 0123456789abcdefghijklmnopqrstuvwxyzABCDEFGHIJKLMNOPQRSTUVWXYZ-_ | 0123456789abcdefghijklmnopqrstuvwxyzABCDEFGHIJKLMNOPQRSTUVWXYZ-_ | 0123456789abcdefghijklmnopqrstuvwxyzABCDEFGHIJKLMNOPQRSTUVWXYZ-_ | 0123456789abcdefghijklmnopqrstuvwxyzABCDEFGHIJKLMNOPQRSTUVWXYZ-_ | 0123456789abcdefghijklmnopqrstuvwxyzABCDEFGHIJKLMNOPQRSTUVWXYZ-_ | 0123456789abcdefghijklmnopqrstuvwxyzABCDEFGHIJKLMNOPQRSTUVWXYZ-_ | 0123456789abcdefghijklmnopqrstuvwxyzABCDEFGHIJKLMNOPQRSTUVWXYZ-_,True,False,ok
lot270_other_profiles_final_candidate2/20260929_193856_radio_ebyte_e79_cc1352p,lot270_other_profiles_final_candidate2/20260929_193856_radio_ebyte_e79_cc1352p/run_00238,run_00238,2026-09-29T16:58:34+00:00,RADIO_EBYTE_E79_CC1352P,Ebyte E79-400DM2005S (CC1352P AT modem),RADIO_EBYTE_E79_CC1352P + AT_COMMANDS; E79 modem firmware 0.3.0 required,tx,COM16,COM4,COM16,3,1024,16,64,1024,"{""rf_profile"": ""IEEE154G50"", ""tx_power_dbm"": -20}",ampere,3300,247.68,247.68,94208,0.8336842105263158,True,4540.8717548999375,5921.268072768314,27.82,247.68,6894.25789739369,17781.229696381448,,,6894.25789739369,17781.229696381448,1707.5697960264692,656.4480764378229,5634.980326887348,2166.2786522448155,per_frame_modeled_airtime_v1,"[[27.82, 43.3], [69.42, 84.9], [111.26, 126.74], [153.72, 169.2], [195.26, 210.74], [236.86, 252.34], [279.91, 295.39], [322.15, 337.63], [365.28, 380.76], [407.41, 422.89], [448.92, 464.4], [491.68, 507.16], [534.53, 550.01], [576.68, 592.16], [618.62, 634.1], [661.21, 676.69]]",,,,COM4,0123456789abcdefghijklmnopqrstuvwxyzABCDEFGHIJKLMNOPQRSTUVWXYZ-_ | 0123456789abcdefghijklmnopqrstuvwxyzABCDEFGHIJKLMNOPQRSTUVWXYZ-_ | 0123456789abcdefghijklmnopqrstuvwxyzABCDEFGHIJKLMNOPQRSTUVWXYZ-_ | 0123456789abcdefghijklmnopqrstuvwxyzABCDEFGHIJKLMNOPQRSTUVWXYZ-_ | 0123456789abcdefghijklmnopqrstuvwxyzABCDEFGHIJKLMNOPQRSTUVWXYZ-_ | 0123456789abcdefghijklmnopqrstuvwxyzABCDEFGHIJKLMNOPQRSTUVWXYZ-_ | 0123456789abcdefghijklmnopqrstuvwxyzABCDEFGHIJKLMNOPQRSTUVWXYZ-_ | 0123456789abcdefghijklmnopqrstuvwxyzABCDEFGHIJKLMNOPQRSTUVWXYZ-_ | 0123456789abcdefghijklmnopqrstuvwxyzABCDEFGHIJKLMNOPQRSTUVWXYZ-_ | 0123456789abcdefghijklmnopqrstuvwxyzABCDEFGHIJKLMNOPQRSTUVWXYZ-_ | 0123456789abcdefghijklmnopqrstuvwxyzABCDEFGHIJKLMNOPQRSTUVWXYZ-_ | 0123456789abcdefghijklmnopqrstuvwxyzABCDEFGHIJKLMNOPQRSTUVWXYZ-_ | 0123456789abcdefghijklmnopqrstuvwxyzABCDEFGHIJKLMNOPQRSTUVWXYZ-_ | 0123456789abcdefghijklmnopqrstuvwxyzABCDEFGHIJKLMNOPQRSTUVWXYZ-_ | 0123456789abcdefghijklmnopqrstuvwxyzABCDEFGHIJKLMNOPQRSTUVWXYZ-_ | 0123456789abcdefghijklmnopqrstuvwxyzABCDEFGHIJKLMNOPQRSTUVWXYZ-_,True,False,ok
lot270_other_profiles_final_candidate2/20260929_193856_radio_ebyte_e79_cc1352p,lot270_other_profiles_final_candidate2/20260929_193856_radio_ebyte_e79_cc1352p/run_00239,run_00239,2026-09-29T16:58:37+00:00,RADIO_EBYTE_E79_CC1352P,Ebyte E79-400DM2005S (CC1352P AT modem),RADIO_EBYTE_E79_CC1352P + AT_COMMANDS; E79 modem firmware 0.3.0 required,tx,COM16,COM4,COM16,4,1024,16,64,1024,"{""rf_profile"": ""IEEE154G50"", ""tx_power_dbm"": -20}",ampere,3300,247.68,247.68,94208,0.8336842105263158,True,4540.8717548999375,5921.268072768314,27.57,247.68,6836.579703009861,18150.267220513222,,,6836.579703009861,18150.267220513222,1693.2840608414822,641.0661465738415,5587.837400776891,2115.518283693677,per_frame_modeled_airtime_v1,"[[27.57, 43.05], [69.17, 84.65], [110.98, 126.46], [152.52, 168.0], [195.31, 210.79], [237.28, 252.76], [278.53, 294.01], [320.58, 336.06], [362.56, 378.04], [405.11, 420.59], [446.84, 462.32], [488.67, 504.15], [530.15, 545.63], [571.87, 587.35], [613.72, 629.2], [655.45, 670.93]]",,,,COM4,0123456789abcdefghijklmnopqrstuvwxyzABCDEFGHIJKLMNOPQRSTUVWXYZ-_ | 0123456789abcdefghijklmnopqrstuvwxyzABCDEFGHIJKLMNOPQRSTUVWXYZ-_ | 0123456789abcdefghijklmnopqrstuvwxyzABCDEFGHIJKLMNOPQRSTUVWXYZ-_ | 0123456789abcdefghijklmnopqrstuvwxyzABCDEFGHIJKLMNOPQRSTUVWXYZ-_ | 0123456789abcdefghijklmnopqrstuvwxyzABCDEFGHIJKLMNOPQRSTUVWXYZ-_ | 0123456789abcdefghijklmnopqrstuvwxyzABCDEFGHIJKLMNOPQRSTUVWXYZ-_ | 0123456789abcdefghijklmnopqrstuvwxyzABCDEFGHIJKLMNOPQRSTUVWXYZ-_ | 0123456789abcdefghijklmnopqrstuvwxyzABCDEFGHIJKLMNOPQRSTUVWXYZ-_ | 0123456789abcdefghijklmnopqrstuvwxyzABCDEFGHIJKLMNOPQRSTUVWXYZ-_ | 0123456789abcdefghijklmnopqrstuvwxyzABCDEFGHIJKLMNOPQRSTUVWXYZ-_ | 0123456789abcdefghijklmnopqrstuvwxyzABCDEFGHIJKLMNOPQRSTUVWXYZ-_ | 0123456789abcdefghijklmnopqrstuvwxyzABCDEFGHIJKLMNOPQRSTUVWXYZ-_ | 0123456789abcdefghijklmnopqrstuvwxyzABCDEFGHIJKLMNOPQRSTUVWXYZ-_ | 0123456789abcdefghijklmnopqrstuvwxyzABCDEFGHIJKLMNOPQRSTUVWXYZ-_ | 0123456789abcdefghijklmnopqrstuvwxyzABCDEFGHIJKLMNOPQRSTUVWXYZ-_ | 0123456789abcdefghijklmnopqrstuvwxyzABCDEFGHIJKLMNOPQRSTUVWXYZ-_,True,False,ok
lot270_other_profiles_final_candidate2/20260929_193856_radio_ebyte_e79_cc1352p,lot270_other_profiles_final_candidate2/20260929_193856_radio_ebyte_e79_cc1352p/run_00240,run_00240,2026-09-29T16:58:40+00:00,RADIO_EBYTE_E79_CC1352P,Ebyte E79-400DM2005S (CC1352P AT modem),RADIO_EBYTE_E79_CC1352P + AT_COMMANDS; E79 modem firmware 0.3.0 required,tx,COM16,COM4,COM16,5,1024,16,64,1024,"{""rf_profile"": ""IEEE154G50"", ""tx_power_dbm"": -20}",ampere,3300,247.68,247.68,94208,0.8336842105263158,True,4540.8717548999375,5868.760804940573,27.74,247.68,6849.875250518139,17707.930262189857,,,6849.875250518139,17707.930262189857,1696.5771020483328,642.9070115982017,5598.704436759498,2121.5931382740655,per_frame_modeled_airtime_v1,"[[27.74, 43.22], [70.03, 85.51], [113.21, 128.69], [153.62, 169.1], [195.73, 211.21], [238.19, 253.67], [281.24, 296.72], [323.8, 339.28], [365.46, 380.94], [407.22, 422.7], [448.75, 464.23], [490.93, 506.41], [532.69, 548.17], [574.64, 590.12], [616.97, 632.45], [659.72, 675.2]]",,,,COM4,0123456789abcdefghijklmnopqrstuvwxyzABCDEFGHIJKLMNOPQRSTUVWXYZ-_ | 0123456789abcdefghijklmnopqrstuvwxyzABCDEFGHIJKLMNOPQRSTUVWXYZ-_ | 0123456789abcdefghijklmnopqrstuvwxyzABCDEFGHIJKLMNOPQRSTUVWXYZ-_ | 0123456789abcdefghijklmnopqrstuvwxyzABCDEFGHIJKLMNOPQRSTUVWXYZ-_ | 0123456789abcdefghijklmnopqrstuvwxyzABCDEFGHIJKLMNOPQRSTUVWXYZ-_ | 0123456789abcdefghijklmnopqrstuvwxyzABCDEFGHIJKLMNOPQRSTUVWXYZ-_ | 0123456789abcdefghijklmnopqrstuvwxyzABCDEFGHIJKLMNOPQRSTUVWXYZ-_ | 0123456789abcdefghijklmnopqrstuvwxyzABCDEFGHIJKLMNOPQRSTUVWXYZ-_ | 0123456789abcdefghijklmnopqrstuvwxyzABCDEFGHIJKLMNOPQRSTUVWXYZ-_ | 0123456789abcdefghijklmnopqrstuvwxyzABCDEFGHIJKLMNOPQRSTUVWXYZ-_ | 0123456789abcdefghijklmnopqrstuvwxyzABCDEFGHIJKLMNOPQRSTUVWXYZ-_ | 0123456789abcdefghijklmnopqrstuvwxyzABCDEFGHIJKLMNOPQRSTUVWXYZ-_ | 0123456789abcdefghijklmnopqrstuvwxyzABCDEFGHIJKLMNOPQRSTUVWXYZ-_ | 0123456789abcdefghijklmnopqrstuvwxyzABCDEFGHIJKLMNOPQRSTUVWXYZ-_0123456789abcdefghijklmnopqrstuvwxyzABCDEFGHIJKLMNOPQRSTUVWXYZ-_ | 0123456789abcdefghijklmnopqrstuvwxyzABCDEFGHIJKLMNOPQRSTUVWXYZ-_,False,True,rx_missing
lot270_other_profiles_final_candidate2/20260929_193856_radio_ebyte_e79_cc1352p,lot270_other_profiles_final_candidate2/20260929_193856_radio_ebyte_e79_cc1352p/run_00241,run_00241,2026-09-29T16:58:44+00:00,RADIO_EBYTE_E79_CC1352P,Ebyte E79-400DM2005S (CC1352P AT modem),RADIO_EBYTE_E79_CC1352P + AT_COMMANDS; E79 modem firmware 0.3.0 required,tx,COM16,COM4,COM16,1,128,2,64,128,"{""rf_profile"": ""IEEE154G50"", ""tx_power_dbm"": 0}",ampere,3300,30.96,30.96,94208,0.8336842105263158,True,4531.155975351395,5911.1074388626785,26.41,30.96,7470.610369283031,17196.094625104724,,,7470.610369283031,17196.094625104724,231.29009703300264,92.49003136537117,763.2573202089087,305.2171035057248,per_frame_modeled_airtime_v1,"[[26.41, 41.89], [69.62, 85.1]]",,,,COM4,0123456789abcdefghijklmnopqrstuvwxyzABCDEFGHIJKLMNOPQRSTUVWXYZ-_ | 0123456789abcdefghijklmnopqrstuvwxyzABCDEFGHIJKLMNOPQRSTUVWXYZ-_,True,False,ok
lot270_other_profiles_final_candidate2/20260929_193856_radio_ebyte_e79_cc1352p,lot270_other_profiles_final_candidate2/20260929_193856_radio_ebyte_e79_cc1352p/run_00242,run_00242,2026-09-29T16:58:46+00:00,RADIO_EBYTE_E79_CC1352P,Ebyte E79-400DM2005S (CC1352P AT modem),RADIO_EBYTE_E79_CC1352P + AT_COMMANDS; E79 modem firmware 0.3.0 required,tx,COM16,COM4,COM16,2,128,2,64,128,"{""rf_profile"": ""IEEE154G50"", ""tx_power_dbm"": 0}",ampere,3300,30.96,30.96,94208,0.8336842105263158,True,4526.299257648033,5963.401156339136,27.82,30.96,7459.241199573723,17324.572228317953,,,7459.241199573723,17324.572228317953,230.93810753880248,91.6631493431967,762.0957548780482,302.4883928325491,per_frame_modeled_airtime_v1,"[[27.82, 43.3], [69.77, 85.25]]",,,,COM4,0123456789abcdefghijklmnopqrstuvwxyzABCDEFGHIJKLMNOPQRSTUVWXYZ-_ | 0123456789abcdefghijklmnopqrstuvwxyzABCDEFGHIJKLMNOPQRSTUVWXYZ-_,True,False,ok
lot270_other_profiles_final_candidate2/20260929_193856_radio_ebyte_e79_cc1352p,lot270_other_profiles_final_candidate2/20260929_193856_radio_ebyte_e79_cc1352p/run_00243,run_00243,2026-09-29T16:58:49+00:00,RADIO_EBYTE_E79_CC1352P,Ebyte E79-400DM2005S (CC1352P AT modem),RADIO_EBYTE_E79_CC1352P + AT_COMMANDS; E79 modem firmware 0.3.0 required,tx,COM16,COM4,COM16,3,128,2,64,128,"{""rf_profile"": ""IEEE154G50"", ""tx_power_dbm"": 0}",ampere,3300,30.96,30.96,94208,0.8336842105263158,True,4531.155975351395,5968.489569020163,27.01,30.96,7450.456517226991,16525.37412501521,,,7450.456517226991,16525.37412501521,230.66613377334767,91.27111304201968,761.1982414520472,301.1946730386649,per_frame_modeled_airtime_v1,"[[27.01, 42.49], [69.85, 85.33]]",,,,COM4,0123456789abcdefghijklmnopqrstuvwxyzABCDEFGHIJKLMNOPQRSTUVWXYZ-_ | 0123456789abcdefghijklmnopqrstuvwxyzABCDEFGHIJKLMNOPQRSTUVWXYZ-_,True,False,ok
lot270_other_profiles_final_candidate2/20260929_193856_radio_ebyte_e79_cc1352p,lot270_other_profiles_final_candidate2/20260929_193856_radio_ebyte_e79_cc1352p/run_00244,run_00244,2026-09-29T16:58:52+00:00,RADIO_EBYTE_E79_CC1352P,Ebyte E79-400DM2005S (CC1352P AT modem),RADIO_EBYTE_E79_CC1352P + AT_COMMANDS; E79 modem firmware 0.3.0 required,tx,COM16,COM4,COM16,4,128,2,64,128,"{""rf_profile"": ""IEEE154G50"", ""tx_power_dbm"": 0}",ampere,3300,30.96,30.96,94208,0.8336842105263158,True,4531.155975351395,5858.618706633142,28.88,30.96,7520.305049844902,17880.108254438568,,,7520.305049844902,17880.108254438568,232.82864434319816,93.61092455819004,768.3345263325539,308.9160510420271,per_frame_modeled_airtime_v1,"[[28.88, 44.36], [70.54, 86.02]]",,,,COM4,0123456789abcdefghijklmnopqrstuvwxyzABCDEFGHIJKLMNOPQRSTUVWXYZ-_ | 0123456789abcdefghijklmnopqrstuvwxyzABCDEFGHIJKLMNOPQRSTUVWXYZ-_,True,False,ok
lot270_other_profiles_final_candidate2/20260929_193856_radio_ebyte_e79_cc1352p,lot270_other_profiles_final_candidate2/20260929_193856_radio_ebyte_e79_cc1352p/run_00245,run_00245,2026-09-29T16:58:55+00:00,RADIO_EBYTE_E79_CC1352P,Ebyte E79-400DM2005S (CC1352P AT modem),RADIO_EBYTE_E79_CC1352P + AT_COMMANDS; E79 modem firmware 0.3.0 required,tx,COM16,COM4,COM16,5,128,2,64,128,"{""rf_profile"": ""IEEE154G50"", ""tx_power_dbm"": 0}",ampere,3300,30.96,30.96,94208,0.8336842105263158,True,4536.013474435363,5858.78669936951,26.82,30.96,7498.4051155302595,18012.575322578094,,,7498.4051155302595,18012.575322578094,232.15062237681684,92.76500390169193,766.0970538434956,306.1245128755833,per_frame_modeled_airtime_v1,"[[26.82, 42.3], [64.95, 80.43]]",,,,COM4,0123456789abcdefghijklmnopqrstuvwxyzABCDEFGHIJKLMNOPQRSTUVWXYZ-_ | 0123456789abcdefghijklmnopqrstuvwxyzABCDEFGHIJKLMNOPQRSTUVWXYZ-_,True,False,ok
lot270_other_profiles_final_candidate2/20260929_193856_radio_ebyte_e79_cc1352p,lot270_other_profiles_final_candidate2/20260929_193856_radio_ebyte_e79_cc1352p/run_00246,run_00246,2026-09-29T16:58:57+00:00,RADIO_EBYTE_E79_CC1352P,Ebyte E79-400DM2005S (CC1352P AT modem),RADIO_EBYTE_E79_CC1352P + AT_COMMANDS; E79 modem firmware 0.3.0 required,tx,COM16,COM4,COM16,1,512,8,64,512,"{""rf_profile"": ""IEEE154G50"", ""tx_power_dbm"": 0}",ampere,3300,123.84,123.84,94208,0.8336842105263158,True,4531.155975351395,5853.7160409060925,27.26,123.84,7448.1211869773815,17791.592527825473,,,7448.1211869773815,17791.592527825473,922.3753277952788,365.16437916126574,3043.8385817244202,1205.042451232177,per_frame_modeled_airtime_v1,"[[27.26, 42.74], [69.29, 84.77], [110.8, 126.28], [152.51, 167.99], [193.95, 209.43], [236.38, 251.86], [279.57, 295.05], [321.53, 337.01]]",,,,COM4,0123456789abcdefghijklmnopqrstuvwxyzABCDEFGHIJKLMNOPQRSTUVWXYZ-_ | 0123456789abcdefghijklmnopqrstuvwxyzABCDEFGHIJKLMNOPQRSTUVWXYZ-_ | 0123456789abcdefghijklmnopqrstuvwxyzABCDEFGHIJKLMNOPQRSTUVWXYZ-_ | 0123456789abcdefghijklmnopqrstuvwxyzABCDEFGHIJKLMNOPQRSTUVWXYZ-_ | 0123456789abcdefghijklmnopqrstuvwxyzABCDEFGHIJKLMNOPQRSTUVWXYZ-_ | 0123456789abcdefghijklmnopqrstuvwxyzABCDEFGHIJKLMNOPQRSTUVWXYZ-_ | 0123456789abcdefghijklmnopqrstuvwxyzABCDEFGHIJKLMNOPQRSTUVWXYZ-_ | 0123456789abcdefghijklmnopqrstuvwxyzABCDEFGHIJKLMNOPQRSTUVWXYZ-_,True,False,ok
lot270_other_profiles_final_candidate2/20260929_193856_radio_ebyte_e79_cc1352p,lot270_other_profiles_final_candidate2/20260929_193856_radio_ebyte_e79_cc1352p/run_00247,run_00247,2026-09-29T16:59:00+00:00,RADIO_EBYTE_E79_CC1352P,Ebyte E79-400DM2005S (CC1352P AT modem),RADIO_EBYTE_E79_CC1352P + AT_COMMANDS; E79 modem firmware 0.3.0 required,tx,COM16,COM4,COM16,2,512,8,64,512,"{""rf_profile"": ""IEEE154G50"", ""tx_power_dbm"": 0}",ampere,3300,123.84,123.84,94208,0.8336842105263158,True,4526.299257648033,5911.3665462658155,27.8,123.84,7444.790157397709,17422.64992513426,,,7444.790157397709,17422.64992513426,921.9628130921323,364.9431261378407,3042.477283204036,1204.3123162548743,per_frame_modeled_airtime_v1,"[[27.8, 43.28], [69.37, 84.85], [112.59, 128.07], [154.0, 169.48], [196.16, 211.64], [238.37, 253.85], [280.55, 296.03], [322.88, 338.36]]",,,,COM4,0123456789abcdefghijklmnopqrstuvwxyzABCDEFGHIJKLMNOPQRSTUVWXYZ-_ | 0123456789abcdefghijklmnopqrstuvwxyzABCDEFGHIJKLMNOPQRSTUVWXYZ-_ | 0123456789abcdefghijklmnopqrstuvwxyzABCDEFGHIJKLMNOPQRSTUVWXYZ-_ | 0123456789abcdefghijklmnopqrstuvwxyzABCDEFGHIJKLMNOPQRSTUVWXYZ-_ | 0123456789abcdefghijklmnopqrstuvwxyzABCDEFGHIJKLMNOPQRSTUVWXYZ-_ | 0123456789abcdefghijklmnopqrstuvwxyzABCDEFGHIJKLMNOPQRSTUVWXYZ-_ | 0123456789abcdefghijklmnopqrstuvwxyzABCDEFGHIJKLMNOPQRSTUVWXYZ-_ | 0123456789abcdefghijklmnopqrstuvwxyzABCDEFGHIJKLMNOPQRSTUVWXYZ-_,True,False,ok
lot270_other_profiles_final_candidate2/20260929_193856_radio_ebyte_e79_cc1352p,lot270_other_profiles_final_candidate2/20260929_193856_radio_ebyte_e79_cc1352p/run_00248,run_00248,2026-09-29T16:59:03+00:00,RADIO_EBYTE_E79_CC1352P,Ebyte E79-400DM2005S (CC1352P AT modem),RADIO_EBYTE_E79_CC1352P + AT_COMMANDS; E79 modem firmware 0.3.0 required,tx,COM16,COM4,COM16,3,512,8,64,512,"{""rf_profile"": ""IEEE154G50"", ""tx_power_dbm"": 0}",ampere,3300,123.84,123.84,94208,0.8336842105263158,True,4531.155975351395,5853.7160409060925,26.96,123.84,7469.447923757877,17452.447952960836,,,7469.447923757877,17452.447952960836,925.0164308781755,368.23002394302733,3052.554221897979,1215.1590790119901,per_frame_modeled_airtime_v1,"[[26.96, 42.44], [68.49, 83.97], [111.01, 126.49], [153.34, 168.82], [195.51, 210.99], [236.98, 252.46], [279.55, 295.03], [322.34, 337.82]]",,,,COM4,0123456789abcdefghijklmnopqrstuvwxyzABCDEFGHIJKLMNOPQRSTUVWXYZ-_ | 0123456789abcdefghijklmnopqrstuvwxyzABCDEFGHIJKLMNOPQRSTUVWXYZ-_ | 0123456789abcdefghijklmnopqrstuvwxyzABCDEFGHIJKLMNOPQRSTUVWXYZ-_ | 0123456789abcdefghijklmnopqrstuvwxyzABCDEFGHIJKLMNOPQRSTUVWXYZ-_ | 0123456789abcdefghijklmnopqrstuvwxyzABCDEFGHIJKLMNOPQRSTUVWXYZ-_ | 0123456789abcdefghijklmnopqrstuvwxyzABCDEFGHIJKLMNOPQRSTUVWXYZ-_ | 0123456789abcdefghijklmnopqrstuvwxyzABCDEFGHIJKLMNOPQRSTUVWXYZ-_ | 0123456789abcdefghijklmnopqrstuvwxyzABCDEFGHIJKLMNOPQRSTUVWXYZ-_,True,False,ok
lot270_other_profiles_final_candidate2/20260929_193856_radio_ebyte_e79_cc1352p,lot270_other_profiles_final_candidate2/20260929_193856_radio_ebyte_e79_cc1352p/run_00249,run_00249,2026-09-29T16:59:05+00:00,RADIO_EBYTE_E79_CC1352P,Ebyte E79-400DM2005S (CC1352P AT modem),RADIO_EBYTE_E79_CC1352P + AT_COMMANDS; E79 modem firmware 0.3.0 required,tx,COM16,COM4,COM16,4,512,8,64,512,"{""rf_profile"": ""IEEE154G50"", ""tx_power_dbm"": 0}",ampere,3300,123.84,123.84,94208,0.8336842105263158,True,4531.155975351395,5858.618706633142,27.22,123.84,7464.630307294142,17610.85744329551,,,7464.630307294142,17610.85744329551,924.4198172553065,367.6280567053925,3050.585396942511,1213.1725871277952,per_frame_modeled_airtime_v1,"[[27.22, 42.7], [68.79, 84.27], [110.78, 126.26], [152.44, 167.92], [194.13, 209.61], [237.26, 252.74], [278.1, 293.58], [320.51, 335.99]]",,,,COM4,0123456789abcdefghijklmnopqrstuvwxyzABCDEFGHIJKLMNOPQRSTUVWXYZ-_ | 0123456789abcdefghijklmnopqrstuvwxyzABCDEFGHIJKLMNOPQRSTUVWXYZ-_ | 0123456789abcdefghijklmnopqrstuvwxyzABCDEFGHIJKLMNOPQRSTUVWXYZ-_ | 0123456789abcdefghijklmnopqrstuvwxyzABCDEFGHIJKLMNOPQRSTUVWXYZ-_ | 0123456789abcdefghijklmnopqrstuvwxyzABCDEFGHIJKLMNOPQRSTUVWXYZ-_ | 0123456789abcdefghijklmnopqrstuvwxyzABCDEFGHIJKLMNOPQRSTUVWXYZ-_ | 0123456789abcdefghijklmnopqrstuvwxyzABCDEFGHIJKLMNOPQRSTUVWXYZ-_ | 0123456789abcdefghijklmnopqrstuvwxyzABCDEFGHIJKLMNOPQRSTUVWXYZ-_,True,False,ok
lot270_other_profiles_final_candidate2/20260929_193856_radio_ebyte_e79_cc1352p,lot270_other_profiles_final_candidate2/20260929_193856_radio_ebyte_e79_cc1352p/run_00250,run_00250,2026-09-29T16:59:08+00:00,RADIO_EBYTE_E79_CC1352P,Ebyte E79-400DM2005S (CC1352P AT modem),RADIO_EBYTE_E79_CC1352P + AT_COMMANDS; E79 modem firmware 0.3.0 required,tx,COM16,COM4,COM16,5,512,8,64,512,"{""rf_profile"": ""IEEE154G50"", ""tx_power_dbm"": 0}",ampere,3300,123.84,123.84,94208,0.8336842105263158,True,4526.299257648033,5906.028293980766,26.96,123.84,7488.512843619821,17322.765311088588,,,7488.512843619821,17322.765311088588,927.3774305538786,371.5642509204637,3060.345520827799,1226.16202803753,per_frame_modeled_airtime_v1,"[[26.96, 42.44], [69.19, 84.67], [111.42, 126.9], [153.48, 168.96], [195.61, 211.09], [237.15, 252.63], [279.59, 295.07], [321.4, 336.88]]",,,,COM4,0123456789abcdefghijklmnopqrstuvwxyzABCDEFGHIJKLMNOPQRSTUVWXYZ-_ | 0123456789abcdefghijklmnopqrstuvwxyzABCDEFGHIJKLMNOPQRSTUVWXYZ-_ | 0123456789abcdefghijklmnopqrstuvwxyzABCDEFGHIJKLMNOPQRSTUVWXYZ-_ | 0123456789abcdefghijklmnopqrstuvwxyzABCDEFGHIJKLMNOPQRSTUVWXYZ-_ | 0123456789abcdefghijklmnopqrstuvwxyzABCDEFGHIJKLMNOPQRSTUVWXYZ-_ | 0123456789abcdefghijklmnopqrstuvwxyzABCDEFGHIJKLMNOPQRSTUVWXYZ-_ | 0123456789abcdefghijklmnopqrstuvwxyzABCDEFGHIJKLMNOPQRSTUVWXYZ-_ | 0123456789abcdefghijklmnopqrstuvwxyzABCDEFGHIJKLMNOPQRSTUVWXYZ-_,True,False,ok
lot270_other_profiles_final_candidate2/20260929_193856_radio_ebyte_e79_cc1352p,lot270_other_profiles_final_candidate2/20260929_193856_radio_ebyte_e79_cc1352p/run_00251,run_00251,2026-09-29T16:59:11+00:00,RADIO_EBYTE_E79_CC1352P,Ebyte E79-400DM2005S (CC1352P AT modem),RADIO_EBYTE_E79_CC1352P + AT_COMMANDS; E79 modem firmware 0.3.0 required,tx,COM16,COM4,COM16,1,1024,16,64,1024,"{""rf_profile"": ""IEEE154G50"", ""tx_power_dbm"": 0}",ampere,3300,247.68,247.68,94208,0.8336842105263158,True,4531.155975351395,5968.489569020163,27.21,247.68,7452.739894262604,17501.597230484243,,,7452.739894262604,17501.597230484243,1845.8946170109618,731.9593799486095,6091.452236136174,2415.4659538304113,per_frame_modeled_airtime_v1,"[[27.21, 42.69], [69.29, 84.77], [107.9, 123.38], [149.47, 164.95], [192.23, 207.71], [235.09, 250.57], [277.57, 293.05], [319.41, 334.89], [360.99, 376.47], [402.77, 418.25], [444.25, 459.73], [486.17, 501.65], [528.43, 543.91], [567.23, 582.71], [608.76, 624.24], [651.58, 667.06]]",,,,COM4,0123456789abcdefghijklmnopqrstuvwxyzABCDEFGHIJKLMNOPQRSTUVWXYZ-_ | 0123456789abcdefghijklmnopqrstuvwxyzABCDEFGHIJKLMNOPQRSTUVWXYZ-_ | 0123456789abcdefghijklmnopqrstuvwxyzABCDEFGHIJKLMNOPQRSTUVWXYZ-_ | 0123456789abcdefghijklmnopqrstuvwxyzABCDEFGHIJKLMNOPQRSTUVWXYZ-_ | 0123456789abcdefghijklmnopqrstuvwxyzABCDEFGHIJKLMNOPQRSTUVWXYZ-_ | 0123456789abcdefghijklmnopqrstuvwxyzABCDEFGHIJKLMNOPQRSTUVWXYZ-_ | 0123456789abcdefghijklmnopqrstuvwxyzABCDEFGHIJKLMNOPQRSTUVWXYZ-_ | 0123456789abcdefghijklmnopqrstuvwxyzABCDEFGHIJKLMNOPQRSTUVWXYZ-_ | 0123456789abcdefghijklmnopqrstuvwxyzABCDEFGHIJKLMNOPQRSTUVWXYZ-_ | 0123456789abcdefghijklmnopqrstuvwxyzABCDEFGHIJKLMNOPQRSTUVWXYZ-_ | 0123456789abcdefghijklmnopqrstuvwxyzABCDEFGHIJKLMNOPQRSTUVWXYZ-_ | 0123456789abcdefghijklmnopqrstuvwxyzABCDEFGHIJKLMNOPQRSTUVWXYZ-_ | 0123456789abcdefghijklmnopqrstuvwxyzABCDEFGHIJKLMNOPQRSTUVWXYZ-_ | 0123456789abcdefghijklmnopqrstuvwxyzABCDEFGHIJKLMNOPQRSTUVWXYZ-_ | 0123456789abcdefghijklmnopqrstuvwxyzABCDEFGHIJKLMNOPQRSTUVWXYZ-_0123456789abcdefghijklmnopqrstuvwxyzABCDEFGHIJKLMNOPQRSTUVWXYZ-_,False,True,rx_missing
lot270_other_profiles_final_candidate2/20260929_193856_radio_ebyte_e79_cc1352p,lot270_other_profiles_final_candidate2/20260929_193856_radio_ebyte_e79_cc1352p/run_00252,run_00252,2026-09-29T16:59:14+00:00,RADIO_EBYTE_E79_CC1352P,Ebyte E79-400DM2005S (CC1352P AT modem),RADIO_EBYTE_E79_CC1352P + AT_COMMANDS; E79 modem firmware 0.3.0 required,tx,COM16,COM4,COM16,2,1024,16,64,1024,"{""rf_profile"": ""IEEE154G50"", ""tx_power_dbm"": 0}",ampere,3300,247.68,247.68,94208,0.8336842105263158,True,4531.155975351395,5916.445691147707,27.45,247.68,7483.04222527695,18843.14609929254,,,7483.04222527695,18843.14609929254,1853.399898356595,739.7947039329093,6116.2196645767635,2441.322522978601,per_frame_modeled_airtime_v1,"[[27.45, 42.93], [69.48, 84.96], [111.22, 126.7], [153.39, 168.87], [195.4, 210.88], [238.46, 253.94], [280.14, 295.62], [323.34, 338.82], [366.03, 381.51], [407.93, 423.41], [450.1, 465.58], [489.12, 504.6], [530.65, 546.13], [573.01, 588.49], [614.84, 630.32], [656.56, 672.04]]",,,,COM4,0123456789abcdefghijklmnopqrstuvwxyzABCDEFGHIJKLMNOPQRSTUVWXYZ-_ | 0123456789abcdefghijklmnopqrstuvwxyzABCDEFGHIJKLMNOPQRSTUVWXYZ-_ | 0123456789abcdefghijklmnopqrstuvwxyzABCDEFGHIJKLMNOPQRSTUVWXYZ-_ | 0123456789abcdefghijklmnopqrstuvwxyzABCDEFGHIJKLMNOPQRSTUVWXYZ-_ | 0123456789abcdefghijklmnopqrstuvwxyzABCDEFGHIJKLMNOPQRSTUVWXYZ-_ | 0123456789abcdefghijklmnopqrstuvwxyzABCDEFGHIJKLMNOPQRSTUVWXYZ-_ | 0123456789abcdefghijklmnopqrstuvwxyzABCDEFGHIJKLMNOPQRSTUVWXYZ-_ | 0123456789abcdefghijklmnopqrstuvwxyzABCDEFGHIJKLMNOPQRSTUVWXYZ-_ | 0123456789abcdefghijklmnopqrstuvwxyzABCDEFGHIJKLMNOPQRSTUVWXYZ-_ | 0123456789abcdefghijklmnopqrstuvwxyzABCDEFGHIJKLMNOPQRSTUVWXYZ-_ | 0123456789abcdefghijklmnopqrstuvwxyzABCDEFGHIJKLMNOPQRSTUVWXYZ-_ | 0123456789abcdefghijklmnopqrstuvwxyzABCDEFGHIJKLMNOPQRSTUVWXYZ-_ | 0123456789abcdefghijklmnopqrstuvwxyzABCDEFGHIJKLMNOPQRSTUVWXYZ-_ | 0123456789abcdefghijklmnopqrstuvwxyzABCDEFGHIJKLMNOPQRSTUVWXYZ-_ | 0123456789abcdefghijklmnopqrstuvwxyzABCDEFGHIJKLMNOPQRSTUVWXYZ-_ | 0123456789abcdefghijklmnopqrstuvwxyzABCDEFGHIJKLMNOPQRSTUVWXYZ-_,True,False,ok
lot270_other_profiles_final_candidate2/20260929_193856_radio_ebyte_e79_cc1352p,lot270_other_profiles_final_candidate2/20260929_193856_radio_ebyte_e79_cc1352p/run_00253,run_00253,2026-09-29T16:59:16+00:00,RADIO_EBYTE_E79_CC1352P,Ebyte E79-400DM2005S (CC1352P AT modem),RADIO_EBYTE_E79_CC1352P + AT_COMMANDS; E79 modem firmware 0.3.0 required,tx,COM16,COM4,COM16,3,1024,16,64,1024,"{""rf_profile"": ""IEEE154G50"", ""tx_power_dbm"": 0}",ampere,3300,247.68,247.68,94208,0.8336842105263158,True,4531.155975351395,5911.1074388626785,26.8,247.68,7476.975965074178,17945.281929347755,,,7476.975965074178,17945.281929347755,1851.8974070295724,737.9317268455223,6111.261443197589,2435.1746985902237,per_frame_modeled_airtime_v1,"[[26.8, 42.28], [68.76, 84.24], [110.97, 126.45], [153.08, 168.56], [195.71, 211.19], [237.23, 252.71], [279.5, 294.98], [321.38, 336.86], [363.15, 378.63], [405.08, 420.56], [447.78, 463.26], [490.28, 505.76], [533.23, 548.71], [575.78, 591.26], [618.26, 633.74], [660.64, 676.12]]",,,,COM4,0123456789abcdefghijklmnopqrstuvwxyzABCDEFGHIJKLMNOPQRSTUVWXYZ-_ | 0123456789abcdefghijklmnopqrstuvwxyzABCDEFGHIJKLMNOPQRSTUVWXYZ-_ | 0123456789abcdefghijklmnopqrstuvwxyzABCDEFGHIJKLMNOPQRSTUVWXYZ-_ | 0123456789abcdefghijklmnopqrstuvwxyzABCDEFGHIJKLMNOPQRSTUVWXYZ-_ | 0123456789abcdefghijklmnopqrstuvwxyzABCDEFGHIJKLMNOPQRSTUVWXYZ-_ | 0123456789abcdefghijklmnopqrstuvwxyzABCDEFGHIJKLMNOPQRSTUVWXYZ-_ | 0123456789abcdefghijklmnopqrstuvwxyzABCDEFGHIJKLMNOPQRSTUVWXYZ-_ | 0123456789abcdefghijklmnopqrstuvwxyzABCDEFGHIJKLMNOPQRSTUVWXYZ-_ | 0123456789abcdefghijklmnopqrstuvwxyzABCDEFGHIJKLMNOPQRSTUVWXYZ-_0123456789abcdefghijklmnopqrstuvwxyzABCDEFGHIJKLMNOPQRSTUVWXYZ-_ | 0123456789abcdefghijklmnopqrstuvwxyzABCDEFGHIJKLMNOPQRSTUVWXYZ-_ | 0123456789abcdefghijklmnopqrstuvwxyzABCDEFGHIJKLMNOPQRSTUVWXYZ-_ | 0123456789abcdefghijklmnopqrstuvwxyzABCDEFGHIJKLMNOPQRSTUVWXYZ-_ | 0123456789abcdefghijklmnopqrstuvwxyzABCDEFGHIJKLMNOPQRSTUVWXYZ-_ | 0123456789abcdefghijklmnopqrstuvwxyzABCDEFGHIJKLMNOPQRSTUVWXYZ-_0123456789abcdefghijklmnopqrstuvwxyzABCDEFGHIJKLMNOPQRSTUVWXYZ-_,False,True,rx_missing
lot270_other_profiles_final_candidate2/20260929_193856_radio_ebyte_e79_cc1352p,lot270_other_profiles_final_candidate2/20260929_193856_radio_ebyte_e79_cc1352p/run_00254,run_00254,2026-09-29T16:59:19+00:00,RADIO_EBYTE_E79_CC1352P,Ebyte E79-400DM2005S (CC1352P AT modem),RADIO_EBYTE_E79_CC1352P + AT_COMMANDS; E79 modem firmware 0.3.0 required,tx,COM16,COM4,COM16,4,1024,16,64,1024,"{""rf_profile"": ""IEEE154G50"", ""tx_power_dbm"": 0}",ampere,3300,247.68,247.68,94208,0.8336842105263158,True,4536.013474435363,5863.6893650965485,27.5,247.68,7489.879548550463,17352.064071648423,,,7489.879548550463,17352.064071648423,1855.0933665849786,740.6219120869512,6121.808109730429,2444.052309886939,per_frame_modeled_airtime_v1,"[[27.5, 42.98], [69.06, 84.54], [111.28, 126.76], [153.6, 169.08], [196.58, 212.06], [239.15, 254.63], [280.69, 296.17], [323.63, 339.11], [366.61, 382.09], [407.65, 423.13], [449.78, 465.26], [492.76, 508.24], [534.76, 550.24], [577.26, 592.74], [619.65, 635.13], [661.17, 676.65]]",,,,COM4,0123456789abcdefghijklmnopqrstuvwxyzABCDEFGHIJKLMNOPQRSTUVWXYZ-_ | 0123456789abcdefghijklmnopqrstuvwxyzABCDEFGHIJKLMNOPQRSTUVWXYZ-_ | 0123456789abcdefghijklmnopqrstuvwxyzABCDEFGHIJKLMNOPQRSTUVWXYZ-_ | 0123456789abcdefghijklmnopqrstuvwxyzABCDEFGHIJKLMNOPQRSTUVWXYZ-_ | 0123456789abcdefghijklmnopqrstuvwxyzABCDEFGHIJKLMNOPQRSTUVWXYZ-_ | 0123456789abcdefghijklmnopqrstuvwxyzABCDEFGHIJKLMNOPQRSTUVWXYZ-_ | 0123456789abcdefghijklmnopqrstuvwxyzABCDEFGHIJKLMNOPQRSTUVWXYZ-_ | 0123456789abcdefghijklmnopqrstuvwxyzABCDEFGHIJKLMNOPQRSTUVWXYZ-_ | 0123456789abcdefghijklmnopqrstuvwxyzABCDEFGHIJKLMNOPQRSTUVWXYZ-_ | 0123456789abcdefghijklmnopqrstuvwxyzABCDEFGHIJKLMNOPQRSTUVWXYZ-_ | 0123456789abcdefghijklmnopqrstuvwxyzABCDEFGHIJKLMNOPQRSTUVWXYZ-_ | 0123456789abcdefghijklmnopqrstuvwxyzABCDEFGHIJKLMNOPQRSTUVWXYZ-_ | 0123456789abcdefghijklmnopqrstuvwxyzABCDEFGHIJKLMNOPQRSTUVWXYZ-_ | 0123456789abcdefghijklmnopqrstuvwxyzABCDEFGHIJKLMNOPQRSTUVWXYZ-_ | 0123456789abcdefghijklmnopqrstuvwxyzABCDEFGHIJKLMNOPQRSTUVWXYZ-_ | 0123456789abcdefghijklmnopqrstuvwxyzABCDEFGHIJKLMNOPQRSTUVWXYZ-_,True,False,ok
lot270_other_profiles_final_candidate2/20260929_193856_radio_ebyte_e79_cc1352p,lot270_other_profiles_final_candidate2/20260929_193856_radio_ebyte_e79_cc1352p/run_00255,run_00255,2026-09-29T16:59:22+00:00,RADIO_EBYTE_E79_CC1352P,Ebyte E79-400DM2005S (CC1352P AT modem),RADIO_EBYTE_E79_CC1352P + AT_COMMANDS; E79 modem firmware 0.3.0 required,tx,COM16,COM4,COM16,5,1024,16,64,1024,"{""rf_profile"": ""IEEE154G50"", ""tx_power_dbm"": 0}",ampere,3300,247.68,247.68,94208,0.8336842105263158,True,4536.013474435363,5863.6893650965485,26.97,247.68,7480.476042270635,17819.921260009698,,,7480.476042270635,17819.921260009698,1852.764306149591,737.7056367943478,6114.12221029365,2434.4286014213476,per_frame_modeled_airtime_v1,"[[26.97, 42.45], [68.85, 84.33], [111.63, 127.11], [153.63, 169.11], [195.77, 211.25], [238.54, 254.02], [281.01, 296.49], [322.69, 338.17], [365.53, 381.01], [407.52, 423.0], [451.06, 466.54], [493.99, 509.47], [536.26, 551.74], [577.81, 593.29], [620.91, 636.39], [663.29, 678.77]]",,,,COM4,0123456789abcdefghijklmnopqrstuvwxyzABCDEFGHIJKLMNOPQRSTUVWXYZ-_ | 0123456789abcdefghijklmnopqrstuvwxyzABCDEFGHIJKLMNOPQRSTUVWXYZ-_ | 0123456789abcdefghijklmnopqrstuvwxyzABCDEFGHIJKLMNOPQRSTUVWXYZ-_ | 0123456789abcdefghijklmnopqrstuvwxyzABCDEFGHIJKLMNOPQRSTUVWXYZ-_ | 0123456789abcdefghijklmnopqrstuvwxyzABCDEFGHIJKLMNOPQRSTUVWXYZ-_ | 0123456789abcdefghijklmnopqrstuvwxyzABCDEFGHIJKLMNOPQRSTUVWXYZ-_ | 0123456789abcdefghijklmnopqrstuvwxyzABCDEFGHIJKLMNOPQRSTUVWXYZ-_ | 0123456789abcdefghijklmnopqrstuvwxyzABCDEFGHIJKLMNOPQRSTUVWXYZ-_ | 0123456789abcdefghijklmnopqrstuvwxyzABCDEFGHIJKLMNOPQRSTUVWXYZ-_ | 0123456789abcdefghijklmnopqrstuvwxyzABCDEFGHIJKLMNOPQRSTUVWXYZ-_ | 0123456789abcdefghijklmnopqrstuvwxyzABCDEFGHIJKLMNOPQRSTUVWXYZ-_ | 0123456789abcdefghijklmnopqrstuvwxyzABCDEFGHIJKLMNOPQRSTUVWXYZ-_ | 0123456789abcdefghijklmnopqrstuvwxyzABCDEFGHIJKLMNOPQRSTUVWXYZ-_ | 0123456789abcdefghijklmnopqrstuvwxyzABCDEFGHIJKLMNOPQRSTUVWXYZ-_ | 0123456789abcdefghijklmnopqrstuvwxyzABCDEFGHIJKLMNOPQRSTUVWXYZ-_ | 0123456789abcdefghijklmnopqrstuvwxyzABCDEFGHIJKLMNOPQRSTUVWXYZ-_,True,False,ok
lot270_other_profiles_final_candidate2/20260929_193856_radio_ebyte_e79_cc1352p,lot270_other_profiles_final_candidate2/20260929_193856_radio_ebyte_e79_cc1352p/run_00256,run_00256,2026-09-29T16:59:26+00:00,RADIO_EBYTE_E79_CC1352P,Ebyte E79-400DM2005S (CC1352P AT modem),RADIO_EBYTE_E79_CC1352P + AT_COMMANDS; E79 modem firmware 0.3.0 required,tx,COM16,COM4,COM16,1,128,2,64,128,"{""rf_profile"": ""IEEE154G50"", ""tx_power_dbm"": 13}",ampere,3300,30.96,30.96,94208,0.8336842105263158,True,4536.013474435363,5863.6893650965485,26.86,30.96,9220.40206925602,16944.304889047256,,,9220.40206925602,16944.304889047256,285.46364806416636,145.86143200924343,942.030038611749,481.3427256305033,per_frame_modeled_airtime_v1,"[[26.86, 42.34], [68.85, 84.33]]",,,,COM4,0123456789abcdefghijklmnopqrstuvwxyzABCDEFGHIJKLMNOPQRSTUVWXYZ-_ | 0123456789abcdefghijklmnopqrstuvwxyzABCDEFGHIJKLMNOPQRSTUVWXYZ-_,True,False,ok
lot270_other_profiles_final_candidate2/20260929_193856_radio_ebyte_e79_cc1352p,lot270_other_profiles_final_candidate2/20260929_193856_radio_ebyte_e79_cc1352p/run_00257,run_00257,2026-09-29T16:59:28+00:00,RADIO_EBYTE_E79_CC1352P,Ebyte E79-400DM2005S (CC1352P AT modem),RADIO_EBYTE_E79_CC1352P + AT_COMMANDS; E79 modem firmware 0.3.0 required,tx,COM16,COM4,COM16,2,128,2,64,128,"{""rf_profile"": ""IEEE154G50"", ""tx_power_dbm"": 13}",ampere,3300,30.96,30.96,94208,0.8336842105263158,True,4536.013474435363,5921.525617410227,26.88,30.96,9223.105392032685,17140.247789998746,,,9223.105392032685,17140.247789998746,285.54734293733196,145.99725381753004,942.3062316931954,481.7909375978491,per_frame_modeled_airtime_v1,"[[26.88, 42.36], [69.73, 85.21]]",,,,COM4,0123456789abcdefghijklmnopqrstuvwxyzABCDEFGHIJKLMNOPQRSTUVWXYZ-_ | 0123456789abcdefghijklmnopqrstuvwxyzABCDEFGHIJKLMNOPQRSTUVWXYZ-_,True,False,ok
lot270_other_profiles_final_candidate2/20260929_193856_radio_ebyte_e79_cc1352p,lot270_other_profiles_final_candidate2/20260929_193856_radio_ebyte_e79_cc1352p/run_00258,run_00258,2026-09-29T16:59:31+00:00,RADIO_EBYTE_E79_CC1352P,Ebyte E79-400DM2005S (CC1352P AT modem),RADIO_EBYTE_E79_CC1352P + AT_COMMANDS; E79 modem firmware 0.3.0 required,tx,COM16,COM4,COM16,3,128,2,64,128,"{""rf_profile"": ""IEEE154G50"", ""tx_power_dbm"": 13}",ampere,3300,30.96,30.96,95232,0.0,True,4536.013474435363,5863.6893650965485,27.7,30.96,9165.508494992553,16613.729672141682,,,9165.508494992553,16613.729672141682,283.76414300496947,144.2149534799463,936.4216719163992,475.9093464838228,per_frame_modeled_airtime_v1,"[[27.7, 43.18], [71.86, 87.34]]",,,,COM4,0123456789abcdefghijklmnopqrstuvwxyzABCDEFGHIJKLMNOPQRSTUVWXYZ-_ | 0123456789abcdefghijklmnopqrstuvwxyzABCDEFGHIJKLMNOPQRSTUVWXYZ-_,True,False,ok
lot270_other_profiles_final_candidate2/20260929_193856_radio_ebyte_e79_cc1352p,lot270_other_profiles_final_candidate2/20260929_193856_radio_ebyte_e79_cc1352p/run_00259,run_00259,2026-09-29T16:59:34+00:00,RADIO_EBYTE_E79_CC1352P,Ebyte E79-400DM2005S (CC1352P AT modem),RADIO_EBYTE_E79_CC1352P + AT_COMMANDS; E79 modem firmware 0.3.0 required,tx,COM16,COM4,COM16,4,128,2,64,128,"{""rf_profile"": ""IEEE154G50"", ""tx_power_dbm"": 13}",ampere,3300,30.96,30.96,94208,0.8336842105263158,True,4536.013474435363,5916.187365125187,27.16,30.96,9239.451678389492,17489.142209609618,,,9239.451678389492,17489.142209609618,286.05342396293867,146.76382245303589,943.9762990776976,484.3206140950184,per_frame_modeled_airtime_v1,"[[27.16, 42.64], [69.92, 85.4]]",,,,COM4,0123456789abcdefghijklmnopqrstuvwxyzABCDEFGHIJKLMNOPQRSTUVWXYZ-_ | 0123456789abcdefghijklmnopqrstuvwxyzABCDEFGHIJKLMNOPQRSTUVWXYZ-_,True,False,ok
lot270_other_profiles_final_candidate2/20260929_193856_radio_ebyte_e79_cc1352p,lot270_other_profiles_final_candidate2/20260929_193856_radio_ebyte_e79_cc1352p/run_00260,run_00260,2026-09-29T16:59:37+00:00,RADIO_EBYTE_E79_CC1352P,Ebyte E79-400DM2005S (CC1352P AT modem),RADIO_EBYTE_E79_CC1352P + AT_COMMANDS; E79 modem firmware 0.3.0 required,tx,COM16,COM4,COM16,5,128,2,64,128,"{""rf_profile"": ""IEEE154G50"", ""tx_power_dbm"": 13}",ampere,3300,30.96,30.96,94208,0.8336842105263158,True,4545.730816745121,5926.349561792038,27.51,30.96,9222.269581770557,16752.550630601854,,,9222.269581770557,16752.550630601854,285.52146625161646,145.66168276753723,942.2208386303342,480.6835531328728,per_frame_modeled_airtime_v1,"[[27.51, 42.99], [69.46, 84.94]]",,,,COM4,0123456789abcdefghijklmnopqrstuvwxyzABCDEFGHIJKLMNOPQRSTUVWXYZ-_ | 0123456789abcdefghijklmnopqrstuvwxyzABCDEFGHIJKLMNOPQRSTUVWXYZ-_,True,False,ok
lot270_other_profiles_final_candidate2/20260929_193856_radio_ebyte_e79_cc1352p,lot270_other_profiles_final_candidate2/20260929_193856_radio_ebyte_e79_cc1352p/run_00261,run_00261,2026-09-29T16:59:39+00:00,RADIO_EBYTE_E79_CC1352P,Ebyte E79-400DM2005S (CC1352P AT modem),RADIO_EBYTE_E79_CC1352P + AT_COMMANDS; E79 modem firmware 0.3.0 required,tx,COM16,COM4,COM16,1,512,8,64,512,"{""rf_profile"": ""IEEE154G50"", ""tx_power_dbm"": 13}",ampere,3300,123.84,123.84,94208,0.8336842105263158,True,4533.584724893379,5942.343100972226,27.28,123.84,9220.536402604821,17688.486139415792,,,9220.536402604821,17688.486139415792,1141.8712280985812,583.8801665514189,3768.175052725318,1926.8045496196823,per_frame_modeled_airtime_v1,"[[27.28, 42.76], [70.2, 85.68], [111.73, 127.21], [153.71, 169.19], [195.57, 211.05], [237.81, 253.29], [280.5, 295.98], [321.92, 337.4]]",,,,COM4,0123456789abcdefghijklmnopqrstuvwxyzABCDEFGHIJKLMNOPQRSTUVWXYZ-_ | 0123456789abcdefghijklmnopqrstuvwxyzABCDEFGHIJKLMNOPQRSTUVWXYZ-_ | 0123456789abcdefghijklmnopqrstuvwxyzABCDEFGHIJKLMNOPQRSTUVWXYZ-_ | 0123456789abcdefghijklmnopqrstuvwxyzABCDEFGHIJKLMNOPQRSTUVWXYZ-_ | 0123456789abcdefghijklmnopqrstuvwxyzABCDEFGHIJKLMNOPQRSTUVWXYZ-_ | 0123456789abcdefghijklmnopqrstuvwxyzABCDEFGHIJKLMNOPQRSTUVWXYZ-_ | 0123456789abcdefghijklmnopqrstuvwxyzABCDEFGHIJKLMNOPQRSTUVWXYZ-_ | 0123456789abcdefghijklmnopqrstuvwxyzABCDEFGHIJKLMNOPQRSTUVWXYZ-_,True,False,ok
lot270_other_profiles_final_candidate2/20260929_193856_radio_ebyte_e79_cc1352p,lot270_other_profiles_final_candidate2/20260929_193856_radio_ebyte_e79_cc1352p/run_00262,run_00262,2026-09-29T16:59:42+00:00,RADIO_EBYTE_E79_CC1352P,Ebyte E79-400DM2005S (CC1352P AT modem),RADIO_EBYTE_E79_CC1352P + AT_COMMANDS; E79 modem firmware 0.3.0 required,tx,COM16,COM4,COM16,2,512,8,64,512,"{""rf_profile"": ""IEEE154G50"", ""tx_power_dbm"": 13}",ampere,3300,123.84,123.84,94208,0.8336842105263158,True,4540.8717548999375,5926.606325053332,28.41,123.84,9237.753098021129,17381.25813716057,,,9237.753098021129,17381.25813716057,1144.0033436589367,585.938804755336,3775.211034074491,1933.5980556926088,per_frame_modeled_airtime_v1,"[[28.41, 43.89], [69.89, 85.37], [111.7, 127.18], [153.56, 169.04], [195.31, 210.79], [237.3, 252.78], [279.27, 294.75], [320.82, 336.3]]",,,,COM4,0123456789abcdefghijklmnopqrstuvwxyzABCDEFGHIJKLMNOPQRSTUVWXYZ-_ | 0123456789abcdefghijklmnopqrstuvwxyzABCDEFGHIJKLMNOPQRSTUVWXYZ-_ | 0123456789abcdefghijklmnopqrstuvwxyzABCDEFGHIJKLMNOPQRSTUVWXYZ-_ | 0123456789abcdefghijklmnopqrstuvwxyzABCDEFGHIJKLMNOPQRSTUVWXYZ-_ | 0123456789abcdefghijklmnopqrstuvwxyzABCDEFGHIJKLMNOPQRSTUVWXYZ-_ | 0123456789abcdefghijklmnopqrstuvwxyzABCDEFGHIJKLMNOPQRSTUVWXYZ-_ | 0123456789abcdefghijklmnopqrstuvwxyzABCDEFGHIJKLMNOPQRSTUVWXYZ-_ | 0123456789abcdefghijklmnopqrstuvwxyzABCDEFGHIJKLMNOPQRSTUVWXYZ-_,True,False,ok
lot270_other_profiles_final_candidate2/20260929_193856_radio_ebyte_e79_cc1352p,lot270_other_profiles_final_candidate2/20260929_193856_radio_ebyte_e79_cc1352p/run_00263,run_00263,2026-09-29T16:59:45+00:00,RADIO_EBYTE_E79_CC1352P,Ebyte E79-400DM2005S (CC1352P AT modem),RADIO_EBYTE_E79_CC1352P + AT_COMMANDS; E79 modem firmware 0.3.0 required,tx,COM16,COM4,COM16,3,512,8,64,512,"{""rf_profile"": ""IEEE154G50"", ""tx_power_dbm"": 13}",ampere,3300,123.84,123.84,95232,0.0,True,4536.013474435363,5973.578763081774,27.56,123.84,9265.896335000625,17785.254074395405,,,9265.896335000625,17785.254074395405,1147.4886021264774,589.9530405720892,3786.7123870173755,1946.8450338878943,per_frame_modeled_airtime_v1,"[[27.56, 43.04], [68.44, 83.92], [110.85, 126.33], [153.62, 169.1], [195.69, 211.17], [236.74, 252.22], [278.9, 294.38], [321.66, 337.14]]",,,,COM4,0123456789abcdefghijklmnopqrstuvwxyzABCDEFGHIJKLMNOPQRSTUVWXYZ-_ | 0123456789abcdefghijklmnopqrstuvwxyzABCDEFGHIJKLMNOPQRSTUVWXYZ-_ | 0123456789abcdefghijklmnopqrstuvwxyzABCDEFGHIJKLMNOPQRSTUVWXYZ-_ | 0123456789abcdefghijklmnopqrstuvwxyzABCDEFGHIJKLMNOPQRSTUVWXYZ-_ | 0123456789abcdefghijklmnopqrstuvwxyzABCDEFGHIJKLMNOPQRSTUVWXYZ-_ | 0123456789abcdefghijklmnopqrstuvwxyzABCDEFGHIJKLMNOPQRSTUVWXYZ-_ | 0123456789abcdefghijklmnopqrstuvwxyzABCDEFGHIJKLMNOPQRSTUVWXYZ-_ | 0123456789abcdefghijklmnopqrstuvwxyzABCDEFGHIJKLMNOPQRSTUVWXYZ-_,True,False,ok
lot270_other_profiles_final_candidate2/20260929_193856_radio_ebyte_e79_cc1352p,lot270_other_profiles_final_candidate2/20260929_193856_radio_ebyte_e79_cc1352p/run_00264,run_00264,2026-09-29T16:59:47+00:00,RADIO_EBYTE_E79_CC1352P,Ebyte E79-400DM2005S (CC1352P AT modem),RADIO_EBYTE_E79_CC1352P + AT_COMMANDS; E79 modem firmware 0.3.0 required,tx,COM16,COM4,COM16,4,512,8,64,512,"{""rf_profile"": ""IEEE154G50"", ""tx_power_dbm"": 13}",ampere,3300,123.84,123.84,94208,0.8336842105263158,True,4540.8717548999375,5868.760804940573,27.04,123.84,9252.639906617702,17569.962578532497,,,9252.639906617702,17569.962578532497,1145.8469260355362,587.5657248108897,3781.294855917269,1938.966891875936,per_frame_modeled_airtime_v1,"[[27.04, 42.52], [68.99, 84.47], [111.44, 126.92], [153.58, 169.06], [195.85, 211.33], [238.14, 253.62], [279.91, 295.39], [321.97, 337.45]]",,,,COM4,0123456789abcdefghijklmnopqrstuvwxyzABCDEFGHIJKLMNOPQRSTUVWXYZ-_ | 0123456789abcdefghijklmnopqrstuvwxyzABCDEFGHIJKLMNOPQRSTUVWXYZ-_ | 0123456789abcdefghijklmnopqrstuvwxyzABCDEFGHIJKLMNOPQRSTUVWXYZ-_ | 0123456789abcdefghijklmnopqrstuvwxyzABCDEFGHIJKLMNOPQRSTUVWXYZ-_ | 0123456789abcdefghijklmnopqrstuvwxyzABCDEFGHIJKLMNOPQRSTUVWXYZ-_ | 0123456789abcdefghijklmnopqrstuvwxyzABCDEFGHIJKLMNOPQRSTUVWXYZ-_ | 0123456789abcdefghijklmnopqrstuvwxyzABCDEFGHIJKLMNOPQRSTUVWXYZ-_ | 0123456789abcdefghijklmnopqrstuvwxyzABCDEFGHIJKLMNOPQRSTUVWXYZ-_,True,False,ok
lot270_other_profiles_final_candidate2/20260929_193856_radio_ebyte_e79_cc1352p,lot270_other_profiles_final_candidate2/20260929_193856_radio_ebyte_e79_cc1352p/run_00265,run_00265,2026-09-29T16:59:50+00:00,RADIO_EBYTE_E79_CC1352P,Ebyte E79-400DM2005S (CC1352P AT modem),RADIO_EBYTE_E79_CC1352P + AT_COMMANDS; E79 modem firmware 0.3.0 required,tx,COM16,COM4,COM16,5,512,8,64,512,"{""rf_profile"": ""IEEE154G50"", ""tx_power_dbm"": 13}",ampere,3300,123.84,123.84,94208,0.8336842105263158,True,4540.8717548999375,5921.268072768314,27.04,123.84,9246.222131849936,17745.412393108352,,,9246.222131849936,17745.412393108352,1145.0521488082961,586.9404932604123,3778.672091067377,1936.9036277593605,per_frame_modeled_airtime_v1,"[[27.04, 42.52], [69.23, 84.71], [111.1, 126.58], [153.03, 168.51], [195.85, 211.33], [238.39, 253.87], [279.93, 295.41], [322.24, 337.72]]",,,,COM4,0123456789abcdefghijklmnopqrstuvwxyzABCDEFGHIJKLMNOPQRSTUVWXYZ-_ | 0123456789abcdefghijklmnopqrstuvwxyzABCDEFGHIJKLMNOPQRSTUVWXYZ-_ | 0123456789abcdefghijklmnopqrstuvwxyzABCDEFGHIJKLMNOPQRSTUVWXYZ-_ | 0123456789abcdefghijklmnopqrstuvwxyzABCDEFGHIJKLMNOPQRSTUVWXYZ-_ | 0123456789abcdefghijklmnopqrstuvwxyzABCDEFGHIJKLMNOPQRSTUVWXYZ-_ | 0123456789abcdefghijklmnopqrstuvwxyzABCDEFGHIJKLMNOPQRSTUVWXYZ-_ | 0123456789abcdefghijklmnopqrstuvwxyzABCDEFGHIJKLMNOPQRSTUVWXYZ-_ | 0123456789abcdefghijklmnopqrstuvwxyzABCDEFGHIJKLMNOPQRSTUVWXYZ-_,True,False,ok
lot270_other_profiles_final_candidate2/20260929_193856_radio_ebyte_e79_cc1352p,lot270_other_profiles_final_candidate2/20260929_193856_radio_ebyte_e79_cc1352p/run_00266,run_00266,2026-09-29T16:59:53+00:00,RADIO_EBYTE_E79_CC1352P,Ebyte E79-400DM2005S (CC1352P AT modem),RADIO_EBYTE_E79_CC1352P + AT_COMMANDS; E79 modem firmware 0.3.0 required,tx,COM16,COM4,COM16,1,1024,16,64,1024,"{""rf_profile"": ""IEEE154G50"", ""tx_power_dbm"": 13}",ampere,3300,247.68,247.68,94208,0.8336842105263158,True,4540.8717548999375,5978.668738523991,27.8,247.68,9230.377930292307,17656.48837198866,,,9230.377930292307,17656.48837198866,2286.1800057747982,1169.9450647408225,7544.394019056834,3860.818713644714,per_frame_modeled_airtime_v1,"[[27.8, 43.28], [69.23, 84.71], [111.47, 126.95], [155.57, 171.05], [197.39, 212.87], [240.33, 255.81], [284.26, 299.74], [325.87, 341.35], [368.36, 383.84], [410.76, 426.24], [454.63, 470.11], [492.52, 508.0], [534.99, 550.47], [576.84, 592.32], [618.47, 633.95], [660.92, 676.4]]",,,,COM4,0123456789abcdefghijklmnopqrstuvwxyzABCDEFGHIJKLMNOPQRSTUVWXYZ-_ | 0123456789abcdefghijklmnopqrstuvwxyzABCDEFGHIJKLMNOPQRSTUVWXYZ-_ | 0123456789abcdefghijklmnopqrstuvwxyzABCDEFGHIJKLMNOPQRSTUVWXYZ-_ | 0123456789abcdefghijklmnopqrstuvwxyzABCDEFGHIJKLMNOPQRSTUVWXYZ-_ | 0123456789abcdefghijklmnopqrstuvwxyzABCDEFGHIJKLMNOPQRSTUVWXYZ-_0123456789abcdefghijklmnopqrstuvwxyzABCDEFGHIJKLMNOPQRSTUVWXYZ-_ | 0123456789abcdefghijklmnopqrstuvwxyzABCDEFGHIJKLMNOPQRSTUVWXYZ-_ | 0123456789abcdefghijklmnopqrstuvwxyzABCDEFGHIJKLMNOPQRSTUVWXYZ-_ | 0123456789abcdefghijklmnopqrstuvwxyzABCDEFGHIJKLMNOPQRSTUVWXYZ-_ | 0123456789abcdefghijklmnopqrstuvwxyzABCDEFGHIJKLMNOPQRSTUVWXYZ-_ | 0123456789abcdefghijklmnopqrstuvwxyzABCDEFGHIJKLMNOPQRSTUVWXYZ-_ | 0123456789abcdefghijklmnopqrstuvwxyzABCDEFGHIJKLMNOPQRSTUVWXYZ-_ | 0123456789abcdefghijklmnopqrstuvwxyzABCDEFGHIJKLMNOPQRSTUVWXYZ-_ | 0123456789abcdefghijklmnopqrstuvwxyzABCDEFGHIJKLMNOPQRSTUVWXYZ-_ | 0123456789abcdefghijklmnopqrstuvwxyzABCDEFGHIJKLMNOPQRSTUVWXYZ-_ | 0123456789abcdefghijklmnopqrstuvwxyzABCDEFGHIJKLMNOPQRSTUVWXYZ-_,False,True,rx_missing
lot270_other_profiles_final_candidate2/20260929_193856_radio_ebyte_e79_cc1352p,lot270_other_profiles_final_candidate2/20260929_193856_radio_ebyte_e79_cc1352p/run_00267,run_00267,2026-09-29T16:59:56+00:00,RADIO_EBYTE_E79_CC1352P,Ebyte E79-400DM2005S (CC1352P AT modem),RADIO_EBYTE_E79_CC1352P + AT_COMMANDS; E79 modem firmware 0.3.0 required,tx,COM16,COM4,COM16,2,1024,16,64,1024,"{""rf_profile"": ""IEEE154G50"", ""tx_power_dbm"": 13}",ampere,3300,247.68,247.68,94208,0.8336842105263158,True,4531.155975351395,5916.445691147707,26.82,247.68,9215.002829901678,18013.370876216904,,,9215.002829901678,18013.370876216904,2282.3719009100473,1168.0144861702158,7531.827273003156,3854.447804361712,per_frame_modeled_airtime_v1,"[[26.82, 42.3], [68.92, 84.4], [110.9, 126.38], [152.29, 167.77], [194.04, 209.52], [236.21, 251.69], [278.26, 293.74], [320.37, 335.85], [362.97, 378.45], [406.43, 421.91], [448.93, 464.41], [490.24, 505.72], [532.43, 547.91], [575.6, 591.08], [616.72, 632.2], [658.92, 674.4]]",,,,COM4,0123456789abcdefghijklmnopqrstuvwxyzABCDEFGHIJKLMNOPQRSTUVWXYZ-_ | 0123456789abcdefghijklmnopqrstuvwxyzABCDEFGHIJKLMNOPQRSTUVWXYZ-_ | 0123456789abcdefghijklmnopqrstuvwxyzABCDEFGHIJKLMNOPQRSTUVWXYZ-_ | 0123456789abcdefghijklmnopqrstuvwxyzABCDEFGHIJKLMNOPQRSTUVWXYZ-_ | 0123456789abcdefghijklmnopqrstuvwxyzABCDEFGHIJKLMNOPQRSTUVWXYZ-_ | 0123456789abcdefghijklmnopqrstuvwxyzABCDEFGHIJKLMNOPQRSTUVWXYZ-_ | 0123456789abcdefghijklmnopqrstuvwxyzABCDEFGHIJKLMNOPQRSTUVWXYZ-_ | 0123456789abcdefghijklmnopqrstuvwxyzABCDEFGHIJKLMNOPQRSTUVWXYZ-_ | 0123456789abcdefghijklmnopqrstuvwxyzABCDEFGHIJKLMNOPQRSTUVWXYZ-_ | 0123456789abcdefghijklmnopqrstuvwxyzABCDEFGHIJKLMNOPQRSTUVWXYZ-_ | 0123456789abcdefghijklmnopqrstuvwxyzABCDEFGHIJKLMNOPQRSTUVWXYZ-_ | �0123456789abcdefghijklmnopqrstuvwxyzABCDEFGHIJKLMNOPQRSTUVWXYZ-_ | 0123456789abcdefghijklmnopqrstuvwxyzABCDEFGHIJKLMNOPQRSTUVWXYZ-_ | 0123456789abcdefghijklmnopqrstuvwxyzABCDEFGHIJKLMNOPQRSTUVWXYZ-_ | 0123456789abcdefghijklmnopqrstuvwxyzABCDEFGHIJKLMNOPQRSTUVWXYZ-_ | 0123456789abcdefghijklmnopqrstuvwxyzABCDEFGHIJKLMNOPQRSTUVWXYZ-_,True,False,ok
lot270_other_profiles_final_candidate2/20260929_193856_radio_ebyte_e79_cc1352p,lot270_other_profiles_final_candidate2/20260929_193856_radio_ebyte_e79_cc1352p/run_00268,run_00268,2026-09-29T16:59:58+00:00,RADIO_EBYTE_E79_CC1352P,Ebyte E79-400DM2005S (CC1352P AT modem),RADIO_EBYTE_E79_CC1352P + AT_COMMANDS; E79 modem firmware 0.3.0 required,tx,COM16,COM4,COM16,3,1024,16,64,1024,"{""rf_profile"": ""IEEE154G50"", ""tx_power_dbm"": 13}",ampere,3300,247.68,247.68,94208,0.8336842105263158,True,4538.442614667651,5952.988731288154,27.38,247.68,9246.93277853059,17801.243272400683,,,9246.93277853059,17801.243272400683,2290.280310586457,1173.822057468699,7557.925024935307,3873.612789646707,per_frame_modeled_airtime_v1,"[[27.38, 42.86], [69.35, 84.83], [111.46, 126.94], [152.98, 168.46], [196.2, 211.68], [238.09, 253.57], [280.65, 296.13], [323.27, 338.75], [365.91, 381.39], [408.09, 423.57], [450.14, 465.62], [492.2, 507.68], [534.58, 550.06], [576.69, 592.17], [619.17, 634.65], [661.35, 676.83]]",,,,COM4,0123456789abcdefghijklmnopqrstuvwxyzABCDEFGHIJKLMNOPQRSTUVWXYZ-_ | 0123456789abcdefghijklmnopqrstuvwxyzABCDEFGHIJKLMNOPQRSTUVWXYZ-_ | 0123456789abcdefghijklmnopqrstuvwxyzABCDEFGHIJKLMNOPQRSTUVWXYZ-_ | 0123456789abcdefghijklmnopqrstuvwxyzABCDEFGHIJKLMNOPQRSTUVWXYZ-_ | 0123456789abcdefghijklmnopqrstuvwxyzABCDEFGHIJKLMNOPQRSTUVWXYZ-_ | 0123456789abcdefghijklmnopqrstuvwxyzABCDEFGHIJKLMNOPQRSTUVWXYZ-_ | 0123456789abcdefghijklmnopqrstuvwxyzABCDEFGHIJKLMNOPQRSTUVWXYZ-_ | 0123456789abcdefghijklmnopqrstuvwxyzABCDEFGHIJKLMNOPQRSTUVWXYZ-_ | 0123456789abcdefghijklmnopqrstuvwxyzABCDEFGHIJKLMNOPQRSTUVWXYZ-_ | 0123456789abcdefghijklmnopqrstuvwxyzABCDEFGHIJKLMNOPQRSTUVWXYZ-_ | 0123456789abcdefghijklmnopqrstuvwxyzABCDEFGHIJKLMNOPQRSTUVWXYZ-_ | 0123456789abcdefghijklmnopqrstuvwxyzABCDEFGHIJKLMNOPQRSTUVWXYZ-_ | 0123456789abcdefghijklmnopqrstuvwxyzABCDEFGHIJKLMNOPQRSTUVWXYZ-_ | 0123456789abcdefghijklmnopqrstuvwxyzABCDEFGHIJKLMNOPQRSTUVWXYZ-_ | 0123456789abcdefghijklmnopqrstuvwxyzABCDEFGHIJKLMNOPQRSTUVWXYZ-_ | 0123456789abcdefghijklmnopqrstuvwxyzABCDEFGHIJKLMNOPQRSTUVWXYZ-_,True,False,ok
lot270_other_profiles_final_candidate2/20260929_193856_radio_ebyte_e79_cc1352p,lot270_other_profiles_final_candidate2/20260929_193856_radio_ebyte_e79_cc1352p/run_00269,run_00269,2026-09-29T17:00:01+00:00,RADIO_EBYTE_E79_CC1352P,Ebyte E79-400DM2005S (CC1352P AT modem),RADIO_EBYTE_E79_CC1352P + AT_COMMANDS; E79 modem firmware 0.3.0 required,tx,COM16,COM4,COM16,4,1024,16,64,1024,"{""rf_profile"": ""IEEE154G50"", ""tx_power_dbm"": 13}",ampere,3300,247.68,247.68,94208,0.8336842105263158,True,4540.8717548999375,5863.858139213501,26.9,247.68,9259.310351394139,18195.075737582825,,,9259.310351394139,18195.075737582825,2293.3459878333,1176.4483687500529,7568.04175984989,3882.2796168751743,per_frame_modeled_airtime_v1,"[[26.9, 42.38], [69.3, 84.78], [111.07, 126.55], [152.61, 168.09], [194.07, 209.55], [235.75, 251.23], [276.68, 292.16], [319.18, 334.66], [362.36, 377.84], [404.45, 419.93], [446.98, 462.46], [489.48, 504.96], [532.28, 547.76], [574.63, 590.11], [618.36, 633.84], [660.29, 675.77]]",,,,COM4,0123456789abcdefghijklmnopqrstuvwxyzABCDEFGHIJKLMNOPQRSTUVWXYZ-_ | 0123456789abcdefghijklmnopqrstuvwxyzABCDEFGHIJKLMNOPQRSTUVWXYZ-_ | 0123456789abcdefghijklmnopqrstuvwxyzABCDEFGHIJKLMNOPQRSTUVWXYZ-_ | 0123456789abcdefghijklmnopqrstuvwxyzABCDEFGHIJKLMNOPQRSTUVWXYZ-_ | 0123456789abcdefghijklmnopqrstuvwxyzABCDEFGHIJKLMNOPQRSTUVWXYZ-_ | 0123456789abcdefghijklmnopqrstuvwxyzABCDEFGHIJKLMNOPQRSTUVWXYZ-_ | 0123456789abcdefghijklmnopqrstuvwxyzABCDEFGHIJKLMNOPQRSTUVWXYZ-_ | 0123456789abcdefghijklmnopqrstuvwxyzABCDEFGHIJKLMNOPQRSTUVWXYZ-_ | 0123456789abcdefghijklmnopqrstuvwxyzABCDEFGHIJKLMNOPQRSTUVWXYZ-_ | 0123456789abcdefghijklmnopqrstuvwxyzABCDEFGHIJKLMNOPQRSTUVWXYZ-_ | 0123456789abcdefghijklmnopqrstuvwxyzABCDEFGHIJKLMNOPQRSTUVWXYZ-_ | 0123456789abcdefghijklmnopqrstuvwxyzABCDEFGHIJKLMNOPQRSTUVWXYZ-_ | 0123456789abcdefghijklmnopqrstuvwxyzABCDEFGHIJKLMNOPQRSTUVWXYZ-_ | 0123456789abcdefghijklmnopqrstuvwxyzABCDEFGHIJKLMNOPQRSTUVWXYZ-_ | 0123456789abcdefghijklmnopqrstuvwxyzABCDEFGHIJKLMNOPQRSTUVWXYZ-_ | 0123456789abcdefghijklmnopqrstuvwxyzABCDEFGHIJKLMNOPQRSTUVWXYZ-_,True,False,ok
lot270_other_profiles_final_candidate2/20260929_193856_radio_ebyte_e79_cc1352p,lot270_other_profiles_final_candidate2/20260929_193856_radio_ebyte_e79_cc1352p/run_00270,run_00270,2026-09-29T17:00:04+00:00,RADIO_EBYTE_E79_CC1352P,Ebyte E79-400DM2005S (CC1352P AT modem),RADIO_EBYTE_E79_CC1352P + AT_COMMANDS; E79 modem firmware 0.3.0 required,tx,COM16,COM4,COM16,5,1024,16,64,1024,"{""rf_profile"": ""IEEE154G50"", ""tx_power_dbm"": 13}",ampere,3300,247.68,247.68,94208,0.8336842105263158,True,4540.8717548999375,5863.858139213501,26.52,247.68,9239.37107280395,17914.50723516738,,,9239.37107280395,17914.50723516738,2288.407427312082,1171.60480243438,7551.74451012987,3866.2958480334537,per_frame_modeled_airtime_v1,"[[26.52, 42.0], [68.6, 84.08], [110.91, 126.39], [152.86, 168.34], [194.38, 209.86], [236.71, 252.19], [278.97, 294.45], [321.05, 336.53], [363.01, 378.49], [403.93, 419.41], [445.55, 461.03], [487.7, 503.18], [529.14, 544.62], [570.67, 586.15], [613.06, 628.54], [654.61, 670.09]]",,,,COM4,0123456789abcdefghijklmnopqrstuvwxyzABCDEFGHIJKLMNOPQRSTUVWXYZ-_ | 0123456789abcdefghijklmnopqrstuvwxyzABCDEFGHIJKLMNOPQRSTUVWXYZ-_ | 0123456789abcdefghijklmnopqrstuvwxyzABCDEFGHIJKLMNOPQRSTUVWXYZ-_ | 0123456789abcdefghijklmnopqrstuvwxyzABCDEFGHIJKLMNOPQRSTUVWXYZ-_ | 0123456789abcdefghijklmnopqrstuvwxyzABCDEFGHIJKLMNOPQRSTUVWXYZ-_ | 0123456789abcdefghijklmnopqrstuvwxyzABCDEFGHIJKLMNOPQRSTUVWXYZ-_ | 0123456789abcdefghijklmnopqrstuvwxyzABCDEFGHIJKLMNOPQRSTUVWXYZ-_0123456789abcdefghijklmnopqrstuvwxyzABCDEFGHIJKLMNOPQRSTUVWXYZ-_ | 0123456789abcdefghijklmnopqrstuvwxyzABCDEFGHIJKLMNOPQRSTUVWXYZ-_ | 0123456789abcdefghijklmnopqrstuvwxyzABCDEFGHIJKLMNOPQRSTUVWXYZ-_ | 0123456789abcdefghijklmnopqrstuvwxyzABCDEFGHIJKLMNOPQRSTUVWXYZ-_ | 0123456789abcdefghijklmnopqrstuvwxyzABCDEFGHIJKLMNOPQRSTUVWXYZ-_ | 0123456789abcdefghijklmnopqrstuvwxyzABCDEFGHIJKLMNOPQRSTUVWXYZ-_ | 0123456789abcdefghijklmnopqrstuvwxyzABCDEFGHIJKLMNOPQRSTUVWXYZ-_ | 0123456789abcdefghijklmnopqrstuvwxyzABCDEFGHIJKLMNOPQRSTUVWXYZ-_ | 0123456789abcdefghijklmnopqrstuvwxyzABCDEFGHIJKLMNOPQRSTUVWXYZ-_,False,True,rx_missing
lot45_gfsk200_consensus/20260929_185646_radio_ebyte_e79_cc1352p,lot45_gfsk200_consensus/20260929_185646_radio_ebyte_e79_cc1352p/run_00001,run_00001,2026-09-29T15:56:57+00:00,RADIO_EBYTE_E79_CC1352P,Ebyte E79-400DM2005S (CC1352P AT modem),RADIO_EBYTE_E79_CC1352P + AT_COMMANDS; E79 modem firmware 0.3.0 required,tx,COM16,COM4,COM16,1,128,2,64,128,"{""rf_profile"": ""GFSK200"", ""tx_power_dbm"": -20}",ampere,3300,12.08,12.08,95232,0.0,True,4502.027389840338,5765.963440157375,29.58,12.08,7177.718684931966,17578.52359057804,,,7177.718684931966,17578.52359057804,86.70684171397815,36.17225108322481,286.13257765612786,119.36842857464185,per_frame_modeled_airtime_v1,"[[29.58, 35.62], [60.72, 66.76]]",,,,COM4,0123456789abcdefghijklmnopqrstuvwxyzABCDEFGHIJKLMNOPQRSTUVWXYZ-_ | 0123456789abcdefghijklmnopqrstuvwxyzABCDEFGHIJKLMNOPQRSTUVWXYZ-_,True,False,ok
lot45_gfsk200_consensus/20260929_185646_radio_ebyte_e79_cc1352p,lot45_gfsk200_consensus/20260929_185646_radio_ebyte_e79_cc1352p/run_00002,run_00002,2026-09-29T15:57:00+00:00,RADIO_EBYTE_E79_CC1352P,Ebyte E79-400DM2005S (CC1352P AT modem),RADIO_EBYTE_E79_CC1352P + AT_COMMANDS; E79 modem firmware 0.3.0 required,tx,COM16,COM4,COM16,2,128,2,64,128,"{""rf_profile"": ""GFSK200"", ""tx_power_dbm"": -20}",ampere,3300,12.08,12.08,94208,0.8336842105263158,True,4506.880200640662,5775.50575730531,26.49,12.08,7286.0848837687345,17930.273725599054,,,7286.0848837687345,17930.273725599054,88.01590539592631,37.14900302719531,290.4524878065568,122.59170998974453,per_frame_modeled_airtime_v1,"[[26.49, 32.53], [58.35, 64.39]]",,,,COM4,0123456789abcdefghijklmnopqrstuvwxyzABCDEFGHIJKLMNOPQRSTUVWXYZ-_ | 0123456789abcdefghijklmnopqrstuvwxyzABCDEFGHIJKLMNOPQRSTUVWXYZ-_,True,False,ok
lot45_gfsk200_consensus/20260929_185646_radio_ebyte_e79_cc1352p,lot45_gfsk200_consensus/20260929_185646_radio_ebyte_e79_cc1352p/run_00003,run_00003,2026-09-29T15:57:02+00:00,RADIO_EBYTE_E79_CC1352P,Ebyte E79-400DM2005S (CC1352P AT modem),RADIO_EBYTE_E79_CC1352P + AT_COMMANDS; E79 modem firmware 0.3.0 required,tx,COM16,COM4,COM16,3,128,2,64,128,"{""rf_profile"": ""GFSK200"", ""tx_power_dbm"": -20}",ampere,3300,12.08,12.08,94208,0.8336842105263158,True,4511.733792821595,5838.343886585589,27.42,12.08,7163.041996532,17854.52049485889,,,7163.041996532,17854.52049485889,86.52954731810655,35.966861219300284,285.5475061497516,118.69064202369093,per_frame_modeled_airtime_v1,"[[27.42, 33.46], [59.47, 65.51]]",,,,COM4,0123456789abcdefghijklmnopqrstuvwxyzABCDEFGHIJKLMNOPQRSTUVWXYZ-_ | 0123456789abcdefghijklmnopqrstuvwxyzABCDEFGHIJKLMNOPQRSTUVWXYZ-_,True,False,ok
lot45_gfsk200_consensus/20260929_185646_radio_ebyte_e79_cc1352p,lot45_gfsk200_consensus/20260929_185646_radio_ebyte_e79_cc1352p/run_00004,run_00004,2026-09-29T15:57:05+00:00,RADIO_EBYTE_E79_CC1352P,Ebyte E79-400DM2005S (CC1352P AT modem),RADIO_EBYTE_E79_CC1352P + AT_COMMANDS; E79 modem firmware 0.3.0 required,tx,COM16,COM4,COM16,4,128,2,64,128,"{""rf_profile"": ""GFSK200"", ""tx_power_dbm"": -20}",ampere,3300,12.08,12.08,94208,0.8336842105263158,True,4511.733792821595,5833.44122085855,26.4,12.08,7031.826617550032,17506.387031008453,,,7031.826617550032,17506.387031008453,84.94446554000439,33.78358926100088,280.31673628201446,111.48584456130288,per_frame_modeled_airtime_v1,"[[26.4, 32.44], [59.23, 65.27]]",,,,COM4,0123456789abcdefghijklmnopqrstuvwxyzABCDEFGHIJKLMNOPQRSTUVWXYZ-_ | 0123456789abcdefghijklmnopqrstuvwxyzABCDEFGHIJKLMNOPQRSTUVWXYZ-_,True,False,ok
lot45_gfsk200_consensus/20260929_185646_radio_ebyte_e79_cc1352p,lot45_gfsk200_consensus/20260929_185646_radio_ebyte_e79_cc1352p/run_00005,run_00005,2026-09-29T15:57:08+00:00,RADIO_EBYTE_E79_CC1352P,Ebyte E79-400DM2005S (CC1352P AT modem),RADIO_EBYTE_E79_CC1352P + AT_COMMANDS; E79 modem firmware 0.3.0 required,tx,COM16,COM4,COM16,5,128,2,64,128,"{""rf_profile"": ""GFSK200"", ""tx_power_dbm"": -20}",ampere,3300,12.08,12.08,94208,0.8336842105263158,True,4526.299257648033,5911.3665462658155,27.06,12.08,7021.464688739702,17871.39978265589,,,7021.464688739702,17871.39978265589,84.81929343997561,33.787912220606465,279.9036683519195,111.50011032800133,per_frame_modeled_airtime_v1,"[[27.06, 33.1], [58.88, 64.92]]",,,,COM4,0123456789abcdefghijklmnopqrstuvwxyzABCDEFGHIJKLMNOPQRSTUVWXYZ-_ | 0123456789abcdefghijklmnopqrstuvwxyzABCDEFGHIJKLMNOPQRSTUVWXYZ-_,True,False,ok
lot45_gfsk200_consensus/20260929_185646_radio_ebyte_e79_cc1352p,lot45_gfsk200_consensus/20260929_185646_radio_ebyte_e79_cc1352p/run_00006,run_00006,2026-09-29T15:57:10+00:00,RADIO_EBYTE_E79_CC1352P,Ebyte E79-400DM2005S (CC1352P AT modem),RADIO_EBYTE_E79_CC1352P + AT_COMMANDS; E79 modem firmware 0.3.0 required,tx,COM16,COM4,COM16,1,512,8,64,512,"{""rf_profile"": ""GFSK200"", ""tx_power_dbm"": -20}",ampere,3300,48.32,48.32,94208,0.8336842105263158,True,4526.299257648033,5963.401156339136,27.15,48.32,7135.388344199435,17760.716374671294,,,7135.388344199435,17760.716374671294,344.7819647917167,140.6367229784262,1137.7804838126651,464.1011858288065,per_frame_modeled_airtime_v1,"[[27.15, 33.19], [60.16, 66.2], [92.22, 98.26], [123.96, 130.0], [156.08, 162.12], [187.91, 193.95], [220.98, 227.02], [252.03, 258.07]]",,,,COM4,0123456789abcdefghijklmnopqrstuvwxyzABCDEFGHIJKLMNOPQRSTUVWXYZ-_ | 0123456789abcdefghijklmnopqrstuvwxyzABCDEFGHIJKLMNOPQRSTUVWXYZ-_ | 0123456789abcdefghijklmnopqrstuvwxyzABCDEFGHIJKLMNOPQRSTUVWXYZ-_ | 0123456789abcdefghijklmnopqrstuvwxyzABCDEFGHIJKLMNOPQRSTUVWXYZ-_ | 0123456789abcdefghijklmnopqrstuvwxyzABCDEFGHIJKLMNOPQRSTUVWXYZ-_ | 0123456789abcdefghijklmnopqrstuvwxyzABCDEFGHIJKLMNOPQRSTUVWXYZ-_ | 0123456789abcdefghijklmnopqrstuvwxyzABCDEFGHIJKLMNOPQRSTUVWXYZ-_ | 0123456789abcdefghijklmnopqrstuvwxyzABCDEFGHIJKLMNOPQRSTUVWXYZ-_,True,False,ok
lot45_gfsk200_consensus/20260929_185646_radio_ebyte_e79_cc1352p,lot45_gfsk200_consensus/20260929_185646_radio_ebyte_e79_cc1352p/run_00007,run_00007,2026-09-29T15:57:13+00:00,RADIO_EBYTE_E79_CC1352P,Ebyte E79-400DM2005S (CC1352P AT modem),RADIO_EBYTE_E79_CC1352P + AT_COMMANDS; E79 modem firmware 0.3.0 required,tx,COM16,COM4,COM16,2,512,8,64,512,"{""rf_profile"": ""GFSK200"", ""tx_power_dbm"": -20}",ampere,3300,48.32,48.32,94208,0.8336842105263158,True,4536.013474435363,5973.578763081774,26.95,48.32,6786.143819123754,17636.24330450795,,,6786.143819123754,17636.24330450795,327.9064693400598,121.94291575451552,1082.0913488221972,402.4116219899012,per_frame_modeled_airtime_v1,"[[26.95, 32.99], [59.42, 65.46], [89.53, 95.57], [121.71, 127.75], [152.98, 159.02], [185.07, 191.11], [216.1, 222.14], [247.73, 253.77]]",,,,COM4,0123456789abcdefghijklmnopqrstuvwxyzABCDEFGHIJKLMNOPQRSTUVWXYZ-_ | 0123456789abcdefghijklmnopqrstuvwxyzABCDEFGHIJKLMNOPQRSTUVWXYZ-_ | 0123456789abcdefghijklmnopqrstuvwxyzABCDEFGHIJKLMNOPQRSTUVWXYZ-_ | 0123456789abcdefghijklmnopqrstuvwxyzABCDEFGHIJKLMNOPQRSTUVWXYZ-_ | 0123456789abcdefghijklmnopqrstuvwxyzABCDEFGHIJKLMNOPQRSTUVWXYZ-_ | 0123456789abcdefghijklmnopqrstuvwxyzABCDEFGHIJKLMNOPQRSTUVWXYZ-_ | 0123456789abcdefghijklmnopqrstuvwxyzABCDEFGHIJKLMNOPQRSTUVWXYZ-_ | 0123456789abcdefghijklmnopqrstuvwxyzABCDEFGHIJKLMNOPQRSTUVWXYZ-_,True,False,ok
lot45_gfsk200_consensus/20260929_185646_radio_ebyte_e79_cc1352p,lot45_gfsk200_consensus/20260929_185646_radio_ebyte_e79_cc1352p/run_00008,run_00008,2026-09-29T15:57:16+00:00,RADIO_EBYTE_E79_CC1352P,Ebyte E79-400DM2005S (CC1352P AT modem),RADIO_EBYTE_E79_CC1352P + AT_COMMANDS; E79 modem firmware 0.3.0 required,tx,COM16,COM4,COM16,3,512,8,64,512,"{""rf_profile"": ""GFSK200"", ""tx_power_dbm"": -20}",ampere,3300,48.32,48.32,94208,0.8336842105263158,True,4521.44332132528,5958.31352503874,26.9,48.32,6896.231550538209,18005.438243563756,,,6896.231550538209,18005.438243563756,333.22590852200625,128.67084345040536,1099.6454981226207,424.6137833863377,per_frame_modeled_airtime_v1,"[[26.9, 32.94], [60.57, 66.61], [91.77, 97.81], [123.7, 129.74], [155.86, 161.9], [187.69, 193.73], [219.45, 225.49], [251.63, 257.67]]",,,,COM4,0123456789abcdefghijklmnopqrstuvwxyzABCDEFGHIJKLMNOPQRSTUVWXYZ-_ | 0123456789abcdefghijklmnopqrstuvwxyzABCDEFGHIJKLMNOPQRSTUVWXYZ-_ | 0123456789abcdefghijklmnopqrstuvwxyzABCDEFGHIJKLMNOPQRSTUVWXYZ-_ | 0123456789abcdefghijklmnopqrstuvwxyzABCDEFGHIJKLMNOPQRSTUVWXYZ-_ | 0123456789abcdefghijklmnopqrstuvwxyzABCDEFGHIJKLMNOPQRSTUVWXYZ-_ | 0123456789abcdefghijklmnopqrstuvwxyzABCDEFGHIJKLMNOPQRSTUVWXYZ-_ | 0123456789abcdefghijklmnopqrstuvwxyzABCDEFGHIJKLMNOPQRSTUVWXYZ-_ | 0123456789abcdefghijklmnopqrstuvwxyzABCDEFGHIJKLMNOPQRSTUVWXYZ-_,True,False,ok
lot45_gfsk200_consensus/20260929_185646_radio_ebyte_e79_cc1352p,lot45_gfsk200_consensus/20260929_185646_radio_ebyte_e79_cc1352p/run_00009,run_00009,2026-09-29T15:57:19+00:00,RADIO_EBYTE_E79_CC1352P,Ebyte E79-400DM2005S (CC1352P AT modem),RADIO_EBYTE_E79_CC1352P + AT_COMMANDS; E79 modem firmware 0.3.0 required,tx,COM16,COM4,COM16,4,512,8,64,512,"{""rf_profile"": ""GFSK200"", ""tx_power_dbm"": -20}",ampere,3300,48.32,48.32,94208,0.8336842105263158,True,4526.299257648033,5963.401156339136,26.92,48.32,6899.618599559205,17790.737036753264,,,6899.618599559205,17790.737036753264,333.38957073070077,128.75088247626468,1100.1855834113126,424.8779121716734,per_frame_modeled_airtime_v1,"[[26.92, 32.96], [58.78, 64.82], [90.72, 96.76], [122.2, 128.24], [152.71, 158.75], [184.73, 190.77], [217.07, 223.11], [248.28, 254.32]]",,,,COM4,0123456789abcdefghijklmnopqrstuvwxyzABCDEFGHIJKLMNOPQRSTUVWXYZ-_ | 0123456789abcdefghijklmnopqrstuvwxyzABCDEFGHIJKLMNOPQRSTUVWXYZ-_ | 0123456789abcdefghijklmnopqrstuvwxyzABCDEFGHIJKLMNOPQRSTUVWXYZ-_ | 0123456789abcdefghijklmnopqrstuvwxyzABCDEFGHIJKLMNOPQRSTUVWXYZ-_ | 0123456789abcdefghijklmnopqrstuvwxyzABCDEFGHIJKLMNOPQRSTUVWXYZ-_ | 0123456789abcdefghijklmnopqrstuvwxyzABCDEFGHIJKLMNOPQRSTUVWXYZ-_ | 0123456789abcdefghijklmnopqrstuvwxyzABCDEFGHIJKLMNOPQRSTUVWXYZ-_ | 0123456789abcdefghijklmnopqrstuvwxyzABCDEFGHIJKLMNOPQRSTUVWXYZ-_,True,False,ok
lot45_gfsk200_consensus/20260929_185646_radio_ebyte_e79_cc1352p,lot45_gfsk200_consensus/20260929_185646_radio_ebyte_e79_cc1352p/run_00010,run_00010,2026-09-29T15:57:21+00:00,RADIO_EBYTE_E79_CC1352P,Ebyte E79-400DM2005S (CC1352P AT modem),RADIO_EBYTE_E79_CC1352P + AT_COMMANDS; E79 modem firmware 0.3.0 required,tx,COM16,COM4,COM16,5,512,8,64,512,"{""rf_profile"": ""GFSK200"", ""tx_power_dbm"": -20}",ampere,3300,48.32,48.32,94208,0.8336842105263158,True,4516.588166383134,5895.872348358796,26.76,48.32,6858.185813386669,17733.108179251212,,,6858.185813386669,17733.108179251212,331.3875385028438,126.80860748564372,1093.5788770593845,418.46840470262424,per_frame_modeled_airtime_v1,"[[26.76, 32.8], [59.26, 65.3], [91.31, 97.35], [122.99, 129.03], [154.71, 160.75], [186.8, 192.84], [218.94, 224.98], [250.16, 256.2]]",,,,COM4,0123456789abcdefghijklmnopqrstuvwxyzABCDEFGHIJKLMNOPQRSTUVWXYZ-_ | 0123456789abcdefghijklmnopqrstuvwxyzABCDEFGHIJKLMNOPQRSTUVWXYZ-_ | 0123456789abcdefghijklmnopqrstuvwxyzABCDEFGHIJKLMNOPQRSTUVWXYZ-_ | 0123456789abcdefghijklmnopqrstuvwxyzABCDEFGHIJKLMNOPQRSTUVWXYZ-_ | 0123456789abcdefghijklmnopqrstuvwxyzABCDEFGHIJKLMNOPQRSTUVWXYZ-_ | 0123456789abcdefghijklmnopqrstuvwxyzABCDEFGHIJKLMNOPQRSTUVWXYZ-_ | 0123456789abcdefghijklmnopqrstuvwxyzABCDEFGHIJKLMNOPQRSTUVWXYZ-_ | 0123456789abcdefghijklmnopqrstuvwxyzABCDEFGHIJKLMNOPQRSTUVWXYZ-_,True,False,ok
lot45_gfsk200_consensus/20260929_185646_radio_ebyte_e79_cc1352p,lot45_gfsk200_consensus/20260929_185646_radio_ebyte_e79_cc1352p/run_00011,run_00011,2026-09-29T15:57:24+00:00,RADIO_EBYTE_E79_CC1352P,Ebyte E79-400DM2005S (CC1352P AT modem),RADIO_EBYTE_E79_CC1352P + AT_COMMANDS; E79 modem firmware 0.3.0 required,tx,COM16,COM4,COM16,1,1024,16,64,1024,"{""rf_profile"": ""GFSK200"", ""tx_power_dbm"": -20}",ampere,3300,96.64,96.64,94208,0.8336842105263158,True,4506.880200640662,5885.719528259233,27.64,96.64,6953.31496132539,17968.66370431753,,,6953.31496132539,17968.66370431753,671.9683578624856,264.1251741045868,2217.4955809462026,871.6130745451363,per_frame_modeled_airtime_v1,"[[27.64, 33.68], [58.51, 64.55], [90.33, 96.37], [122.1, 128.14], [152.65, 158.69], [183.86, 189.9], [214.66, 220.7], [246.18, 252.22], [277.65, 283.69], [310.17, 316.21], [341.12, 347.16], [371.84, 377.88], [404.34, 410.38], [437.79, 443.83], [469.11, 475.15], [500.81, 506.85]]",,,,COM4,0123456789abcdefghijklmnopqrstuvwxyzABCDEFGHIJKLMNOPQRSTUVWXYZ-_ | 0123456789abcdefghijklmnopqrstuvwxyzABCDEFGHIJKLMNOPQRSTUVWXYZ-_ | 0123456789abcdefghijklmnopqrstuvwxyzABCDEFGHIJKLMNOPQRSTUVWXYZ-_ | 0123456789abcdefghijklmnopqrstuvwxyzABCDEFGHIJKLMNOPQRSTUVWXYZ-_ | 0123456789abcdefghijklmnopqrstuvwxyzABCDEFGHIJKLMNOPQRSTUVWXYZ-_ | 0123456789abcdefghijklmnopqrstuvwxyzABCDEFGHIJKLMNOPQRSTUVWXYZ-_ | 0123456789abcdefghijklmnopqrstuvwxyzABCDEFGHIJKLMNOPQRSTUVWXYZ-_ | 0123456789abcdefghijklmnopqrstuvwxyzABCDEFGHIJKLMNOPQRSTUVWXYZ-_ | 0123456789abcdefghijklmnopqrstuvwxyzABCDEFGHIJKLMNOPQRSTUVWXYZ-_ | 0123456789abcdefghijklmnopqrstuvwxyzABCDEFGHIJKLMNOPQRSTUVWXYZ-_ | 0123456789abcdefghijklmnopqrstuvwxyzABCDEFGHIJKLMNOPQRSTUVWXYZ-_ | 0123456789abcdefghijklmnopqrstuvwxyzABCDEFGHIJKLMNOPQRSTUVWXYZ-_ | 0123456789abcdefghijklmnopqrstuvwxyzABCDEFGHIJKLMNOPQRSTUVWXYZ-_ | 0123456789abcdefghijklmnopqrstuvwxyzABCDEFGHIJKLMNOPQRSTUVWXYZ-_ | 0123456789abcdefghijklmnopqrstuvwxyzABCDEFGHIJKLMNOPQRSTUVWXYZ-_ | 0123456789abcdefghijklmnopqrstuvwxyzABCDEFGHIJKLMNOPQRSTUVWXYZ-_,True,False,ok
lot45_gfsk200_consensus/20260929_185646_radio_ebyte_e79_cc1352p,lot45_gfsk200_consensus/20260929_185646_radio_ebyte_e79_cc1352p/run_00012,run_00012,2026-09-29T15:57:27+00:00,RADIO_EBYTE_E79_CC1352P,Ebyte E79-400DM2005S (CC1352P AT modem),RADIO_EBYTE_E79_CC1352P + AT_COMMANDS; E79 modem firmware 0.3.0 required,tx,COM16,COM4,COM16,2,1024,16,64,1024,"{""rf_profile"": ""GFSK200"", ""tx_power_dbm"": -20}",ampere,3300,96.64,96.64,94208,0.8336842105263158,True,4526.299257648033,5963.401156339136,27.07,96.64,6923.257413364778,18034.658752858282,,,6923.257413364778,18034.658752858282,669.0635964275721,259.21775092175056,2207.9098682109875,855.4185780417769,per_frame_modeled_airtime_v1,"[[27.07, 33.11], [58.45, 64.49], [90.43, 96.47], [123.26, 129.3], [155.02, 161.06], [185.93, 191.97], [217.63, 223.67], [249.67, 255.71], [280.97, 287.01], [313.02, 319.06], [345.06, 351.1], [377.09, 383.13], [409.2, 415.24], [440.12, 446.16], [471.99, 478.03], [503.68, 509.72]]",,,,COM4,0123456789abcdefghijklmnopqrstuvwxyzABCDEFGHIJKLMNOPQRSTUVWXYZ-_ | 0123456789abcdefghijklmnopqrstuvwxyzABCDEFGHIJKLMNOPQRSTUVWXYZ-_ | 0123456789abcdefghijklmnopqrstuvwxyzABCDEFGHIJKLMNOPQRSTUVWXYZ-_ | 0123456789abcdefghijklmnopqrstuvwxyzABCDEFGHIJKLMNOPQRSTUVWXYZ-_ | 0123456789abcdefghijklmnopqrstuvwxyzABCDEFGHIJKLMNOPQRSTUVWXYZ-_ | 0123456789abcdefghijklmnopqrstuvwxyzABCDEFGHIJKLMNOPQRSTUVWXYZ-_ | 0123456789abcdefghijklmnopqrstuvwxyzABCDEFGHIJKLMNOPQRSTUVWXYZ-_ | 0123456789abcdefghijklmnopqrstuvwxyzABCDEFGHIJKLMNOPQRSTUVWXYZ-_ | 0123456789abcdefghijklmnopqrstuvwxyzABCDEFGHIJKLMNOPQRSTUVWXYZ-_ | 0123456789abcdefghijklmnopqrstuvwxyzABCDEFGHIJKLMNOPQRSTUVWXYZ-_ | 0123456789abcdefghijklmnopqrstuvwxyzABCDEFGHIJKLMNOPQRSTUVWXYZ-_ | 0123456789abcdefghijklmnopqrstuvwxyzABCDEFGHIJKLMNOPQRSTUVWXYZ-_ | 0123456789abcdefghijklmnopqrstuvwxyzABCDEFGHIJKLMNOPQRSTUVWXYZ-_ | 0123456789abcdefghijklmnopqrstuvwxyzABCDEFGHIJKLMNOPQRSTUVWXYZ-_ | 0123456789abcdefghijklmnopqrstuvSTUVWXYZ-_ | 0123456789abcdefghijklmnopqrstuvwxyzABCDEFGHIJKLMNOPQRSTUVWXYZ-_,False,True,rx_missing
lot45_gfsk200_consensus/20260929_185646_radio_ebyte_e79_cc1352p,lot45_gfsk200_consensus/20260929_185646_radio_ebyte_e79_cc1352p/run_00013,run_00013,2026-09-29T15:57:29+00:00,RADIO_EBYTE_E79_CC1352P,Ebyte E79-400DM2005S (CC1352P AT modem),RADIO_EBYTE_E79_CC1352P + AT_COMMANDS; E79 modem firmware 0.3.0 required,tx,COM16,COM4,COM16,3,1024,16,64,1024,"{""rf_profile"": ""GFSK200"", ""tx_power_dbm"": -20}",ampere,3300,96.64,96.64,94208,0.8336842105263158,True,4521.44332132528,5906.288182764511,28.02,96.64,6922.303224003549,18124.752088864956,,,6922.303224003549,18124.752088864956,668.971383567703,259.9248316500783,2207.60556577342,857.7519444452583,per_frame_modeled_airtime_v1,"[[28.02, 34.06], [59.74, 65.78], [91.41, 97.45], [122.64, 128.68], [154.43, 160.47], [186.29, 192.33], [217.32, 223.36], [249.08, 255.12], [280.21, 286.25], [311.64, 317.68], [342.75, 348.79], [374.83, 380.87], [406.63, 412.67], [438.49, 444.53], [470.84, 476.88], [502.65, 508.69]]",,,,COM4,0123456789abcdefghijklmnopqrstuvwxyzABCDEFGHIJKLMNOPQRSTUVWXYZ-_ | 0123456789abcdefghijklmnopqrstuvVWXYZ-_ | 0123456789abcdefghijklmnopqrstuvwxyzABCDEFGHIJKLMNOPQRSTUVWXYZ-_ | 0123456789abcdefghijklmnopqrstuvwxyzABCDEFGHIJKLMNOPQRSTUVWXYZ-_ | 0123456789abcdefghijklmnopqrstuvwxyzABCDEFGHIJKLMNOPQRSTUVWXYZ-_ | 0123456789abcdefghijklmnopqrstuvwxyzABCDEFGHIJKLMNOPQRSTUVWXYZ-_ | 0123456789abcdefghijklmnopqrstuvwxyzABCDEFGHIJKLMNOPQRSTUVWXYZ-_ | 0123456789abcdefghijklmnopqrstuvwxyzABCDEFGHIJKLMNOPQRSTUVWXYZ-_ | 0123456789abcdefghijklmnopqrstuvwxyzABCDEFGHIJKLMNOPQRSTUVWXYZ-_ | 0123456789abcdefghijklmnopqrstuvwxyzABCDEFGHIJKLMNOPQRSTUVWXYZ-_ | 0123456789abcdefghijklmnopqrstuvwxyzABCDEFGHIJKLMNOPQRSTUVWXYZ-_ | 0123456789abcdefghijklmnopqrstuvwxyzABCDEFGHIJKLMNOPQRSTUVWXYZ-_ | 0123456789abcdefghijklmnopqrstuvwxyzABCDEFGHIJKLMNOPQRSTUVWXYZ-_ | 0123456789abcdefghijklmnopqrstuvwxyzABCDEFGHIJKLMNOPQRSTUVWXYZ-_ | 0123456789abcdefghijklmnopqrstuvwxyzABCDEFGHIJKLMNOPQRSTUVWXYZ-_ | 0123456789abcdefghijklmnopqrstuvwxyzABCDEFGHIJKLMNOPQRSTUVWXYZ-_,False,True,rx_missing
lot45_gfsk200_consensus/20260929_185646_radio_ebyte_e79_cc1352p,lot45_gfsk200_consensus/20260929_185646_radio_ebyte_e79_cc1352p/run_00014,run_00014,2026-09-29T15:57:32+00:00,RADIO_EBYTE_E79_CC1352P,Ebyte E79-400DM2005S (CC1352P AT modem),RADIO_EBYTE_E79_CC1352P + AT_COMMANDS; E79 modem firmware 0.3.0 required,tx,COM16,COM4,COM16,4,1024,16,64,1024,"{""rf_profile"": ""GFSK200"", ""tx_power_dbm"": -20}",ampere,3300,96.64,96.64,94208,0.8336842105263158,True,4521.44332132528,5958.31352503874,26.86,96.64,6939.282521845551,18222.544854892953,,,6939.282521845551,18222.544854892953,670.6122629111541,261.58848261199165,2213.0204676068083,863.2419926195724,per_frame_modeled_airtime_v1,"[[26.86, 32.9], [58.73, 64.77], [91.01, 97.05], [123.49, 129.53], [154.5, 160.54], [186.04, 192.08], [218.69, 224.73], [249.45, 255.49], [280.58, 286.62], [312.55, 318.59], [344.0, 350.04], [375.07, 381.11], [406.97, 413.01], [438.5, 444.54], [469.51, 475.55], [500.91, 506.95]]",,,,COM4,0123456789abcdefghijklmnopqrstuvwxyzABCDEFGHIJKLMNOPQRSTUVWXYZ-_ | 0123456789abcdefghijklmnopqrstuvwxyzABCDEFGHIJKLMNOPQRSTUVWXYZ-_ | 0123456789abcdefghijklmnopqrstuvwxyzABCDEFGHIJKLMNOPQRSTUVWXYZ-_ | 0123456789abcdefghijklmnopqrstuvwxyzABCDEFGHIJKLMNOPQRSTUVWXYZ-_ | 0123456789abcdefghijklmnopqrstuvwxyzABCDEFGHIJKLMNOPQRSTUVWXYZ-_ | 0123456789abcdefghijklmnopqrstuvwxyzABCDEFGHIJKLMNOPQRSTUVWXYZ-_ | 0123456789abcdefghijklmnopqrstuvwxyzABCDEFGHIJKLMNOPQRSTUVWXYZ-_ | 0123456789abcdefghijklmnopqrstuvwxyzABCDEFGHIJKLMNOPQRSTUVWXYZ-_ | 0123456789abcdefghijklmnopqrstuvwxyzABCDEFGHIJKLMNOPQRSTUVWXYZ-_ | 0123456789abcdefghijklmnopqrstuvwxyzABCDEFGHIJKLMNOPQRSTUVWXYZ-_ | 0123456789abcdefghijklmnopqrstuvwxyzABCDEFGHIJKLMNOPQRSTUVWXYZ-_ | 0123456789abcdefghijklmnopqrstuvwxyzABCDEFGHIJKLMNOPQRSTUVWXYZ-_ | 0123456789abcdefghijklmnopqrstuvwxyzABCDEFGHIJKLMNOPQRSTUVWXYZ-_ | 0123456789abcdefghijklmnopqrstuvwxyzABCDEFGHIJKLMNOPQRSTUVWXYZ-_ | 0123456789abcdefghijklmnopqrstuvwxyzABCDEFGHIJKLMNOPQRSTUVWXYZ-_ | 0123456789abcdefghijklmnopqrstuvwxyzABCDEFGHIJKLMNOPQRSTUVWXYZ-_,True,False,ok
lot45_gfsk200_consensus/20260929_185646_radio_ebyte_e79_cc1352p,lot45_gfsk200_consensus/20260929_185646_radio_ebyte_e79_cc1352p/run_00015,run_00015,2026-09-29T15:57:35+00:00,RADIO_EBYTE_E79_CC1352P,Ebyte E79-400DM2005S (CC1352P AT modem),RADIO_EBYTE_E79_CC1352P + AT_COMMANDS; E79 modem firmware 0.3.0 required,tx,COM16,COM4,COM16,5,1024,16,64,1024,"{""rf_profile"": ""GFSK200"", ""tx_power_dbm"": -20}",ampere,3300,96.64,96.64,94208,0.8336842105263158,True,4521.44332132528,5906.288182764511,27.69,96.64,6986.905732805378,17917.361284309438,,,6986.905732805378,17917.361284309438,675.2145700183117,266.9067531785049,2228.208081060429,880.7922854890662,per_frame_modeled_airtime_v1,"[[27.69, 33.73], [58.23, 64.27], [90.99, 97.03], [122.59, 128.63], [154.0, 160.04], [186.61, 192.65], [218.12, 224.16], [249.74, 255.78], [281.56, 287.6], [313.38, 319.42], [345.65, 351.69], [377.66, 383.7], [411.46, 417.5], [443.49, 449.53], [476.64, 482.68], [508.69, 514.73]]",,,,COM4,0123456789abcdefghijklmnopqrstuvwxyzABCDEFGHIJKLMNOPQRSTUVWXYZ-_ | 0123456789abcdefghijklmnopqrstuvwxyzABCDEFGHIJKLMNOPQRSTUVWXYZ-_ | 0123456789abcdefghijklmnopqrstuvwxyzABCDEFGHIJKLMNOPQRSTUVWXYZ-_ | 0123456789abcdefghijklmnopqrstuvwxyzABCDEFGHIJKLMNOPQRSTUVWXYZ-_ | 0123456789abcdefghijklmnopqrstuvwxyzABCDEFGHIJKLMNOPQRSTUVWXYZ-_ | 0123456789abcdefghijklmnopqrstuvwxyzABCDEFGHIJKLMNOPQRSTUVWXYZ-_ | 0123456789abcdefghijklmnopqrstuvwxyzABCDEFGHIJKLMNOPQRSTUVWXYZ-_ | 0123456789abcdefghijklmnopqrstuvwxyzABCDEFGHIJKLMNOPQRSTUVWXYZ-_ | 0123456789abcdefghijklmnopqrstuvwxyzABCDEFGHIJKLMNOPQRSTUVWXYZ-_ | 0123456789abcdefghijklmnopqrstuvwxyzABCDEFGHIJKLMNOPQRSTUVWXYZ-_ | 0123456789abcdefghijklmnopqrstuvwxyzABCDEFGHIJKLMNOPQRSTUVWXYZ-_ | 0123456789abcdefghijklmnopqrstuvwxyzABCDEFGHIJKLMNOPQRSTUVWXYZ-_ | 0123456789abcdefghijklmnopqrstuvwxyzABCDEFGHIJKLMNOPQRSTUVWXYZ-_0123456789abcdefghijklmnopqrstuvwxyzABCDEFGHIJKLMNOPQRSTUVWXYZ-_ | 0123456789abcdefghijklmnopqrstuvwxyzABCDEFGHIJKLMNOPQRSTUVWXYZ-_ | 0123456789abcdefghijklmnopqrstuvwxyzABCDEFGHIJKLMNOPQRSTUVWXYZ-_,False,True,rx_missing
lot45_gfsk200_consensus/20260929_185646_radio_ebyte_e79_cc1352p,lot45_gfsk200_consensus/20260929_185646_radio_ebyte_e79_cc1352p/run_00016,run_00016,2026-09-29T15:57:39+00:00,RADIO_EBYTE_E79_CC1352P,Ebyte E79-400DM2005S (CC1352P AT modem),RADIO_EBYTE_E79_CC1352P + AT_COMMANDS; E79 modem firmware 0.3.0 required,tx,COM16,COM4,COM16,1,128,2,64,128,"{""rf_profile"": ""GFSK200"", ""tx_power_dbm"": 0}",ampere,3300,12.08,12.08,94208,0.8336842105263158,True,4526.299257648033,5963.401156339136,27.21,12.08,7240.68234220515,17699.662603839464,,,7240.68234220515,17699.662603839464,87.46744269383822,34.265904396967365,288.64256088966613,113.0774845099923,per_frame_modeled_airtime_v1,"[[27.21, 33.25], [59.81, 65.85]]",,,,COM4,0123456789abcdefghijklmnopqrstuvwxyzABCDEFGHIJKLMNOPQRSTUVWXYZ-_ | 0123456789abcdefghijklmnopqrstuvwxyzABCDEFGHIJKLMNOPQRSTUVWXYZ-_,True,False,ok
lot45_gfsk200_consensus/20260929_185646_radio_ebyte_e79_cc1352p,lot45_gfsk200_consensus/20260929_185646_radio_ebyte_e79_cc1352p/run_00017,run_00017,2026-09-29T15:57:41+00:00,RADIO_EBYTE_E79_CC1352P,Ebyte E79-400DM2005S (CC1352P AT modem),RADIO_EBYTE_E79_CC1352P + AT_COMMANDS; E79 modem firmware 0.3.0 required,tx,COM16,COM4,COM16,2,128,2,64,128,"{""rf_profile"": ""GFSK200"", ""tx_power_dbm"": 0}",ampere,3300,12.08,12.08,94208,0.8336842105263158,True,4526.299257648033,5963.401156339136,27.12,12.08,7278.301091412395,17933.363788443236,,,7278.301091412395,17933.363788443236,87.92187718426173,34.88237349616358,290.1421947080637,115.11183253733981,per_frame_modeled_airtime_v1,"[[27.12, 33.16], [59.25, 65.29]]",,,,COM4,0123456789abcdefghijklmnopqrstuvwxyzABCDEFGHIJKLMNOPQRSTUVWXYZ-_ | 0123456789abcdefghijklmnopqrstuvwxyzABCDEFGHIJKLMNOPQRSTUVWXYZ-_,True,False,ok
lot45_gfsk200_consensus/20260929_185646_radio_ebyte_e79_cc1352p,lot45_gfsk200_consensus/20260929_185646_radio_ebyte_e79_cc1352p/run_00018,run_00018,2026-09-29T15:57:44+00:00,RADIO_EBYTE_E79_CC1352P,Ebyte E79-400DM2005S (CC1352P AT modem),RADIO_EBYTE_E79_CC1352P + AT_COMMANDS; E79 modem firmware 0.3.0 required,tx,COM16,COM4,COM16,3,128,2,64,128,"{""rf_profile"": ""GFSK200"", ""tx_power_dbm"": 0}",ampere,3300,12.08,12.08,94208,0.8336842105263158,True,4521.44332132528,5958.31352503874,27.18,12.08,7196.222523868292,17320.069536891973,,,7196.222523868292,17320.069536891973,86.93036808832898,33.74863330929428,286.8702146914856,111.3704899206711,per_frame_modeled_airtime_v1,"[[27.18, 33.22], [58.65, 64.69]]",,,,COM4,0123456789abcdefghijklmnopqrstuvwxyzABCDEFGHIJKLMNOPQRSTUVWXYZ-_ | 0123456789abcdefghijklmnopqrstuvwxyzABCDEFGHIJKLMNOPQRSTUVWXYZ-_,True,False,ok
lot45_gfsk200_consensus/20260929_185646_radio_ebyte_e79_cc1352p,lot45_gfsk200_consensus/20260929_185646_radio_ebyte_e79_cc1352p/run_00019,run_00019,2026-09-29T15:57:47+00:00,RADIO_EBYTE_E79_CC1352P,Ebyte E79-400DM2005S (CC1352P AT modem),RADIO_EBYTE_E79_CC1352P + AT_COMMANDS; E79 modem firmware 0.3.0 required,tx,COM16,COM4,COM16,4,128,2,64,128,"{""rf_profile"": ""GFSK200"", ""tx_power_dbm"": 0}",ampere,3300,12.08,12.08,94208,0.8336842105263158,True,4516.588166383134,5895.872348358796,26.93,12.08,7440.7081204265,17817.401586720647,,,7440.7081204265,17817.401586720647,89.8837540947521,37.01586905582873,296.6163885126819,122.1523678842348,per_frame_modeled_airtime_v1,"[[26.93, 32.97], [58.92, 64.96]]",,,,COM4,0123456789abcdefghijklmnopqrstuvwxyzABCDEFGHIJKLMNOPQRSTUVWXYZ-_ | 0123456789abcdefghijklmnopqrstuvTUVWXYZ-_,False,True,rx_missing
lot45_gfsk200_consensus/20260929_185646_radio_ebyte_e79_cc1352p,lot45_gfsk200_consensus/20260929_185646_radio_ebyte_e79_cc1352p/run_00020,run_00020,2026-09-29T15:57:50+00:00,RADIO_EBYTE_E79_CC1352P,Ebyte E79-400DM2005S (CC1352P AT modem),RADIO_EBYTE_E79_CC1352P + AT_COMMANDS; E79 modem firmware 0.3.0 required,tx,COM16,COM4,COM16,5,128,2,64,128,"{""rf_profile"": ""GFSK200"", ""tx_power_dbm"": 0}",ampere,3300,12.08,12.08,94208,0.8336842105263158,True,4521.44332132528,5958.31352503874,26.44,12.08,7321.414974903559,17608.78472425205,,,7321.414974903559,17608.78472425205,88.44269289683498,35.2888460040121,291.8608865595554,116.45319181323993,per_frame_modeled_airtime_v1,"[[26.44, 32.48], [57.9, 63.94]]",,,,COM4,0123456789abcdefghijklmnopqrstuvwxyzABCDEFGHIJKLMNOPQRSTUVWXYZ-_ | 0123456789abcdefghijklmnopqrstuvwxyzABCDEFGHIJKLMNOPQRSTUVWXYZ-_,True,False,ok
lot45_gfsk200_consensus/20260929_185646_radio_ebyte_e79_cc1352p,lot45_gfsk200_consensus/20260929_185646_radio_ebyte_e79_cc1352p/run_00021,run_00021,2026-09-29T15:57:52+00:00,RADIO_EBYTE_E79_CC1352P,Ebyte E79-400DM2005S (CC1352P AT modem),RADIO_EBYTE_E79_CC1352P + AT_COMMANDS; E79 modem firmware 0.3.0 required,tx,COM16,COM4,COM16,1,512,8,64,512,"{""rf_profile"": ""GFSK200"", ""tx_power_dbm"": 0}",ampere,3300,48.32,48.32,94208,0.8336842105263158,True,4531.155975351395,5968.489569020163,27.13,48.32,7138.418404562203,17617.655656847008,,,7138.418404562203,17617.655656847008,344.92837730844565,130.27140668259918,1138.2636451178705,429.8956420525773,per_frame_modeled_airtime_v1,"[[27.13, 33.17], [58.52, 64.56], [90.18, 96.22], [122.54, 128.58], [153.07, 159.11], [184.11, 190.15], [216.01, 222.05], [248.54, 254.58]]",,,,COM4,0123456789abcdefghijklmnopqrstuvwxyzABCDEFGHIJKLMNOPQRSTUVWXYZ-_ | 0123456789abcdefghijklmnopqrstuvwxyzABCDEFGHIJKLMNOPQRSTUVWXYZ-_ | 0123456789abcdefghijklmnopqrstuvwxyzABCDEFGHIJKLMNOPQRSTUVWXYZ-_ | 0123456789abcdefghijklmnopqrstuvwxyzABCDEFGHIJKLMNOPQRSTUVWXYZ-_ | 0123456789abcdefghijklmnopqrstuvwxyzABCDEFGHIJKLMNOPQRSTUVWXYZ-_ | 0123456789abcdefghijklmnopqrstuvwxyzABCDEFGHIJKLMNOPQRSTUVWXYZ-_ | 0123456789abcdefghijklmnopqrstuvwxyzABCDEFGHIJKLMNOPQRSTUVWXYZ-_ | 0123456789abcdefghijklmnopqrstuvwxyzABCDEFGHIJKLMNOPQRSTUVWXYZ-_,True,False,ok
lot45_gfsk200_consensus/20260929_185646_radio_ebyte_e79_cc1352p,lot45_gfsk200_consensus/20260929_185646_radio_ebyte_e79_cc1352p/run_00022,run_00022,2026-09-29T15:57:55+00:00,RADIO_EBYTE_E79_CC1352P,Ebyte E79-400DM2005S (CC1352P AT modem),RADIO_EBYTE_E79_CC1352P + AT_COMMANDS; E79 modem firmware 0.3.0 required,tx,COM16,COM4,COM16,2,512,8,64,512,"{""rf_profile"": ""GFSK200"", ""tx_power_dbm"": 0}",ampere,3300,48.32,48.32,94208,0.8336842105263158,True,4511.733792821595,5890.795547618716,26.87,48.32,7223.093203007962,17903.30995246007,,,7223.093203007962,17903.30995246007,349.01986356934475,136.7258911779817,1151.7655497788376,451.1954408873396,per_frame_modeled_airtime_v1,"[[26.87, 32.91], [58.31, 64.35], [90.12, 96.16], [122.34, 128.38], [154.79, 160.83], [185.79, 191.83], [218.07, 224.11], [249.06, 255.1]]",,,,COM4,0123456789abcdefghijklmnopqrstuvwxyzABCDEFGHIJKLMNOPQRSTUVWXYZ-_ | 0123456789abcdefghijklmnopqrstuvwxyzABCDEFGHIJKLMNOPQRSTUVWXYZ-_ | 0123456789abcdefghijklmnopqrstuvwxyzABCDEFGHIJKLMNOPQRSTUVWXYZ-_ | 0123456789abcdefghijklmnopqrstuvwxyzABCDEFGHIJKLMNOPQRSTUVWXYZ-_ | 0123456789abcdefghijklmnopqrstuvwxyzABCDEFGHIJKLMNOPQRSTUVWXYZ-_ | 0123456789abcdefghijklmnopqrstuvwxyzABCDEFGHIJKLMNOPQRSTUVWXYZ-_ | 0123456789abcdefghijklmnopqrstuvwxyzABCDEFGHIJKLMNOPQRSTUVWXYZ-_ | 0123456789abcdefghijklmnopqrstuvwxyzABCDEFGHIJKLMNOPQRSTUVWXYZ-_,True,False,ok
lot45_gfsk200_consensus/20260929_185646_radio_ebyte_e79_cc1352p,lot45_gfsk200_consensus/20260929_185646_radio_ebyte_e79_cc1352p/run_00023,run_00023,2026-09-29T15:57:58+00:00,RADIO_EBYTE_E79_CC1352P,Ebyte E79-400DM2005S (CC1352P AT modem),RADIO_EBYTE_E79_CC1352P + AT_COMMANDS; E79 modem firmware 0.3.0 required,tx,COM16,COM4,COM16,3,512,8,64,512,"{""rf_profile"": ""GFSK200"", ""tx_power_dbm"": 0}",ampere,3300,48.32,48.32,94208,0.8336842105263158,True,4526.299257648033,5911.3665462658155,26.68,48.32,7227.647605605925,17943.31476650078,,,7227.647605605925,17943.31476650078,349.2399323028783,136.21715830416292,1152.4917765994983,449.51662240373764,per_frame_modeled_airtime_v1,"[[26.68, 32.72], [58.2, 64.24], [90.22, 96.26], [122.23, 128.27], [154.18, 160.22], [186.18, 192.22], [218.35, 224.39], [250.07, 256.11]]",,,,COM4,0123456789abcdefghijklmnopqrstuvwxyzABCDEFGHIJKLMNOPQRSTUVWXYZ-_ | 0123456789abcdefghijklmnopqrstuvwxyzABCDEFGHIJKLMNOPQRSTUVWXYZ-_ | 0123456789abcdefghijklmnopqrstuvwxyzABCDEFGHIJKLMNOPQRSTUVWXYZ-_ | 0123456789abcdefghijklmnopqrstuvwxyzABCDEFGHIJKLMNOPQRSTUVWXYZ-_ | 0123456789abcdefghijklmnopqrstuvwxyzABCDEFGHIJKLMNOPQRSTUVWXYZ-_ | 0123456789abcdefghijklmnopqrstuvwxyzABCDEFGHIJKLMNOPQRSTUVWXYZ-_ | 0123456789abcdefghijklmnopqrstuvwxyzABCDEFGHIJKLMNOPQRSTUVWXYZ-_ | 0123456789abcdefghijklmnopqrstuvwxyzABCDEFGHIJKLMNOPQRSTUVWXYZ-_,True,False,ok
lot45_gfsk200_consensus/20260929_185646_radio_ebyte_e79_cc1352p,lot45_gfsk200_consensus/20260929_185646_radio_ebyte_e79_cc1352p/run_00024,run_00024,2026-09-29T15:58:01+00:00,RADIO_EBYTE_E79_CC1352P,Ebyte E79-400DM2005S (CC1352P AT modem),RADIO_EBYTE_E79_CC1352P + AT_COMMANDS; E79 modem firmware 0.3.0 required,tx,COM16,COM4,COM16,4,512,8,64,512,"{""rf_profile"": ""GFSK200"", ""tx_power_dbm"": 0}",ampere,3300,48.32,48.32,94208,0.8336842105263158,True,4521.44332132528,5906.288182764511,26.5,48.32,7177.665694540353,17760.286208348996,,,7177.665694540353,17760.286208348996,346.8248063601898,133.59442479358785,1144.5218609886263,440.86160181883986,per_frame_modeled_airtime_v1,"[[26.5, 32.54], [58.4, 64.44], [91.05, 97.09], [122.9, 128.94], [154.32, 160.36], [186.06, 192.1], [217.15, 223.19], [249.03, 255.07]]",,,,COM4,0123456789abcdefghijklmnopqrstuvwxyzABCDEFGHIJKLMNOPQRSTUVWXYZ-_ | 0123456789abcdefghijklmnopqrstuvwxyzABCDEFGHIJKLMNOPQRSTUVWXYZ-_ | 0123456789abcdefghijklmnopqrstuvwxyzABCDEFGHIJKLMNOPQRSTUVWXYZ-_ | 0123456789abcdefghijklmnopqrstuvwxyzABCDEFGHIJKLMNOPQRSTUVWXYZ-_ | 0123456789abcdefghijklmnopqrstuvwxyzABCDEFGHIJKLMNOPQRSTUVWXYZ-_ | 0123456789abcdefghijklmnopqrstuvwxyzABCDEFGHIJKLMNOPQRSTUVWXYZ-_ | 0123456789abcdefghijklmnopqrstuvwxyzABCDEFGHIJKLMNOPQRSTUVWXYZ-_ | 0123456789abcdefghijklmnopqrstuvwxyzABCDEFGHIJKLMNOPQRSTUVWXYZ-_,True,False,ok
lot45_gfsk200_consensus/20260929_185646_radio_ebyte_e79_cc1352p,lot45_gfsk200_consensus/20260929_185646_radio_ebyte_e79_cc1352p/run_00025,run_00025,2026-09-29T15:58:03+00:00,RADIO_EBYTE_E79_CC1352P,Ebyte E79-400DM2005S (CC1352P AT modem),RADIO_EBYTE_E79_CC1352P + AT_COMMANDS; E79 modem firmware 0.3.0 required,tx,COM16,COM4,COM16,5,512,8,64,512,"{""rf_profile"": ""GFSK200"", ""tx_power_dbm"": 0}",ampere,3300,48.32,48.32,94208,0.8336842105263158,True,4531.155975351395,5968.489569020163,27.48,48.32,7124.658830392713,17504.602044150335,,,7124.658830392713,17504.602044150335,344.26351468457585,130.3119599197244,1136.0695984591002,430.02946773509046,per_frame_modeled_airtime_v1,"[[27.48, 33.52], [58.74, 64.78], [89.8, 95.84], [120.9, 126.94], [152.66, 158.7], [183.72, 189.76], [215.22, 221.26], [247.31, 253.35]]",,,,COM4,0123456789abcdefghijklmnopqrstuvwxyzABCDEFGHIJKLMNOPQRSTUVWXYZ-_ | 0123456789abcdefghijklmnopqrstuvwxyzABCDEFGHIJKLMNOPQRSTUVWXYZ-_ | 0123456789abcdefghijklmnopqrstuvwxyzABCDEFGHIJKLMNOPQRSTUVWXYZ-_ | 0123456789abcdefghijklmnopqrstuvwxyzABCDEFGHIJKLMNOPQRSTUVWXYZ-_ | 0123456789abcdefghijklmnopqrstuvwxyzABCDEFGHIJKLMNOPQRSTUVWXYZ-_ | 0123456789abcdefghijklmnopqrstuvwxyzABCDEFGHIJKLMNOPQRSTUVWXYZ-_ | 0123456789abcdefghijklmnopqrstuvwxyzABCDEFGHIJKLMNOPQRSTUVWXYZ-_ | 0123456789abcdefghijklmnopqrstuvwxyzABCDEFGHIJKLMNOPQRSTUVWXYZ-_,True,False,ok
lot45_gfsk200_consensus/20260929_185646_radio_ebyte_e79_cc1352p,lot45_gfsk200_consensus/20260929_185646_radio_ebyte_e79_cc1352p/run_00026,run_00026,2026-09-29T15:58:06+00:00,RADIO_EBYTE_E79_CC1352P,Ebyte E79-400DM2005S (CC1352P AT modem),RADIO_EBYTE_E79_CC1352P + AT_COMMANDS; E79 modem firmware 0.3.0 required,tx,COM16,COM4,COM16,1,1024,16,64,1024,"{""rf_profile"": ""GFSK200"", ""tx_power_dbm"": 0}",ampere,3300,96.64,96.64,94208,0.8336842105263158,True,4521.44332132528,5906.288182764511,26.82,96.64,7282.380141515445,18771.572426603892,,,7282.380141515445,18771.572426603892,703.7692168760526,278.5262401826189,2322.4384156909737,919.1365926026423,per_frame_modeled_airtime_v1,"[[26.82, 32.86], [59.04, 65.08], [90.97, 97.01], [122.82, 128.86], [155.14, 161.18], [186.38, 192.42], [218.59, 224.63], [250.14, 256.18], [282.26, 288.3], [313.96, 320.0], [345.75, 351.79], [377.29, 383.33], [408.3, 414.34], [441.05, 447.09], [472.92, 478.96], [504.52, 510.56]]",,,,COM4,0123456789abcdefghijklmnopqrstuvwxyzABCDEFGHIJKLMNOPQRSTUVWXYZ-_ | 0123456789abcdefghijklmnopqrstuvwxyzABCDEFGHIJKLMNOPQRSTUVWXYZ-_ | 0123456789abcdefghijklmnopqrstuvwxyzABCDEFGHIJKLMNOPQRSTUVWXYZ-_ | 0123456789abcdefghijklmnopqrstuvwxyzABCDEFGHIJKLMNOPQRSTUVWXYZ-_ | 0123456789abcdefghijklmnopqrstuvwxyzABCDEFGHIJKLMNOPQRSTUVWXYZ-_ | 0123456789abcdefghijklmnopqrstuvwxyzABCDEFGHIJKLMNOPQRSTUVWXYZ-_ | 0123456789abcdefghijklmnopqrstuvwxyzABCDEFGHIJKLMNOPQRSTUVWXYZ-_ | 0123456789abcdefghijklmnopqrstuvwxyzABCDEFGHIJKLMNOPQRSTUVWXYZ-_ | 0123456789abcdefghijklmnopqrstuvwxyzABCDEFGHIJKLMNOPQRSTUVWXYZ-_ | 0123456789abcdefghijklmnopqrstuvwxyzABCDEFGHIJKLMNOPQRSTUVWXYZ-_ | 0123456789abcdefghijklmnopqrstuvwxyzABCDEFGHIJKLMNOPQRSTUVWXYZ-_ | 0123456789abcdefghijklmnopqrstuvwxyzABCDEFGHIJKLMNOPQRSTUVWXYZ-_ | 0123456789abcdefghijklmnopqrstuvwxyzABCDEFGHIJKLMNOPQRSTUVWXYZ-_ | 0123456789abcdefghijklmnopqrstuvwxyzABCDEFGHIJKLMNOPQRSTUVWXYZ-_ | 0123456789abcdefghijklmnopqrstuvwxyzABCDEFGHIJKLMNOPQRSTUVWXYZ-_ | 0123456789abcdefghijklmnopqrstuvwxyzABCDEFGHIJKLMNOPQRSTUVWXYZ-_,True,False,ok
lot45_gfsk200_consensus/20260929_185646_radio_ebyte_e79_cc1352p,lot45_gfsk200_consensus/20260929_185646_radio_ebyte_e79_cc1352p/run_00027,run_00027,2026-09-29T15:58:09+00:00,RADIO_EBYTE_E79_CC1352P,Ebyte E79-400DM2005S (CC1352P AT modem),RADIO_EBYTE_E79_CC1352P + AT_COMMANDS; E79 modem firmware 0.3.0 required,tx,COM16,COM4,COM16,2,1024,16,64,1024,"{""rf_profile"": ""GFSK200"", ""tx_power_dbm"": 0}",ampere,3300,96.64,96.64,94208,0.8336842105263158,True,4521.44332132528,5906.288182764511,26.14,96.64,7297.891879549997,18371.691126549293,,,7297.891879549997,18371.691126549293,705.2682712397117,280.0719277208679,2327.385295091048,924.237361478864,per_frame_modeled_airtime_v1,"[[26.14, 32.18], [58.26, 64.3], [89.78, 95.82], [121.75, 127.79], [153.16, 159.2], [185.24, 191.28], [217.49, 223.53], [249.84, 255.88], [281.59, 287.63], [313.35, 319.39], [345.42, 351.46], [377.52, 383.56], [409.98, 416.02], [441.7, 447.74], [474.2, 480.24], [506.25, 512.29]]",,,,COM4,0123456789abcdefghijklmnopqrstuvwxyzABCDEFGHIJKLMNOPQRSTUVWXYZ-_ | 0123456789abcdefghijklmnopqrstuvwxyzABCDEFGHIJKLMNOPQRSTUVWXYZ-_ | 0123456789abcdefghijklmnopqrstuvwxyzABCDEFGHIJKLMNOPQRSTUVWXYZ-_ | 0123456789abcdefghijklmnopqrstuvwxyzABCDEFGHIJKLMNOPQRSTUVWXYZ-_ | 0123456789abcdefghijklmnopqrstuvwxyzABCDEFGHIJKLMNOPQRSTUVWXYZ-_ | 0123456789abcdefghijklmnopqrstuvwxyzABCDEFGHIJKLMNOPQRSTUVWXYZ-_ | 0123456789abcdefghijklmnopqrstuvwxyzABCDEFGHIJKLMNOPQRSTUVWXYZ-_ | 0123456789abcdefghijklmnopqrstuvwxyzABCDEFGHIJKLMNOPQRSTUVWXYZ-_ | 0123456789abcdefghijklmnopqrstuvwxyzABCDEFGHIJKLMNOPQRSTUVWXYZ-_ | 0123456789abcdefghijklmnopqrstuvwxyzABCDEFGHIJKLMNOPQRSTUVWXYZ-_ | 0123456789abcdefghijklmnopqrstuvwxyzABCDEFGHIJKLMNOPQRSTUVWXYZ-_ | 0123456789abcdefghijklmnopqrstuvwxyzABCDEFGHIJKLMNOPQRSTUVWXYZ-_ | 0123456789abcdefghijklmnopqrstuvwxyzABCDEFGHIJKLMNOPQRSTUVWXYZ-_ | 0123456789abcdefghijklmnopqrstuvwxyzABCDEFGHIJKLMNOPQRSTUVWXYZ-_ | 0123456789abcdefghijklmnopqrstuvwxyzABCDEFGHIJKLMNOPQRSTUVWXYZ-_ | 0123456789abcdefghijklmnopqrstuvwxyzABCDEFGHIJKLMNOPQRSTUVWXYZ-_,True,False,ok
lot45_gfsk200_consensus/20260929_185646_radio_ebyte_e79_cc1352p,lot45_gfsk200_consensus/20260929_185646_radio_ebyte_e79_cc1352p/run_00028,run_00028,2026-09-29T15:58:11+00:00,RADIO_EBYTE_E79_CC1352P,Ebyte E79-400DM2005S (CC1352P AT modem),RADIO_EBYTE_E79_CC1352P + AT_COMMANDS; E79 modem firmware 0.3.0 required,tx,COM16,COM4,COM16,3,1024,16,64,1024,"{""rf_profile"": ""GFSK200"", ""tx_power_dbm"": 0}",ampere,3300,96.64,96.64,94208,0.8336842105263158,True,4526.299257648033,5963.401156339136,26.67,96.64,7217.618788923722,17835.039708683616,,,7217.618788923722,17835.039708683616,697.5106797615884,270.77914649594277,2301.7852432132418,893.5711834366111,per_frame_modeled_airtime_v1,"[[26.67, 32.71], [59.12, 65.16], [90.66, 96.7], [122.71, 128.75], [156.07, 162.11], [188.08, 194.12], [221.51, 227.55], [251.63, 257.67], [283.46, 289.5], [315.36, 321.4], [347.4, 353.44], [379.21, 385.25], [411.3, 417.34], [443.37, 449.41], [475.44, 481.48], [507.18, 513.22]]",,,,COM4,0123456789abcdefghijklmnopqrstuvwxyzABCDEFGHIJKLMNOPQRSTUVWXYZ-_ | 0123456789abcdefghijklmnopqrstuvwxyzABCDEFGHIJKLMNOPQRSTUVWXYZ-_ | 0123456789abcdefghijklmnopqrstuvwxyzABCDEFGHIJKLMNOPQRSTUVWXYZ-_ | 0123456789abcdefghijklmnopqrstuvwxyzABCDEFGHIJKLMNOPQRSTUVWXYZ-_ | 0123456789abcdefghijklmnopqrstuvwxyzABCDEFGHIJKLMNOPQRSTUVWXYZ-_ | 0123456789abcdefghijklmnopqrstuvwxyzABCDEFGHIJKLMNOPQRSTUVWXYZ-_ | 0123456789abcdefghijklmnopqrstuvwxyzABCDEFGHIJKLMNOPQRSTUVWXYZ-_ | 0123456789abcdefghijklmnopqrstuvwxyzABCDEFGHIJKLMNOPQRSTUVWXYZ-_ | 0123456789abcdefghijklmnopqrstuvwxyzABCDEFGHIJKLMNOPQRSTUVWXYZ-_ | 0123456789abcdefghijklmnopqrstuvwxyzABCDEFGHIJKLMNOPQRSTUVWXYZ-_ | 0123456789abcdefghijklmnopqrstuvwxyzABCDEFGHIJKLMNOPQRSTUVWXYZ-_ | 0123456789abcdefghijklmnopqrstuvwxyzABCDEFGHIJKLMNOPQRSTUVWXYZ-_ | 0123456789abcdefghijklmnopqrstuvwxyzABCDEFGHIJKLMNOPQRSTUVWXYZ-_ | 0123456789abcdefghijklmnopqrstuvwxyzABCDEFGHIJKLMNOPQRSTUVWXYZ-_ | 0123456789abcdefghijklmnopqrstuvwxyzABCDEFGHIJKLMNOPQRSTUVWXYZ-_ | 0123456789abcdefghijklmnopqrstuvwxyzABCDEFGHIJKLMNOPQRSTUVWXYZ-_,True,False,ok
lot45_gfsk200_consensus/20260929_185646_radio_ebyte_e79_cc1352p,lot45_gfsk200_consensus/20260929_185646_radio_ebyte_e79_cc1352p/run_00029,run_00029,2026-09-29T15:58:14+00:00,RADIO_EBYTE_E79_CC1352P,Ebyte E79-400DM2005S (CC1352P AT modem),RADIO_EBYTE_E79_CC1352P + AT_COMMANDS; E79 modem firmware 0.3.0 required,tx,COM16,COM4,COM16,4,1024,16,64,1024,"{""rf_profile"": ""GFSK200"", ""tx_power_dbm"": 0}",ampere,3300,96.64,96.64,94208,0.8336842105263158,True,4511.733792821595,5838.343886585589,27.39,96.64,7285.726487513224,18008.956343341302,,,7285.726487513224,18008.956343341302,704.092607753278,279.4707207651217,2323.505605585817,922.2533785249016,per_frame_modeled_airtime_v1,"[[27.39, 33.43], [59.28, 65.32], [91.19, 97.23], [124.08, 130.12], [156.11, 162.15], [187.6, 193.64], [219.67, 225.71], [251.48, 257.52], [283.11, 289.15], [314.99, 321.03], [346.9, 352.94], [378.45, 384.49], [410.35, 416.39], [441.64, 447.68], [473.76, 479.8], [505.74, 511.78]]",,,,COM4,0123456789abcdefghijklmnopqrstuvwxyzABCDEFGHIJKLMNOPQRSTUVWXYZ-_ | 0123456789abcdefghijklmnopqrstuvwxyzABCDEFGHIJKLMNOPQRSTUVWXYZ-_ | 0123456789abcdefghijklmnopqrstuvwxyzABCDEFGHIJKLMNOPQRSTUVWXYZ-_ | 0123456789abcdefghijklmnopqrstuvwxyzABCDEFGHIJKLMNOPQRSTUVWXYZ-_ | 0123456789abcdefghijklmnopqrstuvwxyzABCDEFGHIJKLMNOPQRSTUVWXYZ-_ | 0123456789abcdefghijklmnopqrstuvwxyzABCDEFGHIJKLMNOPQRSTUVWXYZ-_ | 0123456789abcdefghijklmnopqrstuvwxyzABCDEFGHIJKLMNOPQRSTUVWXYZ-_ | 0123456789abcdefghijklmnopqrstuvwxyzABCDEFGHIJKLMNOPQRSTUVWXYZ-_ | 0123456789abcdefghijklmnopqrstuvwxyzABCDEFGHIJKLMNOPQRSTUVWXYZ-_ | 0123456789abcdefghijklmnopqrstuvwxyzABCDEFGHIJKLMNOPQRSTUVWXYZ-_ | 0123456789abcdefghijklmnopqrstuvwxyzABCDEFGHIJKLMNOPQRSTUVWXYZ-_ | 0123456789abcdefghijklmnopqrstuvwxyzABCDEFGHIJKLMNOPQRSTUVWXYZ-_ | 0123456789abcdefghijklmnopqrstuvwxyzABCDEFGHIJKLMNOPQRSTUVWXYZ-_ | 0123456789abcdefghijklmnopqrstuvwxyzABCDEFGHIJKLMNOPQRSTUVWXYZ-_0123456789abcdefghijklmnopqrstuvwxyzABCDEFGHIJKLMNOPQRSTUVWXYZ-_ | 0123456789abcdefghijklmnopqrstuvwxyzABCDEFGHIJKLMNOPQRSTUVWXYZ-_,False,True,rx_missing
lot45_gfsk200_consensus/20260929_185646_radio_ebyte_e79_cc1352p,lot45_gfsk200_consensus/20260929_185646_radio_ebyte_e79_cc1352p/run_00030,run_00030,2026-09-29T15:58:17+00:00,RADIO_EBYTE_E79_CC1352P,Ebyte E79-400DM2005S (CC1352P AT modem),RADIO_EBYTE_E79_CC1352P + AT_COMMANDS; E79 modem firmware 0.3.0 required,tx,COM16,COM4,COM16,5,1024,16,64,1024,"{""rf_profile"": ""GFSK200"", ""tx_power_dbm"": 0}",ampere,3300,96.64,96.64,94208,0.8336842105263158,True,4531.155975351395,5968.489569020163,28.06,96.64,7148.093988192381,17783.63919893014,,,7148.093988192381,17783.63919893014,690.7918030189118,263.1443915075073,2279.6129499624085,868.376491974774,per_frame_modeled_airtime_v1,"[[28.06, 34.1], [60.82, 66.86], [92.95, 98.99], [125.76, 131.8], [157.69, 163.73], [189.8, 195.84], [221.9, 227.94], [253.65, 259.69], [285.94, 291.98], [317.75, 323.79], [349.54, 355.58], [381.41, 387.45], [413.39, 419.43], [445.34, 451.38], [477.7, 483.74], [509.85, 515.89]]",,,,COM4,0123456789abcdefghijklmnopqrstuvwxyzABCDEFGHIJKLMNOPQRSTUVWXYZ-_ | 0123456789abcdefghijklmnopqrstuvwxyzABCDEFGHIJKLMNOPQRSTUVWXYZ-_ | 0123456789abcdefghijklmnopqrstuvwxyzABCDEFGHIJKLMNOPQRSTUVWXYZ-_ | 0123456789abcdefghijklmnopqrstuvwxyzABCDEFGHIJKLMNOPQRSTUVWXYZ-_ | 0123456789abcdefghijklmnopqrstuvwxyzABCDEFGHIJKLMNOPQRSTUVWXYZ-_ | 0123456789abcdefghijklmnopqrstuvwxyzABCDEFGHIJKLMNOPQRSTUVWXYZ-_ | 0123456789abcdefghijklmnopqrstuvwxyzABCDEFGHIJKLMNOPQRSTUVWXYZ-_ | 0123456789abcdefghijklmnopqrstuvwxyzABCDEFGHIJKLMNOPQRSTUVWXYZ-_ | 0123456789abcdefghijklmnopqrstuvwxyzABCDEFGHIJKLMNOPQRSTUVWXYZ-_ | 0123456789abcdefghijklmnopqrstuvwxyzABCDEFGHIJKLMNOPQRSTUVWXYZ-_ | 0123456789abcdefghijklmnopqrstuvwxyzABCDEFGHIJKLMNOPQRSTUVWXYZ-_ | 0123456789abcdefghijklmnopqrstuvwxyzABCDEFGHIJKLMNOPQRSTUVWXYZ-_ | 0123456789abcdefghijklmnopqrstuvwxyzABCDEFGHIJKLMNOPQRSTUVWXYZ-_ | 0123456789abcdefghijklmnopqrstuvwxyzABCDEFGHIJKLMNOPQRSTUVWXYZ-_ | 0123456789abcdefghijklmnopqrstuvwxyzABCDEFGHIJKLMNOPQRSTUVWXYZ-_ | 0123456789abcdefghijklmnopqrstuvwxyzABCDEFGHIJKLMNOPQRSTUVWXYZ-_,True,False,ok
lot45_gfsk200_consensus/20260929_185646_radio_ebyte_e79_cc1352p,lot45_gfsk200_consensus/20260929_185646_radio_ebyte_e79_cc1352p/run_00031,run_00031,2026-09-29T15:58:21+00:00,RADIO_EBYTE_E79_CC1352P,Ebyte E79-400DM2005S (CC1352P AT modem),RADIO_EBYTE_E79_CC1352P + AT_COMMANDS; E79 modem firmware 0.3.0 required,tx,COM16,COM4,COM16,1,128,2,64,128,"{""rf_profile"": ""GFSK200"", ""tx_power_dbm"": 13}",ampere,3300,12.08,12.08,94208,0.8336842105263158,True,4511.733792821595,5896.133799903734,26.61,12.08,8318.553749284212,17674.526359648928,,,8318.553749284212,17674.526359648928,100.48812929135327,47.36404120737619,331.6108266614658,156.30133598434142,per_frame_modeled_airtime_v1,"[[26.61, 32.65], [58.45, 64.49]]",,,,COM4,0123456789abcdefghijklmnopqrstuvwxyzABCDEFGHIJKLMNOPQRSTUVWXYZ-_ | 0123456789abcdefghijklmnopqrstuvwxyzABCDEFGHIJKLMNOPQRSTUVWXYZ-_,True,False,ok
lot45_gfsk200_consensus/20260929_185646_radio_ebyte_e79_cc1352p,lot45_gfsk200_consensus/20260929_185646_radio_ebyte_e79_cc1352p/run_00032,run_00032,2026-09-29T15:58:23+00:00,RADIO_EBYTE_E79_CC1352P,Ebyte E79-400DM2005S (CC1352P AT modem),RADIO_EBYTE_E79_CC1352P + AT_COMMANDS; E79 modem firmware 0.3.0 required,tx,COM16,COM4,COM16,2,128,2,64,128,"{""rf_profile"": ""GFSK200"", ""tx_power_dbm"": 13}",ampere,3300,12.08,12.08,95232,0.0,True,4511.733792821595,5896.133799903734,27.55,12.08,8133.523128461156,17261.96028257348,,,8133.523128461156,17261.96028257348,98.25295939181076,44.97162281991993,324.2347659929755,148.40635530573576,per_frame_modeled_airtime_v1,"[[27.55, 33.59], [58.65, 64.69]]",,,,COM4,0123456789abcdefghijklmnopqrstuvwxyzABCDEFGHIJKLMNOPQRSTUVWXYZ-_ | 0123456789abcdefghijklmnopqrstuvwxyzABCDEFGHIJKLMNOPQRSTUVWXYZ-_,True,False,ok
lot45_gfsk200_consensus/20260929_185646_radio_ebyte_e79_cc1352p,lot45_gfsk200_consensus/20260929_185646_radio_ebyte_e79_cc1352p/run_00033,run_00033,2026-09-29T15:58:26+00:00,RADIO_EBYTE_E79_CC1352P,Ebyte E79-400DM2005S (CC1352P AT modem),RADIO_EBYTE_E79_CC1352P + AT_COMMANDS; E79 modem firmware 0.3.0 required,tx,COM16,COM4,COM16,3,128,2,64,128,"{""rf_profile"": ""GFSK200"", ""tx_power_dbm"": 13}",ampere,3300,12.08,12.08,94208,0.8336842105263158,True,4506.880200640662,5833.27713502524,27.39,12.08,8310.529347216943,17788.57872431133,,,8310.529347216943,17788.57872431133,100.39119451438067,47.56630368980772,331.2909418974562,156.96880217636547,per_frame_modeled_airtime_v1,"[[27.39, 33.43], [59.93, 65.97]]",,,,COM4,0123456789abcdefghijklmnopqrstuvwxyzABCDEFGHIJKLMNOPQRSTUVWXYZ-_0123456789abcdefghijklmnopqrstuvwxyzABCDEFGHIJKLMNOPQRSTUVWXYZ-_,False,True,rx_missing
lot45_gfsk200_consensus/20260929_185646_radio_ebyte_e79_cc1352p,lot45_gfsk200_consensus/20260929_185646_radio_ebyte_e79_cc1352p/run_00034,run_00034,2026-09-29T15:58:29+00:00,RADIO_EBYTE_E79_CC1352P,Ebyte E79-400DM2005S (CC1352P AT modem),RADIO_EBYTE_E79_CC1352P + AT_COMMANDS; E79 modem firmware 0.3.0 required,tx,COM16,COM4,COM16,4,128,2,64,128,"{""rf_profile"": ""GFSK200"", ""tx_power_dbm"": 13}",ampere,3300,12.08,12.08,94208,0.8336842105263158,True,4521.44332132528,5958.31352503874,27.1,12.08,7958.965890641187,16832.016219537636,,,7958.965890641187,16832.016219537636,96.14430795894553,42.675408167703665,317.27621626452026,140.8288469534221,per_frame_modeled_airtime_v1,"[[27.1, 33.14], [59.58, 65.62]]",,,,COM4,0123456789abcdefghijklmnopqrstuvwxyzABCDEFGHIJKLMNOPQRSTUVWXYZ-_ | 0123456789abcdefghijklmnopqrstuvwxyzABCDEFGHIJKLMNOPQRSTUVWXYZ-_,True,False,ok
lot45_gfsk200_consensus/20260929_185646_radio_ebyte_e79_cc1352p,lot45_gfsk200_consensus/20260929_185646_radio_ebyte_e79_cc1352p/run_00035,run_00035,2026-09-29T15:58:31+00:00,RADIO_EBYTE_E79_CC1352P,Ebyte E79-400DM2005S (CC1352P AT modem),RADIO_EBYTE_E79_CC1352P + AT_COMMANDS; E79 modem firmware 0.3.0 required,tx,COM16,COM4,COM16,5,128,2,64,128,"{""rf_profile"": ""GFSK200"", ""tx_power_dbm"": 13}",ampere,3300,12.08,12.08,94208,0.8336842105263158,True,4516.588166383134,5901.210600643814,27.36,12.08,8215.852567871687,17662.3806604781,,,8215.852567871687,17662.3806604781,99.24749901988999,45.81290188455863,327.5167467656369,151.18257621904345,per_frame_modeled_airtime_v1,"[[27.36, 33.4], [59.65, 65.69]]",,,,COM4,0123456789abcdefghijklmnopqrstuvwxyzABCDEFGHIJKLMNOPQRSTUVWXYZ-_ | 0123456789abcdefghijklmnopqrstuvwxyzABCDEFGHIJKLMNOPQRSTUVWXYZ-_,True,False,ok
lot45_gfsk200_consensus/20260929_185646_radio_ebyte_e79_cc1352p,lot45_gfsk200_consensus/20260929_185646_radio_ebyte_e79_cc1352p/run_00036,run_00036,2026-09-29T15:58:34+00:00,RADIO_EBYTE_E79_CC1352P,Ebyte E79-400DM2005S (CC1352P AT modem),RADIO_EBYTE_E79_CC1352P + AT_COMMANDS; E79 modem firmware 0.3.0 required,tx,COM16,COM4,COM16,1,512,8,64,512,"{""rf_profile"": ""GFSK200"", ""tx_power_dbm"": 13}",ampere,3300,48.32,48.32,94208,0.8336842105263158,True,4511.733792821595,5896.133799903734,27.06,48.32,8377.466161518867,18067.621071488196,,,8377.466161518867,18067.621071488196,404.79916492459165,192.08780465084405,1335.8372442511525,633.8897553477854,per_frame_modeled_airtime_v1,"[[27.06, 33.1], [58.15, 64.19], [89.8, 95.84], [121.16, 127.2], [152.85, 158.89], [184.61, 190.65], [216.52, 222.56], [248.39, 254.43]]",,,,COM4,0123456789abcdefghijklmnopqrstuvwxyzABCDEFGHIJKLMNOPQRSTUVWXYZ-_ | 0123456789abcdefghijklmnopqrstuvwxyzABCDEFGHIJKLMNOPQRSTUVWXYZ-_ | 0123456789abcdefghijklmnopqrstuvwxyzABCDEFGHIJKLMNOPQRSTUVWXYZ-_ | 0123456789abcdefghijklmnopqrstuvwxyzABCDEFGHIJKLMNOPQRSTUVWXYZ-_ | 0123456789abcdefghijklmnopqrstuvwxyzABCDEFGHIJKLMNOPQRSTUVWXYZ-_ | 0123456789abcdefghijklmnopqrstuvwxyzABCDEFGHIJKLMNOPQRSTUVWXYZ-_ | 0123456789abcdefghijklmnopqrstuvwxyzABCDEFGHIJKLMNOPQRSTUVWXYZ-_ | 0123456789abcdefghijklmnopqrstuvwxyzABCDEFGHIJKLMNOPQRSTUVWXYZ-_,True,False,ok
lot45_gfsk200_consensus/20260929_185646_radio_ebyte_e79_cc1352p,lot45_gfsk200_consensus/20260929_185646_radio_ebyte_e79_cc1352p/run_00037,run_00037,2026-09-29T15:58:37+00:00,RADIO_EBYTE_E79_CC1352P,Ebyte E79-400DM2005S (CC1352P AT modem),RADIO_EBYTE_E79_CC1352P + AT_COMMANDS; E79 modem firmware 0.3.0 required,tx,COM16,COM4,COM16,2,512,8,64,512,"{""rf_profile"": ""GFSK200"", ""tx_power_dbm"": 13}",ampere,3300,48.32,48.32,94208,0.8336842105263158,True,4506.880200640662,5885.719528259233,26.41,48.32,8277.847019641076,17575.559126501237,,,8277.847019641076,17575.559126501237,399.9855679890568,188.06844149897287,1319.9523743638874,620.6258569466105,per_frame_modeled_airtime_v1,"[[26.41, 32.45], [58.78, 64.82], [89.58, 95.62], [121.84, 127.88], [152.49, 158.53], [185.6, 191.64], [217.65, 223.69], [250.14, 256.18]]",,,,COM4,0123456789abcdefghijklmnopqrstuvwxyzABCDEFGHIJKLMNOPQRSTUVWXYZ-_ | 0123456789abcdefghijklmnopqrstuvwxyzABCDEFGHIJKLMNOPQRSTUVWXYZ-_ | 0123456789abcdefghijklmnopqrstuvwxyzABCDEFGHIJKLMNOPQRSTUVWXYZ-_ | 0123456789abcdefghijklmnopqrstuvwxyzABCDEFGHIJKLMNOPQRSTUVWXYZ-_ | 0123456789abcdefghijklmnopqrstuvwxyzABCDEFGHIJKLMNOPQRSTUVWXYZ-_ | 0123456789abcdefghijklmnopqrstuvwxyzABCDEFGHIJKLMNOPQRSTUVWXYZ-_ | 0123456789abcdefghijklmnopqrstuvwxyzABCDEFGHIJKLMNOPQRSTUVWXYZ-_ | 0123456789abcdefghijklmnopqrstuvwxyzABCDEFGHIJKLMNOPQRSTUVWXYZ-_,True,False,ok
lot45_gfsk200_consensus/20260929_185646_radio_ebyte_e79_cc1352p,lot45_gfsk200_consensus/20260929_185646_radio_ebyte_e79_cc1352p/run_00038,run_00038,2026-09-29T15:58:40+00:00,RADIO_EBYTE_E79_CC1352P,Ebyte E79-400DM2005S (CC1352P AT modem),RADIO_EBYTE_E79_CC1352P + AT_COMMANDS; E79 modem firmware 0.3.0 required,tx,COM16,COM4,COM16,3,512,8,64,512,"{""rf_profile"": ""GFSK200"", ""tx_power_dbm"": 13}",ampere,3300,48.32,48.32,94208,0.8336842105263158,True,4511.733792821595,5890.795547618716,26.16,48.32,8187.950369227649,17363.570955724892,,,8187.950369227649,17363.570955724892,395.64176184108004,182.9469118786926,1305.617814075564,603.7248091996855,per_frame_modeled_airtime_v1,"[[26.16, 32.2], [57.91, 63.95], [89.96, 96.0], [121.51, 127.55], [152.6, 158.64], [183.71, 189.75], [215.26, 221.3], [248.78, 254.82]]",,,,COM4,0123456789abcdefghijklmnopqrstuvwxyzABCDEFGHIJKLMNOPQRSTUVWXYZ-_ | 0123456789abcdefghijklmnopqrstuvwxyzABCDEFGHIJKLMNOPQRSTUVWXYZ-_ | 0123456789abcdefghijklmnopqrstuvwxyzABCDEFGHIJKLMNOPQRSTUVWXYZ-_ | 0123456789abcdefghijklmnopqrstuvwxyzABCDEFGHIJKLMNOPQRSTUVWXYZ-_ | 0123456789abcdefghijklmnopqrstuvwxyzABCDEFGHIJKLMNOPQRSTUVWXYZ-_ | 0123456789abcdefghijklmnopqrstuvwxyzABCDEFGHIJKLMNOPQRSTUVWXYZ-_ | 0123456789abcdefghijklmnopqrstuvwxyzABCDEFGHIJKLMNOPQRSTUVWXYZ-_ | 0123456789abcdefghijklmnopqrstuvwxyzABCDEFGHIJKLMNOPQRSTUVWXYZ-_,True,False,ok
lot45_gfsk200_consensus/20260929_185646_radio_ebyte_e79_cc1352p,lot45_gfsk200_consensus/20260929_185646_radio_ebyte_e79_cc1352p/run_00039,run_00039,2026-09-29T15:58:42+00:00,RADIO_EBYTE_E79_CC1352P,Ebyte E79-400DM2005S (CC1352P AT modem),RADIO_EBYTE_E79_CC1352P + AT_COMMANDS; E79 modem firmware 0.3.0 required,tx,COM16,COM4,COM16,4,512,8,64,512,"{""rf_profile"": ""GFSK200"", ""tx_power_dbm"": 13}",ampere,3300,48.32,48.32,94208,0.8336842105263158,True,4516.588166383134,5895.872348358796,26.22,48.32,8243.947693909271,17513.81640806972,,,8243.947693909271,17513.81640806972,398.347552569696,185.27829985240803,1314.5469234799968,611.4183895129464,per_frame_modeled_airtime_v1,"[[26.22, 32.26], [57.92, 63.96], [89.62, 95.66], [120.79, 126.83], [151.87, 157.91], [184.59, 190.63], [216.47, 222.51], [248.5, 254.54]]",,,,COM4,0123456789abcdefghijklmnopqrstuvwxyzABCDEFGHIJKLMNOPQRSTUVWXYZ-_ | 0123456789abcdefghijklmnopqrstuvwxyzABCDEFGHIJKLMNOPQRSTUVWXYZ-_ | 0123456789abcdefghijklmnopqrstuvwxyzABCDEFGHIJKLMNOPQRSTUVWXYZ-_ | 0123456789abcdefghijklmnopqrstuvwxyzABCDEFGHIJKLMNOPQRSTUVWXYZ-_ | 0123456789abcdefghijklmnopqrstuvwxyzABCDEFGHIJKLMNOPQRSTUVWXYZ-_ | 0123456789abcdefghijklmnopqrstuvwxyzABCDEFGHIJKLMNOPQRSTUVWXYZ-_ | 0123456789abcdefghijklmnopqrstuvwxyzABCDEFGHIJKLMNOPQRSTUVWXYZ-_ | 0123456789abcdefghijklmnopqrstuvwxyzABCDEFGHIJKLMNOPQRSTUVWXYZ-_,True,False,ok
lot45_gfsk200_consensus/20260929_185646_radio_ebyte_e79_cc1352p,lot45_gfsk200_consensus/20260929_185646_radio_ebyte_e79_cc1352p/run_00040,run_00040,2026-09-29T15:58:45+00:00,RADIO_EBYTE_E79_CC1352P,Ebyte E79-400DM2005S (CC1352P AT modem),RADIO_EBYTE_E79_CC1352P + AT_COMMANDS; E79 modem firmware 0.3.0 required,tx,COM16,COM4,COM16,5,512,8,64,512,"{""rf_profile"": ""GFSK200"", ""tx_power_dbm"": 13}",ampere,3300,48.32,48.32,94208,0.8336842105263158,True,4506.880200640662,5885.719528259233,27.03,48.32,8370.284260860128,17828.02704117196,,,8370.284260860128,17828.02704117196,404.45213548476136,191.72408554207834,1334.6920470997125,632.6894822888585,per_frame_modeled_airtime_v1,"[[27.03, 33.07], [59.51, 65.55], [89.93, 95.97], [121.75, 127.79], [153.04, 159.08], [185.52, 191.56], [216.46, 222.5], [248.22, 254.26]]",,,,COM4,0123456789abcdefghijklmnopqrstuvwxyzABCDEFGHIJKLMNOPQRSTUVWXYZ-_ | 0123456789abcdefghijklmnopqrstuvwxyzABCDEFGHIJKLMNOPQRSTUVWXYZ-_ | 0123456789abcdefghijklmnopqrstuvwxyzABCDEFGHIJKLMNOPQRSTUVWXYZ-_ | 0123456789abcdefghijklmnopqrstuvwxyzABCDEFGHIJKLMNOPQRSTUVWXYZ-_ | 0123456789abcdefghijklmnopqrstuvwxyzABCDEFGHIJKLMNOPQRSTUVWXYZ-_ | 0123456789abcdefghijklmnopqrstuvwxyzABCDEFGHIJKLMNOPQRSTUVWXYZ-_ | 0123456789abcdefghijklmnopqrstuvwxyzABCDEFGHIJKLMNOPQRSTUVWXYZ-_ | 0123456789abcdefghijklmnopqrstuvwxyzABCDEFGHIJKLMNOPQRSTUVWXYZ-_,True,False,ok
lot45_gfsk200_consensus/20260929_185646_radio_ebyte_e79_cc1352p,lot45_gfsk200_consensus/20260929_185646_radio_ebyte_e79_cc1352p/run_00041,run_00041,2026-09-29T15:58:48+00:00,RADIO_EBYTE_E79_CC1352P,Ebyte E79-400DM2005S (CC1352P AT modem),RADIO_EBYTE_E79_CC1352P + AT_COMMANDS; E79 modem firmware 0.3.0 required,tx,COM16,COM4,COM16,1,1024,16,64,1024,"{""rf_profile"": ""GFSK200"", ""tx_power_dbm"": 13}",ampere,3300,96.64,96.64,94208,0.8336842105263158,True,4506.880200640662,5885.719528259233,26.82,96.64,8270.096530430836,17897.83077718704,,,8270.096530430836,17897.83077718704,799.222128700836,373.88069084154375,2637.4330247127587,1233.8062797770942,per_frame_modeled_airtime_v1,"[[26.82, 32.86], [58.78, 64.82], [90.67, 96.71], [123.05, 129.09], [155.55, 161.59], [186.78, 192.82], [219.23, 225.27], [250.72, 256.76], [282.09, 288.13], [313.94, 319.98], [346.01, 352.05], [377.81, 383.85], [409.02, 415.06], [441.14, 447.18], [472.82, 478.86], [504.16, 510.2]]",,,,COM4,0123456789abcdefghijklmnopqrstuvwxyzABCDEFGHIJKLMNOPQRSTUVWXYZ-_ | 0123456789abcdefghijklmnopqrstuvwxyzABCDEFGHIJKLMNOPQRSTUVWXYZ-_ | 0123456789abcdefghijklmnopqrstuvwxyzABCDEFGHIJKLMNOPQRSTUVWXYZ-_ | 0123456789abcdefghijklmnopqrstuvwxyzABCDEFGHIJKLMNOPQRSTUVWXYZ-_ | 0123456789abcdefghijklmnopqrstuvwxyzABCDEFGHIJKLMNOPQRSTUVWXYZ-_ | 0123456789abcdefghijklmnopqrstuvwxyzABCDEFGHIJKLMNOPQRSTUVWXYZ-_ | 0123456789abcdefghijklmnopqrstuvwxyzABCDEFGHIJKLMNOPQRSTUVWXYZ-_ | 0123456789abcdefghijklmnopqrstuvwxyzABCDEFGHIJKLMNOPQRSTUVWXYZ-_ | 0123456789abcdefghijklmnopqrstuvwxyzABCDEFGHIJKLMNOPQRSTUVWXYZ-_ | 0123456789abcdefghijklmnopqrstuvwxyzABCDEFGHIJKLMNOPQRSTUVWXYZ-_ | 0123456789abcdefghijklmnopqrstuvwxyzABCDEFGHIJKLMNOPQRSTUVWXYZ-_ | 0123456789abcdefghijklmnopqrstuvwxyzABCDEFGHIJKLMNOPQRSTUVWXYZ-_ | 0123456789abcdefghijklmnopqrstuvwxyzABCDEFGHIJKLMNOPQRSTUVWXYZ-_ | 0123456789abcdefghijklmnopqrstuvwxyzABCDEFGHIJKLMNOPQRSTUVWXYZ-_ | 0123456789abcdefghijklmnopqrstuvwxyzABCDEFGHIJKLMNOPQRSTUVWXYZ-_ | 0123456789abcdefghijklmnopqrstuvwxyzABCDEFGHIJKLMNOPQRSTUVWXYZ-_,True,False,ok
lot45_gfsk200_consensus/20260929_185646_radio_ebyte_e79_cc1352p,lot45_gfsk200_consensus/20260929_185646_radio_ebyte_e79_cc1352p/run_00042,run_00042,2026-09-29T15:58:50+00:00,RADIO_EBYTE_E79_CC1352P,Ebyte E79-400DM2005S (CC1352P AT modem),RADIO_EBYTE_E79_CC1352P + AT_COMMANDS; E79 modem firmware 0.3.0 required,tx,COM16,COM4,COM16,2,1024,16,64,1024,"{""rf_profile"": ""GFSK200"", ""tx_power_dbm"": 13}",ampere,3300,96.64,96.64,94208,0.8336842105263158,True,4511.733792821595,5890.795547618716,26.97,96.64,8289.57490360081,18821.490283393832,,,8289.57490360081,18821.490283393832,801.1045186839822,374.9893536926093,2643.644911657141,1237.4648671856107,per_frame_modeled_airtime_v1,"[[26.97, 33.01], [58.36, 64.4], [90.73, 96.77], [121.94, 127.98], [154.25, 160.29], [185.37, 191.41], [217.89, 223.93], [248.29, 254.33], [279.76, 285.8], [311.53, 317.57], [344.02, 350.06], [375.03, 381.07], [407.57, 413.61], [439.46, 445.5], [471.89, 477.93], [503.98, 510.02]]",,,,COM4,0123456789abcdefghijklmnopqrstuvwxyzABCDEFGHIJKLMNOPQRSTUVWXYZ-_ | 0123456789abcdefghijklmnopqrstuvwxyzABCDEFGHIJKLMNOPQRSTUVWXYZ-_ | 0123456789abcdefghijklmnopqrstuvwxyzABCDEFGHIJKLMNOPQRSTUVWXYZ-_ | 0123456789abcdefghijklmnopqrstuvwxyzABCDEFGHIJKLMNOPQRSTUVWXYZ-_0123456789abcdefghijklmnopqrstuvwxyzABCDEFGHIJKLMNOPQRSTUVWXYZ-_ | 0123456789abcdefghijklmnopqrstuvwxyzABCDEFGHIJKLMNOPQRSTUVWXYZ-_ | 0123456789abcdefghijklmnopqrstuvwxyzABCDEFGHIJKLMNOPQRSTUVWXYZ-_ | 0123456789abcdefghijklmnopqrstuvwxyzABCDEFGHIJKLMNOPQRSTUVWXYZ-_ | 0123456789abcdefghijklmnopqrstuvwxyzABCDEFGHIJKLMNOPQRSTUVWXYZ-_ | 0123456789abcdefghijklmnopqrstuvwxyzABCDEFGHIJKLMNOPQRSTUVWXYZ-_ | 0123456789abcdefghijklmnopqrstuvwxyzABCDEFGHIJKLMNOPQRSTUVWXYZ-_ | 0123456789abcdefghijklmnopqrstuvwxyzABCDEFGHIJKLMNOPQRSTUVWXYZ-_ | 0123456789abcdefghijklmnopqrstuvwxyzABCDEFGHIJKLMNOPQRSTUVWXYZ-_ | 0123456789abcdefghijklmnopqrstuvwxyzABCDEFGHIJKLMNOPQRSTUVWXYZ-_ | 0123456789abcdefghijklmnopqrstuvwxyzABCDEFGHIJKLMNOPQRSTUVWXYZ-_0123456789abcdefghijklmnopqrstuvwxyzABCDEFGHIJKLMNOPQRSTUVWXYZ-_,False,True,rx_missing
lot45_gfsk200_consensus/20260929_185646_radio_ebyte_e79_cc1352p,lot45_gfsk200_consensus/20260929_185646_radio_ebyte_e79_cc1352p/run_00043,run_00043,2026-09-29T15:58:53+00:00,RADIO_EBYTE_E79_CC1352P,Ebyte E79-400DM2005S (CC1352P AT modem),RADIO_EBYTE_E79_CC1352P + AT_COMMANDS; E79 modem firmware 0.3.0 required,tx,COM16,COM4,COM16,3,1024,16,64,1024,"{""rf_profile"": ""GFSK200"", ""tx_power_dbm"": 13}",ampere,3300,96.64,96.64,94208,0.8336842105263158,True,4511.733792821595,5890.795547618716,26.53,96.64,8151.899532912634,17794.25524467744,,,8151.899532912634,17794.25524467744,787.7995708606769,360.12779581791364,2599.738583840234,1188.421726199115,per_frame_modeled_airtime_v1,"[[26.53, 32.57], [58.41, 64.45], [90.25, 96.29], [121.63, 127.67], [153.09, 159.13], [184.59, 190.63], [216.04, 222.08], [247.48, 253.52], [278.82, 284.86], [310.83, 316.87], [342.19, 348.23], [374.52, 380.56], [405.62, 411.66], [437.45, 443.49], [469.18, 475.22], [501.9, 507.94]]",,,,COM4,0123456789abcdefghijklmnopqrstuvwxyzABCDEFGHIJKLMNOPQRSTUVWXYZ-_ | 0123456789abcdefghijklmnopqrstuvwxyzABCDEFGHIJKLMNOPQRSTUVWXYZ-_ | 0123456789abcdefghijklmnopqrstuvwxyzABCDEFGHIJKLMNOPQRSTUVWXYZ-_ | 0123456789abcdefghijklmnopqrstuvwxyzABCDEFGHIJKLMNOPQRSTUVWXYZ-_ | 0123456789abcdefghijklmnopqrstuvwxyzABCDEFGHIJKLMNOPQRSTUVWXYZ-_ | 0123456789abcdefghijklmnopqrstuvwxyzABCDEFGHIJKLMNOPQRSTUVWXYZ-_ | 0123456789abcdefghijklmnopqrstuvwxyzABCDEFGHIJKLMNOPQRSTUVWXYZ-_ | 0123456789abcdefghijklmnopqrstuvwxyzABCDEFGHIJKLMNOPQRSTUVWXYZ-_ | 0123456789abcdefghijklmnopqrstuvwxyzABCDEFGHIJKLMNOPQRSTUVWXYZ-_ | 0123456789abcdefghijklmnopqrstuvwxyzABCDEFGHIJKLMNOPQRSTUVWXYZ-_ | 0123456789abcdefghijklmnopqrstuvwxyzABCDEFGHIJKLMNOPQRSTUVWXYZ-_ | 0123456789abcdefghijklmnopqrstuvwxyzABCDEFGHIJKLMNOPQRSTUVWXYZ-_ | 0123456789abcdefghijklmnopqrstuvwxyzABCDEFGHIJKLMNOPQRSTUVWXYZ-_ | 0123456789abcdefghijklmnopqrstuvwxyzABCDEFGHIJKLMNOPQRSTUVWXYZ-_ | 0123456789abcdefghijklmnopqrstuvwxyzABCDEFGHIJKLMNOPQRSTUVWXYZ-_ | 0123456789abcdefghijklmnopqrstuvwxyzABCDEFGHIJKLMNOPQRSTUVWXYZ-_,True,False,ok
lot45_gfsk200_consensus/20260929_185646_radio_ebyte_e79_cc1352p,lot45_gfsk200_consensus/20260929_185646_radio_ebyte_e79_cc1352p/run_00044,run_00044,2026-09-29T15:58:56+00:00,RADIO_EBYTE_E79_CC1352P,Ebyte E79-400DM2005S (CC1352P AT modem),RADIO_EBYTE_E79_CC1352P + AT_COMMANDS; E79 modem firmware 0.3.0 required,tx,COM16,COM4,COM16,4,1024,16,64,1024,"{""rf_profile"": ""GFSK200"", ""tx_power_dbm"": 13}",ampere,3300,96.64,96.64,94208,0.8336842105263158,True,4511.733792821595,5890.795547618716,26.82,96.64,8263.08638357811,17789.871747652378,,,8263.08638357811,17789.871747652378,798.5446681089884,372.54285608075054,2635.1974047596614,1229.3914250664768,per_frame_modeled_airtime_v1,"[[26.82, 32.86], [58.57, 64.61], [90.69, 96.73], [123.1, 129.14], [155.5, 161.54], [185.85, 191.89], [217.68, 223.72], [249.06, 255.1], [280.15, 286.19], [312.31, 318.35], [344.78, 350.82], [376.16, 382.2], [408.15, 414.19], [439.41, 445.45], [470.62, 476.66], [502.46, 508.5]]",,,,COM4,0123456789abcdefghijklmnopqrstuvwxyzABCDEFGHIJKLMNOPQRSTUVWXYZ-_ | 0123456789abcdefghijklmnopqrstuvwxyzABCDEFGHIJKLMNOPQRSTUVWXYZ-_ | 0123456789abcdefghijklmnopqrstuvwxyzABCDEFGHIJKLMNOPQRSTUVWXYZ-_ | 0123456789abcdefghijklmnopqrstuvwxyzABCDEFGHIJKLMNOPQRSTUVWXYZ-_ | 0123456789abcdefghijklmnopqrstuvwxyzABCDEFGHIJKLMNOPQRSTUVWXYZ-_ | 0123456789abcdefghijklmnopqrstuvwxyzABCDEFGHIJKLMNOPQRSTUVWXYZ-_ | 0123456789abcdefghijklmnopqrstuvwxyzABCDEFGHIJKLMNOPQRSTUVWXYZ-_ | 0123456789abcdefghijklmnopqrstuvwxyzABCDEFGHIJKLMNOPQRSTUVWXYZ-_ | 0123456789abcdefghijklmnopqrstuvwxyzABCDEFGHIJKLMNOPQRSTUVWXYZ-_ | 0123456789abcdefghijklmnopqrstuvwxyzABCDEFGHIJKLMNOPQRSTUVWXYZ-_ | 0123456789abcdefghijklmnopqrstuvwxyzABCDEFGHIJKLMNOPQRSTUVWXYZ-_ | 0123456789abcdefghijklmnopqrstuvSTUVWXYZ-_ | 0123456789abcdefghijklmnopqrstuvwxyzABCDEFGHIJKLMNOPQRSTUVWXYZ-_ | 0123456789abcdefghijklmnopqrstuvwxyzABCDEFGHIJKLMNOPQRSTUVWXYZ-_ | 0123456789abcdefghijklmnopqrstuvwxyzABCDEFGHIJKLMNOPQRSTUVWXYZ-_ | 0123456789abcdefghijklmnopqrstuvwxyzABCDEFGHIJKLMNOPQRSTUVWXYZ-_,False,True,rx_missing
lot45_gfsk200_consensus/20260929_185646_radio_ebyte_e79_cc1352p,lot45_gfsk200_consensus/20260929_185646_radio_ebyte_e79_cc1352p/run_00045,run_00045,2026-09-29T15:58:59+00:00,RADIO_EBYTE_E79_CC1352P,Ebyte E79-400DM2005S (CC1352P AT modem),RADIO_EBYTE_E79_CC1352P + AT_COMMANDS; E79 modem firmware 0.3.0 required,tx,COM16,COM4,COM16,5,1024,16,64,1024,"{""rf_profile"": ""GFSK200"", ""tx_power_dbm"": 13}",ampere,3300,96.64,96.64,94208,0.8336842105263158,True,4502.027389840338,5823.308499118428,27.28,96.64,8255.771731598945,18184.8497890666,,,8255.771731598945,18184.8497890666,797.8377801417221,372.3513173158143,2632.8646744676826,1228.7593471421872,per_frame_modeled_airtime_v1,"[[27.28, 33.32], [60.16, 66.2], [91.94, 97.98], [122.8, 128.84], [154.45, 160.49], [186.33, 192.37], [218.04, 224.08], [250.04, 256.08], [282.44, 288.48], [313.3, 319.34], [345.69, 351.73], [377.12, 383.16], [408.23, 414.27], [440.19, 446.23], [472.4, 478.44], [504.04, 510.08]]",,,,COM4,0123456789abcdefghijklmnopqrstuvwxyzABCDEFGHIJKLMNOPQRSTUVWXYZ-_ | 0123456789abcdefghijklmnopqrstuvwxyzABCDEFGHIJKLMNOPQRSTUVWXYZ-_ | 0123456789abcdefghijklmnopqrstuvwxyzABCDEFGHIJKLMNOPQRSTUVWXYZ-_ | 0123456789abcdefghijklmnopqrstuvwxyzABCDEFGHIJKLMNOPQRSTUVWXYZ-_ | 0123456789abcdefghijklmnopqrstuvwxyzABCDEFGHIJKLMNOPQRSTUVWXYZ-_ | 0123456789abcdefghijklmnopqrstuvwxyzABCDEFGHIJKLMNOPQRSTUVWXYZ-_ | 0123456789abcdefghijklmnopqrstuvwxyzABCDEFGHIJKLMNOPQRSTUVWXYZ-_ | 0123456789abcdefghijklmnopqrstuvwxyzABCDEFGHIJKLMNOPQRSTUVWXYZ-_ | 0123456789abcdefghijklmnopqrstuvwxyzABCDEFGHIJKLMNOPQRSTUVWXYZ-_ | 0123456789abcdefghijklmnopqrstuvwxyzABCDEFGHIJKLMNOPQRSTUVWXYZ-_ | 0123456789abcdefghijklmnopqrstuvwxyzABCDEFGHIJKLMNOPQRSTUVWXYZ-_ | 0123456789abcdefghijklmnopqrstuvwxyzABCDEFGHIJKLMNOPQRSTUVWXYZ-_ | 0123456789abcdefghijklmnopqrstuvwxyzABCDEFGHIJKLMNOPQRSTUVWXYZ-_ | 0123456789abcdefghijklmnopqrstuvwxyzABCDEFGHIJKLMNOPQRSTUVWXYZ-_ | 0123456789abcdefghijklmnopqrstuvwxyzABCDEFGHIJKLMNOPQRSTUVWXYZ-_ | 0123456789abcdefghijklmnopqrstuvwxyzABCDEFGHIJKLMNOPQRSTUVWXYZ-_,True,False,ok
