step_id,run_id,raw_relative_path,raw_sha256,rf_profile,tx_power_dbm,payload_bytes,repetition,expected_frames,detected_frames,sample_rate_hz,sample_loss_percent,original_status,packet_received,baseline_uA,original_energy_total_uJ,original_energy_excess_uJ,original_reproduction_error_uJ,model_integration_duration_ms,quality,recalculated_energy_total_uJ,recalculated_energy_excess_uJ,change_total_percent,change_excess_percent,last_window_to_capture_end_ms,reasons
tx_p-20_rf_profile-GFSK4K8_s8,run_00001,web_sessions/20260719_003026_campaign_radio_ebyte_e79_cc1352p/packet_tx/20260719_003026_radio_ebyte_e79_cc1352p/raw/run_00001.csv.gz,3d54019b2fdf64d58a437c131b47cbf5fc2a7e913c4b44c1ddabe87eeb9b1e50,GFSK4K8,-20,8,1,1,1,100000,0.29473684210526313,ok,True,5001.721974914109,719.1335921794418,138.9977386453759,-3.524291969370097e-12,36.33,model_window_reanalysis,719.1335921794383,138.9977386453761,-4.884981308350689e-13,1.3322676295501878e-13,688.69,
tx_p-20_rf_profile-GFSK4K8_s8,run_00002,web_sessions/20260719_003026_campaign_radio_ebyte_e79_cc1352p/packet_tx/20260719_003026_radio_ebyte_e79_cc1352p/raw/run_00002.csv.gz,b5082610cdad623111b8d0f77cc6603e99db84ae69281ddecbafd7a3c274c6b3,GFSK4K8,-20,8,2,1,1,100000,0.29473684210526313,ok,True,4992.1136229951935,713.8422245776989,135.52210546797514,-3.979039320256561e-12,36.33,model_window_reanalysis,713.8422245776949,135.52210546797502,-5.551115123125783e-13,-8.881784197001252e-14,689.43,
tx_p-20_rf_profile-GFSK4K8_s8,run_00003,web_sessions/20260719_003026_campaign_radio_ebyte_e79_cc1352p/packet_tx/20260719_003026_radio_ebyte_e79_cc1352p/raw/run_00003.csv.gz,85153ae6652bd7f2d07e924246f51dcd2f36463195176b3aeaacb028301c244b,GFSK4K8,-20,8,3,1,1,100000,0.29473684210526313,ok,True,4982.507841872687,714.4490936377658,138.54803769132658,-5.115907697472721e-12,36.33,model_window_reanalysis,714.4490936377607,138.54803769132678,-7.105427357601002e-13,1.3322676295501878e-13,691.98,
tx_p-20_rf_profile-GFSK4K8_s8,run_00004,web_sessions/20260719_003026_campaign_radio_ebyte_e79_cc1352p/packet_tx/20260719_003026_radio_ebyte_e79_cc1352p/raw/run_00004.csv.gz,4aa21de12260ab72f4073b321904547001dea63029d59bae2cd41f142a50aabc,GFSK4K8,-20,8,4,1,1,100000,0.29473684210526313,ok,True,4987.310411084389,713.4250242812755,135.48618391735795,-1.9326762412674725e-12,36.33,model_window_reanalysis,713.4250242812735,135.48618391735883,-2.6645352591003757e-13,6.439293542825908e-13,688.85,
tx_p-20_rf_profile-GFSK4K8_s8,run_00005,web_sessions/20260719_003026_campaign_radio_ebyte_e79_cc1352p/packet_tx/20260719_003026_radio_ebyte_e79_cc1352p/raw/run_00005.csv.gz,0f33fa53ac28865fcc5a80588b6557ae65ac7c763d0a8f892b42301c8ff7d556,GFSK4K8,-20,8,5,1,1,100000,0.29473684210526313,ok,True,4992.1136229951935,712.0729162659545,135.03660935650421,-2.2737367544323206e-12,36.33,model_window_reanalysis,712.0729162659522,135.0366093565043,-3.219646771412954e-13,6.661338147750939e-14,690.29,
tx_p-20_rf_profile-GFSK4K8_s32,run_00001,web_sessions/20260719_003026_campaign_radio_ebyte_e79_cc1352p/packet_tx/20260719_003054_radio_ebyte_e79_cc1352p/raw/run_00001.csv.gz,e97a376acba0430fa97cf6770151ec95a697d93458366f91724f655e12ede3e4,GFSK4K8,-20,32,1,1,1,100000,0.0,ok,True,4996.9174776050995,1508.8077444168566,289.4956744362598,-4.206412995699793e-11,76.33,model_window_reanalysis,1508.8077444168146,289.49567443626097,-2.786659791809143e-12,4.218847493575595e-13,652.05,
tx_p-20_rf_profile-GFSK4K8_s32,run_00002,web_sessions/20260719_003026_campaign_radio_ebyte_e79_cc1352p/packet_tx/20260719_003054_radio_ebyte_e79_cc1352p/raw/run_00002.csv.gz,ce3f2343bf73576b3f85db132139e34b4f4e1fa498b5ed7548fe85e51cbcff75,GFSK4K8,-20,32,2,1,1,100000,0.29473684210526313,ok,True,4992.1136229951935,1510.4192392965006,293.555964787459,-3.660716174636036e-11,76.33,model_window_reanalysis,1510.419239296464,293.55596478746185,-2.4202861936828413e-12,9.769962616701378e-13,649.9,
tx_p-20_rf_profile-GFSK4K8_s32,run_00003,web_sessions/20260719_003026_campaign_radio_ebyte_e79_cc1352p/packet_tx/20260719_003054_radio_ebyte_e79_cc1352p/raw/run_00003.csv.gz,6220206c606440e530a5fad7aed9a68e41c045b719a8eab3336ddd5ac01da706,GFSK4K8,-20,32,3,1,1,100000,0.29473684210526313,ok,True,4992.1136229951935,1504.8124606167726,287.96449181183556,-3.7971403799019754e-11,76.33,model_window_reanalysis,1504.8124606167346,287.96449181183783,-2.5202062658991053e-12,7.993605777301127e-13,649.26,
tx_p-20_rf_profile-GFSK4K8_s32,run_00004,web_sessions/20260719_003026_campaign_radio_ebyte_e79_cc1352p/packet_tx/20260719_003054_radio_ebyte_e79_cc1352p/raw/run_00004.csv.gz,ee43b3e47ca1592a5047bf2dd022a142d58374e2d94033ee99ee8487816482b0,GFSK4K8,-20,32,4,1,1,100000,0.29473684210526313,ok,True,4992.1136229951935,1508.9431332718414,293.0261453240716,-2.97859514830634e-11,76.33,model_window_reanalysis,1508.9431332718116,293.02614532407375,-1.9761969838327786e-12,7.327471962526033e-13,648.89,
tx_p-20_rf_profile-GFSK4K8_s32,run_00005,web_sessions/20260719_003026_campaign_radio_ebyte_e79_cc1352p/packet_tx/20260719_003054_radio_ebyte_e79_cc1352p/raw/run_00005.csv.gz,c8cb3d489d6180a54084377e4365dbb1e930ec1c6893b706dd6fb98a8f920c35,GFSK4K8,-20,32,5,1,1,100000,0.29473684210526313,ok,True,4990.447837577829,1502.543876985609,288.2192518092059,-3.9108272176235914e-11,76.33,model_window_reanalysis,1502.5438769855698,288.2192518092084,-2.5979218776228663e-12,8.659739592076221e-13,647.38,
tx_p-20_rf_profile-GFSK4K8_s64,run_00001,web_sessions/20260719_003026_campaign_radio_ebyte_e79_cc1352p/packet_tx/20260719_003122_radio_ebyte_e79_cc1352p/raw/run_00001.csv.gz,bc9dc3089343d14343b7356e01d161ac93e1349c22afa5e9bf3481b53699f873,GFSK4K8,-20,64,1,1,1,100000,0.0,ok,True,4987.310411084389,2569.1401005976186,509.47777964343413,-9.094947017729282e-11,129.66,model_window_reanalysis,2569.1401005975276,509.4777796434383,-3.5416114485542494e-12,8.215650382226158e-13,600.33,
tx_p-20_rf_profile-GFSK4K8_s64,run_00002,web_sessions/20260719_003026_campaign_radio_ebyte_e79_cc1352p/packet_tx/20260719_003122_radio_ebyte_e79_cc1352p/raw/run_00002.csv.gz,7b784724f10b6d690260c128a80918b5b458bf9275cf0b1c47fb37939da45166,GFSK4K8,-20,64,2,1,1,100000,0.29473684210526313,ok,True,4992.1136229951935,2558.3107840110943,491.5661371876433,-8.458300726488233e-11,129.66,model_window_reanalysis,2558.3107840110097,491.566137187638,-3.3084646133829665e-12,-1.0769163338864018e-12,595.5,
tx_p-20_rf_profile-GFSK4K8_s64,run_00003,web_sessions/20260719_003026_campaign_radio_ebyte_e79_cc1352p/packet_tx/20260719_003122_radio_ebyte_e79_cc1352p/raw/run_00003.csv.gz,02a584b43c20d5975cc922e32e0dfb399e28ec3a53b27fa830a209e56ac2886d,GFSK4K8,-20,64,3,1,1,100000,0.29473684210526313,ok,True,4992.1136229951935,2567.481243888425,503.05433443764963,-8.549250196665525e-11,129.66,model_window_reanalysis,2567.4812438883396,503.0543344376422,-3.3306690738754696e-12,-1.4765966227514582e-12,594.46,
tx_p-20_rf_profile-GFSK4K8_s64,run_00004,web_sessions/20260719_003026_campaign_radio_ebyte_e79_cc1352p/packet_tx/20260719_003122_radio_ebyte_e79_cc1352p/raw/run_00004.csv.gz,3e0677fe9dbf1489d3e55acc96e59304c92052507906296daa39f9ba596341a3,GFSK4K8,-20,64,4,1,1,100000,0.29473684210526313,ok,True,4992.1136229951935,2556.549183778777,496.66730788500837,-8.86757334228605e-11,129.66,model_window_reanalysis,2556.5491837786885,496.66730788500166,-3.4638958368304884e-12,-1.354472090042691e-12,596.14,
tx_p-20_rf_profile-GFSK4K8_s64,run_00005,web_sessions/20260719_003026_campaign_radio_ebyte_e79_cc1352p/packet_tx/20260719_003122_radio_ebyte_e79_cc1352p/raw/run_00005.csv.gz,75b61164a371ff8dbe529d27c91a3837547c9af84004ed3968377a0e599470d7,GFSK4K8,-20,64,5,1,1,100000,0.29473684210526313,ok,True,4992.1136229951935,2567.169372893811,499.7882130849687,-7.185008144006133e-11,129.66,model_window_reanalysis,2567.1693728937394,499.7882130849623,-2.7977620220553945e-12,-1.27675647831893e-12,595.26,
tx_p-20_rf_profile-GFSK4K8_s128,run_00001,web_sessions/20260719_003026_campaign_radio_ebyte_e79_cc1352p/packet_tx/20260719_003150_radio_ebyte_e79_cc1352p/raw/run_00001.csv.gz,eb751a35ef7e0438e951fbaa54f9bcc306ca4e94c64d378afc5cd055d2d5268c,GFSK4K8,-20,128,1,2,2,100000,0.0,ok,True,4996.9174776050995,5084.914939936925,953.1532279568524,1.064108801074326e-10,259.33,model_window_reanalysis,5143.869757695213,1003.3472533768805,1.1594061740395345,5.266102442691434,447.72,
tx_p-20_rf_profile-GFSK4K8_s128,run_00002,web_sessions/20260719_003026_campaign_radio_ebyte_e79_cc1352p/packet_tx/20260719_003150_radio_ebyte_e79_cc1352p/raw/run_00002.csv.gz,f36c55911f650acba100832122c985038b44f9d08a2e65e2d296b1b6850fefa2,GFSK4K8,-20,128,2,2,2,100000,0.29473684210526313,ok,True,4987.310411084389,5057.662618892644,941.6963245784088,7.912603905424476e-11,259.33,model_window_reanalysis,5113.545655557276,988.0326647624788,1.1049182374459843,4.920518321531575,441.14,
tx_p-20_rf_profile-GFSK4K8_s128,run_00003,web_sessions/20260719_003026_campaign_radio_ebyte_e79_cc1352p/packet_tx/20260719_003150_radio_ebyte_e79_cc1352p/raw/run_00003.csv.gz,c489beeb5129809020a502d8e38290fa1089284cc131aa016d60d6dfbfd54f94,GFSK4K8,-20,128,3,2,2,100000,0.29473684210526313,ok,True,4987.310411084389,5061.559829841024,944.9161081004493,9.640643838793039e-11,259.33,model_window_reanalysis,5116.851622173138,992.7158691102607,1.092386422188163,5.058624845109527,442.7,
tx_p-20_rf_profile-GFSK4K8_s128,run_00004,web_sessions/20260719_003026_campaign_radio_ebyte_e79_cc1352p/packet_tx/20260719_003150_radio_ebyte_e79_cc1352p/raw/run_00004.csv.gz,87351ff01c154b0f2b0c45efb1c8868cdddf5c4185092defd08e6112cec2cf08,GFSK4K8,-20,128,4,2,2,100000,0.29473684210526313,ok,True,4987.310411084389,5049.2351107272625,941.4195719610573,1.2096279533579946e-10,259.33,model_window_reanalysis,5109.860553701197,992.676823828492,1.2006856809882782,5.444676677016758,440.12,
tx_p-20_rf_profile-GFSK4K8_s128,run_00005,web_sessions/20260719_003026_campaign_radio_ebyte_e79_cc1352p/packet_tx/20260719_003150_radio_ebyte_e79_cc1352p/raw/run_00005.csv.gz,d48d5814d3a1f77e80d0c979fc336382eaf02a994ebb11f7e88bec658d4d41fe,GFSK4K8,-20,128,5,2,2,100000,0.29473684210526313,ok,True,4982.507841872687,5052.654222167458,933.2702513520725,7.457856554538012e-11,259.33,model_window_reanalysis,5108.1041164580665,982.7768498040031,1.0974409063524204,5.304636934500806,442.2,
tx_p-20_rf_profile-GFSK4K8_s512,run_00001,web_sessions/20260719_003026_campaign_radio_ebyte_e79_cc1352p/packet_tx/20260719_003219_radio_ebyte_e79_cc1352p/raw/run_00001.csv.gz,c977399ff003c1f3ba0a7f177997ab3392fcd1ffa93913d927d0ba07d192c736,GFSK4K8,-20,512,1,8,8,100000,0.0,ok,True,4992.1136229951935,20071.693614747743,3605.175727648347,7.930793799459934e-10,1037.33,model_window_reanalysis,20435.478200755537,3913.2109453015564,1.8124259616064675,8.544249737699761,515.04,
tx_p-20_rf_profile-GFSK4K8_s512,run_00002,web_sessions/20260719_003026_campaign_radio_ebyte_e79_cc1352p/packet_tx/20260719_003219_radio_ebyte_e79_cc1352p/raw/run_00002.csv.gz,c683e3bc0709bb7457b0e0e254cd707446cc55fc30d1c7a5a7400c2762046b05,GFSK4K8,-20,512,2,8,8,100000,0.0,ok,True,4992.1136229951935,20057.458139755214,3604.219148605829,7.748894859105349e-10,1037.33,model_window_reanalysis,20422.46951286795,3915.4986645310823,1.819828667069534,8.63653132872515,520.72,
tx_p-20_rf_profile-GFSK4K8_s512,run_00003,web_sessions/20260719_003026_campaign_radio_ebyte_e79_cc1352p/packet_tx/20260719_003219_radio_ebyte_e79_cc1352p/raw/run_00003.csv.gz,ca2db74499e0b0bf2525833ff7e4f5cd5975cea43678b6853e70b7862fcb808d,GFSK4K8,-20,512,3,8,8,100000,0.0,ok,True,4987.310411084389,20022.30149778664,3574.4675293592977,8.512870408594608e-10,1037.33,model_window_reanalysis,20381.78596434306,3882.238594790535,1.7954203046845585,8.61026328826111,522.96,
tx_p-20_rf_profile-GFSK4K8_s512,run_00004,web_sessions/20260719_003026_campaign_radio_ebyte_e79_cc1352p/packet_tx/20260719_003219_radio_ebyte_e79_cc1352p/raw/run_00004.csv.gz,772f4a75b4214770d3e91970dad5238efe29e619dcdf5ee147ced39e6ec67054,GFSK4K8,-20,512,4,8,8,100000,0.0,ok,True,4987.310411084389,20008.990127961308,3554.470667288775,9.858922567218542e-10,1037.33,model_window_reanalysis,20361.65872543566,3849.189177942174,1.762550709550914,8.291488050967644,525.04,
tx_p-20_rf_profile-GFSK4K8_s512,run_00005,web_sessions/20260719_003026_campaign_radio_ebyte_e79_cc1352p/packet_tx/20260719_003219_radio_ebyte_e79_cc1352p/raw/run_00005.csv.gz,f5197a05cdf0c48c169b6fd1fe400d1d8d3e3b08824867c6243c22a032742da5,GFSK4K8,-20,512,5,8,8,100000,0.0,ok,True,4996.9174776050995,20070.89423205581,3606.1084542881263,1.0841176845133305e-09,1037.33,model_window_reanalysis,20432.781268155853,3913.2453473822584,1.8030439098327022,8.517128560814836,520.04,
tx_p-20_rf_profile-GFSK4K8_s1024,run_00001,web_sessions/20260719_003026_campaign_radio_ebyte_e79_cc1352p/packet_tx/20260719_003257_radio_ebyte_e79_cc1352p/raw/run_00001.csv.gz,ea625eefb3b88afcbabb608eef575761d661acc501665009c5ab250c14062eef,GFSK4K8,-20,1024,1,16,16,100000,0.0,ok,True,4996.9174776050995,40017.54864072939,7065.711825750364,-3.747118171304464e-09,2074.66,model_window_reanalysis,40817.941221144065,7746.196529111134,2.0001039733854364,9.630801823544566,682.77,
tx_p-20_rf_profile-GFSK4K8_s1024,run_00002,web_sessions/20260719_003026_campaign_radio_ebyte_e79_cc1352p/packet_tx/20260719_003257_radio_ebyte_e79_cc1352p/raw/run_00002.csv.gz,6592655a06fb18d2344a7e8571a4a3694c7f9eed67c9c485c0c2706ba61758af,GFSK4K8,-20,1024,2,16,16,100000,0.06923719708726274,ok,True,4987.310411084389,39914.17538078998,7031.802406380819,-2.939486876130104e-09,2074.66,model_window_reanalysis,40703.51320209667,7704.755124126647,1.9775876960409056,9.570131224608591,676.76,
tx_p-20_rf_profile-GFSK4K8_s1024,run_00003,web_sessions/20260719_003026_campaign_radio_ebyte_e79_cc1352p/packet_tx/20260719_003257_radio_ebyte_e79_cc1352p/raw/run_00003.csv.gz,44eb5aaa6086dde11b0c851ee809dc151d2894fde0391882b2e439d70f33584f,GFSK4K8,-20,1024,3,16,16,100000,0.06923719708726274,ok,True,4987.310411084389,39857.735992387825,6986.62164859978,-3.67435859516263e-09,2074.66,model_window_reanalysis,40649.188798275805,7656.424671278493,1.9856943355717416,9.586937097315861,686.6,
tx_p-20_rf_profile-GFSK4K8_s1024,run_00004,web_sessions/20260719_003026_campaign_radio_ebyte_e79_cc1352p/packet_tx/20260719_003257_radio_ebyte_e79_cc1352p/raw/run_00004.csv.gz,3f27ee1692ab3abb3bbef300e856388839e3fb74a429ee5a8ac911e5be8ae546,GFSK4K8,-20,1024,4,16,16,100000,0.06923719708726274,ok,True,4987.310411084389,39861.88261426011,6973.247738661266,-4.663888830691576e-09,2074.66,model_window_reanalysis,40652.48506373963,7638.5011163004865,1.9833545172216471,9.540079494822828,679.73,
tx_p-20_rf_profile-GFSK4K8_s1024,run_00005,web_sessions/20260719_003026_campaign_radio_ebyte_e79_cc1352p/packet_tx/20260719_003257_radio_ebyte_e79_cc1352p/raw/run_00005.csv.gz,4225841a91b7d078d5df8d27695a1b18ed47424ddf2dee71649c91ef89803dd0,GFSK4K8,-20,1024,5,16,16,100000,0.06923719708726274,ok,True,4982.507841872687,39844.061322736045,6976.568640509856,-2.5393092073500156e-09,2074.66,model_window_reanalysis,40644.15096270895,7656.504924668396,2.0080524259115995,9.745998630479313,687.82,
tx_p-20_rf_profile-GFSK50_s8,run_00001,web_sessions/20260719_003026_campaign_radio_ebyte_e79_cc1352p/packet_tx/20260719_003349_radio_ebyte_e79_cc1352p/raw/run_00001.csv.gz,e45daf89b60d8124f339fa116b385bea8dfe1fdf1f6023eea7e4f642823d9254,GFSK50,-20,8,1,1,1,100000,0.0,ok,True,4462.8807789132,111.90644117630588,24.492165588318116,5.684341886080802e-14,6.2,review_required,111.90644117630593,24.492165588318105,4.440892098500626e-14,-4.440892098500626e-14,725.31,unstable_detector_at_3_MAD
tx_p-20_rf_profile-GFSK50_s8,run_00002,web_sessions/20260719_003026_campaign_radio_ebyte_e79_cc1352p/packet_tx/20260719_003349_radio_ebyte_e79_cc1352p/raw/run_00002.csv.gz,3a37b93560bd7a0c21e78dd1c3597ebfc12a91e500cc5e58c37a567a1b90f58a,GFSK50,-20,8,2,1,1,100000,0.29473684210526313,ok,True,4458.148906602709,112.82187533800455,24.93492141302595,-8.526512829121202e-14,6.2,model_window_reanalysis,112.82187533800446,24.934921413025894,-7.771561172376096e-14,-2.3314683517128287e-13,719.03,
tx_p-20_rf_profile-GFSK50_s8,run_00003,web_sessions/20260719_003026_campaign_radio_ebyte_e79_cc1352p/packet_tx/20260719_003349_radio_ebyte_e79_cc1352p/raw/run_00003.csv.gz,fd2c851cecb9a9c52b6d20038b1f20b742aee2325dd13d79c651771065b50271,GFSK50,-20,8,3,1,1,100000,0.29473684210526313,ok,True,4458.148906602709,109.8412054985621,22.133658228258202,0.0,6.2,model_window_reanalysis,109.8412054985621,22.133658228258177,0.0,-1.1102230246251565e-13,721.95,
tx_p-20_rf_profile-GFSK50_s8,run_00004,web_sessions/20260719_003026_campaign_radio_ebyte_e79_cc1352p/packet_tx/20260719_003349_radio_ebyte_e79_cc1352p/raw/run_00004.csv.gz,d6de3b97c3212ffb897dc8c49a80167ce58b0ae9fd39dfcf87fe8ac06a0c64d5,GFSK50,-20,8,4,1,1,100000,0.29473684210526313,ok,True,4458.148906602709,110.6916590311267,23.04279040022973,1.1368683772161603e-13,6.2,model_window_reanalysis,110.69165903112682,23.042790400229745,1.1102230246251565e-13,6.661338147750939e-14,720.01,
tx_p-20_rf_profile-GFSK50_s8,run_00005,web_sessions/20260719_003026_campaign_radio_ebyte_e79_cc1352p/packet_tx/20260719_003349_radio_ebyte_e79_cc1352p/raw/run_00005.csv.gz,6b7f2af624aa694ecd7941ec9885d02a0af90955fd22d6a0ea9de2a6226d33c6,GFSK50,-20,8,5,1,1,100000,0.29473684210526313,ok,True,4462.8807789132,109.82346862301779,21.84867417915821,4.263256414560601e-14,6.2,model_window_reanalysis,109.82346862301783,21.84867417915819,4.440892098500626e-14,-7.771561172376096e-14,719.73,
tx_p-20_rf_profile-GFSK50_s32,run_00001,web_sessions/20260719_003026_campaign_radio_ebyte_e79_cc1352p/packet_tx/20260719_003417_radio_ebyte_e79_cc1352p/raw/run_00001.csv.gz,e077e70b703e6528b4bb4297f999b86b8e196fb05ddaf1ee483d8af2486a3c96,GFSK50,-20,32,1,1,1,100000,0.0,ok,True,4462.8807789132,189.75353260652284,47.78129181494366,-1.9895196601282805e-13,10.04,model_window_reanalysis,189.75353260652264,47.781291814943685,-9.992007221626409e-14,6.661338147750939e-14,719.72,
tx_p-20_rf_profile-GFSK50_s32,run_00002,web_sessions/20260719_003026_campaign_radio_ebyte_e79_cc1352p/packet_tx/20260719_003417_radio_ebyte_e79_cc1352p/raw/run_00002.csv.gz,e45dc88b3a5da1664d4179e76f30de030c43d0d51f2131a20f87146e392783ee,GFSK50,-20,32,2,1,1,100000,0.29473684210526313,ok,True,4462.8807789132,182.79578141763994,41.40499509165064,5.684341886080802e-14,10.04,review_required,,,,,,frame_like_pretrigger_noise
tx_p-20_rf_profile-GFSK50_s32,run_00003,web_sessions/20260719_003026_campaign_radio_ebyte_e79_cc1352p/packet_tx/20260719_003417_radio_ebyte_e79_cc1352p/raw/run_00003.csv.gz,4b036bce69a10262ba8bd2d56ca748c06c707444cf01b2b61bb78c452a47a26a,GFSK50,-20,32,3,1,1,100000,0.0,ok,True,4458.148906602709,184.70931752315553,43.44703491295809,-1.7053025658242404e-13,10.04,model_window_reanalysis,184.70931752315536,43.447034912958095,-8.881784197001252e-14,2.220446049250313e-14,720.59,
tx_p-20_rf_profile-GFSK50_s32,run_00004,web_sessions/20260719_003026_campaign_radio_ebyte_e79_cc1352p/packet_tx/20260719_003417_radio_ebyte_e79_cc1352p/raw/run_00004.csv.gz,b219d9d8d0da098a957df38e3fe839daec30ab6b6214d97f25e15cb808e7d993,GFSK50,-20,32,4,1,1,100000,0.29473684210526313,ok,True,4462.8807789132,185.3719550495351,43.71218794940661,5.684341886080802e-14,10.04,model_window_reanalysis,185.37195504953516,43.712187949406655,2.220446049250313e-14,8.881784197001252e-14,716.53,
tx_p-20_rf_profile-GFSK50_s32,run_00005,web_sessions/20260719_003026_campaign_radio_ebyte_e79_cc1352p/packet_tx/20260719_003417_radio_ebyte_e79_cc1352p/raw/run_00005.csv.gz,05119035fcc9e4d0203285874a64683a488ed609c522ac7b278bc5f5ebc008a3,GFSK50,-20,32,5,1,1,100000,0.29473684210526313,ok,True,4458.148906602709,187.38573682436368,45.930149036522884,-1.7053025658242404e-13,10.04,model_window_reanalysis,187.3857368243635,45.930149036523,-8.881784197001252e-14,2.4424906541753444e-13,715.67,
tx_p-20_rf_profile-GFSK50_s64,run_00001,web_sessions/20260719_003026_campaign_radio_ebyte_e79_cc1352p/packet_tx/20260719_003445_radio_ebyte_e79_cc1352p/raw/run_00001.csv.gz,81a2ccd7dc43e60a48b7135a27532da737f2cde0488c1e5e3cc44f4ce12fd298,GFSK50,-20,64,1,1,1,100000,0.29473684210526313,ok,True,4458.148906602709,282.2566299825299,69.76043495810423,-1.1368683772161603e-13,15.16,model_window_reanalysis,282.2566299825298,69.7604349581043,-4.440892098500626e-14,1.1102230246251565e-13,709.55,
tx_p-20_rf_profile-GFSK50_s64,run_00002,web_sessions/20260719_003026_campaign_radio_ebyte_e79_cc1352p/packet_tx/20260719_003445_radio_ebyte_e79_cc1352p/raw/run_00002.csv.gz,8ce05339f8c276f4780692347000e52f3f2ff3c31ef3a8f3be438cc5228cbc4b,GFSK50,-20,64,2,1,1,100000,0.29473684210526313,ok,True,4458.148906602709,284.5332352146249,71.72804418721265,0.0,15.16,model_window_reanalysis,284.5332352146249,71.72804418721265,0.0,0.0,710.57,
tx_p-20_rf_profile-GFSK50_s64,run_00003,web_sessions/20260719_003026_campaign_radio_ebyte_e79_cc1352p/packet_tx/20260719_003445_radio_ebyte_e79_cc1352p/raw/run_00003.csv.gz,e9716ca239cc32a28e399a04878885dda1c2fb9f099d4b3cb4fee3a16833ebfb,GFSK50,-20,64,3,1,1,100000,0.29473684210526313,ok,True,4458.148906602709,280.2536038489222,66.96624820635301,-1.7053025658242404e-13,15.16,model_window_reanalysis,280.253603848922,66.9662482063531,-5.551115123125783e-14,1.3322676295501878e-13,709.94,
tx_p-20_rf_profile-GFSK50_s64,run_00004,web_sessions/20260719_003026_campaign_radio_ebyte_e79_cc1352p/packet_tx/20260719_003445_radio_ebyte_e79_cc1352p/raw/run_00004.csv.gz,609cf57babc65c12da2485f735beb93e8c73a574f4f762f62184ab9b54dc9c6d,GFSK50,-20,64,4,1,1,100000,0.29473684210526313,ok,True,4458.148906602709,280.9476461898298,67.41952208598025,-2.2737367544323206e-13,15.16,model_window_reanalysis,280.9476461898296,67.4195220859803,-7.771561172376096e-14,8.881784197001252e-14,711.32,
tx_p-20_rf_profile-GFSK50_s64,run_00005,web_sessions/20260719_003026_campaign_radio_ebyte_e79_cc1352p/packet_tx/20260719_003445_radio_ebyte_e79_cc1352p/raw/run_00005.csv.gz,97c60b54dcad73cb2ea9898f8b1b41650832b96d829f554bd0159909cd92504b,GFSK50,-20,64,5,1,1,100000,0.29473684210526313,ok,True,4458.148906602709,281.59802968789927,68.98133985054756,0.0,15.16,model_window_reanalysis,281.59802968789927,68.9813398505476,0.0,6.661338147750939e-14,710.76,
tx_p-20_rf_profile-GFSK50_s128,run_00001,web_sessions/20260719_003026_campaign_radio_ebyte_e79_cc1352p/packet_tx/20260719_003513_radio_ebyte_e79_cc1352p/raw/run_00001.csv.gz,ec9a9b3a9aa4b932dd2f24b4fe0f052414d5c9cbe7c0fd4ec401ca57640f3ddd,GFSK50,-20,128,1,2,2,100000,0.0,ok,True,4462.8807789132,527.5552575594885,99.35102553080617,-2.5011104298755527e-12,30.32,review_required,582.7377285237538,157.62927200847557,10.460036209200862,58.658927943928305,675.3,unstable_detector_at_3_MAD
tx_p-20_rf_profile-GFSK50_s128,run_00002,web_sessions/20260719_003026_campaign_radio_ebyte_e79_cc1352p/packet_tx/20260719_003513_radio_ebyte_e79_cc1352p/raw/run_00002.csv.gz,a5a18a20c24484f5728ba05f7bd2cb14f2d1159d46988845b18c9aeb6664b346,GFSK50,-20,128,2,2,2,100000,0.29473684210526313,ok,True,4453.417676991323,519.6176252482157,90.11968812141427,-1.5916157281026244e-12,30.32,model_window_reanalysis,570.8310059464483,144.27781819321527,9.855974510827735,60.09578062324865,671.71,
tx_p-20_rf_profile-GFSK50_s128,run_00003,web_sessions/20260719_003026_campaign_radio_ebyte_e79_cc1352p/packet_tx/20260719_003513_radio_ebyte_e79_cc1352p/raw/run_00003.csv.gz,921be5f5a4539d8333f2baeed3d081ad757c2711443ee7f2d5e1a0792d0f6d8c,GFSK50,-20,128,3,2,2,100000,0.29473684210526313,ok,True,4453.417676991323,514.5992457525601,85.92510050860851,-1.2505552149377763e-12,30.32,model_window_reanalysis,563.6352417122425,136.90802158163422,9.528967709226066,59.33414191109141,673.55,
tx_p-20_rf_profile-GFSK50_s128,run_00004,web_sessions/20260719_003026_campaign_radio_ebyte_e79_cc1352p/packet_tx/20260719_003513_radio_ebyte_e79_cc1352p/raw/run_00004.csv.gz,54e81e7ba69e83e545c45b366159e329bbecda415583964705441342607dbd74,GFSK50,-20,128,4,2,2,100000,0.29473684210526313,ok,True,4453.417676991323,525.0778923526512,95.68210019159022,-2.2737367544323206e-13,30.32,model_window_reanalysis,573.4136325144801,148.70629642732194,9.205441871730113,55.417048883289645,672.19,
tx_p-20_rf_profile-GFSK50_s128,run_00005,web_sessions/20260719_003026_campaign_radio_ebyte_e79_cc1352p/packet_tx/20260719_003513_radio_ebyte_e79_cc1352p/raw/run_00005.csv.gz,0bdde6ca37028f30034b67c89bf1c51f8664686d4138c765c60c211a84b2fbdf,GFSK50,-20,128,5,2,2,100000,0.29473684210526313,ok,True,4453.417676991323,515.8416429786416,86.92817310407928,-1.8189894035458565e-12,30.32,model_window_reanalysis,561.8340243518489,135.69670889195908,8.915988462589407,56.102105964529045,673.11,
tx_p-20_rf_profile-GFSK50_s512,run_00001,web_sessions/20260719_003026_campaign_radio_ebyte_e79_cc1352p/packet_tx/20260719_003541_radio_ebyte_e79_cc1352p/raw/run_00001.csv.gz,8856fa00455714f48bd0fdc01e4623f836f322ee71c50e9f06fc88519541b381,GFSK50,-20,512,1,8,8,100000,0.29473684210526313,ok,True,4462.8807789132,2043.5050651602228,323.1499195543254,5.4569682106375694e-12,121.28,model_window_reanalysis,2264.43226409077,554.5139369124041,10.811189201198545,71.59649542143353,444.18,
tx_p-20_rf_profile-GFSK50_s512,run_00002,web_sessions/20260719_003026_campaign_radio_ebyte_e79_cc1352p/packet_tx/20260719_003541_radio_ebyte_e79_cc1352p/raw/run_00002.csv.gz,9ce1a290d7869ea09bfb516872faa70817e527eaa60a06a4c2dd8294eaf9e93d,GFSK50,-20,512,2,8,8,100000,0.29473684210526313,ok,True,4453.417676991323,2046.9623457733612,327.164926875549,0.0,121.28,model_window_reanalysis,2263.45851292299,557.7087596095191,10.576460656282105,70.46716007601488,448.95,
tx_p-20_rf_profile-GFSK50_s512,run_00003,web_sessions/20260719_003026_campaign_radio_ebyte_e79_cc1352p/packet_tx/20260719_003541_radio_ebyte_e79_cc1352p/raw/run_00003.csv.gz,f3df484ad42ee3e2ba2694bcbdfdd68fb0104c19086334ed7ba5de5fc28d1b6b,GFSK50,-20,512,3,8,8,100000,0.29473684210526313,ok,True,4453.417676991323,2038.6449012244925,324.5935817647358,-9.322320693172514e-12,121.28,model_window_reanalysis,2272.0085043287804,570.1516365637118,11.446996137685407,75.6509273732207,445.25,
tx_p-20_rf_profile-GFSK50_s512,run_00004,web_sessions/20260719_003026_campaign_radio_ebyte_e79_cc1352p/packet_tx/20260719_003541_radio_ebyte_e79_cc1352p/raw/run_00004.csv.gz,c7dac2e700c896f3c602ed893798e0b6d5d7469ffebcca10896439f93ad45c88,GFSK50,-20,512,4,8,8,100000,0.29473684210526313,ok,True,4453.417676991323,2048.496890112856,326.13200934352176,-3.637978807091713e-12,121.28,model_window_reanalysis,2276.1329911642188,572.355701969592,11.112347895183872,75.49816809509109,441.52,
tx_p-20_rf_profile-GFSK50_s512,run_00005,web_sessions/20260719_003026_campaign_radio_ebyte_e79_cc1352p/packet_tx/20260719_003541_radio_ebyte_e79_cc1352p/raw/run_00005.csv.gz,2720b34a728e4b26fc2b6a456ca079c60dd64be0855830ea8c0959036be48b06,GFSK50,-20,512,5,8,8,100000,0.29473684210526313,ok,True,4453.417676991323,2049.0404042374053,331.9671345988675,0.0,121.28,model_window_reanalysis,2265.0660179215533,560.2343779709586,10.542769836915289,68.76200068657934,447.18,
tx_p-20_rf_profile-GFSK50_s1024,run_00001,web_sessions/20260719_003026_campaign_radio_ebyte_e79_cc1352p/packet_tx/20260719_003609_radio_ebyte_e79_cc1352p/raw/run_00001.csv.gz,99b685e4ce98a33d15f818b47288c498c93f795c1b935ea33323244bf5dce68e,GFSK50,-20,1024,1,16,16,100000,0.0,ok,True,4458.148906602709,4070.83962963659,630.0027841839741,-2.128217602148652e-10,242.56,model_window_reanalysis,4512.526695484884,1095.6871806030106,10.850023730552216,73.91783149374889,144.59,
tx_p-20_rf_profile-GFSK50_s1024,run_00002,web_sessions/20260719_003026_campaign_radio_ebyte_e79_cc1352p/packet_tx/20260719_003609_radio_ebyte_e79_cc1352p/raw/run_00002.csv.gz,44f373d04414c7929348ba30a556e537bea69ada8560f4df7d6e69265d6afffe,GFSK50,-20,1024,2,16,16,100000,0.29473684210526313,ok,True,4448.687090079035,4064.5489939276554,632.3124357033431,-1.8917489796876907e-10,242.56,model_window_reanalysis,4526.604719611253,1120.1041184617304,11.367945776367772,77.14409130919584,143.31,
tx_p-20_rf_profile-GFSK50_s1024,run_00003,web_sessions/20260719_003026_campaign_radio_ebyte_e79_cc1352p/packet_tx/20260719_003609_radio_ebyte_e79_cc1352p/raw/run_00003.csv.gz,d9de29ecba5e3f1b22ae116e9a4984bc2bb1ad4ac415cfed05ed65b6db515e86,GFSK50,-20,1024,3,16,16,100000,0.29473684210526313,ok,True,4448.687090079035,4073.781434663691,635.397016160376,-1.800799509510398e-10,242.56,review_required,4527.963741895869,1118.6732050665953,11.148912000225476,76.05893270110022,139.01,unstable_detector_at_3_MAD
tx_p-20_rf_profile-GFSK50_s1024,run_00004,web_sessions/20260719_003026_campaign_radio_ebyte_e79_cc1352p/packet_tx/20260719_003609_radio_ebyte_e79_cc1352p/raw/run_00004.csv.gz,5fc1074856d67516e7d5442885358b65296526506a7ace231a25051f3531a6aa,GFSK50,-20,1024,4,16,16,100000,0.29473684210526313,ok,True,4448.687090079035,4061.282900210625,626.1019345783267,-1.4597389963455498e-10,242.56,model_window_reanalysis,4521.881655864821,1110.6804493741934,11.341213280914486,77.39610565525969,127.32,
tx_p-20_rf_profile-GFSK50_s1024,run_00005,web_sessions/20260719_003026_campaign_radio_ebyte_e79_cc1352p/packet_tx/20260719_003609_radio_ebyte_e79_cc1352p/raw/run_00005.csv.gz,f1dc28f278264aba8d4737de37cefb765bbf1a47d8f9d5fb5cb6cab86f6675a0,GFSK50,-20,1024,5,16,16,100000,0.29473684210526313,ok,True,4448.687090079035,4082.703200186142,648.8189778507017,-1.5279510989785194e-10,242.56,review_required,4527.200919162745,1119.2397770942644,10.887338539728697,72.5041676188162,143.55,unstable_detector_at_3_MAD
tx_p-20_rf_profile-GFSK200_s8,run_00001,web_sessions/20260719_003026_campaign_radio_ebyte_e79_cc1352p/packet_tx/20260719_003638_radio_ebyte_e79_cc1352p/raw/run_00001.csv.gz,9b1c76406b4e220fbbfc744dbd14007dd30d7c58fba0767c366869acf7f01550,GFSK200,-20,8,1,1,1,100000,0.0,ok,True,4462.8807789132,65.89794527918492,11.799933332419972,2.842170943040401e-14,3.8,model_window_reanalysis,65.89794527918495,11.799933332419963,4.440892098500626e-14,-7.771561172376096e-14,724.92,
tx_p-20_rf_profile-GFSK200_s8,run_00002,web_sessions/20260719_003026_campaign_radio_ebyte_e79_cc1352p/packet_tx/20260719_003638_radio_ebyte_e79_cc1352p/raw/run_00002.csv.gz,e03ce11c4c3d2fcc96b83317f54b4d6fa916431db2b297ea4b28508127d2ecd6,GFSK200,-20,8,2,1,1,100000,0.0,ok,True,4458.148906602709,67.41235841785378,12.985140981995887,1.4210854715202004e-14,3.8,model_window_reanalysis,67.4123584178538,12.985140981995885,2.220446049250313e-14,-1.1102230246251565e-14,725.3,
tx_p-20_rf_profile-GFSK200_s8,run_00003,web_sessions/20260719_003026_campaign_radio_ebyte_e79_cc1352p/packet_tx/20260719_003638_radio_ebyte_e79_cc1352p/raw/run_00003.csv.gz,598a6fd148811d82d289d14f1ae5b780a74637732cbbbe90410e7e020a6b3f1c,GFSK200,-20,8,3,1,1,100000,0.29473684210526313,ok,True,4453.417676991323,65.33329040906426,11.130488221076913,7.105427357601002e-14,3.8,model_window_reanalysis,65.33329040906433,11.130488221076913,1.1102230246251565e-13,0.0,722.93,
tx_p-20_rf_profile-GFSK200_s8,run_00004,web_sessions/20260719_003026_campaign_radio_ebyte_e79_cc1352p/packet_tx/20260719_003638_radio_ebyte_e79_cc1352p/raw/run_00004.csv.gz,e3a8fa02b57273e0f027a07725b13975ca59fda741bb83f8f057eb0919b191ac,GFSK200,-20,8,4,1,1,100000,0.29473684210526313,ok,True,4458.148906602709,66.27162869977984,11.804722322651353,2.842170943040401e-14,3.8,review_required,,,,,,frame_like_pretrigger_noise
tx_p-20_rf_profile-GFSK200_s8,run_00005,web_sessions/20260719_003026_campaign_radio_ebyte_e79_cc1352p/packet_tx/20260719_003638_radio_ebyte_e79_cc1352p/raw/run_00005.csv.gz,b1524efae91d653256dbfc7b2579a66e52c06c5e3ce172da7986a0c7f7ea18d9,GFSK200,-20,8,5,1,1,100000,0.29473684210526313,ok,True,4458.148906602709,66.0473718787153,12.061052598094104,4.263256414560601e-14,3.8,model_window_reanalysis,66.04737187871534,12.061052598094106,6.661338147750939e-14,2.220446049250313e-14,721.76,
tx_p-20_rf_profile-GFSK200_s32,run_00001,web_sessions/20260719_003026_campaign_radio_ebyte_e79_cc1352p/packet_tx/20260719_003706_radio_ebyte_e79_cc1352p/raw/run_00001.csv.gz,52b435958f2e00880a89c26563c1a16b52bb6c6d671bd9389aa1658bea899506,GFSK200,-20,32,1,1,1,100000,0.0,ok,True,4600.38465002674,89.46243330797944,19.697170567723028,1.2789769243681803e-13,4.76,model_window_reanalysis,89.46243330797957,19.69717056772302,1.3322676295501878e-13,-3.3306690738754696e-14,724.51,
tx_p-20_rf_profile-GFSK200_s32,run_00002,web_sessions/20260719_003026_campaign_radio_ebyte_e79_cc1352p/packet_tx/20260719_003706_radio_ebyte_e79_cc1352p/raw/run_00002.csv.gz,03a33502d64e97360418f36aa7bd2f8019046a51f8640d94ed0a1480edf18598,GFSK200,-20,32,2,1,1,100000,0.29473684210526313,ok,True,4595.634139442295,86.68703327124699,17.408375244205118,8.526512829121202e-14,4.76,model_window_reanalysis,86.68703327124707,17.408375244205118,8.881784197001252e-14,0.0,721.99,
tx_p-20_rf_profile-GFSK200_s32,run_00003,web_sessions/20260719_003026_campaign_radio_ebyte_e79_cc1352p/packet_tx/20260719_003706_radio_ebyte_e79_cc1352p/raw/run_00003.csv.gz,7ffa5959d45ded20d8ffbaad912b04dc6c141558964481534a53e80f83838b52,GFSK200,-20,32,3,1,1,100000,0.29473684210526313,ok,True,4595.634139442295,87.50731882534956,17.24276642857372,1.7053025658242404e-13,4.76,review_required,87.50731882534973,17.242766428573717,1.9984014443252818e-13,-2.220446049250313e-14,720.52,unstable_detector_at_3_MAD
tx_p-20_rf_profile-GFSK200_s32,run_00004,web_sessions/20260719_003026_campaign_radio_ebyte_e79_cc1352p/packet_tx/20260719_003706_radio_ebyte_e79_cc1352p/raw/run_00004.csv.gz,e4a53846bafed952245c54df1894579aaaf5d5448e1eb0124769152fa0e37979,GFSK200,-20,32,4,1,1,100000,0.29473684210526313,ok,True,4595.634139442295,87.41277742905773,18.06368682237306,-1.4210854715202004e-14,4.76,model_window_reanalysis,87.41277742905771,18.063686822373054,-1.1102230246251565e-14,-4.440892098500626e-14,721.8,
tx_p-20_rf_profile-GFSK200_s32,run_00005,web_sessions/20260719_003026_campaign_radio_ebyte_e79_cc1352p/packet_tx/20260719_003706_radio_ebyte_e79_cc1352p/raw/run_00005.csv.gz,382df1fb3d6faad5bd0c09a358ed4324f09254a85314a811973ac0f195b9e9e6,GFSK200,-20,32,5,1,1,100000,0.29473684210526313,ok,True,4600.38465002674,89.73590923075791,20.4649014752956,0.0,4.76,review_required,89.73590923075791,20.464901475295598,0.0,-2.220446049250313e-14,722.45,unstable_detector_at_3_MAD
tx_p-20_rf_profile-GFSK200_s64,run_00001,web_sessions/20260719_003026_campaign_radio_ebyte_e79_cc1352p/packet_tx/20260719_003734_radio_ebyte_e79_cc1352p/raw/run_00001.csv.gz,0bf5b7d670ac6cefd6ec0f6fbef3e36e1e02a5ef140f09399b6f09236fb16190,GFSK200,-20,64,1,1,1,100000,0.29473684210526313,ok,True,4443.957145865853,114.83201788884043,28.43727428161632,-1.4210854715202004e-14,6.04,model_window_reanalysis,114.83201788884041,28.437274281616315,-1.1102230246251565e-14,-2.220446049250313e-14,718.22,
tx_p-20_rf_profile-GFSK200_s64,run_00002,web_sessions/20260719_003026_campaign_radio_ebyte_e79_cc1352p/packet_tx/20260719_003734_radio_ebyte_e79_cc1352p/raw/run_00002.csv.gz,be19bc2bd086367821df00f712ad5c1ce43744557047b6afa661e003d9262177,GFSK200,-20,64,2,1,1,100000,0.29473684210526313,ok,True,4439.227844351771,114.25649486223031,29.42126841254171,-1.7053025658242404e-13,6.04,model_window_reanalysis,114.25649486223014,29.421268412541714,-1.4432899320127035e-13,2.220446049250313e-14,720.18,
tx_p-20_rf_profile-GFSK200_s64,run_00003,web_sessions/20260719_003026_campaign_radio_ebyte_e79_cc1352p/packet_tx/20260719_003734_radio_ebyte_e79_cc1352p/raw/run_00003.csv.gz,34585c1647dc8f2fb62e8a999082301536d3fe284deb8f9898aed3dc2f768ff5,GFSK200,-20,64,3,1,1,100000,0.29473684210526313,ok,True,4443.957145865853,114.44658750043875,29.43295402621327,-2.842170943040401e-14,6.04,model_window_reanalysis,114.44658750043872,29.43295402621326,-2.220446049250313e-14,-3.3306690738754696e-14,720.14,
tx_p-20_rf_profile-GFSK200_s64,run_00004,web_sessions/20260719_003026_campaign_radio_ebyte_e79_cc1352p/packet_tx/20260719_003734_radio_ebyte_e79_cc1352p/raw/run_00004.csv.gz,8c4f53a6b51371b869614852858368d3fed781406229751c7060e6845a3a990d,GFSK200,-20,64,4,1,1,100000,0.29473684210526313,ok,True,4439.227844351771,114.7481621010654,29.045531641641443,1.4210854715202004e-14,6.04,review_required,114.74816210106542,29.045531641641436,2.220446049250313e-14,-2.220446049250313e-14,719.78,unstable_detector_at_3_MAD
tx_p-20_rf_profile-GFSK200_s64,run_00005,web_sessions/20260719_003026_campaign_radio_ebyte_e79_cc1352p/packet_tx/20260719_003734_radio_ebyte_e79_cc1352p/raw/run_00005.csv.gz,e2176344b94cf40ca57f661c1f61f61c1f45280b829abf0afa500916d992e5db,GFSK200,-20,64,5,1,1,100000,0.29473684210526313,ok,True,4443.957145865853,113.58888242078149,27.818105112326307,-7.105427357601002e-14,6.04,model_window_reanalysis,113.58888242078142,27.81810511232626,-6.661338147750939e-14,-1.6653345369377348e-13,719.74,
tx_p-20_rf_profile-GFSK200_s128,run_00001,web_sessions/20260719_003026_campaign_radio_ebyte_e79_cc1352p/packet_tx/20260719_003802_radio_ebyte_e79_cc1352p/raw/run_00001.csv.gz,34d67a037e6d9a4e67b0d5455f765e32fb9c5096a591d8e8f3a6033fa429bbc0,GFSK200,-20,128,1,2,2,100000,0.29473684210526313,ok,True,4600.38465002674,212.28637817399363,35.563701365032045,-2.842170943040401e-14,12.08,model_window_reanalysis,232.32180079319622,55.427509822609565,9.437921920162594,55.85416504792884,686.15,
tx_p-20_rf_profile-GFSK200_s128,run_00002,web_sessions/20260719_003026_campaign_radio_ebyte_e79_cc1352p/packet_tx/20260719_003802_radio_ebyte_e79_cc1352p/raw/run_00002.csv.gz,a560da17eca037e7f162d17d3dae995583c09d4f75136ac1910402fff20c714c,GFSK200,-20,128,2,2,2,100000,0.29473684210526313,ok,True,4590.884271556951,211.68691163628245,34.07258275104642,-3.126388037344441e-13,12.08,model_window_reanalysis,230.59047364884344,54.382217957831344,8.929962587881125,59.606973017509766,687.53,
tx_p-20_rf_profile-GFSK200_s128,run_00003,web_sessions/20260719_003026_campaign_radio_ebyte_e79_cc1352p/packet_tx/20260719_003802_radio_ebyte_e79_cc1352p/raw/run_00003.csv.gz,57d409a9434e75ce0f04b7420ae9b64522cc88e9d6720503b6814e0cdbb4d83a,GFSK200,-20,128,3,2,2,100000,0.29473684210526313,ok,True,4590.884271556951,212.3702883780961,35.989354644433455,1.4210854715202004e-13,12.08,review_required,,,,,,frame_like_pretrigger_noise
tx_p-20_rf_profile-GFSK200_s128,run_00004,web_sessions/20260719_003026_campaign_radio_ebyte_e79_cc1352p/packet_tx/20260719_003802_radio_ebyte_e79_cc1352p/raw/run_00004.csv.gz,657c7849614377fbc78a3e7d4e0c5e0faa296520d29523b40b72a6e55aa377fe,GFSK200,-20,128,4,2,2,100000,0.29473684210526313,ok,True,4590.884271556951,214.01397010069888,37.629312383479515,2.2737367544323206e-13,12.08,model_window_reanalysis,233.57609435591263,57.7233287394545,9.14058285354422,53.39990311594667,686.91,
tx_p-20_rf_profile-GFSK200_s128,run_00005,web_sessions/20260719_003026_campaign_radio_ebyte_e79_cc1352p/packet_tx/20260719_003802_radio_ebyte_e79_cc1352p/raw/run_00005.csv.gz,4d3046b1c517cc164b749a2cedd8714a96127a79fd0d1fb661b5cc6ceebb77a9,GFSK200,-20,128,5,2,2,100000,0.29473684210526313,ok,True,4586.135046370709,214.51145607473848,38.770798668423524,2.5579538487363607e-13,12.08,model_window_reanalysis,234.62287826338846,59.12522767216429,9.375453673505852,52.499380210906565,685.4,
tx_p-20_rf_profile-GFSK200_s512,run_00001,web_sessions/20260719_003026_campaign_radio_ebyte_e79_cc1352p/packet_tx/20260719_003829_radio_ebyte_e79_cc1352p/raw/run_00001.csv.gz,2615c43e9882e22a0c27f63ebc322d40b6db79795fe7d3f778d8970e63b5d9df,GFSK200,-20,512,1,8,8,100000,0.0,ok,True,4600.38465002674,805.7337642784336,97.42539442486874,7.958078640513122e-13,48.32,model_window_reanalysis,929.97175671087,221.6750956846178,15.419236221743349,127.53317755933371,499.27,
tx_p-20_rf_profile-GFSK200_s512,run_00002,web_sessions/20260719_003026_campaign_radio_ebyte_e79_cc1352p/packet_tx/20260719_003829_radio_ebyte_e79_cc1352p/raw/run_00002.csv.gz,b6123d55e1c922adde35c616795aceee0f10b235e15b5f1fcc20672a97535701,GFSK200,-20,512,2,8,8,100000,0.29473684210526313,ok,True,4600.38465002674,809.2126064768731,98.36353380448635,-9.094947017729282e-13,48.32,model_window_reanalysis,929.4861683813095,222.30314881524964,14.863036109642437,126.0015884109182,493.1,
tx_p-20_rf_profile-GFSK200_s512,run_00003,web_sessions/20260719_003026_campaign_radio_ebyte_e79_cc1352p/packet_tx/20260719_003829_radio_ebyte_e79_cc1352p/raw/run_00003.csv.gz,ba5b991f779649245a721894c53e575b9b528ecfb0a1b1269b587d9b115f6d56,GFSK200,-20,512,3,8,8,100000,0.29473684210526313,ok,True,4600.38465002674,809.7522763968539,99.53580175057814,1.7053025658242404e-12,48.32,model_window_reanalysis,930.0955229236167,220.83700163631175,14.861736117896807,121.8669039203565,491.95,
tx_p-20_rf_profile-GFSK200_s512,run_00004,web_sessions/20260719_003026_campaign_radio_ebyte_e79_cc1352p/packet_tx/20260719_003829_radio_ebyte_e79_cc1352p/raw/run_00004.csv.gz,5ba014878dc43fd1dcd3277143bbc46de9bf3d8fdbc6741676ee6ef12666d9d3,GFSK200,-20,512,4,8,8,100000,0.29473684210526313,ok,True,4600.38465002674,807.4837360772393,98.67254745261481,1.3642420526593924e-12,48.32,model_window_reanalysis,930.1055706068483,222.43275345035144,15.185672361069047,125.42516555293113,493.25,
tx_p-20_rf_profile-GFSK200_s512,run_00005,web_sessions/20260719_003026_campaign_radio_ebyte_e79_cc1352p/packet_tx/20260719_003829_radio_ebyte_e79_cc1352p/raw/run_00005.csv.gz,cd55c1db49c3aea4a3ed8608db781a8f01b8fd5cd11e9efeaa88c398986e059e,GFSK200,-20,512,5,8,8,100000,0.29473684210526313,ok,True,4600.38465002674,807.0237524928067,95.42918169531788,1.1368683772161603e-13,48.32,model_window_reanalysis,925.4990663247443,215.05502768004015,14.6805237721914,125.35562378252227,494.2,
tx_p-20_rf_profile-GFSK200_s1024,run_00001,web_sessions/20260719_003026_campaign_radio_ebyte_e79_cc1352p/packet_tx/20260719_003858_radio_ebyte_e79_cc1352p/raw/run_00001.csv.gz,a3bd1cb94d27d0975c6a1e2c3196591b338aa7e7924cca1e1028de6afd2cdcd1,GFSK200,-20,1024,1,16,16,100000,0.29473684210526313,ok,True,4590.884271556951,1589.0456711995662,171.4208300884996,-2.5920599000528455e-11,96.64,model_window_reanalysis,1856.3914300428235,440.47878880440464,16.824296726565358,156.9575637785666,234.46,
tx_p-20_rf_profile-GFSK200_s1024,run_00002,web_sessions/20260719_003026_campaign_radio_ebyte_e79_cc1352p/packet_tx/20260719_003858_radio_ebyte_e79_cc1352p/raw/run_00002.csv.gz,7c1487753723a2aa1eaf40463e7f3a9b250d453a5519ca96f7028632549def5c,GFSK200,-20,1024,2,16,16,100000,0.29473684210526313,ok,True,4586.135046370709,1582.828646369737,169.17713097897507,-1.4551915228366852e-11,96.64,model_window_reanalysis,1853.7613424748126,442.4398164362674,17.116994737646895,161.5246007991782,232.42,
tx_p-20_rf_profile-GFSK200_s1024,run_00003,web_sessions/20260719_003026_campaign_radio_ebyte_e79_cc1352p/packet_tx/20260719_003858_radio_ebyte_e79_cc1352p/raw/run_00003.csv.gz,bb7ca2aef3610219cafa3fde9f5823804fac3e7b22fd401d8bbb6270c9cbe10d,GFSK200,-20,1024,3,16,16,100000,0.29473684210526313,ok,True,4590.884271556951,1590.78661992271,173.0299500351076,-2.5011104298755527e-11,96.64,review_required,1856.4451469740477,443.21779701097233,16.699821567787954,156.15091313442787,234.83,unstable_detector_at_3_MAD
tx_p-20_rf_profile-GFSK200_s1024,run_00004,web_sessions/20260719_003026_campaign_radio_ebyte_e79_cc1352p/packet_tx/20260719_003858_radio_ebyte_e79_cc1352p/raw/run_00004.csv.gz,35e3b37efbff05f9f9937b76093e76256a8237f88f63299c7d546061be8e9aa4,GFSK200,-20,1024,4,16,16,100000,0.0,ok,True,4590.884271556951,1588.7370920334222,173.4164976319734,-2.0463630789890885e-11,96.64,model_window_reanalysis,1853.3402636182311,440.24977263953605,16.654937617535182,153.8684488795521,232.67,
tx_p-20_rf_profile-GFSK200_s1024,run_00005,web_sessions/20260719_003026_campaign_radio_ebyte_e79_cc1352p/packet_tx/20260719_003858_radio_ebyte_e79_cc1352p/raw/run_00005.csv.gz,41918479f64079d8d84facc9ec95204df9eed49068e655758a54d4c70bfba439,GFSK200,-20,1024,5,16,16,100000,0.29473684210526313,ok,True,4586.135046370709,1586.4662916400412,173.11771645108158,-2.5693225325085223e-11,96.64,model_window_reanalysis,1856.163578825789,443.411440912029,16.999875043480618,156.13290771272688,233.48,
tx_p-20_rf_profile-SLR2K5_s8,run_00001,web_sessions/20260719_003026_campaign_radio_ebyte_e79_cc1352p/packet_tx/20260719_003926_radio_ebyte_e79_cc1352p/raw/run_00001.csv.gz,de03910e3a07807579a0f77ed5143d6e03737426d27a6b07b836fa086ab25204,SLR2K5,-20,8,1,1,1,100000,0.0,ok,True,4605.135803310288,1217.0704822955727,245.1056581710856,1.8189894035458565e-12,67.0,model_window_reanalysis,1217.0704822955745,245.10565817108449,1.5543122344752192e-13,-4.551914400963142e-13,678.19,
tx_p-20_rf_profile-SLR2K5_s8,run_00002,web_sessions/20260719_003026_campaign_radio_ebyte_e79_cc1352p/packet_tx/20260719_003926_radio_ebyte_e79_cc1352p/raw/run_00002.csv.gz,f090f9893bacc2bb03a928d1de6bacbcc938937f521b9fef3a9f39de67467ba3,SLR2K5,-20,8,2,1,1,100000,0.29473684210526313,ok,True,4590.884271556951,1216.244804972094,242.4925363826627,-4.774847184307873e-12,67.0,model_window_reanalysis,1216.2448049720892,242.49253638266083,-3.885780586188048e-13,-7.771561172376096e-13,664.93,
tx_p-20_rf_profile-SLR2K5_s8,run_00003,web_sessions/20260719_003026_campaign_radio_ebyte_e79_cc1352p/packet_tx/20260719_003926_radio_ebyte_e79_cc1352p/raw/run_00003.csv.gz,e5216241789b636cf86b70bad303157e89bb5b4bb96fe8fceadc3c384db2b357,SLR2K5,-20,8,3,1,1,100000,0.29473684210526313,ok,True,4590.884271556951,1209.084477132866,235.46279110847985,-4.092726157978177e-12,67.0,model_window_reanalysis,1209.0844771328618,235.46279110847786,-3.3306690738754696e-13,-8.43769498715119e-13,659.19,
tx_p-20_rf_profile-SLR2K5_s8,run_00004,web_sessions/20260719_003026_campaign_radio_ebyte_e79_cc1352p/packet_tx/20260719_003926_radio_ebyte_e79_cc1352p/raw/run_00004.csv.gz,83af0f18cec9c3fd2632d8c6ec1fce3e6efd598df81f51649b92b529392c7fa6,SLR2K5,-20,8,4,1,1,100000,0.29473684210526313,ok,True,4595.634139442295,1212.6022967253716,239.19677012295503,-5.229594535194337e-12,67.0,model_window_reanalysis,1212.6022967253664,239.19677012295566,-4.3298697960381105e-13,2.6645352591003757e-13,676.18,
tx_p-20_rf_profile-SLR2K5_s8,run_00005,web_sessions/20260719_003026_campaign_radio_ebyte_e79_cc1352p/packet_tx/20260719_003926_radio_ebyte_e79_cc1352p/raw/run_00005.csv.gz,fe91fce12c00871b4a95c71b52373b45476ab15dd6986ab46ca40dc43dad5710,SLR2K5,-20,8,5,1,1,100000,0.29473684210526313,ok,True,4600.38465002674,1215.5547007709692,241.15277037947055,-2.7284841053187847e-12,67.0,model_window_reanalysis,1215.5547007709665,241.15277037946925,-2.220446049250313e-13,-5.440092820663267e-13,671.76,
tx_p-20_rf_profile-SLR2K5_s32,run_00001,web_sessions/20260719_003026_campaign_radio_ebyte_e79_cc1352p/packet_tx/20260719_003954_radio_ebyte_e79_cc1352p/raw/run_00001.csv.gz,96ff9b8c4ff243c0e080964573e7a94f563fc6fd6bd8b43c095008441c70e456,SLR2K5,-20,32,1,1,1,100000,0.29473684210526313,ok,True,4600.38465002674,2662.3405499280966,579.0125100467324,-2.7284841053187847e-11,143.8,model_window_reanalysis,2662.3405499280693,579.0125100467409,-1.021405182655144e-12,1.4654943925052066e-12,594.82,
tx_p-20_rf_profile-SLR2K5_s32,run_00002,web_sessions/20260719_003026_campaign_radio_ebyte_e79_cc1352p/packet_tx/20260719_003954_radio_ebyte_e79_cc1352p/raw/run_00002.csv.gz,3dfabad39c45da6c172177b811b7aba469ca96395a718416bba0336eca646422,SLR2K5,-20,32,2,1,1,100000,0.29473684210526313,ok,True,4595.634139442295,2658.783712422795,573.6764668455553,-7.275957614183426e-12,143.8,model_window_reanalysis,2658.7837124227876,573.6764668455609,-2.7755575615628914e-13,9.769962616701378e-13,598.66,
tx_p-20_rf_profile-SLR2K5_s32,run_00003,web_sessions/20260719_003026_campaign_radio_ebyte_e79_cc1352p/packet_tx/20260719_003954_radio_ebyte_e79_cc1352p/raw/run_00003.csv.gz,a0ebe84f5db5fc0d7252ca529ae8724f9f09b2948ca052e2fc85868452ead2ad,SLR2K5,-20,32,3,1,1,100000,0.29473684210526313,ok,True,4595.634139442295,2652.7678369991104,565.8997953183396,-3.092281986027956e-11,143.8,model_window_reanalysis,2652.7678369990795,565.8997953183493,-1.1657341758564144e-12,1.7319479184152442e-12,595.2,
tx_p-20_rf_profile-SLR2K5_s32,run_00004,web_sessions/20260719_003026_campaign_radio_ebyte_e79_cc1352p/packet_tx/20260719_003954_radio_ebyte_e79_cc1352p/raw/run_00004.csv.gz,848f5a34320bee5e13e83ad0a7d036567e13a0992e8d6a3c676c106ae750360b,SLR2K5,-20,32,4,1,1,100000,0.29473684210526313,ok,True,4595.634139442295,2654.700609701074,570.3170795360485,-3.456079866737127e-11,143.8,model_window_reanalysis,2654.7006097010394,570.3170795360521,-1.2989609388114332e-12,6.439293542825908e-13,583.98,
tx_p-20_rf_profile-SLR2K5_s32,run_00005,web_sessions/20260719_003026_campaign_radio_ebyte_e79_cc1352p/packet_tx/20260719_003954_radio_ebyte_e79_cc1352p/raw/run_00005.csv.gz,d4a319a0079bdd9cf627f10e1c77a9175ae1d3ef5a836e43462fffe6894d41d2,SLR2K5,-20,32,5,1,1,100000,0.29473684210526313,ok,True,4600.38465002674,2652.0279414326706,565.170116492799,-3.5925040720030665e-11,143.8,model_window_reanalysis,2652.0279414326346,565.1701164928121,-1.354472090042691e-12,2.3092638912203256e-12,592.42,
tx_p-20_rf_profile-SLR2K5_s64,run_00001,web_sessions/20260719_003026_campaign_radio_ebyte_e79_cc1352p/packet_tx/20260719_004022_radio_ebyte_e79_cc1352p/raw/run_00001.csv.gz,b539dec95998b53b77cf84f059129763fcfc06d9c4778f6d066ef2512081dbb5,SLR2K5,-20,64,1,1,1,100000,0.29473684210526313,ok,True,4467.613293922791,4561.6441086446985,1105.919762728947,-3.456079866737127e-11,246.2,model_window_reanalysis,4561.644108644664,1105.9197627289616,-7.549516567451064e-13,1.3100631690576847e-12,481.72,
tx_p-20_rf_profile-SLR2K5_s64,run_00002,web_sessions/20260719_003026_campaign_radio_ebyte_e79_cc1352p/packet_tx/20260719_004022_radio_ebyte_e79_cc1352p/raw/run_00002.csv.gz,c4eafba505b33d02da0f25300c4ac6db325f22b83bf7d99ec956b518bbf3fa50,SLR2K5,-20,64,2,1,1,100000,0.29473684210526313,ok,True,4462.8807789132,4494.819775196001,1034.9612513054217,-1.9099388737231493e-11,246.2,model_window_reanalysis,4494.8197751959815,1034.9612513053978,-4.218847493575595e-13,-2.3092638912203256e-12,494.51,
tx_p-20_rf_profile-SLR2K5_s64,run_00003,web_sessions/20260719_003026_campaign_radio_ebyte_e79_cc1352p/packet_tx/20260719_004022_radio_ebyte_e79_cc1352p/raw/run_00003.csv.gz,7beafe63e65c16bc982e2036605e34891080727f04b903bcd4ba2de69c78842e,SLR2K5,-20,64,3,1,1,100000,0.29473684210526313,ok,True,4462.8807789132,4510.275564368856,1052.5239563141333,-8.185452315956354e-12,246.2,model_window_reanalysis,4510.275564368848,1052.5239563141113,-1.7763568394002505e-13,-2.098321516541546e-12,484.67,
tx_p-20_rf_profile-SLR2K5_s64,run_00004,web_sessions/20260719_003026_campaign_radio_ebyte_e79_cc1352p/packet_tx/20260719_004022_radio_ebyte_e79_cc1352p/raw/run_00004.csv.gz,0fe36b20947921d21842f238ae3646a6518df5cd23c23c07a547b6ea6202028a,SLR2K5,-20,64,4,1,1,100000,0.29473684210526313,ok,True,4462.8807789132,4505.312430060859,1047.5698309981576,-3.728928277269006e-11,246.2,model_window_reanalysis,4505.3124300608215,1047.5698309981258,-8.326672684688674e-13,-3.042011087472929e-12,483.85,
tx_p-20_rf_profile-SLR2K5_s64,run_00005,web_sessions/20260719_003026_campaign_radio_ebyte_e79_cc1352p/packet_tx/20260719_004022_radio_ebyte_e79_cc1352p/raw/run_00005.csv.gz,9c5037eaa7e370cf5b071dace5a29823f2bb7e8464a166b1883ca9e4a760068e,SLR2K5,-20,64,5,1,1,100000,0.29473684210526313,ok,True,4462.8807789132,4520.436912756136,1063.439691386774,-2.637534635141492e-11,246.2,model_window_reanalysis,4520.436912756109,1063.4396913867513,-5.88418203051333e-13,-2.142730437526552e-12,482.87,
tx_p-20_rf_profile-SLR2K5_s128,run_00001,web_sessions/20260719_003026_campaign_radio_ebyte_e79_cc1352p/packet_tx/20260719_004051_radio_ebyte_e79_cc1352p/raw/run_00001.csv.gz,e6a0cf2e41ce3e47c4db0c2580d990084696c0b7d6d271ff750c79340aab9e9f,SLR2K5,-20,128,1,2,2,100000,0.10701878591303489,ok,True,4605.135803310288,9175.206913603075,2025.4866249548918,5.056790541857481e-10,492.4,model_window_reanalysis,9176.114462660287,2026.9835957059295,0.009891319789923081,0.07390672111058372,496.96,
tx_p-20_rf_profile-SLR2K5_s128,run_00002,web_sessions/20260719_003026_campaign_radio_ebyte_e79_cc1352p/packet_tx/20260719_004051_radio_ebyte_e79_cc1352p/raw/run_00002.csv.gz,73abd44c441e03d9b80259c4bf056529b43e2b12edc568f7292a4fa36d240482,SLR2K5,-20,128,2,2,2,100000,0.10701878591303489,ok,True,4595.634139442295,9181.49407523312,2054.9366623637925,4.474713932722807e-10,492.4,model_window_reanalysis,9182.004806248202,2054.9735599481915,0.0055626133491637475,0.001795558231787453,502.34,
tx_p-20_rf_profile-SLR2K5_s128,run_00003,web_sessions/20260719_003026_campaign_radio_ebyte_e79_cc1352p/packet_tx/20260719_004051_radio_ebyte_e79_cc1352p/raw/run_00003.csv.gz,e0e95ea097e133c26dc1c3e696d3dbceb5262fe7fdc2c4255efdd1c4ec3266e7,SLR2K5,-20,128,3,2,2,100000,0.10701878591303489,ok,True,4600.38465002674,9175.74322291328,2043.4790397934664,4.802132025361061e-10,492.4,model_window_reanalysis,9177.474741371316,2045.0990858195794,0.01887060716470046,0.07927881786722324,495.93,
tx_p-20_rf_profile-SLR2K5_s128,run_00004,web_sessions/20260719_003026_campaign_radio_ebyte_e79_cc1352p/packet_tx/20260719_004051_radio_ebyte_e79_cc1352p/raw/run_00004.csv.gz,67ee966a6140df2280ef480029d1cc74546e0d33feb20e94e565f41b9032426b,SLR2K5,-20,128,4,2,2,100000,0.10701878591303489,ok,True,4595.634139442295,9167.818495504194,2037.2632269599487,4.69299266114831e-10,492.4,model_window_reanalysis,9169.722553675658,2040.2761988527038,0.020768933987924676,0.14789310742389095,501.51,
tx_p-20_rf_profile-SLR2K5_s128,run_00005,web_sessions/20260719_003026_campaign_radio_ebyte_e79_cc1352p/packet_tx/20260719_004051_radio_ebyte_e79_cc1352p/raw/run_00005.csv.gz,5439bb97da62ec04816d04147fdd0c427274f8ac4d1ea0ed68f8d4e02b6b7f97,SLR2K5,-20,128,5,2,2,100000,0.10701878591303489,ok,True,4600.38465002674,9206.651519558429,2071.9037355562477,4.383764462545514e-10,492.4,model_window_reanalysis,9206.255048196039,2071.737354603274,-0.004306357871242117,-0.008030341859921464,499.21,
tx_p-20_rf_profile-SLR2K5_s512,run_00001,web_sessions/20260719_003026_campaign_radio_ebyte_e79_cc1352p/packet_tx/20260719_004122_radio_ebyte_e79_cc1352p/raw/run_00001.csv.gz,f4084ef4da00fdfff51bf547a8c0cd2d7f88462f6479983c5c310ebc1feac20e,SLR2K5,-20,512,1,8,8,100000,0.0,ok,True,4586.135046370709,36449.89465834151,7979.925173363225,-6.468326319009066e-09,1969.6,model_window_reanalysis,36611.25631993259,8152.598401086039,0.44269445249041084,2.1638451986892404,960.58,
tx_p-20_rf_profile-SLR2K5_s512,run_00002,web_sessions/20260719_003026_campaign_radio_ebyte_e79_cc1352p/packet_tx/20260719_004122_radio_ebyte_e79_cc1352p/raw/run_00002.csv.gz,5cc46e1def3fc368ebc039f89995e93d1270f99d393ad5f438013c57ae9aad8c,SLR2K5,-20,512,2,8,8,100000,0.0,ok,True,4586.135046370709,36435.36142014331,7967.280790189993,-6.177288014441729e-09,1969.6,model_window_reanalysis,36592.26005365005,8134.039127567389,0.4306218667560646,2.0930395422077197,955.81,
tx_p-20_rf_profile-SLR2K5_s512,run_00003,web_sessions/20260719_003026_campaign_radio_ebyte_e79_cc1352p/packet_tx/20260719_004122_radio_ebyte_e79_cc1352p/raw/run_00003.csv.gz,98559326bf29915c4b0dff5337b8f0acc063553137c90b104206b9f694cc4388,SLR2K5,-20,512,3,8,8,100000,0.0,ok,True,4586.135046370709,36371.47700724577,7889.996863817686,-6.2282197177410126e-09,1969.6,model_window_reanalysis,36535.36515190923,8065.978306542827,0.4505952415152503,2.2304374230129875,954.13,
tx_p-20_rf_profile-SLR2K5_s512,run_00004,web_sessions/20260719_003026_campaign_radio_ebyte_e79_cc1352p/packet_tx/20260719_004122_radio_ebyte_e79_cc1352p/raw/run_00004.csv.gz,79017415e27105c4664deb5b4a21b1913536c16250429b637fb2a65ffeb5045f,SLR2K5,-20,512,4,8,8,100000,0.0,ok,True,4590.884271556951,36398.65753560298,7887.796285022821,-5.275069270282984e-09,1969.6,model_window_reanalysis,36565.7417839654,8064.673682791488,0.45903959012496554,2.2424184319328466,955.62,
tx_p-20_rf_profile-SLR2K5_s512,run_00005,web_sessions/20260719_003026_campaign_radio_ebyte_e79_cc1352p/packet_tx/20260719_004122_radio_ebyte_e79_cc1352p/raw/run_00005.csv.gz,2468f11ae4fbbf6afa880ccd52f2203568728853acfd49dfdc9ec878361edfbe,SLR2K5,-20,512,5,8,8,100000,0.0,ok,True,4595.634139442295,36452.63365683497,7956.168040475691,-6.271875463426113e-09,1969.6,model_window_reanalysis,36595.526639242686,8108.256008091741,0.39199631980753047,1.9115730945139298,958.3,
tx_p-20_rf_profile-SLR2K5_s1024,run_00001,web_sessions/20260719_003026_campaign_radio_ebyte_e79_cc1352p/packet_tx/20260719_004212_radio_ebyte_e79_cc1352p/raw/run_00001.csv.gz,65f822d2ef47a184aeab7035dcb513f98bfbe14cd71367d0e429181828e119b8,SLR2K5,-20,1024,1,16,16,100000,0.006816725517730303,ok,True,4443.957145865853,71714.63362301537,16583.194530116012,1.5570549294352531e-09,3939.2,model_window_reanalysis,72081.78610355324,16972.561827454738,0.5119631266163882,2.3479631540932244,1580.4,
tx_p-20_rf_profile-SLR2K5_s1024,run_00002,web_sessions/20260719_003026_campaign_radio_ebyte_e79_cc1352p/packet_tx/20260719_004212_radio_ebyte_e79_cc1352p/raw/run_00002.csv.gz,0c42eefcced6c266c007d92155df3642b13d4586186ee0c4b14df41aec155286,SLR2K5,-20,1024,2,16,16,100000,0.006816725517730303,ok,True,4448.687090079035,71703.73348723096,16505.442601486473,1.0331859812140465e-09,3939.2,model_window_reanalysis,72112.91180823342,16944.2637990837,0.5706513470115526,2.65864544315646,1569.69,
tx_p-20_rf_profile-SLR2K5_s1024,run_00003,web_sessions/20260719_003026_campaign_radio_ebyte_e79_cc1352p/packet_tx/20260719_004212_radio_ebyte_e79_cc1352p/raw/run_00003.csv.gz,59d76e8328168b646649e713d3c93c15c58b3497a6c6d513d898438ef039c1b7,SLR2K5,-20,1024,3,16,16,100000,0.006816725517730303,ok,True,4448.687090079035,71893.07289013125,16722.79582860835,1.5425030142068863e-09,3939.2,model_window_reanalysis,72270.36273084179,17127.573748702598,0.5247930371360177,2.4205158290683704,1579.08,
tx_p-20_rf_profile-SLR2K5_s1024,run_00004,web_sessions/20260719_003026_campaign_radio_ebyte_e79_cc1352p/packet_tx/20260719_004212_radio_ebyte_e79_cc1352p/raw/run_00004.csv.gz,310c9d3708234bfee01b2594e7d5bd394c1f6682f41096a0092aab3ef2c98858,SLR2K5,-20,1024,4,16,16,100000,0.006816725517730303,ok,True,4443.957145865853,71804.25644169649,16692.86550523573,1.877197064459324e-09,3939.2,model_window_reanalysis,72209.68016364143,17125.45760645424,0.5646235223870644,2.5914789829393214,1574.81,
tx_p-20_rf_profile-SLR2K5_s1024,run_00005,web_sessions/20260719_003026_campaign_radio_ebyte_e79_cc1352p/packet_tx/20260719_004212_radio_ebyte_e79_cc1352p/raw/run_00005.csv.gz,c5f5ed4feda70199a3eac1fc892d333c73225101c8f1f9cb2929093ce4810089,SLR2K5,-20,1024,5,16,16,100000,0.006816725517730303,ok,True,4453.417676991323,71648.53543036048,16403.090090556627,1.4988472685217857e-09,3939.2,model_window_reanalysis,72029.58205956609,16806.10160093386,0.5318275201535272,2.4569243243335537,1583.58,
tx_p-20_rf_profile-SLR5_s8,run_00001,web_sessions/20260719_003026_campaign_radio_ebyte_e79_cc1352p/packet_tx/20260719_004329_radio_ebyte_e79_cc1352p/raw/run_00001.csv.gz,f2d87ec5075167a31c2d8b8ae81f5a96e739db3849bb2f2fcf5b122c36f23a2e,SLR5,-20,8,1,1,1,100000,0.0,ok,True,4443.957145865853,637.0579213584057,145.35479813182263,-3.865352482534945e-12,35.0,model_window_reanalysis,637.0579213584018,145.354798131823,-6.106226635438361e-13,2.4424906541753444e-13,696.23,
tx_p-20_rf_profile-SLR5_s8,run_00002,web_sessions/20260719_003026_campaign_radio_ebyte_e79_cc1352p/packet_tx/20260719_004329_radio_ebyte_e79_cc1352p/raw/run_00002.csv.gz,198e4a6dca85c75517ca8e1c69e5ca88e8e5ee351d28303889b82f497af6e28d,SLR5,-20,8,2,1,1,100000,0.29473684210526313,ok,True,4434.499185536791,640.7157734302508,150.13693755460147,5.684341886080801e-13,35.0,model_window_reanalysis,640.7157734302514,150.13693755460133,8.881784197001252e-14,-9.992007221626409e-14,695.35,
tx_p-20_rf_profile-SLR5_s8,run_00003,web_sessions/20260719_003026_campaign_radio_ebyte_e79_cc1352p/packet_tx/20260719_004329_radio_ebyte_e79_cc1352p/raw/run_00003.csv.gz,ae32762a653d3024808c351f386314ce892fd1c0d6db0a9f8fc20db2b04457c0,SLR5,-20,8,3,1,1,100000,0.29473684210526313,ok,True,4434.499185536791,634.6395243948157,144.98333577020446,-3.637978807091713e-12,35.0,model_window_reanalysis,634.639524394812,144.98333577020486,-5.773159728050814e-13,2.6645352591003757e-13,692.03,
tx_p-20_rf_profile-SLR5_s8,run_00004,web_sessions/20260719_003026_campaign_radio_ebyte_e79_cc1352p/packet_tx/20260719_004329_radio_ebyte_e79_cc1352p/raw/run_00004.csv.gz,ea0fe12be2b191f96d9d2b993581fc44ac1552c94c24e7af53fcfd9843352c0b,SLR5,-20,8,4,1,1,100000,0.29473684210526313,ok,True,4439.227844351771,638.1717109216976,147.45230676725575,-3.296918293926865e-12,35.0,model_window_reanalysis,638.1717109216943,147.45230676725598,-5.218048215738236e-13,1.5543122344752192e-13,692.17,
tx_p-20_rf_profile-SLR5_s8,run_00005,web_sessions/20260719_003026_campaign_radio_ebyte_e79_cc1352p/packet_tx/20260719_004329_radio_ebyte_e79_cc1352p/raw/run_00005.csv.gz,15d21a69ea5036ef543529432c52d0dda0accc2358072ee7443f6e28f37bb4aa,SLR5,-20,8,5,1,1,100000,0.29473684210526313,ok,True,4434.499185536791,633.5770160782336,143.64078908192445,-1.1368683772161603e-12,35.0,model_window_reanalysis,633.5770160782324,143.64078908192474,-1.7763568394002505e-13,1.9984014443252818e-13,692.73,
tx_p-20_rf_profile-SLR5_s32,run_00001,web_sessions/20260719_003026_campaign_radio_ebyte_e79_cc1352p/packet_tx/20260719_004357_radio_ebyte_e79_cc1352p/raw/run_00001.csv.gz,000afe5b916033489e6d8a6b57e5cfd7ddc5bf1825035c7238f7a8cddd3c1669,SLR5,-20,32,1,1,1,100000,0.29473684210526313,ok,True,4605.135803310288,1377.5287429545058,313.16982566866125,-2.7284841053187847e-12,73.4,model_window_reanalysis,1377.528742954503,313.16982566866,-1.9984014443252818e-13,-3.9968028886505635e-13,652.57,
tx_p-20_rf_profile-SLR5_s32,run_00002,web_sessions/20260719_003026_campaign_radio_ebyte_e79_cc1352p/packet_tx/20260719_004357_radio_ebyte_e79_cc1352p/raw/run_00002.csv.gz,d993fab0ba8e0792e0594840cebb9112a5c3c491e714ecbdb571563e4b994678,SLR5,-20,32,2,1,1,100000,0.29473684210526313,ok,True,4605.135803310288,1372.0488058964063,307.43174272912097,-1.8189894035458565e-12,73.4,model_window_reanalysis,1372.0488058964045,307.43174272912063,-1.3322676295501878e-13,-1.1102230246251565e-13,653.5,
tx_p-20_rf_profile-SLR5_s32,run_00003,web_sessions/20260719_003026_campaign_radio_ebyte_e79_cc1352p/packet_tx/20260719_004357_radio_ebyte_e79_cc1352p/raw/run_00003.csv.gz,9e9fede0e496d6f3fa7c81e860262065d4c8ef87dfa1562ddb72a95df23e6e45,SLR5,-20,32,3,1,1,100000,0.29473684210526313,ok,True,4605.135803310288,1365.867039929062,301.5721070938212,-1.000444171950221e-11,73.4,model_window_reanalysis,1365.867039929052,301.57210709382093,-7.327471962526033e-13,-8.881784197001252e-14,653.9,
tx_p-20_rf_profile-SLR5_s32,run_00004,web_sessions/20260719_003026_campaign_radio_ebyte_e79_cc1352p/packet_tx/20260719_004357_radio_ebyte_e79_cc1352p/raw/run_00004.csv.gz,9aefd13d1ff5f05c200629190be611c8853999e432be624ff24681740f272431,SLR5,-20,32,4,1,1,100000,0.29473684210526313,ok,True,4605.135803310288,1384.2478863300942,324.1030075805442,-4.092726157978177e-12,73.4,model_window_reanalysis,1384.24788633009,324.1030075805445,-2.9976021664879227e-13,8.881784197001252e-14,655.19,
tx_p-20_rf_profile-SLR5_s32,run_00005,web_sessions/20260719_003026_campaign_radio_ebyte_e79_cc1352p/packet_tx/20260719_004357_radio_ebyte_e79_cc1352p/raw/run_00005.csv.gz,83f48f73a587881f28c7df773158f6a3b3584ccf2234d10c82f9d0f6f3650282,SLR5,-20,32,5,1,1,100000,0.29473684210526313,ok,True,4605.135803310288,1369.37069022419,303.4929332134478,-1.000444171950221e-11,73.4,model_window_reanalysis,1369.37069022418,303.4929332134484,-7.327471962526033e-13,1.7763568394002505e-13,655.54,
tx_p-20_rf_profile-SLR5_s64,run_00001,web_sessions/20260719_003026_campaign_radio_ebyte_e79_cc1352p/packet_tx/20260719_004425_radio_ebyte_e79_cc1352p/raw/run_00001.csv.gz,ded055fa4973482624102a39a8ec6138ea004a474545c4a1d312075d29b8e8d0,SLR5,-20,64,1,1,1,100000,0.0,ok,True,4600.38465002674,2394.679965361909,603.9706744216501,-1.0459189070388675e-11,124.6,model_window_reanalysis,2394.6799653618987,603.9706744216558,-4.3298697960381105e-13,9.325873406851315e-13,605.14,
tx_p-20_rf_profile-SLR5_s64,run_00002,web_sessions/20260719_003026_campaign_radio_ebyte_e79_cc1352p/packet_tx/20260719_004425_radio_ebyte_e79_cc1352p/raw/run_00002.csv.gz,1254749e52c6180b8ec520af51b7af9c1b7d41ba8d4897b932b47d0701ed2dbc,SLR5,-20,64,2,1,1,100000,0.29473684210526313,ok,True,4586.135046370709,2344.4562817348296,549.5451385765022,-5.002220859751105e-12,124.6,model_window_reanalysis,2344.4562817348246,549.5451385764969,-2.1094237467877974e-13,-9.547918011776346e-13,602.97,
tx_p-20_rf_profile-SLR5_s64,run_00003,web_sessions/20260719_003026_campaign_radio_ebyte_e79_cc1352p/packet_tx/20260719_004425_radio_ebyte_e79_cc1352p/raw/run_00003.csv.gz,94345145b1cdb6eb2d4ac1980c15a4c7b51d02d226a567071283d41553987e4f,SLR5,-20,64,3,1,1,100000,0.29473684210526313,ok,True,4586.135046370709,2349.077773822149,552.4976736603878,-1.7280399333685637e-11,124.6,model_window_reanalysis,2349.077773822132,552.4976736603833,-7.327471962526033e-13,-8.215650382226158e-13,603.03,
tx_p-20_rf_profile-SLR5_s64,run_00004,web_sessions/20260719_003026_campaign_radio_ebyte_e79_cc1352p/packet_tx/20260719_004425_radio_ebyte_e79_cc1352p/raw/run_00004.csv.gz,7a7d364bd3fdf7cc4742d412f3dccda499d1dd8e510a4c57d1170817df584749,SLR5,-20,64,4,1,1,100000,0.29473684210526313,ok,True,4586.135046370709,2347.390590105755,548.9799533156032,-1.5006662579253316e-11,124.6,model_window_reanalysis,2347.39059010574,548.9799533155988,-6.439293542825908e-13,-8.104628079763643e-13,603.32,
tx_p-20_rf_profile-SLR5_s64,run_00005,web_sessions/20260719_003026_campaign_radio_ebyte_e79_cc1352p/packet_tx/20260719_004425_radio_ebyte_e79_cc1352p/raw/run_00005.csv.gz,2e6c199b33219c9cb89c0c31d71b1b4708c6d591d32053096270bba6ada1e652,SLR5,-20,64,5,1,1,100000,0.29473684210526313,ok,True,4590.884271556951,2375.3438107698967,585.0177158693157,-1.546140993013978e-11,124.6,model_window_reanalysis,2375.343810769881,585.0177158693135,-6.550315845288424e-13,-3.6637359812630166e-13,601.66,
tx_p-20_rf_profile-SLR5_s128,run_00001,web_sessions/20260719_003026_campaign_radio_ebyte_e79_cc1352p/packet_tx/20260719_004453_radio_ebyte_e79_cc1352p/raw/run_00001.csv.gz,c11dd841d04740d662804cddcb7047c63cba9305812157e3edaedb64e534a164,SLR5,-20,128,1,2,2,100000,0.0,ok,True,4600.38465002674,4632.73556891735,1015.3992633433376,-2.4556356947869062e-11,249.2,model_window_reanalysis,4687.712529785927,1073.7471145210513,1.1867062138714912,5.746296386467309,462.28,
tx_p-20_rf_profile-SLR5_s128,run_00002,web_sessions/20260719_003026_campaign_radio_ebyte_e79_cc1352p/packet_tx/20260719_004453_radio_ebyte_e79_cc1352p/raw/run_00002.csv.gz,8b76ba47a4bc480a756d7302d9f0c14c29fc0a6c85cf1832b6d9787f3b4fecf7,SLR5,-20,128,2,2,2,100000,0.29473684210526313,ok,True,4590.884271556951,4612.650002792072,1003.9029228562351,-4.001776687800884e-11,249.2,model_window_reanalysis,4665.418223028296,1060.1805257513056,1.14398925139092,5.6058809685455735,458.92,
tx_p-20_rf_profile-SLR5_s128,run_00003,web_sessions/20260719_003026_campaign_radio_ebyte_e79_cc1352p/packet_tx/20260719_004453_radio_ebyte_e79_cc1352p/raw/run_00003.csv.gz,5b32b3d8bded3d640899c48d08f2e5b91da887c0d21b132e6cec2c39f2ebf129,SLR5,-20,128,3,2,2,100000,0.29473684210526313,ok,True,4581.386463883569,4649.987664786053,1049.8081921080345,-1.1823431123048067e-11,249.2,model_window_reanalysis,4696.104241400126,1097.8407325931794,0.9917569666541226,4.575363466034177,457.47,
tx_p-20_rf_profile-SLR5_s128,run_00004,web_sessions/20260719_003026_campaign_radio_ebyte_e79_cc1352p/packet_tx/20260719_004453_radio_ebyte_e79_cc1352p/raw/run_00004.csv.gz,c5b328e82066d380c930bb1819017cb2acdb0f66b42ef4bd570bc57ffbe16ddc,SLR5,-20,128,4,2,2,100000,0.29473684210526313,ok,True,4595.634139442295,4642.797377962948,1038.3853305828932,-6.548361852765083e-11,249.2,model_window_reanalysis,4697.897144677832,1096.1992136778813,1.1867794829129252,5.567671402150354,459.53,
tx_p-20_rf_profile-SLR5_s128,run_00005,web_sessions/20260719_003026_campaign_radio_ebyte_e79_cc1352p/packet_tx/20260719_004453_radio_ebyte_e79_cc1352p/raw/run_00005.csv.gz,e85ddeb5270ea9b72e7a3f58a29548ddb98d8507ab43eeaaeef194678c16ac28,SLR5,-20,128,5,2,2,100000,0.29473684210526313,ok,True,4586.135046370709,4635.844269117239,1028.7904986316714,-6.002665031701326e-11,249.2,model_window_reanalysis,4686.0160344337255,1081.7057185486656,1.082257349555893,5.143439795310445,457.19,
tx_p-20_rf_profile-SLR5_s512,run_00001,web_sessions/20260719_003026_campaign_radio_ebyte_e79_cc1352p/packet_tx/20260719_004521_radio_ebyte_e79_cc1352p/raw/run_00001.csv.gz,072e443327778aebcc45672527edfe743b63153fc952936fc760411ed3bf592d,SLR5,-20,512,1,8,8,100000,0.0675219446320054,ok,True,4600.38465002674,18291.92070584487,3817.5299637257726,4.147295840084553e-10,996.8,model_window_reanalysis,18663.05904226168,4214.766615272695,2.0289741158686425,10.405593546651136,522.49,
tx_p-20_rf_profile-SLR5_s512,run_00002,web_sessions/20260719_003026_campaign_radio_ebyte_e79_cc1352p/packet_tx/20260719_004521_radio_ebyte_e79_cc1352p/raw/run_00002.csv.gz,f81c3aecbfe7f02ff6d16f71fc192543484470c20a228a3ad625649ff7b0211f,SLR5,-20,512,2,8,8,100000,0.0675219446320054,ok,True,4590.884271556951,18252.68709195785,3807.359694447228,6.730260793119669e-10,996.8,model_window_reanalysis,18626.77311977999,4208.592012004822,2.0494846919660636,10.538334955396088,528.45,
tx_p-20_rf_profile-SLR5_s512,run_00003,web_sessions/20260719_003026_campaign_radio_ebyte_e79_cc1352p/packet_tx/20260719_004521_radio_ebyte_e79_cc1352p/raw/run_00003.csv.gz,065b26fed045096ac6d2272b6d7df86d268330800e71d29a0e3e939a16e9ceb9,SLR5,-20,512,3,8,8,100000,0.0675219446320054,ok,True,4595.634139442295,18264.419200779903,3807.8963634027564,3.710738383233547e-10,996.8,model_window_reanalysis,18665.352648791963,4230.380723249359,2.1951612236043028,11.09495426154583,519.47,
tx_p-20_rf_profile-SLR5_s512,run_00004,web_sessions/20260719_003026_campaign_radio_ebyte_e79_cc1352p/packet_tx/20260719_004521_radio_ebyte_e79_cc1352p/raw/run_00004.csv.gz,56a0243609c47d329ebd0af9db28af4f4748d951f6aecae5ac01118149b2aefc,SLR5,-20,512,4,8,8,100000,0.0675219446320054,ok,True,4595.634139442295,18248.65741489558,3781.5955073435034,5.275069270282984e-10,996.8,model_window_reanalysis,18627.59458616035,4188.189393782349,2.076520823693362,10.751913726607686,523.97,
tx_p-20_rf_profile-SLR5_s512,run_00005,web_sessions/20260719_003026_campaign_radio_ebyte_e79_cc1352p/packet_tx/20260719_004521_radio_ebyte_e79_cc1352p/raw/run_00005.csv.gz,5ebac26d7d1daefc67f8161b13f3abfa94af02b6b9d3d0ce0b04f7c675c020fd,SLR5,-20,512,5,8,8,100000,0.0675219446320054,ok,True,4595.634139442295,18316.056982336355,3867.264613902371,3.8562575355172157e-10,996.8,model_window_reanalysis,18686.67391558115,4261.740367663036,2.023453702956979,10.200381746378827,525.12,
tx_p-20_rf_profile-SLR5_s1024,run_00001,web_sessions/20260719_003026_campaign_radio_ebyte_e79_cc1352p/packet_tx/20260719_004559_radio_ebyte_e79_cc1352p/raw/run_00001.csv.gz,81372fe6c706d1dc676a7009abfaca144436b1b4dcdad058f437b1cea9ca5d15,SLR5,-20,1024,1,16,16,100000,0.012340499049781573,ok,True,4448.687090079035,35861.1875510706,7885.0683534393675,-4.8603396862745285e-09,1993.6,model_window_reanalysis,36687.22384612395,8766.04199193903,2.303427051535789,11.172682328307172,716.56,
tx_p-20_rf_profile-SLR5_s1024,run_00002,web_sessions/20260719_003026_campaign_radio_ebyte_e79_cc1352p/packet_tx/20260719_004559_radio_ebyte_e79_cc1352p/raw/run_00002.csv.gz,7d4edfbb055636bf001ce2da0bfb912b04d94895cfe3041a295d752a642b1dbc,SLR5,-20,1024,2,16,16,100000,0.012340499049781573,ok,True,4443.957145865853,35864.69373179407,7904.20997648057,-5.464244168251753e-09,1993.6,model_window_reanalysis,36676.787322663455,8775.043817617228,2.2643260163949686,11.017341944708892,712.6,
tx_p-20_rf_profile-SLR5_s1024,run_00003,web_sessions/20260719_003026_campaign_radio_ebyte_e79_cc1352p/packet_tx/20260719_004559_radio_ebyte_e79_cc1352p/raw/run_00003.csv.gz,acf151dabd171ed930bf5a93e7de35ef0cf57807e500390b2a653ba75c8363bb,SLR5,-20,1024,3,16,16,100000,0.012340499049781573,ok,True,4443.957145865853,35937.683666745485,8001.582953900545,-5.260517355054617e-09,1993.6,model_window_reanalysis,36824.35414562687,8942.592601225104,2.4672443753013917,11.760293591230496,699.53,
tx_p-20_rf_profile-SLR5_s1024,run_00004,web_sessions/20260719_003026_campaign_radio_ebyte_e79_cc1352p/packet_tx/20260719_004559_radio_ebyte_e79_cc1352p/raw/run_00004.csv.gz,538c0b979fbd8fe08ae62bfc539c701007227a1eccdc4dadf471de479d4763a0,SLR5,-20,1024,4,16,16,100000,0.012340499049781573,ok,True,4443.957145865853,35965.388869679846,8011.088694341667,-5.369656719267368e-09,1993.6,model_window_reanalysis,36846.76205742785,8948.2437718695,2.4506149257599974,11.698223715707412,706.0,
tx_p-20_rf_profile-SLR5_s1024,run_00005,web_sessions/20260719_003026_campaign_radio_ebyte_e79_cc1352p/packet_tx/20260719_004559_radio_ebyte_e79_cc1352p/raw/run_00005.csv.gz,94730c880911c9de1727ae778c9ffa6df9ca64d1ad28b917d0bb76f90b7d17d2,SLR5,-20,1024,5,16,16,100000,0.012340499049781573,ok,True,4443.957145865853,35937.67000824487,8008.868519685042,-4.984030965715647e-09,1993.6,model_window_reanalysis,36820.67217183775,8947.055909091989,2.4570378752720945,11.714356242719814,702.78,
tx_p-20_rf_profile-OOK4K8_s8,run_00001,web_sessions/20260719_003026_campaign_radio_ebyte_e79_cc1352p/packet_tx/20260719_004650_radio_ebyte_e79_cc1352p/raw/run_00001.csv.gz,f2e729bf0de54f7aaa255f9c98574aca734ed5426fcf525269150f72e2869d49,OOK4K8,-20,8,1,1,1,100000,0.29473684210526313,ok,True,4609.887599292938,656.8199563506029,134.9613434686267,3.410605131648481e-13,36.33,model_window_reanalysis,656.8199563506032,134.9613434686269,4.440892098500626e-14,1.5543122344752192e-13,692.22,
tx_p-20_rf_profile-OOK4K8_s8,run_00002,web_sessions/20260719_003026_campaign_radio_ebyte_e79_cc1352p/packet_tx/20260719_004650_radio_ebyte_e79_cc1352p/raw/run_00002.csv.gz,99cbde1c0795764c205b1f33ac0413ed708d555f656ea6228486650bcbdeef99,OOK4K8,-20,8,2,1,1,100000,0.29473684210526313,ok,True,4605.135803310288,652.2309899848807,130.21804978988033,-9.094947017729282e-13,36.33,model_window_reanalysis,652.2309899848798,130.21804978988035,-1.4432899320127035e-13,2.220446049250313e-14,689.1,
tx_p-20_rf_profile-OOK4K8_s8,run_00003,web_sessions/20260719_003026_campaign_radio_ebyte_e79_cc1352p/packet_tx/20260719_004650_radio_ebyte_e79_cc1352p/raw/run_00003.csv.gz,44a816d95994483fb89be2db3338127d042089468389f3e267f986440f5bda05,OOK4K8,-20,8,3,1,1,100000,0.29473684210526313,ok,True,4605.135803310288,653.3363852464847,134.34549403983638,1.0231815394945443e-12,36.33,model_window_reanalysis,653.3363852464857,134.3454940398364,1.5543122344752192e-13,2.220446049250313e-14,690.0,
tx_p-20_rf_profile-OOK4K8_s8,run_00004,web_sessions/20260719_003026_campaign_radio_ebyte_e79_cc1352p/packet_tx/20260719_004650_radio_ebyte_e79_cc1352p/raw/run_00004.csv.gz,5343a0407b9e5400a5c67e73d10cc3c8466b0103cec9db0a69f702f978dbf6b7,OOK4K8,-20,8,4,1,1,100000,0.29473684210526313,ok,True,4605.135803310288,653.6330757993073,132.5319444349839,-1.9326762412674725e-12,36.33,model_window_reanalysis,653.6330757993054,132.53194443498376,-2.9976021664879227e-13,-1.1102230246251565e-13,689.93,
tx_p-20_rf_profile-OOK4K8_s8,run_00005,web_sessions/20260719_003026_campaign_radio_ebyte_e79_cc1352p/packet_tx/20260719_004650_radio_ebyte_e79_cc1352p/raw/run_00005.csv.gz,599a5301c8d2ca039837832a903e5f4b07520b3124c6e14bbd86c75a0e8c374b,OOK4K8,-20,8,5,1,1,100000,0.29473684210526313,ok,True,4605.135803310288,649.2128366269296,128.47790235617393,1.8189894035458565e-12,36.33,model_window_reanalysis,649.2128366269314,128.47790235617404,2.886579864025407e-13,8.881784197001252e-14,690.13,
tx_p-20_rf_profile-OOK4K8_s32,run_00001,web_sessions/20260719_003026_campaign_radio_ebyte_e79_cc1352p/packet_tx/20260719_004718_radio_ebyte_e79_cc1352p/raw/run_00001.csv.gz,e03b70a18ee80eeb1472eb070d4f01226591dad148686dc89c2ae79ea2bd4804,OOK4K8,-20,32,1,1,1,100000,0.0,ok,True,4614.64003797469,1388.904161396848,290.8725850198528,-5.002220859751105e-12,76.33,model_window_reanalysis,1388.904161396843,290.8725850198528,-3.552713678800501e-13,0.0,655.3,
tx_p-20_rf_profile-OOK4K8_s32,run_00002,web_sessions/20260719_003026_campaign_radio_ebyte_e79_cc1352p/packet_tx/20260719_004718_radio_ebyte_e79_cc1352p/raw/run_00002.csv.gz,aea8aaf0cc601925e87d23906bc04d06f46da1d0f537448dfccffc7cb15000f6,OOK4K8,-20,32,2,1,1,100000,0.29473684210526313,ok,True,4614.64003797469,1392.4554809859221,294.44330324599304,-7.958078640513122e-12,76.33,model_window_reanalysis,1392.4554809859142,294.4433032459916,-5.662137425588298e-13,-4.773959005888173e-13,650.28,
tx_p-20_rf_profile-OOK4K8_s32,run_00003,web_sessions/20260719_003026_campaign_radio_ebyte_e79_cc1352p/packet_tx/20260719_004718_radio_ebyte_e79_cc1352p/raw/run_00003.csv.gz,5834229bac9fccef3035f886f56ad97283ad1fab289f8511b6f878da8f2c68ae,OOK4K8,-20,32,3,1,1,100000,0.29473684210526313,ok,True,4614.64003797469,1395.2681389948743,300.1198882331353,-3.637978807091713e-12,76.33,model_window_reanalysis,1395.2681389948707,300.1198882331364,-2.55351295663786e-13,3.552713678800501e-13,649.72,
tx_p-20_rf_profile-OOK4K8_s32,run_00004,web_sessions/20260719_003026_campaign_radio_ebyte_e79_cc1352p/packet_tx/20260719_004718_radio_ebyte_e79_cc1352p/raw/run_00004.csv.gz,0f969874e3156d6af0488e5605c86c36277136148d6d56f9e5b14a80275d5a87,OOK4K8,-20,32,4,1,1,100000,0.29473684210526313,ok,True,4614.64003797469,1392.889073754645,298.24863733485773,-1.8189894035458565e-12,76.33,model_window_reanalysis,1392.8890737546433,298.24863733485813,-1.3322676295501878e-13,1.3322676295501878e-13,649.42,
tx_p-20_rf_profile-OOK4K8_s32,run_00005,web_sessions/20260719_003026_campaign_radio_ebyte_e79_cc1352p/packet_tx/20260719_004718_radio_ebyte_e79_cc1352p/raw/run_00005.csv.gz,d057680af157a325290b4f9782c7450938f7b96b95b0c23038f62d68f84611e0,OOK4K8,-20,32,5,1,1,100000,0.0,ok,True,4614.64003797469,1377.1735101663048,282.45040167187875,-2.2737367544323206e-12,76.33,model_window_reanalysis,1377.1735101663025,282.45040167187983,-1.6653345369377348e-13,3.774758283725532e-13,655.94,
tx_p-20_rf_profile-OOK4K8_s64,run_00001,web_sessions/20260719_003026_campaign_radio_ebyte_e79_cc1352p/packet_tx/20260719_004746_radio_ebyte_e79_cc1352p/raw/run_00001.csv.gz,11895d3d396e843a5fb66dc0d20e13a4cb08dd60b9892fa9c851a454742bdbac,OOK4K8,-20,64,1,1,1,100000,0.29473684210526313,ok,True,4467.613293922791,2326.4402990018084,515.6870391512515,-2.4101609596982598e-11,129.66,model_window_reanalysis,2326.4402990017843,515.6870391512522,-1.0325074129013956e-12,1.3322676295501878e-13,594.84,
tx_p-20_rf_profile-OOK4K8_s64,run_00002,web_sessions/20260719_003026_campaign_radio_ebyte_e79_cc1352p/packet_tx/20260719_004746_radio_ebyte_e79_cc1352p/raw/run_00002.csv.gz,c71f05521afc4a78081bf23a275cd97772cc44181f89603cea56f600a9b35429,OOK4K8,-20,64,2,1,1,100000,0.29473684210526313,ok,True,4458.148906602709,2322.761214713614,512.6999139087768,-1.5916157281026244e-11,129.66,model_window_reanalysis,2322.7612147135983,512.6999139087771,-6.883382752675971e-13,6.661338147750939e-14,595.04,
tx_p-20_rf_profile-OOK4K8_s64,run_00003,web_sessions/20260719_003026_campaign_radio_ebyte_e79_cc1352p/packet_tx/20260719_004746_radio_ebyte_e79_cc1352p/raw/run_00003.csv.gz,3296a3c6442970fdf39caa7a2bc78c7437f4ef8cee2266f01ad6db8b6522c42e,OOK4K8,-20,64,3,1,1,100000,0.29473684210526313,ok,True,4453.417676991323,2301.923995734748,494.00219595494445,-1.7280399333685637e-11,129.66,model_window_reanalysis,2301.923995734731,494.00219595494553,-7.549516567451064e-13,2.220446049250313e-13,596.79,
tx_p-20_rf_profile-OOK4K8_s64,run_00004,web_sessions/20260719_003026_campaign_radio_ebyte_e79_cc1352p/packet_tx/20260719_004746_radio_ebyte_e79_cc1352p/raw/run_00004.csv.gz,a1d56dbddecd50fa14a521e8c28887338c3e0ef9853b46f71a522addac624e1f,OOK4K8,-20,64,4,1,1,100000,0.29473684210526313,ok,True,4462.8807789132,2308.2303070462676,495.81066517518315,-5.002220859751105e-12,129.66,model_window_reanalysis,2308.2303070462626,495.8106651751873,-2.220446049250313e-13,8.43769498715119e-13,596.74,
tx_p-20_rf_profile-OOK4K8_s64,run_00005,web_sessions/20260719_003026_campaign_radio_ebyte_e79_cc1352p/packet_tx/20260719_004746_radio_ebyte_e79_cc1352p/raw/run_00005.csv.gz,2fde28b68a7d32c99da345ff931b6f4ed01728209e5c01f9f0fb1311442e0b40,OOK4K8,-20,64,5,1,1,100000,0.29473684210526313,ok,True,4453.417676991323,2314.8357385202944,506.6009583447324,-9.094947017729282e-12,129.66,model_window_reanalysis,2314.8357385202853,506.6009583447347,-3.885780586188048e-13,4.440892098500626e-13,595.11,
tx_p-20_rf_profile-OOK4K8_s128,run_00001,web_sessions/20260719_003026_campaign_radio_ebyte_e79_cc1352p/packet_tx/20260719_004814_radio_ebyte_e79_cc1352p/raw/run_00001.csv.gz,79679dedb78e7cd52309cdbaa5233eb4c36f3ec1548f29f17292395ba0f82fce,OOK4K8,-20,128,1,2,2,100000,0.0,ok,True,4614.64003797469,4654.513252844893,923.6236065661534,-7.275957614183426e-11,259.33,model_window_reanalysis,4709.436795510337,986.575902153089,1.1800061506296977,6.8157954321868885,445.0,
tx_p-20_rf_profile-OOK4K8_s128,run_00002,web_sessions/20260719_003026_campaign_radio_ebyte_e79_cc1352p/packet_tx/20260719_004814_radio_ebyte_e79_cc1352p/raw/run_00002.csv.gz,23aabcf99953c19e8141e47bf06a51b39a040ff616e9dc0a0aed6fbae0d77623,OOK4K8,-20,128,2,2,2,100000,0.29473684210526313,ok,True,4609.887599292938,4640.509225823382,909.7416167168564,-4.638422979041934e-11,259.33,model_window_reanalysis,4690.487040677923,969.2879092981372,1.0769898824126045,6.545407122978042,443.0,
tx_p-20_rf_profile-OOK4K8_s128,run_00003,web_sessions/20260719_003026_campaign_radio_ebyte_e79_cc1352p/packet_tx/20260719_004814_radio_ebyte_e79_cc1352p/raw/run_00003.csv.gz,74eef2f594da452e06eddff4f8f150b21f96b18e0cc45e2fa1602c45b8def078,OOK4K8,-20,128,3,2,2,100000,0.29473684210526313,ok,True,4609.887599292938,4660.058196218496,930.3772701770539,-5.729816621169448e-11,259.33,model_window_reanalysis,4720.043284773122,999.4961377891854,1.2872175846065925,7.42912255358279,441.74,
tx_p-20_rf_profile-OOK4K8_s128,run_00004,web_sessions/20260719_003026_campaign_radio_ebyte_e79_cc1352p/packet_tx/20260719_004814_radio_ebyte_e79_cc1352p/raw/run_00004.csv.gz,1eedb79e9a4b2c99943dc7b672e4e5b5fe008063298d5146b79b1020260a9cd9,OOK4K8,-20,128,4,2,2,100000,0.29473684210526313,ok,True,4609.887599292938,4667.588934656671,938.4899638550312,-5.729816621169448e-11,259.33,model_window_reanalysis,4718.330791946004,997.1656374981292,1.0871106689060994,6.2521365068280765,445.25,
tx_p-20_rf_profile-OOK4K8_s128,run_00005,web_sessions/20260719_003026_campaign_radio_ebyte_e79_cc1352p/packet_tx/20260719_004814_radio_ebyte_e79_cc1352p/raw/run_00005.csv.gz,09353e0b4fe43fb138f00d342d12ad6c8c822377de3c27afe2ce112938eb38f5,OOK4K8,-20,128,5,2,2,100000,0.29473684210526313,ok,True,4609.887599292938,4669.275546803825,940.430815187243,-6.45741238258779e-11,259.33,model_window_reanalysis,4708.747164886349,986.8831933302133,0.8453477993934921,4.939478523332053,447.31,
tx_p-20_rf_profile-OOK4K8_s512,run_00001,web_sessions/20260719_003026_campaign_radio_ebyte_e79_cc1352p/packet_tx/20260719_004842_radio_ebyte_e79_cc1352p/raw/run_00001.csv.gz,09efe74eb9dc03e79749783603cd831266bc069ac88ffbcc1df8aeca4dcb5b7e,OOK4K8,-20,512,1,8,8,100000,0.0,ok,True,4614.64003797469,18527.18311114934,3579.133976107051,4.3655745685100555e-10,1037.33,model_window_reanalysis,18842.833116318805,3952.098072603184,1.7037128810990732,10.420512307890695,530.75,
tx_p-20_rf_profile-OOK4K8_s512,run_00002,web_sessions/20260719_003026_campaign_radio_ebyte_e79_cc1352p/packet_tx/20260719_004842_radio_ebyte_e79_cc1352p/raw/run_00002.csv.gz,7af3d98ede70e8060987cfd342b355ad7a24e49f712e9a696c7695a488752cd9,OOK4K8,-20,512,2,8,8,100000,0.0,ok,True,4609.887599292938,18477.970119684527,3553.0845197843296,8.87666828930378e-10,1037.33,model_window_reanalysis,18838.271379783408,3966.044985892662,1.949896323920619,11.622590563463397,524.69,
tx_p-20_rf_profile-OOK4K8_s512,run_00003,web_sessions/20260719_003026_campaign_radio_ebyte_e79_cc1352p/packet_tx/20260719_004842_radio_ebyte_e79_cc1352p/raw/run_00003.csv.gz,d131bb4b38930d18521ae02cc29be6b41c339295186cfc74740f2902656cce28,OOK4K8,-20,512,3,8,8,100000,0.0,ok,True,4614.64003797469,18501.08675183803,3567.9850859381945,5.420588422566652e-10,1037.33,model_window_reanalysis,18831.77095554295,3950.283854336943,1.7873771856783849,10.714696367578114,527.16,
tx_p-20_rf_profile-OOK4K8_s512,run_00004,web_sessions/20260719_003026_campaign_radio_ebyte_e79_cc1352p/packet_tx/20260719_004842_radio_ebyte_e79_cc1352p/raw/run_00004.csv.gz,6f2612bb2e2eaf4b9842ecb209d35f19262869eed350f162b35bae6f0bb0fe30,OOK4K8,-20,512,4,8,8,100000,0.0,ok,True,4609.887599292938,18514.512166259003,3589.9913733158387,6.439222488552332e-10,1037.33,model_window_reanalysis,18828.233030674208,3954.035921197789,1.6944592522774249,10.140541021570936,536.1,
tx_p-20_rf_profile-OOK4K8_s512,run_00005,web_sessions/20260719_003026_campaign_radio_ebyte_e79_cc1352p/packet_tx/20260719_004842_radio_ebyte_e79_cc1352p/raw/run_00005.csv.gz,480801039d518d03567a55a9a24f776a991c2454dcd399497e5f257f3d7398b5,OOK4K8,-20,512,5,8,8,100000,0.0,ok,True,4609.887599292938,18501.00873826655,3577.2708320825564,8.003553375601768e-10,1037.33,model_window_reanalysis,18815.063842144093,3940.2206477338127,1.6975025974014457,10.145997680582663,535.07,
tx_p-20_rf_profile-OOK4K8_s1024,run_00001,web_sessions/20260719_003026_campaign_radio_ebyte_e79_cc1352p/packet_tx/20260719_004921_radio_ebyte_e79_cc1352p/raw/run_00001.csv.gz,9dc9b4450beb175e05fad6fa47ece5fe5acdb40ed732f5bab015e1bacf3f09b0,OOK4K8,-20,1024,1,16,16,100000,0.0,ok,True,4467.613293922791,36234.93715919052,7143.897257872126,-4.751200322061777e-09,2074.66,model_window_reanalysis,37019.32288266157,8020.2972018254,2.1647221851800458,12.267812824261103,701.75,
tx_p-20_rf_profile-OOK4K8_s1024,run_00002,web_sessions/20260719_003026_campaign_radio_ebyte_e79_cc1352p/packet_tx/20260719_004921_radio_ebyte_e79_cc1352p/raw/run_00002.csv.gz,3c1dbd263804b65442548c2f6440e10d5f8af6a78f738d901c86db5fd1683832,OOK4K8,-20,1024,2,16,16,100000,0.06923719708726274,ok,True,4458.148906602709,36190.968473117915,7158.748595556628,-4.663888830691576e-09,2074.66,model_window_reanalysis,36925.9790644578,7977.771869160393,2.0309226924552837,11.440872139470383,713.36,
tx_p-20_rf_profile-OOK4K8_s1024,run_00003,web_sessions/20260719_003026_campaign_radio_ebyte_e79_cc1352p/packet_tx/20260719_004921_radio_ebyte_e79_cc1352p/raw/run_00003.csv.gz,8a29368cea2d9f3a91830b15172f22aa6231c84d847e2b121eec603cbb2f3052,OOK4K8,-20,1024,3,16,16,100000,0.06923719708726274,ok,True,4458.148906602709,36241.394243725954,7209.644665669078,-5.289621185511351e-09,2074.66,model_window_reanalysis,36997.86361243002,8052.6341441257755,2.087307578777886,11.69252463260566,709.26,
tx_p-20_rf_profile-OOK4K8_s1024,run_00004,web_sessions/20260719_003026_campaign_radio_ebyte_e79_cc1352p/packet_tx/20260719_004921_radio_ebyte_e79_cc1352p/raw/run_00004.csv.gz,8e98ef182c71e6c969d7eadac640c6ed14948cf6098fcaf6b872bcbe4f5c4425,OOK4K8,-20,1024,4,16,16,100000,0.06923719708726274,ok,True,4462.8807789132,36285.36767511242,7225.093225951572,-4.132743924856186e-09,2074.66,model_window_reanalysis,37014.87848053045,8043.84830991508,2.010482054225937,11.332104076147399,716.93,
tx_p-20_rf_profile-OOK4K8_s1024,run_00005,web_sessions/20260719_003026_campaign_radio_ebyte_e79_cc1352p/packet_tx/20260719_004921_radio_ebyte_e79_cc1352p/raw/run_00005.csv.gz,7e804a9367d40eea12f7b27c068171a5f0ea8f5653989f3b0bba36161bc3c7e1,OOK4K8,-20,1024,5,16,16,100000,0.06923719708726274,ok,True,4458.148906602709,36191.25000782162,7152.709092838909,-4.903995431959629e-09,2074.66,model_window_reanalysis,36953.263589666756,8010.5667012608765,2.1055188248000567,11.993464256512688,695.8,
tx_p-20_rf_profile-IEEE154G50_s8,run_00001,web_sessions/20260719_003026_campaign_radio_ebyte_e79_cc1352p/packet_tx/20260719_005012_radio_ebyte_e79_cc1352p/raw/run_00001.csv.gz,7fce61a80decdfe847a5e6d865410395b802deac0cb070070d9a5c6425b6b679,IEEE154G50,-20,8,1,1,1,100000,0.0,ok,True,4609.887599292938,118.71666503067988,23.593143591683628,2.842170943040401e-14,6.52,model_window_reanalysis,118.7166650306799,23.59314359168363,2.220446049250313e-14,2.220446049250313e-14,723.51,
tx_p-20_rf_profile-IEEE154G50_s8,run_00002,web_sessions/20260719_003026_campaign_radio_ebyte_e79_cc1352p/packet_tx/20260719_005012_radio_ebyte_e79_cc1352p/raw/run_00002.csv.gz,4931ac33fa286b030fc7734e7a144ea1548455718e83f5af1cb20baa8add2c39,IEEE154G50,-20,8,2,1,1,100000,0.29473684210526313,ok,True,4614.64003797469,120.53505561545424,25.530377365467967,-1.4210854715202004e-14,6.52,model_window_reanalysis,120.53505561545423,25.530377365467995,-1.1102230246251565e-14,1.1102230246251565e-13,719.73,
tx_p-20_rf_profile-IEEE154G50_s8,run_00003,web_sessions/20260719_003026_campaign_radio_ebyte_e79_cc1352p/packet_tx/20260719_005012_radio_ebyte_e79_cc1352p/raw/run_00003.csv.gz,5786468b5a8b0c53f4d43ad229499f846e9a2b683393d022c35c4f0f0f51c6cb,IEEE154G50,-20,8,3,1,1,100000,0.29473684210526313,ok,True,4609.887599292938,118.04403718524514,22.918937754152715,-9.947598300641403e-14,6.52,review_required,118.04403718524505,22.91893775415272,-8.881784197001252e-14,2.220446049250313e-14,719.22,unstable_detector_at_3_MAD
tx_p-20_rf_profile-IEEE154G50_s8,run_00004,web_sessions/20260719_003026_campaign_radio_ebyte_e79_cc1352p/packet_tx/20260719_005012_radio_ebyte_e79_cc1352p/raw/run_00004.csv.gz,52cac39583d9884c5f1e612463ca8b42cb186d25458b77f509fe1213182faeb3,IEEE154G50,-20,8,4,1,1,100000,0.29473684210526313,ok,True,4609.887599292938,118.88158323973975,22.88641180254457,1.1368683772161603e-13,6.52,model_window_reanalysis,118.88158323973987,22.886411802544586,8.881784197001252e-14,6.661338147750939e-14,719.18,
tx_p-20_rf_profile-IEEE154G50_s8,run_00005,web_sessions/20260719_003026_campaign_radio_ebyte_e79_cc1352p/packet_tx/20260719_005012_radio_ebyte_e79_cc1352p/raw/run_00005.csv.gz,dc73708d43c0d40f24b4993fbd1a481d8bc9a6257f3edc43f8a2f08444a2f211,IEEE154G50,-20,8,5,1,1,100000,0.29473684210526313,ok,True,4609.887599292938,120.1790554456635,24.914668908941795,1.1368683772161603e-13,6.52,model_window_reanalysis,120.17905544566361,24.91466890894182,8.881784197001252e-14,8.881784197001252e-14,718.16,
tx_p-20_rf_profile-IEEE154G50_s32,run_00001,web_sessions/20260719_003026_campaign_radio_ebyte_e79_cc1352p/packet_tx/20260719_005040_radio_ebyte_e79_cc1352p/raw/run_00001.csv.gz,dd4dea06d3f84962e2ff487ac2cc7d4d0e47192e9b895fdfc004c4e0dc58d7c7,IEEE154G50,-20,32,1,1,1,100000,0.0,ok,True,4425.043796004137,190.08400228598526,45.085450478788026,-1.1368683772161603e-13,10.36,model_window_reanalysis,190.08400228598515,45.08545047878799,-5.551115123125783e-14,-7.771561172376096e-14,718.2,
tx_p-20_rf_profile-IEEE154G50_s32,run_00002,web_sessions/20260719_003026_campaign_radio_ebyte_e79_cc1352p/packet_tx/20260719_005040_radio_ebyte_e79_cc1352p/raw/run_00002.csv.gz,2ee25d77669237a59673621b3b2f1ec90f24d8e61427ede6e26e159b7aef3611,IEEE154G50,-20,32,2,1,1,100000,0.29473684210526313,ok,True,4429.771169420913,190.46451629595032,44.62502038346983,2.842170943040401e-14,10.36,model_window_reanalysis,190.46451629595035,44.625020383469796,2.220446049250313e-14,-7.771561172376096e-14,714.57,
tx_p-20_rf_profile-IEEE154G50_s32,run_00003,web_sessions/20260719_003026_campaign_radio_ebyte_e79_cc1352p/packet_tx/20260719_005040_radio_ebyte_e79_cc1352p/raw/run_00003.csv.gz,072ab64ced0662242a1b7998a4f9d5a5a48c3d6f55d116cfdb2af23e11c9b6d9,IEEE154G50,-20,32,3,1,1,100000,0.29473684210526313,ok,True,4429.771169420913,190.8839938760295,45.29918118018865,8.526512829121202e-14,10.36,review_required,190.8839938760296,45.2991811801886,4.440892098500626e-14,-1.1102230246251565e-13,715.0,unstable_detector_at_3_MAD
tx_p-20_rf_profile-IEEE154G50_s32,run_00004,web_sessions/20260719_003026_campaign_radio_ebyte_e79_cc1352p/packet_tx/20260719_005040_radio_ebyte_e79_cc1352p/raw/run_00004.csv.gz,aad6df8767112e2dcc556343baf6a16f84a5d7e7d19dda0cad393c228cf5fdbf,IEEE154G50,-20,32,4,1,1,100000,0.29473684210526313,ok,True,4429.771169420913,188.83165449310354,43.165544576290394,8.526512829121202e-14,10.36,model_window_reanalysis,188.83165449310363,43.16554457629036,4.440892098500626e-14,-7.771561172376096e-14,714.2,
tx_p-20_rf_profile-IEEE154G50_s32,run_00005,web_sessions/20260719_003026_campaign_radio_ebyte_e79_cc1352p/packet_tx/20260719_005040_radio_ebyte_e79_cc1352p/raw/run_00005.csv.gz,4ac16db6c9090d9f3a275647c3e3d23f5280f3350de45a6a9de89b065ea015f0,IEEE154G50,-20,32,5,1,1,100000,0.29473684210526313,ok,True,4429.771169420913,187.84823858394822,43.17755102431136,-2.8421709430404007e-13,10.36,model_window_reanalysis,187.84823858394793,43.177551024311356,-1.5543122344752192e-13,-1.1102230246251565e-14,715.57,
tx_p-20_rf_profile-IEEE154G50_s64,run_00001,web_sessions/20260719_003026_campaign_radio_ebyte_e79_cc1352p/packet_tx/20260719_005108_radio_ebyte_e79_cc1352p/raw/run_00001.csv.gz,44992a3584745e3556eb3aeee737930746909328e0bf13e89af66a938c78d656,IEEE154G50,-20,64,1,1,1,100000,0.0,rx_missing,False,4586.135046370709,297.3194872696573,73.52838634309475,6.252776074688882e-13,15.48,model_window_reanalysis,297.31948726965794,73.52838634309464,1.9984014443252818e-13,-1.5543122344752192e-13,713.12,
tx_p-20_rf_profile-IEEE154G50_s64,run_00002,web_sessions/20260719_003026_campaign_radio_ebyte_e79_cc1352p/packet_tx/20260719_005108_radio_ebyte_e79_cc1352p/raw/run_00002.csv.gz,59a896c5640972225706e5d6a50d24568bd2c8eb1f0bf16ae59e914b9b54b941,IEEE154G50,-20,64,2,1,1,100000,0.29473684210526313,ok,True,4576.63852409553,295.74853058732566,71.81131060362378,1.1368683772161603e-13,15.48,model_window_reanalysis,295.7485305873258,71.81131060362398,4.440892098500626e-14,2.6645352591003757e-13,709.39,
tx_p-20_rf_profile-IEEE154G50_s64,run_00003,web_sessions/20260719_003026_campaign_radio_ebyte_e79_cc1352p/packet_tx/20260719_005108_radio_ebyte_e79_cc1352p/raw/run_00003.csv.gz,c4de19770a0139399f8b9e299e18433849667d6dd64fcb29c0e85da156152d08,IEEE154G50,-20,64,3,1,1,100000,0.29473684210526313,ok,True,4576.63852409553,289.4920986568474,65.84869561395561,-3.410605131648481e-13,15.48,model_window_reanalysis,289.4920986568471,65.84869561395581,-1.2212453270876722e-13,3.1086244689504383e-13,710.25,
tx_p-20_rf_profile-IEEE154G50_s64,run_00004,web_sessions/20260719_003026_campaign_radio_ebyte_e79_cc1352p/packet_tx/20260719_005108_radio_ebyte_e79_cc1352p/raw/run_00004.csv.gz,6f6c1e240b33708df1d9bd9e79997434e7596c644ce00407f004afaa4c389d10,IEEE154G50,-20,64,4,1,1,100000,0.29473684210526313,ok,True,4571.891227006595,291.62666896125546,66.98017629367459,-5.684341886080801e-13,15.48,model_window_reanalysis,291.6266689612549,66.98017629367446,-1.9984014443252818e-13,-1.887379141862766e-13,710.35,
tx_p-20_rf_profile-IEEE154G50_s64,run_00005,web_sessions/20260719_003026_campaign_radio_ebyte_e79_cc1352p/packet_tx/20260719_005108_radio_ebyte_e79_cc1352p/raw/run_00005.csv.gz,f57628460fad120de6d285a1b03474a55b1bb9197ae76df06e05d36c17fd6835,IEEE154G50,-20,64,5,1,1,100000,0.0,ok,True,4581.386463883569,292.2178345571178,67.93247803598,-3.410605131648481e-13,15.48,model_window_reanalysis,292.21783455711744,67.9324780359802,-1.2212453270876722e-13,2.886579864025407e-13,713.34,
tx_p-20_rf_profile-IEEE154G50_s128,run_00001,web_sessions/20260719_003026_campaign_radio_ebyte_e79_cc1352p/packet_tx/20260719_005136_radio_ebyte_e79_cc1352p/raw/run_00001.csv.gz,d833f8aea25244a387c22a1ef28d9565b04cd7ea5c82b23fb078a46d77cb5795,IEEE154G50,-20,128,1,2,2,100000,0.0,ok,True,4439.227844351771,536.8543142415874,100.762748660397,-1.9326762412674725e-12,30.96,model_window_reanalysis,590.0344239926075,156.77916532421608,9.905873593685733,55.592386480655165,669.1,
tx_p-20_rf_profile-IEEE154G50_s128,run_00002,web_sessions/20260719_003026_campaign_radio_ebyte_e79_cc1352p/packet_tx/20260719_005136_radio_ebyte_e79_cc1352p/raw/run_00002.csv.gz,ced1eb729858899d2ac3b02505429c41e5ba7aeea1758f4bbd4fb35051c4fb55,IEEE154G50,-20,128,2,2,2,100000,0.29473684210526313,ok,True,4429.771169420913,526.6126270035641,90.6677640239721,-1.9326762412674725e-12,30.96,model_window_reanalysis,575.7600939165062,142.04058335821918,9.332755120702707,56.66051202130051,671.97,
tx_p-20_rf_profile-IEEE154G50_s128,run_00003,web_sessions/20260719_003026_campaign_radio_ebyte_e79_cc1352p/packet_tx/20260719_005136_radio_ebyte_e79_cc1352p/raw/run_00003.csv.gz,35cf36925279ca6caf82cd339935ec38c5a67c405e2b8ba322679e8d8b1e9827,IEEE154G50,-20,128,3,2,2,100000,0.29473684210526313,ok,True,4429.771169420913,526.6993894833231,89.76252498398901,-2.5011104298755527e-12,30.96,model_window_reanalysis,578.3881364579742,144.6681594364125,9.813709301116958,61.16765817607855,672.64,
tx_p-20_rf_profile-IEEE154G50_s128,run_00004,web_sessions/20260719_003026_campaign_radio_ebyte_e79_cc1352p/packet_tx/20260719_005136_radio_ebyte_e79_cc1352p/raw/run_00004.csv.gz,297dc9bd859316e4c9a833aaea8fb0057b0d9029692d0346fd313a67b29e9f30,IEEE154G50,-20,128,4,2,2,100000,0.29473684210526313,ok,True,4429.771169420913,530.1555463053214,94.57909543537436,-1.1368683772161603e-12,30.96,model_window_reanalysis,584.5278012434668,150.34573026947945,10.255906085877653,58.96296065995925,671.32,
tx_p-20_rf_profile-IEEE154G50_s128,run_00005,web_sessions/20260719_003026_campaign_radio_ebyte_e79_cc1352p/packet_tx/20260719_005136_radio_ebyte_e79_cc1352p/raw/run_00005.csv.gz,12c1689bf5f3e27fc9814927bdc7447171be9961950a448da47c63e804b2584b,IEEE154G50,-20,128,5,2,2,100000,0.29473684210526313,ok,True,4429.771169420913,526.6522536058242,89.91312634127578,-2.3874235921539366e-12,30.96,model_window_reanalysis,578.9201439389465,144.86383963563517,9.924554575673096,61.11534047407887,670.39,
tx_p-20_rf_profile-IEEE154G50_s512,run_00001,web_sessions/20260719_003026_campaign_radio_ebyte_e79_cc1352p/packet_tx/20260719_005204_radio_ebyte_e79_cc1352p/raw/run_00001.csv.gz,9df8451f0b9b4212bf2284a2a8c0a239aecf8008c1ba2caf805cd1b0dd205a96,IEEE154G50,-20,512,1,8,8,100000,0.0,ok,True,4439.227844351771,2083.576746988403,332.62232324693053,4.092726157978177e-12,123.84,model_window_reanalysis,2345.7817039278025,613.3738213401717,12.58436759377306,84.40548888981763,428.44,
tx_p-20_rf_profile-IEEE154G50_s512,run_00002,web_sessions/20260719_003026_campaign_radio_ebyte_e79_cc1352p/packet_tx/20260719_005204_radio_ebyte_e79_cc1352p/raw/run_00002.csv.gz,915b8084838f9669f98868a8cf53312eb3d5627e44e6b9b9529320e55edf6dbd,IEEE154G50,-20,512,2,8,8,100000,0.29473684210526313,ok,True,4434.499185536791,2082.3712113032616,336.47904689534005,6.366462912410498e-12,123.84,model_window_reanalysis,2332.1781005619655,596.7465784353225,11.99627078509029,77.35029385676344,436.27,
tx_p-20_rf_profile-IEEE154G50_s512,run_00003,web_sessions/20260719_003026_campaign_radio_ebyte_e79_cc1352p/packet_tx/20260719_005204_radio_ebyte_e79_cc1352p/raw/run_00003.csv.gz,79f2cfb653d52f1b5e26cb730b5c32700a4596d853fa9a2eba4307e0b0f9f117,IEEE154G50,-20,512,3,8,8,100000,0.29473684210526313,ok,True,4434.499185536791,2088.5338429945564,338.4507247265585,-9.094947017729282e-12,123.84,model_window_reanalysis,2315.180000626976,575.2444357987025,10.851926503017673,69.96401359856878,446.53,
tx_p-20_rf_profile-IEEE154G50_s512,run_00004,web_sessions/20260719_003026_campaign_radio_ebyte_e79_cc1352p/packet_tx/20260719_005204_radio_ebyte_e79_cc1352p/raw/run_00004.csv.gz,1ea30502180f8fbc8c896bcde7849a43214ff2c13d5f4859aedb13b54d6d5bee,IEEE154G50,-20,512,4,8,8,100000,0.29473684210526313,ok,True,4434.499185536791,2080.563792285685,333.23090726300563,7.275957614183426e-12,123.84,model_window_reanalysis,2335.4917686965705,602.3455481601393,12.252831533265528,80.75920781403761,426.83,
tx_p-20_rf_profile-IEEE154G50_s512,run_00005,web_sessions/20260719_003026_campaign_radio_ebyte_e79_cc1352p/packet_tx/20260719_005204_radio_ebyte_e79_cc1352p/raw/run_00005.csv.gz,739915fbc3f427cb5a04b3a31f966748589747b476e6dddfb6ae9273dda5e476,IEEE154G50,-20,512,5,8,8,100000,0.29473684210526313,ok,True,4434.499185536791,2094.5682986994834,346.2000802055301,1.1823431123048067e-11,123.84,model_window_reanalysis,2324.9209082291018,589.8376846245889,10.997617488655976,70.37479721969369,440.47,
tx_p-20_rf_profile-IEEE154G50_s1024,run_00001,web_sessions/20260719_003026_campaign_radio_ebyte_e79_cc1352p/packet_tx/20260719_005232_radio_ebyte_e79_cc1352p/raw/run_00001.csv.gz,d228d26af7fa7b1202bda784b6c6a0e2973e48a476a37b0b76bd020848201f69,IEEE154G50,-20,1024,1,16,16,100000,0.0,ok,True,4595.634139442295,4258.95254659057,633.5296021968252,-1.3642420526593924e-10,247.68,model_window_reanalysis,4719.714615628235,1117.3321581941018,10.818671116834121,76.36621151081881,133.63,
tx_p-20_rf_profile-IEEE154G50_s1024,run_00002,web_sessions/20260719_003026_campaign_radio_ebyte_e79_cc1352p/packet_tx/20260719_005232_radio_ebyte_e79_cc1352p/raw/run_00002.csv.gz,d22af2bc0545d67f0e933bfbb19ac3dbbe940e703aeabf43c6fd240e67ebd55e,IEEE154G50,-20,1024,2,16,16,100000,0.29473684210526313,ok,True,4590.884271556951,4249.57229756222,632.2354566596482,-1.4279066817834973e-10,247.68,model_window_reanalysis,4704.548568494309,1106.3949021454632,10.706401469933514,74.99728787610051,131.87,
tx_p-20_rf_profile-IEEE154G50_s1024,run_00003,web_sessions/20260719_003026_campaign_radio_ebyte_e79_cc1352p/packet_tx/20260719_005232_radio_ebyte_e79_cc1352p/raw/run_00003.csv.gz,1bd8ea249219c1e144872d0e03752db0966578fc00e4b01f9500771777327930,IEEE154G50,-20,1024,3,16,16,100000,0.29473684210526313,ok,True,4586.135046370709,4242.908141625599,623.3946452097287,-1.382431946694851e-10,247.68,model_window_reanalysis,4697.601891874597,1099.234184706081,10.71655890421399,76.33038608091758,116.39,
tx_p-20_rf_profile-IEEE154G50_s1024,run_00004,web_sessions/20260719_003026_campaign_radio_ebyte_e79_cc1352p/packet_tx/20260719_005232_radio_ebyte_e79_cc1352p/raw/run_00004.csv.gz,34369a2cd058509aea060f8b5070fc79ac19df9bfaa2ec4b357f403901a0c5fd,IEEE154G50,-20,1024,4,16,16,100000,0.29473684210526313,ok,True,4590.884271556951,4258.654997691356,641.395139398721,-1.291482476517558e-10,247.68,model_window_reanalysis,4717.588918530546,1119.8627478528329,10.776499178449095,74.59794735935381,132.7,
tx_p-20_rf_profile-IEEE154G50_s1024,run_00005,web_sessions/20260719_003026_campaign_radio_ebyte_e79_cc1352p/packet_tx/20260719_005232_radio_ebyte_e79_cc1352p/raw/run_00005.csv.gz,f4a6a0b9c43203c9686447ccbed1641a4fb84283fcc6625637ba8c88c3c858a6,IEEE154G50,-20,1024,5,16,16,100000,0.0,ok,True,4590.884271556951,4258.685045440147,641.0377439468571,-1.4733814168721437e-10,247.68,model_window_reanalysis,4699.398299713757,1103.4996418838716,10.348575900100654,72.14269398392136,121.36,
tx_p0_rf_profile-GFSK4K8_s8,run_00001,web_sessions/20260719_003026_campaign_radio_ebyte_e79_cc1352p/packet_tx/20260719_005301_radio_ebyte_e79_cc1352p/raw/run_00001.csv.gz,5e85b53005c62945332cb2a2cd2683ce5d6a7c1845bc387ba918515e3346c965,GFSK4K8,0,8,1,1,1,100000,0.0,ok,True,4862.652488788245,900.09722295296,321.0507480724279,-4.206412995699793e-12,36.33,model_window_reanalysis,900.0972229529558,321.05074807242954,-4.662936703425657e-13,5.10702591327572e-13,692.52,
tx_p0_rf_profile-GFSK4K8_s8,run_00002,web_sessions/20260719_003026_campaign_radio_ebyte_e79_cc1352p/packet_tx/20260719_005301_radio_ebyte_e79_cc1352p/raw/run_00002.csv.gz,a886d0ee9eeca47557098ec74cdc831fd5ed9ed55fe8c3ccc86c042698d12f02,GFSK4K8,0,8,2,1,1,100000,0.29473684210526313,ok,True,4853.081413417242,899.954279619505,321.78045363668224,-2.8421709430404007e-12,36.33,model_window_reanalysis,899.9542796195021,321.7804536366773,-3.1086244689504383e-13,-1.532107773982716e-12,688.14,
tx_p0_rf_profile-GFSK4K8_s8,run_00003,web_sessions/20260719_003026_campaign_radio_ebyte_e79_cc1352p/packet_tx/20260719_005301_radio_ebyte_e79_cc1352p/raw/run_00003.csv.gz,e3b7e51fc91ff3719d0edb5f1e89432142ea0e1823fbd210adb56563fc23ac16,GFSK4K8,0,8,3,1,1,100000,0.29473684210526313,ok,True,4853.081413417242,896.1220379759668,317.94926728581646,-5.343281372915953e-12,36.33,model_window_reanalysis,896.1220379759615,317.9492672858134,-5.995204332975845e-13,-9.658940314238862e-13,689.01,
tx_p0_rf_profile-GFSK4K8_s8,run_00004,web_sessions/20260719_003026_campaign_radio_ebyte_e79_cc1352p/packet_tx/20260719_005301_radio_ebyte_e79_cc1352p/raw/run_00004.csv.gz,0af631f90aeebea08ff61bb32420c41aa65fbd21e51d16678a73059e92cba68e,GFSK4K8,0,8,4,1,1,100000,0.29473684210526313,ok,True,4853.081413417242,900.1370754448054,321.9094480088112,-5.343281372915953e-12,36.33,model_window_reanalysis,900.1370754448001,321.90944800880635,-5.88418203051333e-13,-1.4988010832439613e-12,690.54,
tx_p0_rf_profile-GFSK4K8_s8,run_00005,web_sessions/20260719_003026_campaign_radio_ebyte_e79_cc1352p/packet_tx/20260719_005301_radio_ebyte_e79_cc1352p/raw/run_00005.csv.gz,74a4fc7ffc531c48524054c24336b6c6a63179a8f8fcd7b757a55ae4493c8f23,GFSK4K8,0,8,5,1,1,100000,0.29473684210526313,ok,True,4848.296839780394,892.6232797178436,315.1285353696829,-4.888534022029489e-12,36.33,model_window_reanalysis,892.6232797178387,315.1285353696802,-5.440092820663267e-13,-8.43769498715119e-13,690.31,
tx_p0_rf_profile-GFSK4K8_s32,run_00001,web_sessions/20260719_003026_campaign_radio_ebyte_e79_cc1352p/packet_tx/20260719_005329_radio_ebyte_e79_cc1352p/raw/run_00001.csv.gz,c43e763c46376109378bba143f9a8c6e87590f24ebffa42939358ece367b0d42,GFSK4K8,0,32,1,1,1,100000,0.0,ok,True,4982.507841872687,1953.1992560381746,707.4336181310816,3.115019353572279e-11,76.33,model_window_reanalysis,1953.1992560382057,707.4336181310765,1.5987211554602254e-12,-7.216449660063518e-13,654.17,
tx_p0_rf_profile-GFSK4K8_s32,run_00002,web_sessions/20260719_003026_campaign_radio_ebyte_e79_cc1352p/packet_tx/20260719_005329_radio_ebyte_e79_cc1352p/raw/run_00002.csv.gz,d0c7a414935d48cceec2a22b443489c9936642013e5f8c8b0a586f14b77ef1cb,GFSK4K8,0,32,2,1,1,100000,0.29473684210526313,ok,True,4982.507841872687,1952.0663143931667,706.9030449541498,2.7966962079517543e-11,76.33,model_window_reanalysis,1952.0663143931947,706.9030449541485,1.4432899320127035e-12,-1.7763568394002505e-13,650.41,
tx_p0_rf_profile-GFSK4K8_s32,run_00003,web_sessions/20260719_003026_campaign_radio_ebyte_e79_cc1352p/packet_tx/20260719_005329_radio_ebyte_e79_cc1352p/raw/run_00003.csv.gz,bf7528aa39b6eb4fd1e1c0cc9923a0eaafceb61a229758ff7ec225a5d65ab14a,GFSK4K8,0,32,3,1,1,100000,0.29473684210526313,ok,True,4979.214198956943,1941.6080967153973,697.1722063418468,2.637534635141492e-11,76.33,model_window_reanalysis,1941.6080967154237,697.1722063418387,1.354472090042691e-12,-1.176836406102666e-12,650.0,
tx_p0_rf_profile-GFSK4K8_s32,run_00004,web_sessions/20260719_003026_campaign_radio_ebyte_e79_cc1352p/packet_tx/20260719_005329_radio_ebyte_e79_cc1352p/raw/run_00004.csv.gz,e4b85ec79528ae8494ba08dc9136cf1a63763a292030e34b65272cd921834145,GFSK4K8,0,32,4,1,1,100000,0.29473684210526313,ok,True,4982.507841872687,1950.956167586987,704.8784414577469,2.319211489520967e-11,76.33,model_window_reanalysis,1950.9561675870102,704.8784414577407,1.199040866595169e-12,-8.881784197001252e-13,650.83,
tx_p0_rf_profile-GFSK4K8_s32,run_00005,web_sessions/20260719_003026_campaign_radio_ebyte_e79_cc1352p/packet_tx/20260719_005329_radio_ebyte_e79_cc1352p/raw/run_00005.csv.gz,dddf6fdcf6de538317ed02e8d6fb4006e6b43263b911d73b43bc6ef8a44d6d30,GFSK4K8,0,32,5,1,1,100000,0.29473684210526313,ok,True,4987.310411084389,1948.2295886755055,700.4493961990053,2.0463630789890885e-11,76.33,model_window_reanalysis,1948.229588675526,700.4493961990044,1.0436096431476471e-12,-1.3322676295501878e-13,650.85,
tx_p0_rf_profile-GFSK4K8_s64,run_00001,web_sessions/20260719_003026_campaign_radio_ebyte_e79_cc1352p/packet_tx/20260719_005357_radio_ebyte_e79_cc1352p/raw/run_00001.csv.gz,476cf3cbda9047906116e55e94716062ffaab30041d2b34461007068772491f9,GFSK4K8,0,64,1,1,1,100000,0.0,ok,True,4867.4389905224,3291.029558456656,1219.5058640246464,1.7780621419660747e-10,129.66,model_window_reanalysis,3291.029558456834,1219.5058640246118,5.395683899678261e-12,-2.831068712794149e-12,599.42,
tx_p0_rf_profile-GFSK4K8_s64,run_00002,web_sessions/20260719_003026_campaign_radio_ebyte_e79_cc1352p/packet_tx/20260719_005357_radio_ebyte_e79_cc1352p/raw/run_00002.csv.gz,e5a17f30998a478ac304fb806d0442e50142e36ea786e66df4a9180f1ad37d1a,GFSK4K8,0,64,2,1,1,100000,0.29473684210526313,ok,True,4862.652488788245,3275.460325337021,1205.1311487280116,1.673470251262188e-10,129.66,model_window_reanalysis,3275.4603253371884,1205.1311487280082,5.10702591327572e-12,-2.7755575615628914e-13,594.85,
tx_p0_rf_profile-GFSK4K8_s64,run_00003,web_sessions/20260719_003026_campaign_radio_ebyte_e79_cc1352p/packet_tx/20260719_005357_radio_ebyte_e79_cc1352p/raw/run_00003.csv.gz,ab8c4af9506d053076b7687bd01df0f497846b586db039e60c2b60d3232fccf1,GFSK4K8,0,64,3,1,1,100000,0.29473684210526313,ok,True,4862.652488788245,3278.8439746243416,1208.5770781762053,1.4142642612569034e-10,129.66,model_window_reanalysis,3278.843974624483,1208.577078176203,4.307665335545607e-12,-1.887379141862766e-13,595.62,
tx_p0_rf_profile-GFSK4K8_s64,run_00004,web_sessions/20260719_003026_campaign_radio_ebyte_e79_cc1352p/packet_tx/20260719_005357_radio_ebyte_e79_cc1352p/raw/run_00004.csv.gz,1ae426f97483a2790dbe1f24000737776a4762583474643b98e5bb4c2eed7097,GFSK4K8,0,64,4,1,1,100000,0.29473684210526313,ok,True,4862.652488788245,3272.5928197462385,1202.4073889214549,1.623448042664677e-10,129.66,model_window_reanalysis,3272.592819746401,1202.4073889214512,4.951594689828198e-12,-2.9976021664879227e-13,595.93,
tx_p0_rf_profile-GFSK4K8_s64,run_00005,web_sessions/20260719_003026_campaign_radio_ebyte_e79_cc1352p/packet_tx/20260719_005357_radio_ebyte_e79_cc1352p/raw/run_00005.csv.gz,0fd8b7a90442736394ed03a7fade5dc95eed150b0d36b2335802b57db93fa421,GFSK4K8,0,64,5,1,1,100000,0.29473684210526313,ok,True,4862.652488788245,3267.6105926502987,1197.7409706183814,1.8917489796876907e-10,129.66,model_window_reanalysis,3267.610592650488,1197.7409706183842,5.795364188543317e-12,2.220446049250313e-13,595.0,
tx_p0_rf_profile-GFSK4K8_s128,run_00001,web_sessions/20260719_003026_campaign_radio_ebyte_e79_cc1352p/packet_tx/20260719_005447_radio_ebyte_e79_cc1352p/raw/run_00001.csv.gz,6bb1965aefbd79e1daa33cd23c355e9ae19551fa0ff0dc119257c772e24d6f20,GFSK4K8,0,128,1,2,2,100000,0.0,ok,True,4872.226134955656,6370.191164071685,2234.3222543358547,-5.666151992045343e-10,259.33,model_window_reanalysis,6567.271375631723,2419.2259576001857,3.093788027454858,8.275605853431056,445.27,
tx_p0_rf_profile-GFSK4K8_s128,run_00002,web_sessions/20260719_003026_campaign_radio_ebyte_e79_cc1352p/packet_tx/20260719_005447_radio_ebyte_e79_cc1352p/raw/run_00002.csv.gz,2237574385b57ec4e4f8f00f5a28a97a68976262dce630e058e5997fa601be2b,GFSK4K8,0,128,2,2,2,100000,0.29473684210526313,ok,True,4867.4389905224,6350.760479113299,2217.0627963576926,-5.156834959052503e-10,259.33,model_window_reanalysis,6551.984003144868,2408.4747274259757,3.168494933691224,8.633581844535243,441.31,
tx_p0_rf_profile-GFSK4K8_s128,run_00003,web_sessions/20260719_003026_campaign_radio_ebyte_e79_cc1352p/packet_tx/20260719_005447_radio_ebyte_e79_cc1352p/raw/run_00003.csv.gz,1a6b64cbe361fb2d15574434ece607b79272c426b3a7a53753aa9459a3c56724,GFSK4K8,0,128,3,2,2,100000,0.29473684210526313,ok,True,4867.4389905224,6353.353669466814,2218.9915865795274,-5.384208634495735e-10,259.33,model_window_reanalysis,6562.874690004894,2418.8689949065406,3.297801939548939,9.00757846653737,439.83,
tx_p0_rf_profile-GFSK4K8_s128,run_00004,web_sessions/20260719_003026_campaign_radio_ebyte_e79_cc1352p/packet_tx/20260719_005447_radio_ebyte_e79_cc1352p/raw/run_00004.csv.gz,c481c89dd36646f50ae362e460e85da486ce20b62313a9d02de42560966412d9,GFSK4K8,0,128,4,2,2,100000,0.29473684210526313,ok,True,4867.4389905224,6365.337135854082,2231.1878606111054,-5.07498043589294e-10,259.33,model_window_reanalysis,6559.034795190993,2414.852170157477,3.0430070741401583,8.23168289809837,441.54,
tx_p0_rf_profile-GFSK4K8_s128,run_00005,web_sessions/20260719_003026_campaign_radio_ebyte_e79_cc1352p/packet_tx/20260719_005447_radio_ebyte_e79_cc1352p/raw/run_00005.csv.gz,effa5bb3ac6f8833b03d333041c0ad9bb5589bdc7c2b3f918224bd8c187f2966,GFSK4K8,0,128,5,2,2,100000,0.29473684210526313,ok,True,4867.4389905224,6348.711610907406,2215.8074889047375,-4.747562343254685e-10,259.33,model_window_reanalysis,6563.04801405616,2418.114915684042,3.376061416626852,9.130189684452429,440.16,
tx_p0_rf_profile-GFSK4K8_s512,run_00001,web_sessions/20260719_003026_campaign_radio_ebyte_e79_cc1352p/packet_tx/20260719_005516_radio_ebyte_e79_cc1352p/raw/run_00001.csv.gz,2d4553d8c5f923c30d3fec58a337867b7c33c742695c33df2311c87289c34f2b,GFSK4K8,0,512,1,8,8,100000,0.0,ok,True,4867.4389905224,24914.62747882437,8406.337031955176,-2.8849171940237284e-09,1037.33,model_window_reanalysis,26127.263334835225,9550.916911851282,4.8671643075599125,13.61567916614801,520.57,
tx_p0_rf_profile-GFSK4K8_s512,run_00002,web_sessions/20260719_003026_campaign_radio_ebyte_e79_cc1352p/packet_tx/20260719_005516_radio_ebyte_e79_cc1352p/raw/run_00002.csv.gz,a03e85bc13ea260d80ed1f6c539f2d41dbfef070b7f0bd81f048c287f2f1a055,GFSK4K8,0,512,2,8,8,100000,0.0,ok,True,4857.866629753193,24760.504028331972,8288.792109548116,-2.4811015464365482e-09,1037.33,model_window_reanalysis,26036.452100066177,9494.726776172058,5.153158717101292,14.54897952181462,516.04,
tx_p0_rf_profile-GFSK4K8_s512,run_00003,web_sessions/20260719_003026_campaign_radio_ebyte_e79_cc1352p/packet_tx/20260719_005516_radio_ebyte_e79_cc1352p/raw/run_00003.csv.gz,cd039a8627e0c563449ed906ef522726c7ec1f745e6002fc12192208799e0063,GFSK4K8,0,512,3,8,8,100000,0.0,ok,True,4862.652488788245,24801.035412367582,8306.243333022765,-2.1755113266408443e-09,1037.33,model_window_reanalysis,26040.832870663562,9482.7105124618,4.998974589898486,14.16364934508727,515.99,
tx_p0_rf_profile-GFSK4K8_s512,run_00004,web_sessions/20260719_003026_campaign_radio_ebyte_e79_cc1352p/packet_tx/20260719_005516_radio_ebyte_e79_cc1352p/raw/run_00004.csv.gz,d872ecce579595460ba8020ba944745046585a4f60fbf6602c0f494dd3ba017c,GFSK4K8,0,512,4,8,8,100000,0.0,ok,True,4857.866629753193,24827.83819904453,8351.283955141753,-2.190063241869211e-09,1037.33,model_window_reanalysis,26036.188691075626,9493.351982480748,4.866917861892617,13.675358585260922,520.89,
tx_p0_rf_profile-GFSK4K8_s512,run_00005,web_sessions/20260719_003026_campaign_radio_ebyte_e79_cc1352p/packet_tx/20260719_005516_radio_ebyte_e79_cc1352p/raw/run_00005.csv.gz,1f2920982529e710eba1489ee25f3d7b137042fe59dd940696067d74eed909e2,GFSK4K8,0,512,5,8,8,100000,0.0,ok,True,4857.866629753193,24800.105550273536,8324.039862590258,-2.2009771782904863e-09,1037.33,model_window_reanalysis,26032.258704612446,9488.600451518354,4.968338347758849,13.990329313076,518.03,
tx_p0_rf_profile-GFSK4K8_s1024,run_00001,web_sessions/20260719_003026_campaign_radio_ebyte_e79_cc1352p/packet_tx/20260719_005554_radio_ebyte_e79_cc1352p/raw/run_00001.csv.gz,4dc236a394631d3ddda644b2464c1b5e43b6f8129c101dfad307d0f34ed00c5e,GFSK4K8,0,1024,1,16,16,100000,0.06923719708726274,ok,True,4865.618238944586,49427.885839938324,16434.075646892252,3.5579432733356953e-09,2074.66,model_window_reanalysis,52090.11662199485,18951.31935531344,5.386090739704286,15.31722113556906,688.05,
tx_p0_rf_profile-GFSK4K8_s1024,run_00002,web_sessions/20260719_003026_campaign_radio_ebyte_e79_cc1352p/packet_tx/20260719_005554_radio_ebyte_e79_cc1352p/raw/run_00002.csv.gz,85ded66ff226290e76f4b99ea48ad5603dee97271420070b30bd85f64d8da2d8,GFSK4K8,0,1024,2,16,16,100000,0.06923719708726274,ok,True,4857.866629753193,49498.129739948614,16554.273150566645,3.2887328416109085e-09,2074.66,model_window_reanalysis,52212.98476115627,19126.88804431909,5.484762829365186,15.540488370305683,681.89,
tx_p0_rf_profile-GFSK4K8_s1024,run_00003,web_sessions/20260719_003026_campaign_radio_ebyte_e79_cc1352p/packet_tx/20260719_005554_radio_ebyte_e79_cc1352p/raw/run_00003.csv.gz,769afaddd380f534bbcf31430e1443eb5e8348afd9b6c85728952f17e4f7f3af,GFSK4K8,0,1024,3,16,16,100000,0.06923719708726274,ok,True,4857.866629753193,49420.79271556404,16477.284832337606,3.208697307854891e-09,2074.66,model_window_reanalysis,52173.19203773137,19088.40655061377,5.5693143936570655,15.846796027654332,682.3,
tx_p0_rf_profile-GFSK4K8_s1024,run_00004,web_sessions/20260719_003026_campaign_radio_ebyte_e79_cc1352p/packet_tx/20260719_005554_radio_ebyte_e79_cc1352p/raw/run_00004.csv.gz,bd2821b7b1cb9ae2d31ee736a89fd24277b385b106b5b0be13ab165d9301d07d,GFSK4K8,0,1024,4,16,16,100000,0.06923719708726274,ok,True,4857.866629753193,49499.823611279455,16550.897568132295,2.990418579429388e-09,2074.66,model_window_reanalysis,52108.39584176662,19021.003061091546,5.269861668542908,14.924299318456802,695.19,
tx_p0_rf_profile-GFSK4K8_s1024,run_00005,web_sessions/20260719_003026_campaign_radio_ebyte_e79_cc1352p/packet_tx/20260719_005554_radio_ebyte_e79_cc1352p/raw/run_00005.csv.gz,ac5f3d67feb17d0bce434b0491d774fa27da70ebedf5ddee4648a03d567f0ee9,GFSK4K8,0,1024,5,16,16,100000,0.06923719708726274,ok,True,4857.866629753193,49462.825628280574,16518.043643291647,3.688910510390997e-09,2074.66,model_window_reanalysis,52104.55655182473,19015.320777128054,5.340841106404026,15.118480055903039,696.64,
tx_p0_rf_profile-GFSK50_s8,run_00001,web_sessions/20260719_003026_campaign_radio_ebyte_e79_cc1352p/packet_tx/20260719_005645_radio_ebyte_e79_cc1352p/raw/run_00001.csv.gz,730e0dedd73ee5300f467695df46bcadf6b43c4df0cad743c906b09d89ddbcdc,GFSK50,0,8,1,1,1,100000,0.0,ok,True,4462.8807789132,128.1558817002412,37.93213717361971,8.526512829121202e-14,6.2,model_window_reanalysis,128.15588170024128,37.93213717361974,6.661338147750939e-14,8.881784197001252e-14,723.31,
tx_p0_rf_profile-GFSK50_s8,run_00002,web_sessions/20260719_003026_campaign_radio_ebyte_e79_cc1352p/packet_tx/20260719_005645_radio_ebyte_e79_cc1352p/raw/run_00002.csv.gz,849e6a4c2cbe08ddf7fb46cd3120977e04520d1ba7ffd1c4f6de7680e07b27e9,GFSK50,0,8,2,1,1,100000,0.29473684210526313,ok,True,4458.148906602709,128.13158517610051,38.77049539047873,1.9895196601282805e-13,6.2,model_window_reanalysis,128.1315851761007,38.77049539047877,1.5543122344752192e-13,1.1102230246251565e-13,721.66,
tx_p0_rf_profile-GFSK50_s8,run_00003,web_sessions/20260719_003026_campaign_radio_ebyte_e79_cc1352p/packet_tx/20260719_005645_radio_ebyte_e79_cc1352p/raw/run_00003.csv.gz,70d3db15aadeede83016c226c92bb4f814a051483e9e5ca7922eb973833d639b,GFSK50,0,8,3,1,1,100000,0.29473684210526313,ok,True,4458.148906602709,128.88596048180847,39.38104817134595,-2.842170943040401e-14,6.2,model_window_reanalysis,128.88596048180844,39.38104817134595,-2.220446049250313e-14,0.0,720.66,
tx_p0_rf_profile-GFSK50_s8,run_00004,web_sessions/20260719_003026_campaign_radio_ebyte_e79_cc1352p/packet_tx/20260719_005645_radio_ebyte_e79_cc1352p/raw/run_00004.csv.gz,5bb2bd34d939bfad6d6b624a6bf88475402b958d8a4241ad3595e0b5967b4077,GFSK50,0,8,4,1,1,100000,0.29473684210526313,ok,True,4458.148906602709,127.2252543259229,37.47639288676179,7.105427357601002e-14,6.2,model_window_reanalysis,127.22525432592298,37.476392886761815,6.661338147750939e-14,6.661338147750939e-14,719.6,
tx_p0_rf_profile-GFSK50_s8,run_00005,web_sessions/20260719_003026_campaign_radio_ebyte_e79_cc1352p/packet_tx/20260719_005645_radio_ebyte_e79_cc1352p/raw/run_00005.csv.gz,26b8505fc03fdc281d0f19cf7887d93e19e5a804701fee93113d4c31456ecb39,GFSK50,0,8,5,1,1,100000,0.29473684210526313,ok,True,4458.148906602709,126.64415058782157,37.79451147271622,9.947598300641403e-14,6.2,model_window_reanalysis,126.64415058782167,37.79451147271624,8.881784197001252e-14,4.440892098500626e-14,720.2,
tx_p0_rf_profile-GFSK50_s32,run_00001,web_sessions/20260719_003026_campaign_radio_ebyte_e79_cc1352p/packet_tx/20260719_005713_radio_ebyte_e79_cc1352p/raw/run_00001.csv.gz,f03901204e92f8d18df8161483a221080cde0ef6b709c3fc083fe62fa72aa84e,GFSK50,0,32,1,1,1,100000,0.0,ok,True,4467.613293922791,223.17266018624773,77.06082931495573,-5.400124791776761e-13,10.04,model_window_reanalysis,223.17266018624719,77.0608293149556,-2.4424906541753444e-13,-1.6653345369377348e-13,720.59,
tx_p0_rf_profile-GFSK50_s32,run_00002,web_sessions/20260719_003026_campaign_radio_ebyte_e79_cc1352p/packet_tx/20260719_005713_radio_ebyte_e79_cc1352p/raw/run_00002.csv.gz,6146dd3f63775d09aa5a87a85a370fb766a613a7062353982fbdcce4e6dbfa97,GFSK50,0,32,2,1,1,100000,0.29473684210526313,ok,True,4462.8807789132,224.3707239052954,78.08229568846983,-3.979039320256561e-13,10.04,model_window_reanalysis,224.370723905295,78.08229568846974,-1.7763568394002505e-13,-1.1102230246251565e-13,714.97,
tx_p0_rf_profile-GFSK50_s32,run_00003,web_sessions/20260719_003026_campaign_radio_ebyte_e79_cc1352p/packet_tx/20260719_005713_radio_ebyte_e79_cc1352p/raw/run_00003.csv.gz,10878bbd5edb18b3be7161f139718b164977a5179c05bec3ccebabb75caf0681,GFSK50,0,32,3,1,1,100000,0.29473684210526313,ok,True,4462.8807789132,223.56059890691301,77.0823258068637,-3.979039320256561e-13,10.04,model_window_reanalysis,223.56059890691262,77.08232580686362,-1.7763568394002505e-13,-8.881784197001252e-14,715.16,
tx_p0_rf_profile-GFSK50_s32,run_00004,web_sessions/20260719_003026_campaign_radio_ebyte_e79_cc1352p/packet_tx/20260719_005713_radio_ebyte_e79_cc1352p/raw/run_00004.csv.gz,25715a3efb70df86cd913e805d219a2f5275f237a7dc513d5bc19c10ae5e0c55,GFSK50,0,32,4,1,1,100000,0.29473684210526313,ok,True,4462.8807789132,222.04677149511338,75.98014532463247,-3.694822225952521e-13,10.04,model_window_reanalysis,222.046771495113,75.98014532463239,-1.6653345369377348e-13,-1.1102230246251565e-13,716.59,
tx_p0_rf_profile-GFSK50_s32,run_00005,web_sessions/20260719_003026_campaign_radio_ebyte_e79_cc1352p/packet_tx/20260719_005713_radio_ebyte_e79_cc1352p/raw/run_00005.csv.gz,820204ea7b3940378c91faa60895d141c83b9835996d3b2f09299766c20576c5,GFSK50,0,32,5,1,1,100000,0.29473684210526313,ok,True,4462.8807789132,223.27685884754843,77.46535682073294,-4.831690603168681e-13,10.04,model_window_reanalysis,223.27685884754794,77.46535682073295,-2.1094237467877974e-13,2.220446049250313e-14,716.45,
tx_p0_rf_profile-GFSK50_s64,run_00001,web_sessions/20260719_003026_campaign_radio_ebyte_e79_cc1352p/packet_tx/20260719_005741_radio_ebyte_e79_cc1352p/raw/run_00001.csv.gz,d14791d0981379478da4907f75faa04d03a2167714e6518dbcbd305375d9c6c4,GFSK50,0,64,1,1,1,100000,0.29473684210526313,ok,True,4467.613293922791,348.6428871353879,126.88422684557504,1.4779288903810084e-12,15.16,model_window_reanalysis,348.6428871353894,126.88422684557479,4.218847493575595e-13,-1.9984014443252818e-13,708.48,
tx_p0_rf_profile-GFSK50_s64,run_00002,web_sessions/20260719_003026_campaign_radio_ebyte_e79_cc1352p/packet_tx/20260719_005741_radio_ebyte_e79_cc1352p/raw/run_00002.csv.gz,145222dfe864092a6d9ee33755353c1b5977acf6113639fddbd594d24e6bd269,GFSK50,0,64,2,1,1,100000,0.29473684210526313,ok,True,4462.8807789132,350.6913169113279,129.05656076548607,1.7053025658242404e-12,15.16,model_window_reanalysis,350.6913169113296,129.05656076548587,4.884981308350689e-13,-1.5543122344752192e-13,710.17,
tx_p0_rf_profile-GFSK50_s64,run_00003,web_sessions/20260719_003026_campaign_radio_ebyte_e79_cc1352p/packet_tx/20260719_005741_radio_ebyte_e79_cc1352p/raw/run_00003.csv.gz,15bfd21f4f177028726c60d316fd8fa0ee58a3d30e240f2d9b075449da46180f,GFSK50,0,64,3,1,1,100000,0.29473684210526313,ok,True,4462.8807789132,349.18325961043024,127.94397969573075,7.389644451905042e-13,15.16,model_window_reanalysis,349.183259610431,127.94397969573063,2.220446049250313e-13,-8.881784197001252e-14,710.34,
tx_p0_rf_profile-GFSK50_s64,run_00004,web_sessions/20260719_003026_campaign_radio_ebyte_e79_cc1352p/packet_tx/20260719_005741_radio_ebyte_e79_cc1352p/raw/run_00004.csv.gz,6d2fc8a9745357f7f065ce1d7eba98dcab90abc233b2b43a9ba54e2f1986f2b1,GFSK50,0,64,4,1,1,100000,0.29473684210526313,ok,True,4462.8807789132,350.6833076599761,128.77221227806027,1.5916157281026244e-12,15.16,model_window_reanalysis,350.6833076599777,128.77221227806018,4.440892098500626e-13,-6.661338147750939e-14,710.95,
tx_p0_rf_profile-GFSK50_s64,run_00005,web_sessions/20260719_003026_campaign_radio_ebyte_e79_cc1352p/packet_tx/20260719_005741_radio_ebyte_e79_cc1352p/raw/run_00005.csv.gz,c6650a0f3bac7a8f4275d21b2e7f6565a2c17bb41adb1270afb7d1ad4163f715,GFSK50,0,64,5,1,1,100000,0.29473684210526313,ok,True,4462.8807789132,350.2779345303668,128.44474758982952,1.9326762412674725e-12,15.16,model_window_reanalysis,350.2779345303687,128.4447475898296,5.551115123125783e-13,6.661338147750939e-14,709.58,
tx_p0_rf_profile-GFSK50_s128,run_00001,web_sessions/20260719_003026_campaign_radio_ebyte_e79_cc1352p/packet_tx/20260719_005809_radio_ebyte_e79_cc1352p/raw/run_00001.csv.gz,77013cabb20db7299f888cbda5c8ddbec9af1d4d030e5038a50ed659524a324b,GFSK50,0,128,1,2,2,100000,0.0,ok,True,4462.8807789132,584.7170264545214,146.62854393968632,3.296918293926865e-12,30.32,model_window_reanalysis,701.2851335472958,257.54432281486834,19.93581541478182,75.64405667207998,675.99,
tx_p0_rf_profile-GFSK50_s128,run_00002,web_sessions/20260719_003026_campaign_radio_ebyte_e79_cc1352p/packet_tx/20260719_005809_radio_ebyte_e79_cc1352p/raw/run_00002.csv.gz,484cdaf12713ad288923d1e478caad93315ac5dbe4e5e2da4c8ebe14af07973d,GFSK50,0,128,2,2,2,100000,0.29473684210526313,ok,True,4462.8807789132,589.4624852352385,151.40637894746607,3.069544618483633e-12,30.32,model_window_reanalysis,709.4148426867498,266.74130836187186,20.349447243218787,76.17573989694574,673.69,
tx_p0_rf_profile-GFSK50_s128,run_00003,web_sessions/20260719_003026_campaign_radio_ebyte_e79_cc1352p/packet_tx/20260719_005809_radio_ebyte_e79_cc1352p/raw/run_00003.csv.gz,04d560f01f58e6d8c28c5bb6e5a8cf06c19f73bc4c98833c31e73874f6c1a966,GFSK50,0,128,3,2,2,100000,0.29473684210526313,ok,True,4462.8807789132,587.8574084846496,148.64980477769666,7.73070496506989e-12,30.32,model_window_reanalysis,703.7331419700794,260.89773778170814,19.71153749412271,75.51165853993311,667.41,
tx_p0_rf_profile-GFSK50_s128,run_00004,web_sessions/20260719_003026_campaign_radio_ebyte_e79_cc1352p/packet_tx/20260719_005809_radio_ebyte_e79_cc1352p/raw/run_00004.csv.gz,225a1ff36704f8b2a4a31c13798f2939a50ec5d01a1b6153c4b74a6ac2f52c5d,GFSK50,0,128,4,2,2,100000,0.29473684210526313,ok,True,4462.8807789132,586.617722200096,149.16622932257752,1.1368683772161603e-13,30.32,model_window_reanalysis,703.628858511343,260.054450931913,19.946744171382935,74.33869054203652,667.52,
tx_p0_rf_profile-GFSK50_s128,run_00005,web_sessions/20260719_003026_campaign_radio_ebyte_e79_cc1352p/packet_tx/20260719_005809_radio_ebyte_e79_cc1352p/raw/run_00005.csv.gz,07319eca6a8bbdc9824769671ab7afde99e858ee9bc257bfc12dc2ed13106a5b,GFSK50,0,128,5,2,2,100000,0.29473684210526313,ok,True,4462.8807789132,586.771801171463,148.9163267536778,5.5706550483591855e-12,30.32,model_window_reanalysis,706.7686322008711,263.77459112798357,20.450340454302673,77.12939667407497,671.61,
tx_p0_rf_profile-GFSK50_s512,run_00001,web_sessions/20260719_003026_campaign_radio_ebyte_e79_cc1352p/packet_tx/20260719_005837_radio_ebyte_e79_cc1352p/raw/run_00001.csv.gz,d365ea9e287b9466314c3a6b0b25251d883d564b07d5776a10dafd1a3211ff8e,GFSK50,0,512,1,8,8,100000,0.29473684210526313,ok,True,4467.613293922791,2296.9852421219366,543.0032651724847,9.094947017729282e-13,121.28,model_window_reanalysis,2822.13774298017,1046.5380500991937,22.862685019826333,92.731446976983,439.67,
tx_p0_rf_profile-GFSK50_s512,run_00002,web_sessions/20260719_003026_campaign_radio_ebyte_e79_cc1352p/packet_tx/20260719_005837_radio_ebyte_e79_cc1352p/raw/run_00002.csv.gz,1dd8821e23123fcaa1945cf689dedb5d277ceec3bcd5552c26cdf8fe01dff0bb,GFSK50,0,512,2,8,8,100000,0.29473684210526313,ok,True,4467.613293922791,2297.9469429558185,544.961512936843,1.318767317570746e-11,121.28,model_window_reanalysis,2809.643135566121,1034.3803844228644,22.267537297972375,89.80796989653497,446.84,
tx_p0_rf_profile-GFSK50_s512,run_00003,web_sessions/20260719_003026_campaign_radio_ebyte_e79_cc1352p/packet_tx/20260719_005837_radio_ebyte_e79_cc1352p/raw/run_00003.csv.gz,be1439c16a0b90f661eb72168ec05490790fbec5c9e49ca951733c809aee3516,GFSK50,0,512,3,8,8,100000,0.29473684210526313,ok,True,4467.613293922791,2280.345235196321,525.5119540579911,-5.002220859751105e-12,121.28,model_window_reanalysis,2822.573631164056,1047.1993880544323,23.77834669937833,99.27222967393661,438.91,
tx_p0_rf_profile-GFSK50_s512,run_00004,web_sessions/20260719_003026_campaign_radio_ebyte_e79_cc1352p/packet_tx/20260719_005837_radio_ebyte_e79_cc1352p/raw/run_00004.csv.gz,1289417e33d1d0a29c360b425df496ddb737d681dc267696c42569a89c4b6cb0,GFSK50,0,512,4,8,8,100000,0.29473684210526313,ok,True,4467.613293922791,2294.3819304929284,543.0445965084839,1.0459189070388675e-11,121.28,model_window_reanalysis,2812.67316246375,1039.4037828989945,22.589579576207306,91.40302464693725,445.39,
tx_p0_rf_profile-GFSK50_s512,run_00005,web_sessions/20260719_003026_campaign_radio_ebyte_e79_cc1352p/packet_tx/20260719_005837_radio_ebyte_e79_cc1352p/raw/run_00005.csv.gz,c9f1478f612b7b3db1f14db845abaaf1eb3a061afa6d0fbf5532d59284396c01,GFSK50,0,512,5,8,8,100000,0.29473684210526313,ok,True,4467.613293922791,2291.865490502147,540.8954102698948,-4.092726157978177e-12,121.28,model_window_reanalysis,2813.9806985087325,1039.3700247177305,22.78123258848799,92.15730157501392,446.8,
tx_p0_rf_profile-GFSK50_s1024,run_00001,web_sessions/20260719_003026_campaign_radio_ebyte_e79_cc1352p/packet_tx/20260719_005905_radio_ebyte_e79_cc1352p/raw/run_00001.csv.gz,a1421d2c05c945a04e8cbed191633b4a61f191bdbbe388b7f94a75b5a88cf103,GFSK50,0,1024,1,16,16,100000,0.29473684210526313,ok,True,4467.613293922791,4564.235678679166,1060.344883201966,-2.0827428670600057e-10,242.56,model_window_reanalysis,5635.058250380905,2083.8689563173566,23.46115860545619,96.5274684991749,142.23,
tx_p0_rf_profile-GFSK50_s1024,run_00002,web_sessions/20260719_003026_campaign_radio_ebyte_e79_cc1352p/packet_tx/20260719_005905_radio_ebyte_e79_cc1352p/raw/run_00002.csv.gz,ca5b632ceb5a1702f8c7089641526f62878e9539417239c20328cf9f2ba0777b,GFSK50,0,1024,2,16,16,100000,0.29473684210526313,ok,True,4467.613293922791,4567.679916709439,1061.6182944331103,-2.0827428670600057e-10,242.56,model_window_reanalysis,5619.33043996423,2067.1022734604644,23.02373507845099,94.71238243537134,139.33,
tx_p0_rf_profile-GFSK50_s1024,run_00003,web_sessions/20260719_003026_campaign_radio_ebyte_e79_cc1352p/packet_tx/20260719_005905_radio_ebyte_e79_cc1352p/raw/run_00003.csv.gz,48853d7e15c6b86bf1f64be444508e43dc75fc7856d36c06c818f8aecf510749,GFSK50,0,1024,3,16,16,100000,0.29473684210526313,ok,True,4467.613293922791,4544.741016441572,1037.5647639312447,-2.1827872842550278e-10,242.56,model_window_reanalysis,5628.2172977422915,2077.2448985772116,23.840220540202672,100.2038784265097,127.43,
tx_p0_rf_profile-GFSK50_s1024,run_00004,web_sessions/20260719_003026_campaign_radio_ebyte_e79_cc1352p/packet_tx/20260719_005905_radio_ebyte_e79_cc1352p/raw/run_00004.csv.gz,0ef02ab560763f9a587558bb200b52368a19037b5907f4a4ab7122b55fb58e88,GFSK50,0,1024,4,16,16,100000,0.29473684210526313,ok,True,4467.613293922791,4557.001046534355,1054.2960768810406,-1.8917489796876907e-10,242.56,model_window_reanalysis,5625.797903360399,2075.61586596599,23.453952411068112,96.87219856744169,140.95,
tx_p0_rf_profile-GFSK50_s1024,run_00005,web_sessions/20260719_003026_campaign_radio_ebyte_e79_cc1352p/packet_tx/20260719_005905_radio_ebyte_e79_cc1352p/raw/run_00005.csv.gz,b1388fdc91e832a02921748a11c825e00531c8f386c7ab73828b0438b3cdda77,GFSK50,0,1024,5,16,16,100000,0.29473684210526313,ok,True,4462.8807789132,4554.001091390942,1050.276532425038,-2.1009327610954642e-10,242.56,model_window_reanalysis,5612.823842799711,2066.7239131686733,23.250384226090958,96.77902432007188,121.04,
tx_p0_rf_profile-GFSK200_s8,run_00001,web_sessions/20260719_003026_campaign_radio_ebyte_e79_cc1352p/packet_tx/20260719_005934_radio_ebyte_e79_cc1352p/raw/run_00001.csv.gz,283d108d23aa98d32416fbd5233f16d10abf3c0bcfdb4b06e81e98dec5226725,GFSK200,0,8,1,1,1,100000,0.29473684210526313,ok,True,4434.499185536791,71.16999088929653,17.49498318873561,0.0,3.8,model_window_reanalysis,71.16999088929653,17.494983188735596,0.0,-7.771561172376096e-14,721.57,
tx_p0_rf_profile-GFSK200_s8,run_00002,web_sessions/20260719_003026_campaign_radio_ebyte_e79_cc1352p/packet_tx/20260719_005934_radio_ebyte_e79_cc1352p/raw/run_00002.csv.gz,8cf01eaa9738eacee25250780e8119f177da1e4229e6f753a780ae6ae4c19935,GFSK200,0,8,2,1,1,100000,0.29473684210526313,ok,True,4429.771169420913,70.00871428098121,16.250502567200446,1.4210854715202004e-14,3.8,review_required,70.00871428098122,16.250502567200453,2.220446049250313e-14,4.440892098500626e-14,724.17,unstable_detector_at_3_MAD
tx_p0_rf_profile-GFSK200_s8,run_00003,web_sessions/20260719_003026_campaign_radio_ebyte_e79_cc1352p/packet_tx/20260719_005934_radio_ebyte_e79_cc1352p/raw/run_00003.csv.gz,fac2b967255d8cae22aabb3e1edf25271e1efe7272885e5323d84727d9084dcb,GFSK200,0,8,3,1,1,100000,0.29473684210526313,ok,True,4429.771169420913,71.38943195335288,17.346674245996965,-2.842170943040401e-14,3.8,model_window_reanalysis,71.38943195335285,17.346674245996976,-4.440892098500626e-14,6.661338147750939e-14,723.51,
tx_p0_rf_profile-GFSK200_s8,run_00004,web_sessions/20260719_003026_campaign_radio_ebyte_e79_cc1352p/packet_tx/20260719_005934_radio_ebyte_e79_cc1352p/raw/run_00004.csv.gz,4b39228a113d1f6e8166221b9719e8d155e887155a3b4640a5979a498a84c27a,GFSK200,0,8,4,1,1,100000,0.29473684210526313,ok,True,4434.499185536791,70.52359637176872,16.27418404976842,8.526512829121202e-14,3.8,model_window_reanalysis,70.5235963717688,16.274184049768397,1.1102230246251565e-13,-1.3322676295501878e-13,723.53,
tx_p0_rf_profile-GFSK200_s8,run_00005,web_sessions/20260719_003026_campaign_radio_ebyte_e79_cc1352p/packet_tx/20260719_005934_radio_ebyte_e79_cc1352p/raw/run_00005.csv.gz,90a9200bdb44cd720023dee81ba913c0fac0107692a3c52dbcbff77a0a4bca44,GFSK200,0,8,5,1,1,100000,0.29473684210526313,ok,True,4429.771169420913,70.87965892078608,16.85932105940794,8.526512829121202e-14,3.8,model_window_reanalysis,70.87965892078617,16.859321059407954,1.1102230246251565e-13,8.881784197001252e-14,723.79,
tx_p0_rf_profile-GFSK200_s32,run_00001,web_sessions/20260719_003026_campaign_radio_ebyte_e79_cc1352p/packet_tx/20260719_010002_radio_ebyte_e79_cc1352p/raw/run_00001.csv.gz,2e33faffca94494e581850445062404d19cbc8efedf7d75954a319bf7a7b9443,GFSK200,0,32,1,1,1,100000,0.0,ok,True,4462.8807789132,96.90969476448507,28.279843125594102,-2.842170943040401e-14,4.76,model_window_reanalysis,96.90969476448504,28.2798431255941,-3.3306690738754696e-14,-1.1102230246251565e-14,723.22,
tx_p0_rf_profile-GFSK200_s32,run_00002,web_sessions/20260719_003026_campaign_radio_ebyte_e79_cc1352p/packet_tx/20260719_010002_radio_ebyte_e79_cc1352p/raw/run_00002.csv.gz,e8fde7d69c4fd3ab8858b66a5957b2a2080b88abf0f09394032fa2d80525fd47,GFSK200,0,32,2,1,1,100000,0.29473684210526313,ok,True,4458.148906602709,96.49601810657151,27.872168411026088,5.684341886080802e-14,4.76,model_window_reanalysis,96.49601810657157,27.872168411026088,6.661338147750939e-14,0.0,720.62,
tx_p0_rf_profile-GFSK200_s32,run_00003,web_sessions/20260719_003026_campaign_radio_ebyte_e79_cc1352p/packet_tx/20260719_010002_radio_ebyte_e79_cc1352p/raw/run_00003.csv.gz,b3d243bafa60ff1e183a6659ba2c0d30e78f84fdb456be69589acb4d1b34b14a,GFSK200,0,32,3,1,1,100000,0.29473684210526313,ok,True,4458.148906602709,96.85548371549292,28.096792614489036,7.105427357601002e-14,4.76,model_window_reanalysis,96.855483715493,28.09679261448904,6.661338147750939e-14,2.220446049250313e-14,722.33,
tx_p0_rf_profile-GFSK200_s32,run_00004,web_sessions/20260719_003026_campaign_radio_ebyte_e79_cc1352p/packet_tx/20260719_010002_radio_ebyte_e79_cc1352p/raw/run_00004.csv.gz,aea8b21576db9e99bbf37d0cdcdad2d4e400c0b51d0a1c37b329c09a8cc4a043,GFSK200,0,32,4,1,1,100000,0.29473684210526313,ok,True,4458.148906602709,97.49502478818422,29.314189026032345,8.526512829121202e-14,4.76,model_window_reanalysis,97.49502478818431,29.314189026032352,8.881784197001252e-14,2.220446049250313e-14,721.29,
tx_p0_rf_profile-GFSK200_s32,run_00005,web_sessions/20260719_003026_campaign_radio_ebyte_e79_cc1352p/packet_tx/20260719_010002_radio_ebyte_e79_cc1352p/raw/run_00005.csv.gz,8ede90b0e16c5339d473ad329e5101c45601d11fc96eb9fc99e7b54856232a7e,GFSK200,0,32,5,1,1,100000,0.29473684210526313,ok,True,4458.148906602709,97.97419528915219,29.206392877680386,1.9895196601282805e-13,4.76,model_window_reanalysis,97.97419528915239,29.20639287768042,1.9984014443252818e-13,1.1102230246251565e-13,720.79,
tx_p0_rf_profile-GFSK200_s64,run_00001,web_sessions/20260719_003026_campaign_radio_ebyte_e79_cc1352p/packet_tx/20260719_010030_radio_ebyte_e79_cc1352p/raw/run_00001.csv.gz,1f5ac5f1b2458f503b78c4ef768b72cb3efd4a54c6dcceee632d1e03216752af,GFSK200,0,64,1,1,1,100000,0.0,ok,True,4453.417676991323,132.59024104026915,45.05494768360837,2.2737367544323206e-13,6.04,model_window_reanalysis,132.59024104026938,45.054947683608354,1.7763568394002505e-13,-3.3306690738754696e-14,722.79,
tx_p0_rf_profile-GFSK200_s64,run_00002,web_sessions/20260719_003026_campaign_radio_ebyte_e79_cc1352p/packet_tx/20260719_010030_radio_ebyte_e79_cc1352p/raw/run_00002.csv.gz,8194e2d015f70f161918adbe1b05e9290115280aae3e862adc5fa32b251dd98f,GFSK200,0,64,2,1,1,100000,0.29473684210526313,ok,True,4448.687090079035,130.7953769374527,43.40112466580253,-5.684341886080802e-14,6.04,model_window_reanalysis,130.79537693745263,43.401124665802534,-4.440892098500626e-14,2.220446049250313e-14,719.22,
tx_p0_rf_profile-GFSK200_s64,run_00003,web_sessions/20260719_003026_campaign_radio_ebyte_e79_cc1352p/packet_tx/20260719_010030_radio_ebyte_e79_cc1352p/raw/run_00003.csv.gz,473cb0f342d912c42d4155eb63833de511f42511a9b845092c27c763f3d97ddd,GFSK200,0,64,3,1,1,100000,0.29473684210526313,ok,True,4448.687090079035,130.74624624588094,43.21941928360283,5.684341886080802e-14,6.04,model_window_reanalysis,130.746246245881,43.21941928360275,4.440892098500626e-14,-1.9984014443252818e-13,719.18,
tx_p0_rf_profile-GFSK200_s64,run_00004,web_sessions/20260719_003026_campaign_radio_ebyte_e79_cc1352p/packet_tx/20260719_010030_radio_ebyte_e79_cc1352p/raw/run_00004.csv.gz,30ce00c0d43022ddcb3c4a3e2f5303f6d2b563ce9bbc8d24e45b0778623a5fec,GFSK200,0,64,4,1,1,100000,0.29473684210526313,ok,True,4448.687090079035,133.95193622957873,46.635457835893575,8.526512829121202e-14,6.04,model_window_reanalysis,133.95193622957882,46.6354578358936,6.661338147750939e-14,4.440892098500626e-14,719.09,
tx_p0_rf_profile-GFSK200_s64,run_00005,web_sessions/20260719_003026_campaign_radio_ebyte_e79_cc1352p/packet_tx/20260719_010030_radio_ebyte_e79_cc1352p/raw/run_00005.csv.gz,8d98ba6ee0eb9a542dafa029f5daf8f6e6640727646ee162e9bb0e15b125a9c7,GFSK200,0,64,5,1,1,100000,0.29473684210526313,ok,True,4443.957145865853,131.54716321507544,44.881667431680505,1.4210854715202004e-13,6.04,model_window_reanalysis,131.54716321507559,44.8816674316805,1.1102230246251565e-13,-1.1102230246251565e-14,719.3,
tx_p0_rf_profile-GFSK200_s128,run_00001,web_sessions/20260719_003026_campaign_radio_ebyte_e79_cc1352p/packet_tx/20260719_010058_radio_ebyte_e79_cc1352p/raw/run_00001.csv.gz,2c20dfd9506f91e6804884367e8965d74a7f7746fd67958e9a6b2b07b290be1b,GFSK200,0,128,1,2,2,100000,0.0,ok,True,4453.417676991323,224.43616339507645,50.21436020902284,-1.4210854715202004e-13,12.08,model_window_reanalysis,260.14389015095395,84.64766514566632,15.909970218578785,68.57262502859945,689.91,
tx_p0_rf_profile-GFSK200_s128,run_00002,web_sessions/20260719_003026_campaign_radio_ebyte_e79_cc1352p/packet_tx/20260719_010058_radio_ebyte_e79_cc1352p/raw/run_00002.csv.gz,224bce147c4c99ad86946bf50df4d458f198551048d1525d129231fdfab267af,GFSK200,0,128,2,2,2,100000,0.29473684210526313,ok,True,4448.687090079035,225.0986914893636,50.85550791193886,-5.684341886080802e-14,12.08,model_window_reanalysis,262.2583434610213,86.19483991217552,16.50815992122885,69.48968450266995,687.21,
tx_p0_rf_profile-GFSK200_s128,run_00003,web_sessions/20260719_003026_campaign_radio_ebyte_e79_cc1352p/packet_tx/20260719_010058_radio_ebyte_e79_cc1352p/raw/run_00003.csv.gz,b221a0613117152f0a5161fab2a2827161dec16a1f86e42a0d0a856f0ec95289,GFSK200,0,128,3,2,2,100000,0.29473684210526313,ok,True,4448.687090079035,225.08888975936443,51.94724087080109,-1.7053025658242404e-13,12.08,model_window_reanalysis,262.46576083654617,88.03607623781451,16.605382485621647,69.47209276575556,686.76,
tx_p0_rf_profile-GFSK200_s128,run_00004,web_sessions/20260719_003026_campaign_radio_ebyte_e79_cc1352p/packet_tx/20260719_010058_radio_ebyte_e79_cc1352p/raw/run_00004.csv.gz,d87f88ab9d2800a90b57f61ba765768c4de2f203db4193157534c4e396b667da,GFSK200,0,128,4,2,2,100000,0.29473684210526313,ok,True,4448.687090079035,226.08297876403165,52.91714931853612,7.389644451905042e-13,12.08,model_window_reanalysis,263.7708831219132,89.03807907380916,16.669943294235033,68.25940214171816,686.22,
tx_p0_rf_profile-GFSK200_s128,run_00005,web_sessions/20260719_003026_campaign_radio_ebyte_e79_cc1352p/packet_tx/20260719_010058_radio_ebyte_e79_cc1352p/raw/run_00005.csv.gz,dbe5a54d79be2950f9c6d4a3ad78540878e498df43596e41388921bd8d6e4962,GFSK200,0,128,5,2,2,100000,0.29473684210526313,ok,True,4448.687090079035,225.53738736013634,51.55539991940113,-5.400124791776761e-13,12.08,model_window_reanalysis,262.8824796255485,86.97860756741235,16.558271203957787,68.70901535705262,687.46,
tx_p0_rf_profile-GFSK200_s512,run_00001,web_sessions/20260719_003026_campaign_radio_ebyte_e79_cc1352p/packet_tx/20260719_010126_radio_ebyte_e79_cc1352p/raw/run_00001.csv.gz,560b3fbe30063eb08d1054353d5ca503a7bc52102c057c4a81d08883a3df7286,GFSK200,0,512,1,8,8,100000,0.0,ok,True,4453.417676991323,819.1326000681427,128.81412704669427,-1.7053025658242404e-12,48.32,model_window_reanalysis,1054.918737163111,355.2677190018281,28.784855721204792,175.79872421372377,497.28,
tx_p0_rf_profile-GFSK200_s512,run_00002,web_sessions/20260719_003026_campaign_radio_ebyte_e79_cc1352p/packet_tx/20260719_010126_radio_ebyte_e79_cc1352p/raw/run_00002.csv.gz,5958e100ea7b5b9bc9be836f771f91b514faf0fd29e5564c6349f474e8890007,GFSK200,0,512,2,8,9,100000,0.29473684210526313,ok,True,4443.957145865853,818.0674786028417,129.5319277816108,-4.547473508864641e-13,48.32,review_required,,,,,,detected_frame_count_mismatch
tx_p0_rf_profile-GFSK200_s512,run_00003,web_sessions/20260719_003026_campaign_radio_ebyte_e79_cc1352p/packet_tx/20260719_010126_radio_ebyte_e79_cc1352p/raw/run_00003.csv.gz,9a2aacf595363a89d2f3304785e9c257145b2a0725dfed56a1db79e134f820c5,GFSK200,0,512,3,8,8,100000,0.0,ok,True,4443.957145865853,820.5658759905917,130.7794990610118,-5.115907697472721e-12,48.32,model_window_reanalysis,1048.7266526386868,350.95107092560306,27.80529672558685,168.35327665682215,495.43,
tx_p0_rf_profile-GFSK200_s512,run_00004,web_sessions/20260719_003026_campaign_radio_ebyte_e79_cc1352p/packet_tx/20260719_010126_radio_ebyte_e79_cc1352p/raw/run_00004.csv.gz,7601226c3b9b4f804691db0be2e7f89d5d5c7079b0975a5e0911c41108344562,GFSK200,0,512,4,8,8,100000,0.29473684210526313,ok,True,4439.227844351771,818.0534705110159,129.60253681552035,-2.2737367544323206e-13,48.32,model_window_reanalysis,1047.3292738930838,348.6598505501453,28.02699476830597,169.02239656499688,493.45,
tx_p0_rf_profile-GFSK200_s512,run_00005,web_sessions/20260719_003026_campaign_radio_ebyte_e79_cc1352p/packet_tx/20260719_010126_radio_ebyte_e79_cc1352p/raw/run_00005.csv.gz,cb2b83414215bfb341ee4ccdd53186bbd9871a7fe65d1a1faefb696c510a684a,GFSK200,0,512,5,8,8,100000,0.29473684210526313,ok,True,4443.957145865853,818.1710714512523,128.1063585134028,-1.1368683772161603e-13,48.32,review_required,1048.7928283932529,351.09047762357784,28.187473865695267,174.06171067367114,491.88,unstable_detector_at_3_MAD
tx_p0_rf_profile-GFSK200_s1024,run_00001,web_sessions/20260719_003026_campaign_radio_ebyte_e79_cc1352p/packet_tx/20260719_010154_radio_ebyte_e79_cc1352p/raw/run_00001.csv.gz,5eb049a2a8e557e25de9425f54e2d07ae040c4627417e4dcfe3fb7c947861da1,GFSK200,0,1024,1,16,16,100000,0.0,ok,True,4448.687090079035,1597.2948667221783,217.91585386196806,1.1368683772161603e-11,96.64,model_window_reanalysis,2099.689704105452,701.8548166185847,31.4528549393164,222.0760693543447,233.58,
tx_p0_rf_profile-GFSK200_s1024,run_00002,web_sessions/20260719_003026_campaign_radio_ebyte_e79_cc1352p/packet_tx/20260719_010154_radio_ebyte_e79_cc1352p/raw/run_00002.csv.gz,da6ec3e8df58e660c9c027f3731c0052812846eef3ab4f923b717fd79f288c8a,GFSK200,0,1024,2,16,16,100000,0.0,ok,True,4443.957145865853,1598.456446057143,219.7385868139351,6.821210263296962e-12,96.64,model_window_reanalysis,2094.6917487049213,699.1038327299296,31.044655853578295,218.1525115212923,237.59,
tx_p0_rf_profile-GFSK200_s1024,run_00003,web_sessions/20260719_003026_campaign_radio_ebyte_e79_cc1352p/packet_tx/20260719_010154_radio_ebyte_e79_cc1352p/raw/run_00003.csv.gz,28b2e22e8af9003fc76182e8769388ded3e1906e4dccecf4039278674a287fc2,GFSK200,0,1024,3,16,16,100000,0.0,ok,True,4443.957145865853,1634.045777185307,255.55553175222641,5.9117155615240335e-12,96.64,model_window_reanalysis,2091.754995636653,693.650964746139,28.0107953425738,171.42866366072934,244.43,
tx_p0_rf_profile-GFSK200_s1024,run_00004,web_sessions/20260719_003026_campaign_radio_ebyte_e79_cc1352p/packet_tx/20260719_010154_radio_ebyte_e79_cc1352p/raw/run_00004.csv.gz,6384abe18d905c54af4b46fb2ae75b8fbf3a9152041fee7c477f68fae1bc9643,GFSK200,0,1024,4,16,16,100000,0.29473684210526313,ok,True,4443.957145865853,1605.3222952498602,225.27865939661072,6.139089236967266e-12,96.64,review_required,2085.9016739515137,688.7567561897336,29.936628932625254,205.7354647060261,236.73,unstable_detector_at_3_MAD
tx_p0_rf_profile-GFSK200_s1024,run_00005,web_sessions/20260719_003026_campaign_radio_ebyte_e79_cc1352p/packet_tx/20260719_010154_radio_ebyte_e79_cc1352p/raw/run_00005.csv.gz,df41590a9c596305104de7db9f9aeadd4455e0835799a166d4401abf059a0ace,GFSK200,0,1024,5,16,16,100000,0.29473684210526313,ok,True,4439.227844351771,1604.614791534893,225.3015605972276,1.0686562745831907e-11,96.64,model_window_reanalysis,2099.0767486894874,702.6202904714792,30.81499433777608,211.85771133097296,232.64,
tx_p0_rf_profile-SLR2K5_s8,run_00001,web_sessions/20260719_003026_campaign_radio_ebyte_e79_cc1352p/packet_tx/20260719_010222_radio_ebyte_e79_cc1352p/raw/run_00001.csv.gz,9b442e503fde3356a5559cb471c9e881c5e641697c2939b8a7914d66a7c55933,SLR2K5,0,8,1,1,1,100000,0.0,ok,True,4472.346451631483,1471.2579223693633,494.4229794709808,8.412825991399586e-12,67.0,model_window_reanalysis,1471.2579223693717,494.4229794709733,5.773159728050814e-13,-1.5210055437364645e-12,667.42,
tx_p0_rf_profile-SLR2K5_s8,run_00002,web_sessions/20260719_003026_campaign_radio_ebyte_e79_cc1352p/packet_tx/20260719_010222_radio_ebyte_e79_cc1352p/raw/run_00002.csv.gz,7944eb7af4e36374bcb09850a33bcf6e9a8bfc0e00e4e6b2823bb1fa330917be,SLR2K5,0,8,2,1,1,100000,0.29473684210526313,ok,True,4467.613293922791,1469.301597880752,492.310962442344,6.59383658785373e-12,67.0,model_window_reanalysis,1469.3015978807587,492.3109624423437,4.440892098500626e-13,-6.661338147750939e-14,662.55,
tx_p0_rf_profile-SLR2K5_s8,run_00003,web_sessions/20260719_003026_campaign_radio_ebyte_e79_cc1352p/packet_tx/20260719_010222_radio_ebyte_e79_cc1352p/raw/run_00003.csv.gz,1e0b565cd914806f6301697f3e26c248b20eb33abd944ca789289bf28a7efe81,SLR2K5,0,8,3,1,1,100000,0.29473684210526313,ok,True,4467.613293922791,1462.8674934372714,485.1125241319025,2.5011104298755527e-12,67.0,model_window_reanalysis,1462.8674934372739,485.11252413189976,1.7763568394002505e-13,-5.662137425588298e-13,673.61,
tx_p0_rf_profile-SLR2K5_s8,run_00004,web_sessions/20260719_003026_campaign_radio_ebyte_e79_cc1352p/packet_tx/20260719_010222_radio_ebyte_e79_cc1352p/raw/run_00004.csv.gz,2dbdec1e0248e7d906dbdf23eab43b01bcd5992a3f567e529bb47286d929fd0d,SLR2K5,0,8,4,1,1,100000,0.29473684210526313,ok,True,4467.613293922791,1466.9425704083724,488.4265918785593,1.4551915228366852e-11,67.0,model_window_reanalysis,1466.942570408387,488.4265918785595,9.992007221626409e-13,4.440892098500626e-14,658.14,
tx_p0_rf_profile-SLR2K5_s8,run_00005,web_sessions/20260719_003026_campaign_radio_ebyte_e79_cc1352p/packet_tx/20260719_010222_radio_ebyte_e79_cc1352p/raw/run_00005.csv.gz,92e9471dd0eb42ca0aae63c2ea54b0679d5b66a71edcc76d9a946d984a05b71e,SLR2K5,0,8,5,1,1,100000,0.29473684210526313,ok,True,4472.346451631483,1473.867371526084,495.5487549433364,-2.2737367544323206e-13,67.0,model_window_reanalysis,1473.8673715260838,495.548754943333,-1.1102230246251565e-14,-6.883382752675971e-13,658.86,
tx_p0_rf_profile-SLR2K5_s32,run_00001,web_sessions/20260719_003026_campaign_radio_ebyte_e79_cc1352p/packet_tx/20260719_010250_radio_ebyte_e79_cc1352p/raw/run_00001.csv.gz,03deec2d2c121cc57fde0a5f2f5fe4a859846584ee90f6f411311433dea136d7,SLR2K5,0,32,1,1,1,100000,0.29473684210526313,ok,True,4448.687090079035,3325.5364680935563,1228.323375957072,4.865796654485166e-11,143.8,model_window_reanalysis,3325.536468093605,1228.323375957061,1.4654943925052066e-12,-8.881784197001252e-13,594.8,
tx_p0_rf_profile-SLR2K5_s32,run_00002,web_sessions/20260719_003026_campaign_radio_ebyte_e79_cc1352p/packet_tx/20260719_010250_radio_ebyte_e79_cc1352p/raw/run_00002.csv.gz,a8fc9ed1dea14148ab1f52484a580819e7bcda00c8422bb8c4058fa0cd0d1aa1,SLR2K5,0,32,2,1,1,100000,0.29473684210526313,ok,True,4448.687090079035,3334.748630549488,1236.9970687383964,1.9099388737231493e-11,143.8,model_window_reanalysis,3334.748630549507,1236.9970687383916,5.773159728050814e-13,-3.885780586188048e-13,592.38,
tx_p0_rf_profile-SLR2K5_s32,run_00003,web_sessions/20260719_003026_campaign_radio_ebyte_e79_cc1352p/packet_tx/20260719_010250_radio_ebyte_e79_cc1352p/raw/run_00003.csv.gz,01d6778384ee409472921a3efc8fc2740512891571d582597142e125efb76a9a,SLR2K5,0,32,3,1,1,100000,0.29473684210526313,ok,True,4448.687090079035,3322.024125321045,1223.5565191742724,-2.546585164964199e-11,143.8,model_window_reanalysis,3322.0241253210197,1223.5565191742587,-7.66053886991358e-13,-1.1102230246251565e-12,581.26,
tx_p0_rf_profile-SLR2K5_s32,run_00004,web_sessions/20260719_003026_campaign_radio_ebyte_e79_cc1352p/packet_tx/20260719_010250_radio_ebyte_e79_cc1352p/raw/run_00004.csv.gz,b8343f394dee0e19581938d3af36f64d153589f3e08c73ef13402a2d4b9adff5,SLR2K5,0,32,4,1,1,100000,0.29473684210526313,ok,True,4448.687090079035,3329.980117861791,1230.8669419539458,-8.640199666842818e-12,143.8,model_window_reanalysis,3329.980117861782,1230.8669419539365,-2.55351295663786e-13,-7.549516567451064e-13,580.5,
tx_p0_rf_profile-SLR2K5_s32,run_00005,web_sessions/20260719_003026_campaign_radio_ebyte_e79_cc1352p/packet_tx/20260719_010250_radio_ebyte_e79_cc1352p/raw/run_00005.csv.gz,7735f65ccfb1be11b8176841e0b45ef8158ac345e65087c32f481b1f7104a0b5,SLR2K5,0,32,5,1,1,100000,0.29473684210526313,ok,True,4448.687090079035,3327.8624244053235,1231.118232545101,2.9103830456733704e-11,143.8,model_window_reanalysis,3327.8624244053526,1231.1182325450945,8.659739592076221e-13,-5.218048215738236e-13,597.93,
tx_p0_rf_profile-SLR2K5_s64,run_00001,web_sessions/20260719_003026_campaign_radio_ebyte_e79_cc1352p/packet_tx/20260719_010318_radio_ebyte_e79_cc1352p/raw/run_00001.csv.gz,6782a2589ca189ba2cc6692102431fa639330eb075389994ad696fcd3381aa0a,SLR2K5,0,64,1,1,1,100000,0.0,ok,True,4467.613293922791,5821.622163673123,2208.928259116868,-2.8558133635669947e-10,246.2,model_window_reanalysis,5821.622163672838,2208.9282591169267,-4.907185768843192e-12,2.6645352591003757e-12,491.91,
tx_p0_rf_profile-SLR2K5_s64,run_00002,web_sessions/20260719_003026_campaign_radio_ebyte_e79_cc1352p/packet_tx/20260719_010318_radio_ebyte_e79_cc1352p/raw/run_00002.csv.gz,022234ff5f182881487fb9152abf2e84ab4cbea1c55e0095fb665ea227d92871,SLR2K5,0,64,2,1,1,100000,0.29473684210526313,ok,True,4458.148906602709,5809.011111181702,2204.0532610530645,-2.9194779926910996e-10,246.2,model_window_reanalysis,5809.01111118141,2204.0532610531923,-5.029310301551959e-12,5.795364188543317e-12,493.83,
tx_p0_rf_profile-SLR2K5_s64,run_00003,web_sessions/20260719_003026_campaign_radio_ebyte_e79_cc1352p/packet_tx/20260719_010318_radio_ebyte_e79_cc1352p/raw/run_00003.csv.gz,e9ff61c5e9c85f15c57b6b3a054a469c91fa3daf3dcd6b5cb2f671ca1c6db6be,SLR2K5,0,64,3,1,1,100000,0.29473684210526313,ok,True,4458.148906602709,5801.413414929258,2198.0522559694696,-3.4015101846307516e-10,246.2,model_window_reanalysis,5801.4134149289175,2198.052255969585,-5.8619775700208265e-12,5.262457136723242e-12,494.43,
tx_p0_rf_profile-SLR2K5_s64,run_00004,web_sessions/20260719_003026_campaign_radio_ebyte_e79_cc1352p/packet_tx/20260719_010318_radio_ebyte_e79_cc1352p/raw/run_00004.csv.gz,7a89653c512bd707c6a517bfee22662cbc62d515a5ac949f8aa327a5a88272ee,SLR2K5,0,64,4,1,1,100000,0.29473684210526313,ok,True,4462.8807789132,5813.761546378753,2205.1759686549785,-2.091837814077735e-10,246.2,model_window_reanalysis,5813.761546378544,2205.175968654949,-3.597122599785507e-12,-1.3433698597964394e-12,480.29,
tx_p0_rf_profile-SLR2K5_s64,run_00005,web_sessions/20260719_003026_campaign_radio_ebyte_e79_cc1352p/packet_tx/20260719_010318_radio_ebyte_e79_cc1352p/raw/run_00005.csv.gz,dcd3e86ba82ef2d3ba69c6baeec7605aebbbd4f682e0d34df1d912e10886bdb2,SLR2K5,0,64,5,1,1,100000,0.29473684210526313,ok,True,4458.148906602709,5803.030802434865,2197.7396124456995,-3.1013769330456853e-10,246.2,model_window_reanalysis,5803.030802434555,2197.739612445797,-5.340172748447003e-12,4.418687638008123e-12,494.29,
tx_p0_rf_profile-SLR2K5_s128,run_00001,web_sessions/20260719_003026_campaign_radio_ebyte_e79_cc1352p/packet_tx/20260719_010346_radio_ebyte_e79_cc1352p/raw/run_00001.csv.gz,cbe43340d48db99516cc11b2fd303de7eca70930e4aecc0d0add8b8472753b2a,SLR2K5,0,128,1,2,2,100000,0.10701878591303489,ok,True,4467.613293922791,11649.078725692063,4425.035174974296,2.546585164964199e-10,492.4,model_window_reanalysis,11651.515814306975,4428.143955658804,0.02092086998721765,0.07025437226102493,486.99,
tx_p0_rf_profile-SLR2K5_s128,run_00002,web_sessions/20260719_003026_campaign_radio_ebyte_e79_cc1352p/packet_tx/20260719_010346_radio_ebyte_e79_cc1352p/raw/run_00002.csv.gz,6ed2f49e5eafbf48d62ac9c2bda2eac11821eeabfad558e7a7bddf3da6f27e5c,SLR2K5,0,128,2,2,2,100000,0.10701878591303489,ok,True,4453.417676991323,11607.324486436391,4405.348055234275,8.913048077374697e-11,492.4,model_window_reanalysis,11608.677961963764,4406.999675744589,0.011660529771129191,0.03749126038636863,488.99,
tx_p0_rf_profile-SLR2K5_s128,run_00003,web_sessions/20260719_003026_campaign_radio_ebyte_e79_cc1352p/packet_tx/20260719_010346_radio_ebyte_e79_cc1352p/raw/run_00003.csv.gz,841aaf147584a9932ce9053a63782a87b19ba192a9de0804b5e94c96a60f18cd,SLR2K5,0,128,3,2,2,100000,0.10701878591303489,ok,True,4458.148906602709,11590.071807710028,4382.057387262309,5.638867150992155e-11,492.4,model_window_reanalysis,11591.757492172848,4383.968494410439,0.014544210689870773,0.04361209768009022,501.74,
tx_p0_rf_profile-SLR2K5_s128,run_00004,web_sessions/20260719_003026_campaign_radio_ebyte_e79_cc1352p/packet_tx/20260719_010346_radio_ebyte_e79_cc1352p/raw/run_00004.csv.gz,c7f252a653bdf40231fa708a116b3fa232ccc24128aaa3c54690a979fd55133d,SLR2K5,0,128,4,2,2,100000,0.10701878591303489,ok,True,4453.417676991323,11606.464201656101,4403.745668473044,-1.4551915228366852e-11,492.4,model_window_reanalysis,11607.638335025427,4406.580059731629,0.010116202048493506,0.06436319151845726,502.68,
tx_p0_rf_profile-SLR2K5_s128,run_00005,web_sessions/20260719_003026_campaign_radio_ebyte_e79_cc1352p/packet_tx/20260719_010346_radio_ebyte_e79_cc1352p/raw/run_00005.csv.gz,45eccbed10b5983b8abc1fd52a7fa9bfeb92c62e7554903f5b31e7d728e0e728,SLR2K5,0,128,5,2,2,100000,0.10701878591303489,ok,True,4453.417676991323,11569.310801606829,4365.26498592262,5.4569682106375694e-11,492.4,model_window_reanalysis,11573.766286505692,4369.821975318847,0.03851123870095563,0.1043920451776037,490.73,
tx_p0_rf_profile-SLR2K5_s512,run_00001,web_sessions/20260719_003026_campaign_radio_ebyte_e79_cc1352p/packet_tx/20260719_010417_radio_ebyte_e79_cc1352p/raw/run_00001.csv.gz,e6ca36ffa523361deb0c29d81e6b902d22cebf324e51fdb5966117f2d64b2644,SLR2K5,0,512,1,8,8,100000,0.0,ok,True,4462.8807789132,45870.60715831418,17016.26024717769,1.618172973394394e-08,1969.6,model_window_reanalysis,46228.60517731647,17360.83739692576,0.7804518866879606,2.0249875398163253,965.87,
tx_p0_rf_profile-SLR2K5_s512,run_00002,web_sessions/20260719_003026_campaign_radio_ebyte_e79_cc1352p/packet_tx/20260719_010417_radio_ebyte_e79_cc1352p/raw/run_00002.csv.gz,ab70c6754c216557871cf86c15e4f66c7f843f44850d84c94596c4e10b30024a,SLR2K5,0,512,2,8,8,100000,0.11966493817311527,ok,True,4458.148906602709,45783.21762945142,16961.440634256865,1.6065314412117004e-08,1969.6,model_window_reanalysis,46200.52659018193,17362.91270598453,0.9114889305247509,2.366969176644207,950.87,
tx_p0_rf_profile-SLR2K5_s512,run_00003,web_sessions/20260719_003026_campaign_radio_ebyte_e79_cc1352p/packet_tx/20260719_010417_radio_ebyte_e79_cc1352p/raw/run_00003.csv.gz,41d74d6a0c401ff9b467a424a0cb573eb532b43452ad199a2408d7ea6fefc182,SLR2K5,0,512,3,8,8,100000,0.0,ok,True,4458.148906602709,45774.34828318218,16959.37118810284,1.705484464764595e-08,1969.6,model_window_reanalysis,46279.49536718212,17438.58063364986,1.1035593142142641,2.825632154824187,946.38,
tx_p0_rf_profile-SLR2K5_s512,run_00004,web_sessions/20260719_003026_campaign_radio_ebyte_e79_cc1352p/packet_tx/20260719_010417_radio_ebyte_e79_cc1352p/raw/run_00004.csv.gz,b8ee00fb6ad65522e4a08ff4cc14d367e490687946c14203b7ffbf30d06a4822,SLR2K5,0,512,4,8,8,100000,0.0,ok,True,4458.148906602709,45890.654484648156,17066.25671449643,1.5024852473288774e-08,1969.6,model_window_reanalysis,46307.02915209612,17463.234312323024,0.9073190873476245,2.3260964865798206,961.26,
tx_p0_rf_profile-SLR2K5_s512,run_00005,web_sessions/20260719_003026_campaign_radio_ebyte_e79_cc1352p/packet_tx/20260719_010417_radio_ebyte_e79_cc1352p/raw/run_00005.csv.gz,60f9c336329d556124bd9af83480acbecda36b795f10e9147e7866b57a9f4bbc,SLR2K5,0,512,5,8,8,100000,0.0,ok,True,4458.148906602709,45729.54194241435,16913.26646750101,1.5730620361864567e-08,1969.6,model_window_reanalysis,46238.00449465456,17398.59770641188,1.111890761732326,2.8695299033066224,953.0,
tx_p0_rf_profile-SLR2K5_s1024,run_00001,web_sessions/20260719_003026_campaign_radio_ebyte_e79_cc1352p/packet_tx/20260719_010507_radio_ebyte_e79_cc1352p/raw/run_00001.csv.gz,a1816bb6ba42ecd2563e4a36e39b94089489a0c34306ea23ebd2944aaff16f0d,SLR2K5,0,1024,1,16,16,100000,0.006816725517730303,ok,True,4462.8807789132,91424.3764931624,33737.06917507505,-6.916525308042765e-08,3939.2,model_window_reanalysis,92518.47045096122,34782.70833298061,1.1967201743843914,3.099377579241769,1574.22,
tx_p0_rf_profile-SLR2K5_s1024,run_00002,web_sessions/20260719_003026_campaign_radio_ebyte_e79_cc1352p/packet_tx/20260719_010507_radio_ebyte_e79_cc1352p/raw/run_00002.csv.gz,7396ed60e70a08393674f21b7127b11e1d16298b3429a982f9b43bd120e60834,SLR2K5,0,1024,2,16,16,100000,0.006816725517730303,ok,True,4458.148906602709,91268.29451720005,33650.18555119407,-6.939808372408152e-08,3939.2,model_window_reanalysis,92525.41419597679,34848.56799871574,1.377389251576111,3.5612952139550735,1554.53,
tx_p0_rf_profile-SLR2K5_s1024,run_00003,web_sessions/20260719_003026_campaign_radio_ebyte_e79_cc1352p/packet_tx/20260719_010507_radio_ebyte_e79_cc1352p/raw/run_00003.csv.gz,023c8d69ce6c58db7e03cbfa4a351f0a6c01feb0f3642ab8ac681f9d13cecae4,SLR2K5,0,1024,3,16,16,100000,0.006816725517730303,ok,True,4453.417676991323,91289.00391652754,33720.500703630394,-7.33562046661973e-08,3939.2,model_window_reanalysis,92354.67738202297,34737.34093676089,1.1673623544735667,3.015495653719702,1581.0,
tx_p0_rf_profile-SLR2K5_s1024,run_00004,web_sessions/20260719_003026_campaign_radio_ebyte_e79_cc1352p/packet_tx/20260719_010507_radio_ebyte_e79_cc1352p/raw/run_00004.csv.gz,6c538f56e1ffe7a94e001f00b6233e6dc032a4d9f63dba51518b1a4d77739997,SLR2K5,0,1024,4,16,16,100000,0.006816725517730303,ok,True,4462.8807789132,91310.71333658393,33630.111683849216,-7.412745617330074e-08,3939.2,model_window_reanalysis,92366.13489838045,34634.77148881907,1.1558573175374232,2.987381708435821,1582.02,
tx_p0_rf_profile-SLR2K5_s1024,run_00005,web_sessions/20260719_003026_campaign_radio_ebyte_e79_cc1352p/packet_tx/20260719_010507_radio_ebyte_e79_cc1352p/raw/run_00005.csv.gz,5cd25762cd6a060832bab6a04c563b58f1e356fc66b8852961fdb1f3f9878dc7,SLR2K5,0,1024,5,16,16,100000,0.006816725517730303,ok,True,4458.148906602709,91270.91360057211,33642.69862605977,-7.207563612610102e-08,3939.2,model_window_reanalysis,92364.44826072971,34687.884345134786,1.198119550926413,3.1067237818591886,1567.32,
tx_p0_rf_profile-SLR5_s8,run_00001,web_sessions/20260719_003026_campaign_radio_ebyte_e79_cc1352p/packet_tx/20260719_010622_radio_ebyte_e79_cc1352p/raw/run_00001.csv.gz,a3d66fabe91edafbc20db7c2692d71dab8c99107aaa22ec7511580f1db7022af,SLR5,0,8,1,1,1,100000,0.0,ok,True,4467.613293922791,805.518427544387,292.9958636094393,6.821210263296962e-12,35.0,model_window_reanalysis,805.5184275443938,292.99586360944045,8.43769498715119e-13,3.774758283725532e-13,694.48,
tx_p0_rf_profile-SLR5_s8,run_00002,web_sessions/20260719_003026_campaign_radio_ebyte_e79_cc1352p/packet_tx/20260719_010622_radio_ebyte_e79_cc1352p/raw/run_00002.csv.gz,4caafb505745724e67c4e7958b3a2cbd15e0f2551d695f9f1eb4dec3821f8dcf,SLR5,0,8,2,1,1,100000,0.29473684210526313,ok,True,4458.148906602709,798.8904313951458,287.86550406707875,6.821210263296962e-12,35.0,model_window_reanalysis,798.8904313951526,287.86550406707806,8.43769498715119e-13,-2.3314683517128287e-13,691.02,
tx_p0_rf_profile-SLR5_s8,run_00003,web_sessions/20260719_003026_campaign_radio_ebyte_e79_cc1352p/packet_tx/20260719_010622_radio_ebyte_e79_cc1352p/raw/run_00003.csv.gz,e197b4e08a42144471c8d7b17560a09a82708a758a7aaffa11aeb6fd823ce725,SLR5,0,8,3,1,1,100000,0.29473684210526313,ok,True,4462.8807789132,802.4885723663605,290.60975828131905,5.5706550483591855e-12,35.0,model_window_reanalysis,802.488572366366,290.60975828131893,6.883382752675971e-13,-4.440892098500626e-14,694.48,
tx_p0_rf_profile-SLR5_s8,run_00004,web_sessions/20260719_003026_campaign_radio_ebyte_e79_cc1352p/packet_tx/20260719_010622_radio_ebyte_e79_cc1352p/raw/run_00004.csv.gz,7632d32653991617bc1e340492fc2ebb5013956d0143896422f82dd35f5cd241,SLR5,0,8,4,1,1,100000,0.29473684210526313,ok,True,4462.8807789132,803.4041374007061,291.80723188442687,6.0254023992456496e-12,35.0,model_window_reanalysis,803.4041374007121,291.807231884427,7.549516567451064e-13,4.440892098500626e-14,694.54,
tx_p0_rf_profile-SLR5_s8,run_00005,web_sessions/20260719_003026_campaign_radio_ebyte_e79_cc1352p/packet_tx/20260719_010622_radio_ebyte_e79_cc1352p/raw/run_00005.csv.gz,25414d6371f26c5e9947e0bb5e23b992ff6f07ee1179beb64a0df24dd873d819,SLR5,0,8,5,1,1,100000,0.29473684210526313,ok,True,4462.8807789132,807.5872583042824,295.75386345335517,7.844391802791506e-12,35.0,model_window_reanalysis,807.5872583042902,295.753863453355,9.769962616701378e-13,-5.551115123125783e-14,691.59,
tx_p0_rf_profile-SLR5_s32,run_00001,web_sessions/20260719_003026_campaign_radio_ebyte_e79_cc1352p/packet_tx/20260719_010650_radio_ebyte_e79_cc1352p/raw/run_00001.csv.gz,eddc5252fa4907d7701ba7f36792cc404e3ae173dfce9136b426aa7317031ceb,SLR5,0,32,1,1,1,100000,0.29473684210526313,ok,True,4467.613293922791,1741.6924431743407,664.7722146429743,6.821210263296962e-13,73.4,model_window_reanalysis,1741.6924431743414,664.7722146429851,4.440892098500626e-14,1.6209256159527285e-12,651.96,
tx_p0_rf_profile-SLR5_s32,run_00002,web_sessions/20260719_003026_campaign_radio_ebyte_e79_cc1352p/packet_tx/20260719_010650_radio_ebyte_e79_cc1352p/raw/run_00002.csv.gz,7d96ffed1221dc3cdf8ba9ae663287eae84aff24e975ea58228bc07395039bb5,SLR5,0,32,2,1,1,100000,0.29473684210526313,ok,True,4462.8807789132,1736.1127405055752,660.3998469002493,2.7284841053187847e-12,73.4,model_window_reanalysis,1736.112740505578,660.3998469002519,1.5543122344752192e-13,3.9968028886505635e-13,654.0,
tx_p0_rf_profile-SLR5_s32,run_00003,web_sessions/20260719_003026_campaign_radio_ebyte_e79_cc1352p/packet_tx/20260719_010650_radio_ebyte_e79_cc1352p/raw/run_00003.csv.gz,5a999f8d5662ba9942be8885f828c2830d57c26bd8682748a73327ed72d0767c,SLR5,0,32,3,1,1,100000,0.29473684210526313,ok,True,4462.8807789132,1733.6910885625887,658.5380732097907,5.6843418860808015e-12,73.4,model_window_reanalysis,1733.6910885625944,658.5380732097964,3.3306690738754696e-13,8.659739592076221e-13,653.35,
tx_p0_rf_profile-SLR5_s32,run_00004,web_sessions/20260719_003026_campaign_radio_ebyte_e79_cc1352p/packet_tx/20260719_010650_radio_ebyte_e79_cc1352p/raw/run_00004.csv.gz,f958ca36ef7db3b73f143c60ed86e170e6afc7670f3d8a9709d5f081518c3725,SLR5,0,32,4,1,1,100000,0.29473684210526313,ok,True,4462.8807789132,1741.6832212503446,665.6258280395843,6.59383658785373e-12,73.4,model_window_reanalysis,1741.6832212503512,665.625828039586,3.774758283725532e-13,2.6645352591003757e-13,653.2,
tx_p0_rf_profile-SLR5_s32,run_00005,web_sessions/20260719_003026_campaign_radio_ebyte_e79_cc1352p/packet_tx/20260719_010650_radio_ebyte_e79_cc1352p/raw/run_00005.csv.gz,54f1770b276ed3f63caf20a1bdf34a1e18efbf0c685368c0767495db4e2635be,SLR5,0,32,5,1,1,100000,0.29473684210526313,ok,True,4462.8807789132,1738.6262566130526,662.9494659982068,5.9117155615240335e-12,73.4,model_window_reanalysis,1738.6262566130586,662.9494659982068,3.3306690738754696e-13,0.0,654.97,
tx_p0_rf_profile-SLR5_s64,run_00001,web_sessions/20260719_003026_campaign_radio_ebyte_e79_cc1352p/packet_tx/20260719_010718_radio_ebyte_e79_cc1352p/raw/run_00001.csv.gz,3108e7e153d9b26de1e76ce9c507345cc3a8bb628c134dee872fa95c4cddfb71,SLR5,0,64,1,1,1,100000,0.0,ok,True,4472.346451631483,2988.6298116236876,1158.0253216908993,2.6830093702301383e-11,124.6,model_window_reanalysis,2988.6298116237144,1158.0253216909057,8.881784197001252e-13,5.551115123125783e-13,606.22,
tx_p0_rf_profile-SLR5_s64,run_00002,web_sessions/20260719_003026_campaign_radio_ebyte_e79_cc1352p/packet_tx/20260719_010718_radio_ebyte_e79_cc1352p/raw/run_00002.csv.gz,b58f88ad67d6e6086011e5d561b4a9c2f9fb55c26d804396e61ef68980cbd2a0,SLR5,0,64,2,1,1,100000,0.29473684210526313,ok,True,4472.346451631483,2977.446854121614,1145.6165261041099,1.864464138634503e-11,124.6,model_window_reanalysis,2977.4468541216324,1145.61652610411,6.217248937900877e-13,2.220446049250313e-14,601.78,
tx_p0_rf_profile-SLR5_s64,run_00003,web_sessions/20260719_003026_campaign_radio_ebyte_e79_cc1352p/packet_tx/20260719_010718_radio_ebyte_e79_cc1352p/raw/run_00003.csv.gz,a510abe334efa42f77b3906e3c0d30a6e27015cf7e8b96a66315f23d0d8518c4,SLR5,0,64,3,1,1,100000,0.29473684210526313,ok,True,4467.613293922791,2979.3597673432655,1149.4798391425857,2.7284841053187847e-12,124.6,model_window_reanalysis,2979.3597673432682,1149.47983914263,8.881784197001252e-14,3.863576125695545e-12,601.66,
tx_p0_rf_profile-SLR5_s64,run_00004,web_sessions/20260719_003026_campaign_radio_ebyte_e79_cc1352p/packet_tx/20260719_010718_radio_ebyte_e79_cc1352p/raw/run_00004.csv.gz,152734259855026584455bac8a4e251939b804d4e2db526ab04a207f682b6712,SLR5,0,64,4,1,1,100000,0.29473684210526313,ok,True,4467.613293922791,2986.173923152343,1156.2245585273588,3.228706191293895e-11,124.6,model_window_reanalysis,2986.173923152375,1156.2245585274052,1.0880185641326534e-12,4.019007349143067e-12,601.83,
tx_p0_rf_profile-SLR5_s64,run_00005,web_sessions/20260719_003026_campaign_radio_ebyte_e79_cc1352p/packet_tx/20260719_010718_radio_ebyte_e79_cc1352p/raw/run_00005.csv.gz,4ecc21ef055c03c4149941027e987c6fa09e0f0af37be2d4507f416f91951418,SLR5,0,64,5,1,1,100000,0.29473684210526313,ok,True,4467.613293922791,2972.090439360545,1143.2656650068923,7.275957614183426e-12,124.6,model_window_reanalysis,2972.0904393605524,1143.2656650069516,2.4424906541753444e-13,5.195843755245733e-12,602.22,
tx_p0_rf_profile-SLR5_s128,run_00001,web_sessions/20260719_003026_campaign_radio_ebyte_e79_cc1352p/packet_tx/20260719_010747_radio_ebyte_e79_cc1352p/raw/run_00001.csv.gz,286f474448d5ed39c8cde908968cea2203c88e5804d18fd4f5024fe918a64e53,SLR5,0,128,1,2,2,100000,0.0,ok,True,4472.346451631483,5811.912209030457,2155.979307632163,-3.537934389896691e-10,249.2,model_window_reanalysis,5980.432964037337,2316.6450166610593,2.8995750270459197,7.452098842513943,456.36,
tx_p0_rf_profile-SLR5_s128,run_00002,web_sessions/20260719_003026_campaign_radio_ebyte_e79_cc1352p/packet_tx/20260719_010747_radio_ebyte_e79_cc1352p/raw/run_00002.csv.gz,7d5320887436a14217fa57aab904eef742fbf21d6459f88a50e6e108c3251190,SLR5,0,128,2,2,2,100000,0.29473684210526313,ok,True,4467.613293922791,5824.61478568895,2171.5219873081614,-4.092726157978177e-10,249.2,model_window_reanalysis,5956.731960051357,2298.009356437406,2.2682560001567653,5.824825623158425,454.13,
tx_p0_rf_profile-SLR5_s128,run_00003,web_sessions/20260719_003026_campaign_radio_ebyte_e79_cc1352p/packet_tx/20260719_010747_radio_ebyte_e79_cc1352p/raw/run_00003.csv.gz,9ffd520abaacc6e7f4f9dc656e93422dd6e2b725290fd527518fcb5fe478ef50,SLR5,0,128,3,2,2,100000,0.29473684210526313,ok,True,4458.148906602709,5756.0164941728035,2110.0980672822902,-4.05634636990726e-10,249.2,model_window_reanalysis,5934.122072692463,2282.422716146806,3.0942506627624766,8.166665404630313,453.48,
tx_p0_rf_profile-SLR5_s128,run_00004,web_sessions/20260719_003026_campaign_radio_ebyte_e79_cc1352p/packet_tx/20260719_010747_radio_ebyte_e79_cc1352p/raw/run_00004.csv.gz,5b5f0f285d7c3552af916c64662acb1aa8ff5ac68fa75df833d6bdff1b20232a,SLR5,0,128,4,2,2,100000,0.29473684210526313,ok,True,4458.148906602709,5795.232845932706,2150.9853115973388,-3.610693966038525e-10,249.2,model_window_reanalysis,5944.454401616649,2292.583106085648,2.574901814146635,6.582927076482803,457.28,
tx_p0_rf_profile-SLR5_s128,run_00005,web_sessions/20260719_003026_campaign_radio_ebyte_e79_cc1352p/packet_tx/20260719_010747_radio_ebyte_e79_cc1352p/raw/run_00005.csv.gz,57a4f9c4353e5bf41d8db6b4f648d08ee7a42d9e06c827c09eddb6faf1bbe93d,SLR5,0,128,5,2,2,100000,0.29473684210526313,ok,True,4458.148906602709,5814.511361302542,2168.6937899015284,-4.2746250983327627e-10,249.2,model_window_reanalysis,5956.7460428829345,2304.600216030229,2.4462017999828944,6.266741149052302,458.4,
tx_p0_rf_profile-SLR5_s512,run_00001,web_sessions/20260719_003026_campaign_radio_ebyte_e79_cc1352p/packet_tx/20260719_010815_radio_ebyte_e79_cc1352p/raw/run_00001.csv.gz,1ee9cb9787b3d37c5dd49f41f432f9175e242f406d27fc5c0eb09115aa6bd69a,SLR5,0,512,1,8,8,100000,0.0675219446320054,ok,True,4467.613293922791,22731.331271167324,8136.707698229746,2.4556356947869062e-09,996.8,model_window_reanalysis,23763.003596161045,9125.469501011825,4.538547754580069,12.151865833858055,528.71,
tx_p0_rf_profile-SLR5_s512,run_00002,web_sessions/20260719_003026_campaign_radio_ebyte_e79_cc1352p/packet_tx/20260719_010815_radio_ebyte_e79_cc1352p/raw/run_00002.csv.gz,a15a010190b4aa95eb66b0a150fde6bd7563bbff4cfaf0c662e2176dcc0f624e,SLR5,0,512,2,8,8,100000,0.0675219446320054,ok,True,4453.417676991323,22618.2667323441,8071.115622799733,2.6557245291769505e-09,996.8,model_window_reanalysis,23663.028524094905,9071.373407722393,4.619106336104872,12.393054834911265,527.4,
tx_p0_rf_profile-SLR5_s512,run_00003,web_sessions/20260719_003026_campaign_radio_ebyte_e79_cc1352p/packet_tx/20260719_010815_radio_ebyte_e79_cc1352p/raw/run_00003.csv.gz,5962bb0d38f024a4d3f617f561372dec85d4dc8f9d0f58eeb338a603b4718048,SLR5,0,512,3,8,8,100000,0.0675219446320054,ok,True,4453.417676991323,22567.545351878278,8028.780206753489,2.2337189875543118e-09,996.8,model_window_reanalysis,23672.624036732577,9079.826348553423,4.896760669464317,13.090981627767494,519.57,
tx_p0_rf_profile-SLR5_s512,run_00004,web_sessions/20260719_003026_campaign_radio_ebyte_e79_cc1352p/packet_tx/20260719_010815_radio_ebyte_e79_cc1352p/raw/run_00004.csv.gz,204e437789bc0e411407d20ec7afbb378bb9657ffa546197067e9d5927d82fda,SLR5,0,512,4,8,8,100000,0.0675219446320054,ok,True,4453.417676991323,22659.973488687265,8111.863542271498,2.3501343093812466e-09,996.8,model_window_reanalysis,23710.79404196788,9117.169863333967,4.637342377321074,12.393037873772727,531.54,
tx_p0_rf_profile-SLR5_s512,run_00005,web_sessions/20260719_003026_campaign_radio_ebyte_e79_cc1352p/packet_tx/20260719_010815_radio_ebyte_e79_cc1352p/raw/run_00005.csv.gz,b68dbed5e43357e1a98c810e4f74a592b218da0ec31d9f0baabdc46deab0b1b7,SLR5,0,512,5,8,8,100000,0.0675219446320054,ok,True,4462.8807789132,22608.009089434578,8035.332194979932,2.7976057026535273e-09,996.8,model_window_reanalysis,23651.27030191648,9030.068376923708,4.614564725071046,12.379527788101118,536.46,
tx_p0_rf_profile-SLR5_s1024,run_00001,web_sessions/20260719_003026_campaign_radio_ebyte_e79_cc1352p/packet_tx/20260719_010852_radio_ebyte_e79_cc1352p/raw/run_00001.csv.gz,e9157206da7d9e7d6acab7b04d04d1326abd807615cd829587fa71b13acf99fe,SLR5,0,1024,1,16,16,100000,0.012340499049781573,ok,True,4467.613293922791,45119.631745066574,15953.717357772719,1.5701516531407833e-08,1993.6,model_window_reanalysis,47437.839271094366,18163.151443576175,5.137913223951052,13.849023624121127,701.53,
tx_p0_rf_profile-SLR5_s1024,run_00002,web_sessions/20260719_003026_campaign_radio_ebyte_e79_cc1352p/packet_tx/20260719_010852_radio_ebyte_e79_cc1352p/raw/run_00002.csv.gz,0aa9bb241fe6927ced21fd6bdc53a56d0ad280c010fd123a530df5a18f7e49d8,SLR5,0,1024,2,16,16,100000,0.012340499049781573,ok,True,4467.613293922791,45114.00001715776,15947.547398181545,1.5868863556534052e-08,1993.6,model_window_reanalysis,47398.97778764291,18123.82979220028,5.064897303755189,13.646502121491677,711.23,
tx_p0_rf_profile-SLR5_s1024,run_00003,web_sessions/20260719_003026_campaign_radio_ebyte_e79_cc1352p/packet_tx/20260719_010852_radio_ebyte_e79_cc1352p/raw/run_00003.csv.gz,44f868536d209447887f22fdf8c4c3357378ca50f98fae11d0a6348360c34dd5,SLR5,0,1024,3,16,16,100000,0.012340499049781573,ok,True,4467.613293922791,45041.687048038395,15873.567656831381,1.522857928648591e-08,1993.6,model_window_reanalysis,47415.3362032977,18142.457628835553,5.269893982274088,14.293509947196581,695.68,
tx_p0_rf_profile-SLR5_s1024,run_00004,web_sessions/20260719_003026_campaign_radio_ebyte_e79_cc1352p/packet_tx/20260719_010852_radio_ebyte_e79_cc1352p/raw/run_00004.csv.gz,c9537a0ac56b9d22a4c3fa736322669aa2bd54d7cd133ee6f232ad5cfda3dde9,SLR5,0,1024,4,16,16,100000,0.012340499049781573,ok,True,4470.017719089403,45110.35583941521,15925.17690628653,1.5745172277092934e-08,1993.6,model_window_reanalysis,47430.33013272358,18141.227427736143,5.142886262230029,13.91539029355975,705.23,
tx_p0_rf_profile-SLR5_s1024,run_00005,web_sessions/20260719_003026_campaign_radio_ebyte_e79_cc1352p/packet_tx/20260719_010852_radio_ebyte_e79_cc1352p/raw/run_00005.csv.gz,8ac7c3a3c4a9917e5a7fa185c4d5448bb3fcd157927616b5a88f326af19195cd,SLR5,0,1024,5,16,16,100000,0.012340499049781573,ok,True,4467.613293922791,45168.2429105446,15997.094719144667,1.6189005691558123e-08,1993.6,model_window_reanalysis,47446.017380633515,18173.31079281944,5.042867119272354,13.603820642946918,713.83,
tx_p0_rf_profile-OOK4K8_s8,run_00001,web_sessions/20260719_003026_campaign_radio_ebyte_e79_cc1352p/packet_tx/20260719_010943_radio_ebyte_e79_cc1352p/raw/run_00001.csv.gz,9a6725aeb0f2eadea42cff8ea61477680e0c713cbcd2c02b4f527655408de828,OOK4K8,0,8,1,1,1,100000,0.29473684210526313,ok,True,4462.8807789132,718.9807954936745,203.94895139459544,-3.410605131648481e-13,36.33,model_window_reanalysis,718.9807954936741,203.94895139459555,-4.440892098500626e-14,6.661338147750939e-14,691.04,
tx_p0_rf_profile-OOK4K8_s8,run_00002,web_sessions/20260719_003026_campaign_radio_ebyte_e79_cc1352p/packet_tx/20260719_010943_radio_ebyte_e79_cc1352p/raw/run_00002.csv.gz,5f207e32cee12d9de12e4664072710a19f21ebeae78ad99d5bcc0c35c834c97d,OOK4K8,0,8,2,1,1,100000,0.29473684210526313,ok,True,4458.148906602709,714.8543173472855,198.7788347021025,-5.684341886080801e-13,36.33,model_window_reanalysis,714.8543173472849,198.77883470210162,-7.771561172376096e-14,-4.440892098500626e-13,690.08,
tx_p0_rf_profile-OOK4K8_s8,run_00003,web_sessions/20260719_003026_campaign_radio_ebyte_e79_cc1352p/packet_tx/20260719_010943_radio_ebyte_e79_cc1352p/raw/run_00003.csv.gz,fbbec0707bf365de1a8c655619698d53f97fa15c61c688ea50668959e7f79d73,OOK4K8,0,8,3,1,1,100000,0.0,ok,True,4458.148906602709,714.2558542834983,199.98631429430327,1.8189894035458565e-12,36.33,model_window_reanalysis,714.2558542835001,199.98631429430296,2.4424906541753444e-13,-1.5543122344752192e-13,693.72,
tx_p0_rf_profile-OOK4K8_s8,run_00004,web_sessions/20260719_003026_campaign_radio_ebyte_e79_cc1352p/packet_tx/20260719_010943_radio_ebyte_e79_cc1352p/raw/run_00004.csv.gz,4ded2ce22fe8109e40a9e4c32cd6fd1e1ad7d25bc8837a3998ac238e2b14ae21,OOK4K8,0,8,4,1,1,100000,0.29473684210526313,ok,True,4462.8807789132,716.6290894757242,201.64811829563368,2.2737367544323206e-13,36.33,model_window_reanalysis,716.6290894757244,201.6481182956336,2.220446049250313e-14,-4.440892098500626e-14,692.28,
tx_p0_rf_profile-OOK4K8_s8,run_00005,web_sessions/20260719_003026_campaign_radio_ebyte_e79_cc1352p/packet_tx/20260719_010943_radio_ebyte_e79_cc1352p/raw/run_00005.csv.gz,4665c78d54bff5ac9ed593de6507cb100784cadae9f502914ba3afde17a44591,OOK4K8,0,8,5,1,1,100000,0.29473684210526313,ok,True,4458.148906602709,716.6673227721877,202.2811199074069,1.9326762412674725e-12,36.33,model_window_reanalysis,716.6673227721897,202.281119907406,2.6645352591003757e-13,-4.3298697960381105e-13,689.43,
tx_p0_rf_profile-OOK4K8_s32,run_00001,web_sessions/20260719_003026_campaign_radio_ebyte_e79_cc1352p/packet_tx/20260719_011011_radio_ebyte_e79_cc1352p/raw/run_00001.csv.gz,b5c00ea08a5a25f2bee741b4dcc071bd98d210bd7908dc0eb3f2551ee9dfbe68,OOK4K8,0,32,1,1,1,100000,0.0,ok,True,4467.613293922791,1554.2482944518233,469.72981386222455,1.0459189070388675e-11,76.33,model_window_reanalysis,1554.2482944518338,469.72981386222335,6.661338147750939e-13,-2.55351295663786e-13,654.52,
tx_p0_rf_profile-OOK4K8_s32,run_00002,web_sessions/20260719_003026_campaign_radio_ebyte_e79_cc1352p/packet_tx/20260719_011011_radio_ebyte_e79_cc1352p/raw/run_00002.csv.gz,130198a2beda23b495135e3c234e57c4dea1053d8a932ffedb78aa9c679faaa0,OOK4K8,0,32,2,1,1,100000,0.29473684210526313,ok,True,4462.8807789132,1550.8098473858286,467.5193790120021,4.092726157978177e-12,76.33,model_window_reanalysis,1550.8098473858327,467.5193790120008,2.6645352591003757e-13,-2.7755575615628914e-13,651.14,
tx_p0_rf_profile-OOK4K8_s32,run_00003,web_sessions/20260719_003026_campaign_radio_ebyte_e79_cc1352p/packet_tx/20260719_011011_radio_ebyte_e79_cc1352p/raw/run_00003.csv.gz,ac4dd599dabf875481f1f30a7c977de65e73ee4a653c29a83fd1f4024918098e,OOK4K8,0,32,3,1,1,100000,0.29473684210526313,ok,True,4462.8807789132,1544.7619827980238,461.0564315209823,-1.8189894035458565e-12,76.33,model_window_reanalysis,1544.761982798022,461.05643152098196,-1.2212453270876722e-13,-7.771561172376096e-14,650.37,
tx_p0_rf_profile-OOK4K8_s32,run_00004,web_sessions/20260719_003026_campaign_radio_ebyte_e79_cc1352p/packet_tx/20260719_011011_radio_ebyte_e79_cc1352p/raw/run_00004.csv.gz,4eb75f62ee918db8a9ec934e0263522efc7fdedd20e1ecb42f28d8b705a800d3,OOK4K8,0,32,4,1,1,100000,0.29473684210526313,ok,True,4467.613293922791,1551.2372056667668,465.3761015418406,5.229594535194337e-12,76.33,model_window_reanalysis,1551.237205666772,465.3761015418381,3.3306690738754696e-13,-5.329070518200751e-13,650.54,
tx_p0_rf_profile-OOK4K8_s32,run_00005,web_sessions/20260719_003026_campaign_radio_ebyte_e79_cc1352p/packet_tx/20260719_011011_radio_ebyte_e79_cc1352p/raw/run_00005.csv.gz,8d3d000160db38bee3ae7ac301ecb82594b5ff20dccfa638e7f217bb52ca1aae,OOK4K8,0,32,5,1,1,100000,0.29473684210526313,ok,True,4458.148906602709,1551.049966242117,466.7907646949886,9.094947017729282e-12,76.33,model_window_reanalysis,1551.0499662421262,466.7907646949842,5.773159728050814e-13,-9.325873406851315e-13,648.8,
tx_p0_rf_profile-OOK4K8_s64,run_00001,web_sessions/20260719_003026_campaign_radio_ebyte_e79_cc1352p/packet_tx/20260719_011039_radio_ebyte_e79_cc1352p/raw/run_00001.csv.gz,f36fe998daf008f4a2562269a0ced92c23bd7623dcc19b5b6c3c149c4056b09f,OOK4K8,0,64,1,1,1,100000,0.0,ok,True,4462.8807789132,2643.1897180727165,801.860765180937,2.7284841053187847e-11,129.66,model_window_reanalysis,2643.1897180727437,801.8607651809385,1.021405182655144e-12,1.7763568394002505e-13,599.61,
tx_p0_rf_profile-OOK4K8_s64,run_00002,web_sessions/20260719_003026_campaign_radio_ebyte_e79_cc1352p/packet_tx/20260719_011039_radio_ebyte_e79_cc1352p/raw/run_00002.csv.gz,e237245f4604d915fda73452e10d8a98d9eb284f33004cab53ed1dea0a9ff907,OOK4K8,0,64,2,1,1,100000,0.29473684210526313,ok,True,4458.148906602709,2627.0231119322107,789.6335310449654,1.1823431123048067e-11,129.66,model_window_reanalysis,2627.0231119322225,789.6335310449745,4.440892098500626e-13,1.1546319456101628e-12,597.62,
tx_p0_rf_profile-OOK4K8_s64,run_00003,web_sessions/20260719_003026_campaign_radio_ebyte_e79_cc1352p/packet_tx/20260719_011039_radio_ebyte_e79_cc1352p/raw/run_00003.csv.gz,1735892c457618ebb526361c46bfc85011622474677617347ffac066e382f889,OOK4K8,0,64,3,1,1,100000,0.29473684210526313,ok,True,4462.8807789132,2624.003989882551,784.0537047293526,2.546585164964199e-11,129.66,model_window_reanalysis,2624.0039898825767,784.053704729354,9.769962616701378e-13,1.7763568394002505e-13,596.53,
tx_p0_rf_profile-OOK4K8_s64,run_00004,web_sessions/20260719_003026_campaign_radio_ebyte_e79_cc1352p/packet_tx/20260719_011039_radio_ebyte_e79_cc1352p/raw/run_00004.csv.gz,ca3b0296d1817afa5400441faf9e76f2d9360c0d9c7f6e08e64db262859da7bf,OOK4K8,0,64,4,1,1,100000,0.29473684210526313,ok,True,4458.148906602709,2621.3253714020216,782.7067593391309,9.094947017729282e-12,129.66,model_window_reanalysis,2621.3253714020307,782.7067593391406,3.552713678800501e-13,1.2434497875801753e-12,595.59,
tx_p0_rf_profile-OOK4K8_s64,run_00005,web_sessions/20260719_003026_campaign_radio_ebyte_e79_cc1352p/packet_tx/20260719_011039_radio_ebyte_e79_cc1352p/raw/run_00005.csv.gz,8a5ded708ff258fc3bb517dcee901801a9f1db824e2ce9029777162d8fe4526c,OOK4K8,0,64,5,1,1,100000,0.29473684210526313,ok,True,4462.8807789132,2629.0370055417316,788.6138845816188,5.4569682106375694e-12,129.66,model_window_reanalysis,2629.037005541737,788.6138845816247,1.9984014443252818e-13,7.549516567451064e-13,597.14,
tx_p0_rf_profile-OOK4K8_s128,run_00001,web_sessions/20260719_003026_campaign_radio_ebyte_e79_cc1352p/packet_tx/20260719_011107_radio_ebyte_e79_cc1352p/raw/run_00001.csv.gz,79e3d3bc0346653afb9d436ef7f9ab98e9092a7a2f8ab72414107ae2d0fb9ea7,OOK4K8,0,128,1,2,2,100000,0.0,ok,True,4458.148906602709,5152.559941192445,1471.6793064327999,-1.1459633242338896e-10,259.33,model_window_reanalysis,5260.122847472064,1581.7117377963466,2.087562444828661,7.476658187866625,445.33,
tx_p0_rf_profile-OOK4K8_s128,run_00002,web_sessions/20260719_003026_campaign_radio_ebyte_e79_cc1352p/packet_tx/20260719_011107_radio_ebyte_e79_cc1352p/raw/run_00002.csv.gz,517b5d41494592f7d1960ea01b276f3a3ce17cab7e4f780ebd78da61b174e797,OOK4K8,0,128,2,2,2,100000,0.29473684210526313,ok,True,4458.148906602709,5145.106781701144,1465.295187465929,-6.821210263296962e-11,259.33,model_window_reanalysis,5249.7206070382545,1572.084905266891,2.033268302791602,7.287932064094416,442.43,
tx_p0_rf_profile-OOK4K8_s128,run_00003,web_sessions/20260719_003026_campaign_radio_ebyte_e79_cc1352p/packet_tx/20260719_011107_radio_ebyte_e79_cc1352p/raw/run_00003.csv.gz,43667a0b06000b4fbbfa9c4d66d5ecec62f5ebde416d65fc122c180608c94157,OOK4K8,0,128,3,2,2,100000,0.29473684210526313,ok,True,4458.148906602709,5135.5076924001005,1455.9135453999281,-9.185896487906575e-11,259.33,model_window_reanalysis,5241.573239745193,1565.6493814028559,2.065337133114542,7.537249471278473,439.75,
tx_p0_rf_profile-OOK4K8_s128,run_00004,web_sessions/20260719_003026_campaign_radio_ebyte_e79_cc1352p/packet_tx/20260719_011107_radio_ebyte_e79_cc1352p/raw/run_00004.csv.gz,175437b13083f8f1d2358a2567700f951027b154b984fe014041cab2593401fc,OOK4K8,0,128,4,2,2,100000,0.29473684210526313,ok,True,4458.148906602709,5128.11301966872,1449.58650979024,-1.4006218407303095e-10,259.33,model_window_reanalysis,5240.22324723249,1564.5975598946177,2.1861887039886785,7.934059080131783,440.31,
tx_p0_rf_profile-OOK4K8_s128,run_00005,web_sessions/20260719_003026_campaign_radio_ebyte_e79_cc1352p/packet_tx/20260719_011107_radio_ebyte_e79_cc1352p/raw/run_00005.csv.gz,615a9ef23b29406959f104e60717893dfe155633134482b4ce7b09dd289557de,OOK4K8,0,128,5,2,2,100000,0.29473684210526313,ok,True,4458.148906602709,5145.450108681789,1466.007913035774,-9.913492249324918e-11,259.33,model_window_reanalysis,5238.792395106862,1563.0834294481608,1.8140742685966327,6.6217593745019565,446.42,
tx_p0_rf_profile-OOK4K8_s512,run_00001,web_sessions/20260719_003026_campaign_radio_ebyte_e79_cc1352p/packet_tx/20260719_011135_radio_ebyte_e79_cc1352p/raw/run_00001.csv.gz,ffa93a4843a0120c26b1c67249eb7b04663a3454ccbfb89aa3315b9bd5a49416,OOK4K8,0,512,1,8,8,100000,0.0,ok,True,4462.8807789132,20301.41756317666,5558.881449286319,8.87666828930378e-10,1037.33,model_window_reanalysis,20955.64411022579,6231.311271625122,3.2225658381402233,12.096495103797045,532.3,
tx_p0_rf_profile-OOK4K8_s512,run_00002,web_sessions/20260719_003026_campaign_radio_ebyte_e79_cc1352p/packet_tx/20260719_011135_radio_ebyte_e79_cc1352p/raw/run_00002.csv.gz,dfc233fbc2ece7afa86b80a4f717ab171dd5e446378e8d29a7fb1b236458f587,OOK4K8,0,512,2,8,8,100000,0.0,ok,True,4458.148906602709,20228.775633020105,5513.169239200731,8.62200977280736e-10,1037.33,model_window_reanalysis,20911.29177634976,6205.461840234023,3.3739864226659533,12.55707145920406,529.98,
tx_p0_rf_profile-OOK4K8_s512,run_00003,web_sessions/20260719_003026_campaign_radio_ebyte_e79_cc1352p/packet_tx/20260719_011135_radio_ebyte_e79_cc1352p/raw/run_00003.csv.gz,9298c6f151b97ac6e40976a2b499806d1ea22d782253f7dda418911e459e889e,OOK4K8,0,512,3,8,8,100000,0.0,ok,True,4458.148906602709,20296.356229063003,5576.90139044541,7.421476766467094e-10,1037.33,model_window_reanalysis,20942.17059254016,6236.582616135991,3.18192268695201,11.828812803123533,536.46,
tx_p0_rf_profile-OOK4K8_s512,run_00004,web_sessions/20260719_003026_campaign_radio_ebyte_e79_cc1352p/packet_tx/20260719_011135_radio_ebyte_e79_cc1352p/raw/run_00004.csv.gz,e5343f14cd5ee8a975e0e606f6298615de26214fbafb790a98c78c91da1b4de3,OOK4K8,0,512,4,8,8,100000,0.0,ok,True,4458.148906602709,20306.009087645663,5584.559560894683,8.658389560878277e-10,1037.33,model_window_reanalysis,20936.10566035806,6228.423267340733,3.1030054699214604,11.529355169826472,546.6,
tx_p0_rf_profile-OOK4K8_s512,run_00005,web_sessions/20260719_003026_campaign_radio_ebyte_e79_cc1352p/packet_tx/20260719_011135_radio_ebyte_e79_cc1352p/raw/run_00005.csv.gz,54b34e180d7b3bff404f050645303cc1ae03a7bbcc911e114a9a61bb48b1cb93,OOK4K8,0,512,5,8,8,100000,0.0,ok,True,4453.417676991323,20273.704977266832,5571.005156317588,9.604264050722122e-10,1037.33,model_window_reanalysis,20920.793689296373,6227.967931271201,3.191763482575727,11.792535754676315,534.9,
tx_p0_rf_profile-OOK4K8_s1024,run_00001,web_sessions/20260719_003026_campaign_radio_ebyte_e79_cc1352p/packet_tx/20260719_011214_radio_ebyte_e79_cc1352p/raw/run_00001.csv.gz,79885c1176579ae2a2cef766c506939493a252513288eaf49bd5447440ab8f10,OOK4K8,0,1024,1,16,16,100000,0.0,ok,True,4458.148906602709,40255.509081696204,10807.479151630978,7.930793799459934e-10,2074.66,model_window_reanalysis,41689.534108259715,12269.363283310948,3.5623075183405017,13.526596824009186,711.47,
tx_p0_rf_profile-OOK4K8_s1024,run_00002,web_sessions/20260719_003026_campaign_radio_ebyte_e79_cc1352p/packet_tx/20260719_011214_radio_ebyte_e79_cc1352p/raw/run_00002.csv.gz,93c585dd45db36ecfa710b162ff1c87cc4f8eb57f9b21b4cacd4cc1e1d78f285,OOK4K8,0,1024,2,16,16,100000,0.06923719708726274,ok,True,4453.417676991323,40224.19702594971,10796.346914882042,9.458744898438454e-11,2074.66,model_window_reanalysis,41695.395218454745,12296.295708424663,3.657495490975071,13.89311408171816,692.51,
tx_p0_rf_profile-OOK4K8_s1024,run_00003,web_sessions/20260719_003026_campaign_radio_ebyte_e79_cc1352p/packet_tx/20260719_011214_radio_ebyte_e79_cc1352p/raw/run_00003.csv.gz,1d5a140de88e59c86442a1c2ce39cad6ca28bccc357e439028aae6016aaec7e5,OOK4K8,0,1024,3,16,16,100000,0.06923719708726274,ok,True,4462.8807789132,40240.53781729004,10750.860929537936,-8.221832104027271e-10,2074.66,model_window_reanalysis,41691.24672324996,12225.421029774645,3.605093233462209,13.715739696579664,702.43,
tx_p0_rf_profile-OOK4K8_s1024,run_00004,web_sessions/20260719_003026_campaign_radio_ebyte_e79_cc1352p/packet_tx/20260719_011214_radio_ebyte_e79_cc1352p/raw/run_00004.csv.gz,46a654757b6f58eb5888438c18adc717f65c67d0c882d3e906be88bcdcc3565c,OOK4K8,0,1024,4,16,16,100000,0.06923719708726274,ok,True,4453.417676991323,40323.55497378626,10885.546091618984,5.820766091346741e-11,2074.66,model_window_reanalysis,41704.77481148532,12296.809754672086,3.4253424297460144,12.964564672962652,715.09,
tx_p0_rf_profile-OOK4K8_s1024,run_00005,web_sessions/20260719_003026_campaign_radio_ebyte_e79_cc1352p/packet_tx/20260719_011214_radio_ebyte_e79_cc1352p/raw/run_00005.csv.gz,fa9c71b0ec7ed3caa48134c0ec7802bd6159473851885854e3a175f2ddf5368b,OOK4K8,0,1024,5,16,16,100000,0.06923719708726274,ok,True,4453.417676991323,40286.492418508526,10855.319421795817,-1.964508555829525e-10,2074.66,model_window_reanalysis,41707.277007687226,12300.371817631578,3.5267021373296847,13.311928831263288,705.31,
tx_p0_rf_profile-IEEE154G50_s8,run_00001,web_sessions/20260719_003026_campaign_radio_ebyte_e79_cc1352p/packet_tx/20260719_011305_radio_ebyte_e79_cc1352p/raw/run_00001.csv.gz,e807ae0f580b60291bce4b8d6f96acbee7dbe317e9eaa6dc9fb1e71bc7d2f8ab,IEEE154G50,0,8,1,1,1,100000,0.0,ok,True,4453.417676991323,137.222462526867,43.12945911975012,-5.684341886080802e-14,6.52,model_window_reanalysis,137.22246252686693,43.1294591197501,-4.440892098500626e-14,-4.440892098500626e-14,724.47,
tx_p0_rf_profile-IEEE154G50_s8,run_00002,web_sessions/20260719_003026_campaign_radio_ebyte_e79_cc1352p/packet_tx/20260719_011305_radio_ebyte_e79_cc1352p/raw/run_00002.csv.gz,77b48067c342827a0d93cc310cd8c5bb429dbc23efcf12b64acc0dc41b9c98ec,IEEE154G50,0,8,2,1,1,100000,0.29473684210526313,ok,True,4453.417676991323,136.6024641502034,42.089660244212816,5.684341886080802e-14,6.52,model_window_reanalysis,136.60246415020345,42.089660244212766,4.440892098500626e-14,-1.2212453270876722e-13,719.89,
tx_p0_rf_profile-IEEE154G50_s8,run_00003,web_sessions/20260719_003026_campaign_radio_ebyte_e79_cc1352p/packet_tx/20260719_011305_radio_ebyte_e79_cc1352p/raw/run_00003.csv.gz,a37b038f2b2ee29c735c158740b8d190e6a06c08262abd1d07070c224169ea75,IEEE154G50,0,8,3,1,1,100000,0.29473684210526313,ok,True,4453.417676991323,137.1606685256056,42.46578714853637,0.0,6.52,model_window_reanalysis,137.1606685256056,42.46578714853636,0.0,-3.3306690738754696e-14,720.42,
tx_p0_rf_profile-IEEE154G50_s8,run_00004,web_sessions/20260719_003026_campaign_radio_ebyte_e79_cc1352p/packet_tx/20260719_011305_radio_ebyte_e79_cc1352p/raw/run_00004.csv.gz,752d40e59329edce0a4b859c8165a78cba997ca24cf49aea00295b3430179950,IEEE154G50,0,8,4,1,1,100000,0.29473684210526313,ok,True,4453.417676991323,139.06810660325038,44.80462545091426,0.0,6.52,model_window_reanalysis,139.06810660325038,44.80462545091425,0.0,-1.1102230246251565e-14,720.88,
tx_p0_rf_profile-IEEE154G50_s8,run_00005,web_sessions/20260719_003026_campaign_radio_ebyte_e79_cc1352p/packet_tx/20260719_011305_radio_ebyte_e79_cc1352p/raw/run_00005.csv.gz,eabab9e32cd11adf79656791df05dcb722f67973e45cb1660d8c9efccb286e61,IEEE154G50,0,8,5,1,1,100000,0.29473684210526313,ok,True,4453.417676991323,137.10165566186268,43.07312313141399,-1.1368683772161603e-13,6.52,review_required,137.10165566186257,43.07312313141402,-7.771561172376096e-14,6.661338147750939e-14,719.69,unstable_detector_at_3_MAD
tx_p0_rf_profile-IEEE154G50_s32,run_00001,web_sessions/20260719_003026_campaign_radio_ebyte_e79_cc1352p/packet_tx/20260719_011333_radio_ebyte_e79_cc1352p/raw/run_00001.csv.gz,ff4c4c7f0c22f931797380c129197f6e95a419a86774ce76ab455c4081bcd21a,IEEE154G50,0,32,1,1,1,100000,0.0,ok,True,4453.417676991323,236.17834447842097,85.74612124715996,-1.9895196601282805e-13,10.36,model_window_reanalysis,236.17834447842077,85.74612124715988,-8.881784197001252e-14,-9.992007221626409e-14,719.34,
tx_p0_rf_profile-IEEE154G50_s32,run_00002,web_sessions/20260719_003026_campaign_radio_ebyte_e79_cc1352p/packet_tx/20260719_011333_radio_ebyte_e79_cc1352p/raw/run_00002.csv.gz,a30f174c1c8d0065c85de888c718cb2205b2ea70ac3bcd947089fe6026a8bea8,IEEE154G50,0,32,2,1,1,100000,0.29473684210526313,ok,True,4448.687090079035,234.61708056869384,83.85316747455103,-3.694822225952521e-13,10.36,model_window_reanalysis,234.61708056869347,83.85316747455097,-1.5543122344752192e-13,-6.661338147750939e-14,715.87,
tx_p0_rf_profile-IEEE154G50_s32,run_00003,web_sessions/20260719_003026_campaign_radio_ebyte_e79_cc1352p/packet_tx/20260719_011333_radio_ebyte_e79_cc1352p/raw/run_00003.csv.gz,4fa9c809e81f6e913f0e6f9957365db4709b475c164b959ca40b335e486a46e1,IEEE154G50,0,32,3,1,1,100000,0.29473684210526313,ok,True,4448.687090079035,232.1513441963719,81.42354223003085,0.0,10.36,model_window_reanalysis,232.1513441963719,81.4235422300309,0.0,6.661338147750939e-14,715.28,
tx_p0_rf_profile-IEEE154G50_s32,run_00004,web_sessions/20260719_003026_campaign_radio_ebyte_e79_cc1352p/packet_tx/20260719_011333_radio_ebyte_e79_cc1352p/raw/run_00004.csv.gz,d8be4f3a3703c19e18bf4cf17da194b6fc0c5249f0e515c1bee3d3c837998b31,IEEE154G50,0,32,4,1,1,100000,0.29473684210526313,ok,True,4448.687090079035,234.62044105938102,84.05207277042597,-2.2737367544323206e-13,10.36,model_window_reanalysis,234.6204410593808,84.0520727704259,-9.992007221626409e-14,-8.881784197001252e-14,714.05,
tx_p0_rf_profile-IEEE154G50_s32,run_00005,web_sessions/20260719_003026_campaign_radio_ebyte_e79_cc1352p/packet_tx/20260719_011333_radio_ebyte_e79_cc1352p/raw/run_00005.csv.gz,26eddc9af7d93ed26637b07a4d7e6ae4ba9d34e8a33d6ffdfc6bf9036080e721,IEEE154G50,0,32,5,1,1,100000,0.29473684210526313,ok,True,4448.687090079035,233.1820829166391,82.84096351989149,-5.968558980384842e-13,10.36,model_window_reanalysis,233.1820829166385,82.84096351989146,-2.55351295663786e-13,-3.3306690738754696e-14,716.25,
tx_p0_rf_profile-IEEE154G50_s64,run_00001,web_sessions/20260719_003026_campaign_radio_ebyte_e79_cc1352p/packet_tx/20260719_011401_radio_ebyte_e79_cc1352p/raw/run_00001.csv.gz,91f868fd298ebd48cce3cfeda6df79f0b015aa151b82e3364aacc7aeb843783f,IEEE154G50,0,64,1,1,1,100000,0.0,ok,True,4453.417676991323,363.20028829472955,137.59545546842514,2.2737367544323206e-12,15.48,model_window_reanalysis,363.2002882947318,137.59545546842475,6.217248937900877e-13,-2.886579864025407e-13,713.68,
tx_p0_rf_profile-IEEE154G50_s64,run_00002,web_sessions/20260719_003026_campaign_radio_ebyte_e79_cc1352p/packet_tx/20260719_011401_radio_ebyte_e79_cc1352p/raw/run_00002.csv.gz,59508fdba16c4d543a4d9d756fd3754ee9a00e82d6996e95d30222200a766e14,IEEE154G50,0,64,2,1,1,100000,0.29473684210526313,ok,True,4448.687090079035,359.6772455787153,133.94107520243824,2.2737367544323206e-12,15.48,model_window_reanalysis,359.6772455787176,133.9410752024384,6.217248937900877e-13,1.3322676295501878e-13,708.97,
tx_p0_rf_profile-IEEE154G50_s64,run_00003,web_sessions/20260719_003026_campaign_radio_ebyte_e79_cc1352p/packet_tx/20260719_011401_radio_ebyte_e79_cc1352p/raw/run_00003.csv.gz,a7c78ffd9e37a8ce910635bf801b7936044a84cb078d8a65de0bf002d9c61bc9,IEEE154G50,0,64,3,1,1,100000,0.29473684210526313,ok,True,4448.687090079035,361.6499808119426,136.75635406766833,2.0463630789890885e-12,15.48,model_window_reanalysis,361.64998081194466,136.7563540676686,5.551115123125783e-13,1.9984014443252818e-13,709.58,
tx_p0_rf_profile-IEEE154G50_s64,run_00004,web_sessions/20260719_003026_campaign_radio_ebyte_e79_cc1352p/packet_tx/20260719_011401_radio_ebyte_e79_cc1352p/raw/run_00004.csv.gz,838f7a21a6c7ef526b2cc8ced790b1a4c617cf48b9b75a0683e9bc1028b8de88,IEEE154G50,0,64,4,1,1,100000,0.29473684210526313,ok,True,4448.687090079035,362.22947087915975,136.25439830535737,1.8189894035458565e-12,15.48,model_window_reanalysis,362.22947087916157,136.25439830535754,5.10702591327572e-13,1.3322676295501878e-13,709.72,
tx_p0_rf_profile-IEEE154G50_s64,run_00005,web_sessions/20260719_003026_campaign_radio_ebyte_e79_cc1352p/packet_tx/20260719_011401_radio_ebyte_e79_cc1352p/raw/run_00005.csv.gz,d4687c027b35b5e4a567d99e0d36393bc74cb85136515af7f71c023f968110a1,IEEE154G50,0,64,5,1,1,100000,0.29473684210526313,ok,True,4448.687090079035,357.936602338236,132.30345391639025,1.4779288903810084e-12,15.48,model_window_reanalysis,357.9366023382375,132.30345391639028,4.218847493575595e-13,2.220446049250313e-14,709.99,
tx_p0_rf_profile-IEEE154G50_s128,run_00001,web_sessions/20260719_003026_campaign_radio_ebyte_e79_cc1352p/packet_tx/20260719_011429_radio_ebyte_e79_cc1352p/raw/run_00001.csv.gz,0f7e1d63cc147acbbd50919040117f9a7a8e4d5fe4d254098381ef60a4383087,IEEE154G50,0,128,1,2,2,100000,0.0,ok,True,4453.417676991323,602.3916949329947,155.46341105450935,1.0231815394945443e-12,30.96,model_window_reanalysis,724.808580872006,273.15139754146014,20.321808379617188,75.70140503715466,672.16,
tx_p0_rf_profile-IEEE154G50_s128,run_00002,web_sessions/20260719_003026_campaign_radio_ebyte_e79_cc1352p/packet_tx/20260719_011429_radio_ebyte_e79_cc1352p/raw/run_00002.csv.gz,16ba4bf94aeb6641f14abb43dc75ec8c42a828d59c744c4f8e3b6acdb3cbcc05,IEEE154G50,0,128,2,2,2,100000,0.29473684210526313,ok,True,4448.687090079035,601.6649406354934,153.8775057933968,7.617018127348274e-12,30.96,model_window_reanalysis,722.8703587604284,271.42106322714466,20.145002631683152,76.38774545226082,672.18,
tx_p0_rf_profile-IEEE154G50_s128,run_00003,web_sessions/20260719_003026_campaign_radio_ebyte_e79_cc1352p/packet_tx/20260719_011429_radio_ebyte_e79_cc1352p/raw/run_00003.csv.gz,99ce219df6d9eae71ef392544dfb2155e3cc94b863d017923469db1802e58e87,IEEE154G50,0,128,3,2,2,100000,0.29473684210526313,ok,True,4448.687090079035,601.2937953023775,155.5631131563658,6.821210263296962e-12,30.96,model_window_reanalysis,719.7627733223394,268.66746714274603,19.70234500098018,72.70640943826592,666.57,
tx_p0_rf_profile-IEEE154G50_s128,run_00004,web_sessions/20260719_003026_campaign_radio_ebyte_e79_cc1352p/packet_tx/20260719_011429_radio_ebyte_e79_cc1352p/raw/run_00004.csv.gz,07aae824dbb344573b7c7ceb86e85cc5f58707a3f469fc216f01892253920ab8,IEEE154G50,0,128,4,2,2,100000,0.29473684210526313,ok,True,4448.687090079035,600.6098908387211,155.6421267807879,8.185452315956354e-12,30.96,model_window_reanalysis,725.8309765453663,275.0203717876377,20.848988272867164,76.70047144433238,672.35,
tx_p0_rf_profile-IEEE154G50_s128,run_00005,web_sessions/20260719_003026_campaign_radio_ebyte_e79_cc1352p/packet_tx/20260719_011429_radio_ebyte_e79_cc1352p/raw/run_00005.csv.gz,820d758de0dbbfb3d2c55d560e108bf4dd629f287f429bc8e6c8ebc79fa03723,IEEE154G50,0,128,5,2,2,100000,0.29473684210526313,ok,True,4448.687090079035,600.8107205223146,153.86543928631878,6.252776074688882e-12,30.96,model_window_reanalysis,725.2878023142074,273.3153845264635,20.718185867868467,77.6327327268521,672.33,
tx_p0_rf_profile-IEEE154G50_s512,run_00001,web_sessions/20260719_003026_campaign_radio_ebyte_e79_cc1352p/packet_tx/20260719_011457_radio_ebyte_e79_cc1352p/raw/run_00001.csv.gz,1aedb62d2d3cf7e847a9d1b1c80731352e1c08ec7e5e615c1f1866c22c1f234a,IEEE154G50,0,512,1,8,8,100000,0.0,ok,True,4458.148906602709,2280.5268174540565,495.64342800081295,-5.4569682106375694e-12,123.84,model_window_reanalysis,2896.074009417348,1085.8808240381636,26.991447206504617,119.0850846985068,419.85,
tx_p0_rf_profile-IEEE154G50_s512,run_00002,web_sessions/20260719_003026_campaign_radio_ebyte_e79_cc1352p/packet_tx/20260719_011457_radio_ebyte_e79_cc1352p/raw/run_00002.csv.gz,3afaa8e55008388792f6fea4b08d8b221cc0168c9b771223e3bfbccd445cc0b9,IEEE154G50,0,512,2,8,8,100000,0.29473684210526313,ok,True,4448.687090079035,2370.0663163097543,584.7515170816935,7.73070496506989e-12,123.84,model_window_reanalysis,2878.6746857744247,1073.5341273848087,21.45966827867436,83.58808759359391,442.1,
tx_p0_rf_profile-IEEE154G50_s512,run_00003,web_sessions/20260719_003026_campaign_radio_ebyte_e79_cc1352p/packet_tx/20260719_011457_radio_ebyte_e79_cc1352p/raw/run_00003.csv.gz,a1b382ee2798d4dca72de2dd3e53d127ecb25fe4d997f0e34cad6bfd5a3f7dcc,IEEE154G50,0,512,3,8,8,100000,0.29473684210526313,ok,True,4453.417676991323,2322.430758184502,538.6960696192461,1.000444171950221e-11,123.84,model_window_reanalysis,2885.8364449286687,1078.3596628306198,24.25931041253493,100.17960472457341,430.01,
tx_p0_rf_profile-IEEE154G50_s512,run_00004,web_sessions/20260719_003026_campaign_radio_ebyte_e79_cc1352p/packet_tx/20260719_011457_radio_ebyte_e79_cc1352p/raw/run_00004.csv.gz,0dcc313274333f989550648a380d9679b3634aac30c9d61589fd3d87c47cf19a,IEEE154G50,0,512,4,8,8,100000,0.29473684210526313,ok,True,4453.417676991323,2361.5108702926254,576.0164560477124,7.73070496506989e-12,123.84,model_window_reanalysis,2887.4796477773384,1079.5795108200898,22.27255373249828,87.4216438584988,434.53,
tx_p0_rf_profile-IEEE154G50_s512,run_00005,web_sessions/20260719_003026_campaign_radio_ebyte_e79_cc1352p/packet_tx/20260719_011457_radio_ebyte_e79_cc1352p/raw/run_00005.csv.gz,0f77b418948da71c1735b7654d5334637774e174198e4a2b57c566bfd34c5c29,IEEE154G50,0,512,5,8,8,100000,0.29473684210526313,ok,True,4453.417676991323,2361.6632957190645,574.878172094468,5.4569682106375694e-12,123.84,model_window_reanalysis,2897.6841024292094,1090.4114865603785,22.69674968831408,89.67696800657,435.66,
tx_p0_rf_profile-IEEE154G50_s1024,run_00001,web_sessions/20260719_003026_campaign_radio_ebyte_e79_cc1352p/packet_tx/20260719_011525_radio_ebyte_e79_cc1352p/raw/run_00001.csv.gz,254392ee6d8ac60fe4924e1ca967b69ef95bf3213c4d7afef362c68d7cf3d6ee,IEEE154G50,0,1024,1,16,16,100000,0.0,ok,True,4453.417676991323,4643.119068931168,1073.668450402606,-2.064552973024547e-10,247.68,model_window_reanalysis,5787.934755869356,2171.862435598915,24.656177667261957,102.28427451551796,124.38,
tx_p0_rf_profile-IEEE154G50_s1024,run_00002,web_sessions/20260719_003026_campaign_radio_ebyte_e79_cc1352p/packet_tx/20260719_011525_radio_ebyte_e79_cc1352p/raw/run_00002.csv.gz,2bf23e1f80a44e7cb666214a20ea76fe2f8c05ae091369d3bc8b6d8079ee05b5,IEEE154G50,0,1024,2,16,16,100000,0.0,ok,True,4453.417676991323,4669.108456172866,1099.0286097095925,-1.482476363889873e-10,247.68,model_window_reanalysis,5779.419873099277,2165.180198404958,23.779944872741332,97.00853820148372,131.63,
tx_p0_rf_profile-IEEE154G50_s1024,run_00003,web_sessions/20260719_003026_campaign_radio_ebyte_e79_cc1352p/packet_tx/20260719_011525_radio_ebyte_e79_cc1352p/raw/run_00003.csv.gz,d7277dec9e2a6cf54d5c2906365e6aafaf6b03665ce307ccf5ef4d138322d4e1,IEEE154G50,0,1024,3,16,16,100000,0.29473684210526313,ok,True,4453.417676991323,4666.7126715819595,1097.7083227728695,-1.418811734765768e-10,247.68,model_window_reanalysis,5759.928756661966,2144.796210616733,23.42582802959281,95.388535016193,122.35,
tx_p0_rf_profile-IEEE154G50_s1024,run_00004,web_sessions/20260719_003026_campaign_radio_ebyte_e79_cc1352p/packet_tx/20260719_011525_radio_ebyte_e79_cc1352p/raw/run_00004.csv.gz,1da49be35f81e4ef87bb39fbdba02d4f7fa8d370575489a306f22f171b51b99a,IEEE154G50,0,1024,4,16,16,100000,0.0,ok,True,4448.687090079035,4652.240755812445,1082.7526880682085,-1.6370904631912708e-10,247.68,model_window_reanalysis,5749.517745015039,2138.1119912743775,23.585988920106303,97.47002384164813,127.94,
tx_p0_rf_profile-IEEE154G50_s1024,run_00005,web_sessions/20260719_003026_campaign_radio_ebyte_e79_cc1352p/packet_tx/20260719_011525_radio_ebyte_e79_cc1352p/raw/run_00005.csv.gz,28ae1c53d76b2a6296a61a541fa0088bed7bc2f42c114f6b4989e7a359bf7360,IEEE154G50,0,1024,5,16,16,100000,0.29473684210526313,ok,True,4443.957145865853,4652.1899049310505,1088.336387811155,-1.5734258340671659e-10,247.68,model_window_reanalysis,5756.193112918816,2149.7374886368543,23.73082850331596,97.52509543123635,134.39,
tx_p13_rf_profile-GFSK4K8_s8,run_00001,web_sessions/20260719_003026_campaign_radio_ebyte_e79_cc1352p/packet_tx/20260719_011554_radio_ebyte_e79_cc1352p/raw/run_00001.csv.gz,f6e70e48cdfad7c0ea4a68b7504c22cd811a77f476abddc0afcd27606c53ef37,GFSK4K8,13,8,1,1,1,100000,0.29473684210526313,ok,True,4843.5129088426465,1120.7118757560866,541.9681546976899,-1.5006662579253316e-11,36.33,model_window_reanalysis,1120.7118757560715,541.9681546976924,-1.3433698597964394e-12,4.662936703425657e-13,690.74,
tx_p13_rf_profile-GFSK4K8_s8,run_00002,web_sessions/20260719_003026_campaign_radio_ebyte_e79_cc1352p/packet_tx/20260719_011554_radio_ebyte_e79_cc1352p/raw/run_00002.csv.gz,1f6688fed9ba5f6930d5b7c78de1cf00b6c2d5b03403ecd222ce7ec8969aeb83,GFSK4K8,13,8,2,1,1,100000,0.29473684210526313,ok,True,4848.296839780394,1116.0115480259042,536.2204399748059,-1.000444171950221e-11,36.33,model_window_reanalysis,1116.0115480258942,536.2204399748014,-8.992806499463768e-13,-8.43769498715119e-13,690.2,
tx_p13_rf_profile-GFSK4K8_s8,run_00003,web_sessions/20260719_003026_campaign_radio_ebyte_e79_cc1352p/packet_tx/20260719_011554_radio_ebyte_e79_cc1352p/raw/run_00003.csv.gz,bd8bc21e67bd1980950f1d073019e8d7a8dd872d062356685d23a5533ad5f61f,GFSK4K8,13,8,3,1,1,100000,0.29473684210526313,ok,True,4843.5129088426465,1114.3150512795605,535.4655854410236,-1.0231815394945443e-11,36.33,model_window_reanalysis,1114.3150512795503,535.465585441026,-9.2148511043888e-13,4.440892098500626e-13,690.3,
tx_p13_rf_profile-GFSK4K8_s8,run_00004,web_sessions/20260719_003026_campaign_radio_ebyte_e79_cc1352p/packet_tx/20260719_011554_radio_ebyte_e79_cc1352p/raw/run_00004.csv.gz,657bf30e68d9638b453e602e7741b297aecef2e09bff86d50ef91cf2df41f570,GFSK4K8,13,8,4,1,1,100000,0.29473684210526313,ok,True,4843.5129088426465,1114.8832960157715,535.8464484539653,-9.322320693172514e-12,36.33,model_window_reanalysis,1114.8832960157622,535.8464484539666,-8.326672684688674e-13,2.4424906541753444e-13,690.56,
tx_p13_rf_profile-GFSK4K8_s8,run_00005,web_sessions/20260719_003026_campaign_radio_ebyte_e79_cc1352p/packet_tx/20260719_011554_radio_ebyte_e79_cc1352p/raw/run_00005.csv.gz,81dc7d2e4db94add8132ce3401f26e5ee7f293e850a4c0909f2e30f39b6e831f,GFSK4K8,13,8,5,1,1,100000,0.29473684210526313,ok,True,4838.729620604002,1112.8438460354837,535.0515583416477,-9.777068044058979e-12,36.33,model_window_reanalysis,1112.843846035474,535.0515583416453,-8.770761894538737e-13,-4.440892098500626e-13,691.05,
tx_p13_rf_profile-GFSK4K8_s32,run_00001,web_sessions/20260719_003026_campaign_radio_ebyte_e79_cc1352p/packet_tx/20260719_011622_radio_ebyte_e79_cc1352p/raw/run_00001.csv.gz,8bea143f6c82cd9403ad54e32af27194da33d5bdcf4b0051984668ef14aac42e,GFSK4K8,13,32,1,1,1,100000,0.0,ok,True,4857.866629753193,2410.0673238424083,1187.8929352689727,-2.546585164964199e-11,76.33,model_window_reanalysis,2410.067323842383,1187.8929352689959,-1.0547118733938987e-12,1.9539925233402755e-12,655.09,
tx_p13_rf_profile-GFSK4K8_s32,run_00002,web_sessions/20260719_003026_campaign_radio_ebyte_e79_cc1352p/packet_tx/20260719_011622_radio_ebyte_e79_cc1352p/raw/run_00002.csv.gz,a88618011eb6be1efd7d9b8fee89b27f4206660616d55c4ba3ff437fe910c70f,GFSK4K8,13,32,2,1,1,100000,0.29473684210526313,ok,True,4853.081413417242,2394.970229804782,1175.2393762770707,-2.1827872842550278e-11,76.33,model_window_reanalysis,2394.97022980476,1175.2393762770673,-9.103828801926284e-13,-2.886579864025407e-13,649.89,
tx_p13_rf_profile-GFSK4K8_s32,run_00003,web_sessions/20260719_003026_campaign_radio_ebyte_e79_cc1352p/packet_tx/20260719_011622_radio_ebyte_e79_cc1352p/raw/run_00003.csv.gz,65c4b68478bbcee8385fc0b05a2f6067e79bdb7b5752583668ac636066f62d7b,GFSK4K8,13,32,3,1,1,100000,0.29473684210526313,ok,True,4853.081413417242,2398.795702886417,1177.9360858312014,-1.2732925824820995e-11,76.33,model_window_reanalysis,2398.7957028864043,1177.9360858311868,-5.329070518200751e-13,-1.2323475573339238e-12,650.09,
tx_p13_rf_profile-GFSK4K8_s32,run_00004,web_sessions/20260719_003026_campaign_radio_ebyte_e79_cc1352p/packet_tx/20260719_011622_radio_ebyte_e79_cc1352p/raw/run_00004.csv.gz,741e2eece792c718ed41ff4735a840d20faf4eb77b076d935a418842f1c34ebb,GFSK4K8,13,32,4,1,1,100000,0.29473684210526313,ok,True,4853.081413417242,2393.5393176230127,1173.9844811787875,-2.319211489520967e-11,76.33,model_window_reanalysis,2393.5393176229895,1173.984481178772,-9.658940314238862e-13,-1.3211653993039363e-12,650.1,
tx_p13_rf_profile-GFSK4K8_s32,run_00005,web_sessions/20260719_003026_campaign_radio_ebyte_e79_cc1352p/packet_tx/20260719_011622_radio_ebyte_e79_cc1352p/raw/run_00005.csv.gz,343e824a43b6e68a63a1c9a6eeeb10d0888867f35635d3fb99e1f86faba97752,GFSK4K8,13,32,5,1,1,100000,0.29473684210526313,ok,True,4853.081413417242,2399.5087825122177,1179.014522007796,-3.5925040720030665e-11,76.33,model_window_reanalysis,2399.508782512182,1179.0145220077852,-1.4988010832439613e-12,-9.103828801926284e-13,649.97,
tx_p13_rf_profile-GFSK4K8_s64,run_00001,web_sessions/20260719_003026_campaign_radio_ebyte_e79_cc1352p/packet_tx/20260719_011650_radio_ebyte_e79_cc1352p/raw/run_00001.csv.gz,e11829fb9e7525e885f6cc1c61c9449e49077054324c47b49c9862eb01b08c59,GFSK4K8,13,64,1,1,1,100000,0.0,ok,True,4853.081413417242,4118.6846918222545,2044.4186372714732,1.482476363889873e-10,129.66,model_window_reanalysis,4118.684691822403,2044.4186372714148,3.597122599785507e-12,-2.8532731732866523e-12,599.51,
tx_p13_rf_profile-GFSK4K8_s64,run_00002,web_sessions/20260719_003026_campaign_radio_ebyte_e79_cc1352p/packet_tx/20260719_011650_radio_ebyte_e79_cc1352p/raw/run_00002.csv.gz,73aaadf2ecf6c937f1fc8eaedf0ee48ea7153cf5d229d4b22e781b3741889c16,GFSK4K8,13,64,2,1,1,100000,0.29473684210526313,ok,True,4848.296839780394,4105.475237350517,2033.512093626324,1.5734258340671659e-10,129.66,model_window_reanalysis,4105.475237350674,2033.5120936262751,3.841371665203042e-12,-2.4091839634365897e-12,595.11,
tx_p13_rf_profile-GFSK4K8_s64,run_00003,web_sessions/20260719_003026_campaign_radio_ebyte_e79_cc1352p/packet_tx/20260719_011650_radio_ebyte_e79_cc1352p/raw/run_00003.csv.gz,dc9edd3974bd8595c26108c4810066ea885139257aaf79948a0a1290e41f811a,GFSK4K8,13,64,3,1,1,100000,0.29473684210526313,ok,True,4853.081413417242,4112.362246781905,2037.6680483017494,1.127773430198431e-10,129.66,model_window_reanalysis,4112.362246782018,2037.6680483017049,2.7533531010703882e-12,-2.1871393585115584e-12,596.14,
tx_p13_rf_profile-GFSK4K8_s64,run_00004,web_sessions/20260719_003026_campaign_radio_ebyte_e79_cc1352p/packet_tx/20260719_011650_radio_ebyte_e79_cc1352p/raw/run_00004.csv.gz,924aa3983e719f93856919ea7c1fb5afb8ba201b6487ddeffb809e6e60d0c3ed,GFSK4K8,13,64,4,1,1,100000,0.29473684210526313,ok,True,4848.296839780394,4100.54446526968,2028.1229026691826,1.3278622645884752e-10,129.66,model_window_reanalysis,4100.5444652698125,2028.1229026691503,3.241851231905457e-12,-1.5876189252139739e-12,595.65,
tx_p13_rf_profile-GFSK4K8_s64,run_00005,web_sessions/20260719_003026_campaign_radio_ebyte_e79_cc1352p/packet_tx/20260719_011650_radio_ebyte_e79_cc1352p/raw/run_00005.csv.gz,e372b77d57916334b9cd664cf56b9100947f23cec6b7ed3d676b34c05b0ef32b,GFSK4K8,13,64,5,1,1,100000,0.29473684210526313,ok,True,4843.5129088426465,4109.692228200732,2039.2832256972752,1.3642420526593924e-10,129.66,model_window_reanalysis,4109.692228200868,2039.283225697313,3.3306690738754696e-12,1.84297022087776e-12,596.8,
tx_p13_rf_profile-GFSK4K8_s128,run_00001,web_sessions/20260719_003026_campaign_radio_ebyte_e79_cc1352p/packet_tx/20260719_011718_radio_ebyte_e79_cc1352p/raw/run_00001.csv.gz,cf3d0ad606098c749b6048bb5b0c5add1fc9df268f1180404f9874a20123cb8c,GFSK4K8,13,128,1,2,2,100000,0.0,ok,True,4843.5129088426465,7898.745358756084,3768.6826433488027,4.82032191939652e-10,259.33,model_window_reanalysis,8226.838910903562,4085.0527561557783,4.153742616652045,8.394713557675782,446.14,
tx_p13_rf_profile-GFSK4K8_s128,run_00002,web_sessions/20260719_003026_campaign_radio_ebyte_e79_cc1352p/packet_tx/20260719_011718_radio_ebyte_e79_cc1352p/raw/run_00002.csv.gz,8298cf7e889a167dfb89e285d08c18684626b8346019cffe2ef24ed452008888,GFSK4K8,13,128,2,2,2,100000,0.29473684210526313,ok,True,4838.729620604002,7848.029344249916,3722.0145934605976,4.001776687800884e-10,259.33,model_window_reanalysis,8174.9827305168,4040.1485271460865,4.166057132628276,8.547358579529352,441.95,
tx_p13_rf_profile-GFSK4K8_s128,run_00003,web_sessions/20260719_003026_campaign_radio_ebyte_e79_cc1352p/packet_tx/20260719_011718_radio_ebyte_e79_cc1352p/raw/run_00003.csv.gz,d7e76400a36f7509db87d7c3156ef573892ebddb75cf3868efcda7d26fc66e5c,GFSK4K8,13,128,3,2,2,100000,0.29473684210526313,ok,True,4838.729620604002,7850.584620374371,3725.632522798221,4.68389771413058e-10,259.33,model_window_reanalysis,8200.59984328568,4063.8270910206716,4.458460609454806,9.077507407210451,441.2,
tx_p13_rf_profile-GFSK4K8_s128,run_00004,web_sessions/20260719_003026_campaign_radio_ebyte_e79_cc1352p/packet_tx/20260719_011718_radio_ebyte_e79_cc1352p/raw/run_00004.csv.gz,a8d09b6ae380da542964f9f3dde6fc950c29a053a88aab12ea2cfee83f1d1fc4,GFSK4K8,13,128,4,2,2,100000,0.29473684210526313,ok,True,4838.729620604002,7851.143346624165,3726.5216976124743,4.729372449219227e-10,259.33,model_window_reanalysis,8200.37070297978,4063.2329018719493,4.448108268278861,9.035535858417276,441.54,
tx_p13_rf_profile-GFSK4K8_s128,run_00005,web_sessions/20260719_003026_campaign_radio_ebyte_e79_cc1352p/packet_tx/20260719_011718_radio_ebyte_e79_cc1352p/raw/run_00005.csv.gz,8cb6983aa743b97322e6b75e60909ba9abfe87370cf81f0de26bf29f443e5d40,GFSK4K8,13,128,5,2,2,100000,0.29473684210526313,ok,True,4838.729620604002,7832.891261186664,3707.6759299504865,5.002220859751105e-10,259.33,model_window_reanalysis,8199.570684070532,4061.301826658405,4.681278095877928,9.53767004962165,439.04,
tx_p13_rf_profile-GFSK4K8_s512,run_00001,web_sessions/20260719_003026_campaign_radio_ebyte_e79_cc1352p/packet_tx/20260719_011746_radio_ebyte_e79_cc1352p/raw/run_00001.csv.gz,72a0783faf4fa05a8e18072268ecc1aa92e6eb7d815b4fffaad8edec6cd68f0b,GFSK4K8,13,512,1,8,8,100000,0.0,ok,True,4848.296839780394,30513.335221291632,14011.462804983199,-3.6416167858988047e-09,1037.33,model_window_reanalysis,32731.71804767893,16150.264471242845,7.270207633151005,15.264656488964,514.51,
tx_p13_rf_profile-GFSK4K8_s512,run_00002,web_sessions/20260719_003026_campaign_radio_ebyte_e79_cc1352p/packet_tx/20260719_011746_radio_ebyte_e79_cc1352p/raw/run_00002.csv.gz,fafc2fcdf16bdf48d03c2534f956f22f5265c2dea2d73af4d6783c012710c913,GFSK4K8,13,512,2,8,8,100000,0.0,ok,True,4839.074338099369,30585.75759280331,14113.041163519745,-3.4815457183867693e-09,1037.33,model_window_reanalysis,32685.78372130788,16136.70363893772,6.866026195796082,14.338953964428747,523.64,
tx_p13_rf_profile-GFSK4K8_s512,run_00003,web_sessions/20260719_003026_campaign_radio_ebyte_e79_cc1352p/packet_tx/20260719_011746_radio_ebyte_e79_cc1352p/raw/run_00003.csv.gz,a43d50e0b0dd81473d9f3b46090cd0933d05b7a4999aab3ccb9eaee900a9b6d6,GFSK4K8,13,512,3,8,8,100000,0.0,ok,True,4838.729620604002,30623.707256745718,14147.070562264544,-4.067260306328535e-09,1037.33,model_window_reanalysis,32677.5871754201,16129.625222871246,6.70682978208641,14.01388825962957,528.46,
tx_p13_rf_profile-GFSK4K8_s512,run_00004,web_sessions/20260719_003026_campaign_radio_ebyte_e79_cc1352p/packet_tx/20260719_011746_radio_ebyte_e79_cc1352p/raw/run_00004.csv.gz,1eaeacff311e456a334ce9dcabb9dff134501cb7e4fb33bccec741b2290097c6,GFSK4K8,13,512,4,8,8,100000,0.0,ok,True,4843.5129088426465,30590.291848018525,14095.874256773473,-3.7216523196548223e-09,1037.33,model_window_reanalysis,32729.01753389749,16165.223641129536,6.991517755060261,14.68053237890996,524.6,
tx_p13_rf_profile-GFSK4K8_s512,run_00005,web_sessions/20260719_003026_campaign_radio_ebyte_e79_cc1352p/packet_tx/20260719_011746_radio_ebyte_e79_cc1352p/raw/run_00005.csv.gz,199bab9eda53d371bc9601b2b55014d390ffa8c37440769756d4e41f71793b75,GFSK4K8,13,512,5,8,8,100000,0.0,ok,True,4838.729620604002,30502.46049844449,14033.518608549975,-4.067260306328535e-09,1037.33,model_window_reanalysis,32721.586830437016,16175.664181194701,7.275237130806866,15.26449376238126,514.12,
tx_p13_rf_profile-GFSK4K8_s1024,run_00001,web_sessions/20260719_003026_campaign_radio_ebyte_e79_cc1352p/packet_tx/20260719_011824_radio_ebyte_e79_cc1352p/raw/run_00001.csv.gz,57dc74b0b0e9a7ca5e78e86aac9f61a2a890b0c2e22a716fcedc518a79ca19de,GFSK4K8,13,1024,1,16,16,100000,0.06923719708726274,ok,True,4848.296839780394,60785.98186896186,27787.909489770627,-1.525040715932846e-08,2074.66,model_window_reanalysis,65422.67377132727,32263.74365539351,7.627896695591518,16.10712805607253,687.75,
tx_p13_rf_profile-GFSK4K8_s1024,run_00002,web_sessions/20260719_003026_campaign_radio_ebyte_e79_cc1352p/packet_tx/20260719_011824_radio_ebyte_e79_cc1352p/raw/run_00002.csv.gz,9475a90d67e9350837c36f20234ff5d0a53a39036cf22bf35285eabfdd6fc3fc,GFSK4K8,13,1024,2,16,16,100000,0.06923719708726274,ok,True,4843.5129088426465,60551.89168501972,27584.54004053231,-1.4028046280145645e-08,2074.66,model_window_reanalysis,65311.22714952218,32182.154035441505,7.859928620000312,16.667357832153563,684.96,
tx_p13_rf_profile-GFSK4K8_s1024,run_00003,web_sessions/20260719_003026_campaign_radio_ebyte_e79_cc1352p/packet_tx/20260719_011824_radio_ebyte_e79_cc1352p/raw/run_00003.csv.gz,d1411f5432fd4b5eb0719a325cd294d5c0c36679bfdbff8e6520718eaf7087bf,GFSK4K8,13,1024,3,16,16,100000,0.06923719708726274,ok,True,4843.5129088426465,60562.56386989722,27602.27174052769,-1.4828401617705822e-08,2074.66,model_window_reanalysis,65346.48437664011,32219.38578666316,7.899138017042828,16.727297265740205,683.23,
tx_p13_rf_profile-GFSK4K8_s1024,run_00004,web_sessions/20260719_003026_campaign_radio_ebyte_e79_cc1352p/packet_tx/20260719_011824_radio_ebyte_e79_cc1352p/raw/run_00004.csv.gz,ebcf43d9ab8eafe4668d26548100ca9114db7e5b02ba0656720d81d45bb46d97,GFSK4K8,13,1024,4,16,16,100000,0.06923719708726274,ok,True,4838.729620604002,60671.04918413495,27732.095596768762,-1.4850229490548372e-08,2074.66,model_window_reanalysis,65383.24695697873,32287.001934861655,7.766797898190925,16.424674154893705,684.66,
tx_p13_rf_profile-GFSK4K8_s1024,run_00005,web_sessions/20260719_003026_campaign_radio_ebyte_e79_cc1352p/packet_tx/20260719_011824_radio_ebyte_e79_cc1352p/raw/run_00005.csv.gz,01faad4914ca5530f2fc070c251d3a48860f42a234054ec293ef02b8e1182dc1,GFSK4K8,13,1024,5,16,16,100000,0.06923719708726274,ok,True,4843.5129088426465,60502.26059532457,27538.15641766839,-1.5541445463895798e-08,2074.66,model_window_reanalysis,65358.44836927647,32230.220354295416,8.02645674090261,17.0384097811886,677.79,
tx_p13_rf_profile-GFSK50_s8,run_00001,web_sessions/20260719_003026_campaign_radio_ebyte_e79_cc1352p/packet_tx/20260719_011915_radio_ebyte_e79_cc1352p/raw/run_00001.csv.gz,661ed992b21ecaede08d6b8c3b745a62dd4b327300c2b7c557a7e27e20842ea0,GFSK50,13,8,1,1,1,100000,0.0,ok,True,4458.148906602709,150.18182181106417,60.52626680604175,1.9895196601282805e-13,6.2,model_window_reanalysis,150.18182181106437,60.52626680604172,1.3322676295501878e-13,-4.440892098500626e-14,723.66,
tx_p13_rf_profile-GFSK50_s8,run_00002,web_sessions/20260719_003026_campaign_radio_ebyte_e79_cc1352p/packet_tx/20260719_011915_radio_ebyte_e79_cc1352p/raw/run_00002.csv.gz,7318d131a66c74235a4696d70cf4d36ea63e1d38abb8a5038cb63395fc7e7881,GFSK50,13,8,2,1,1,100000,0.29473684210526313,ok,True,4448.687090079035,150.12258837744776,60.07318762229978,3.126388037344441e-13,6.2,model_window_reanalysis,150.12258837744807,60.07318762229974,1.9984014443252818e-13,-5.551115123125783e-14,718.95,
tx_p13_rf_profile-GFSK50_s8,run_00003,web_sessions/20260719_003026_campaign_radio_ebyte_e79_cc1352p/packet_tx/20260719_011915_radio_ebyte_e79_cc1352p/raw/run_00003.csv.gz,ab1ae8d53f7c284600d42105573b058fdbf62ee4907a5506c548016476fb6eee,GFSK50,13,8,3,1,1,100000,0.29473684210526313,ok,True,4453.417676991323,148.97866484160434,59.5094130239634,2.2737367544323206e-13,6.2,model_window_reanalysis,148.97866484160457,59.50941302396337,1.5543122344752192e-13,-4.440892098500626e-14,720.98,
tx_p13_rf_profile-GFSK50_s8,run_00004,web_sessions/20260719_003026_campaign_radio_ebyte_e79_cc1352p/packet_tx/20260719_011915_radio_ebyte_e79_cc1352p/raw/run_00004.csv.gz,0d3a934c0e21c907645fd9ef4c75112bc86e253611e4c8e3d12225337e90eec1,GFSK50,13,8,4,1,1,100000,0.29473684210526313,ok,True,4453.417676991323,149.2625453522312,59.456038197471194,2.2737367544323206e-13,6.2,model_window_reanalysis,149.26254535223143,59.45603819747125,1.5543122344752192e-13,8.881784197001252e-14,720.37,
tx_p13_rf_profile-GFSK50_s8,run_00005,web_sessions/20260719_003026_campaign_radio_ebyte_e79_cc1352p/packet_tx/20260719_011915_radio_ebyte_e79_cc1352p/raw/run_00005.csv.gz,390b9b65e80bb9164dfa39e789c7dfbb8a40d00a5844ddaff62c2c1e2014ea26,GFSK50,13,8,5,1,1,100000,0.29473684210526313,ok,True,4448.687090079035,147.73975169269556,57.23296599253024,4.831690603168681e-13,6.2,review_required,147.73975169269605,57.23296599253027,3.3306690738754696e-13,4.440892098500626e-14,719.3,unstable_detector_at_3_MAD
tx_p13_rf_profile-GFSK50_s32,run_00001,web_sessions/20260719_003026_campaign_radio_ebyte_e79_cc1352p/packet_tx/20260719_011943_radio_ebyte_e79_cc1352p/raw/run_00001.csv.gz,90ceab2a001463628fbaee63dfb84092ee60278a1b2b11067cb138e3119d8ae0,GFSK50,13,32,1,1,1,100000,0.0,ok,True,4453.417676991323,269.74864407655514,123.5638498260569,8.526512829121202e-13,10.04,model_window_reanalysis,269.748644076556,123.56384982605692,3.1086244689504383e-13,2.220446049250313e-14,718.31,
tx_p13_rf_profile-GFSK50_s32,run_00002,web_sessions/20260719_003026_campaign_radio_ebyte_e79_cc1352p/packet_tx/20260719_011943_radio_ebyte_e79_cc1352p/raw/run_00002.csv.gz,db919f854136626cf3471c8e452116368627d1ca62c932e8524b7c13c1cc7ddd,GFSK50,13,32,2,1,1,100000,0.29473684210526313,ok,True,4453.417676991323,269.98534771560355,123.93689348969596,3.979039320256561e-13,10.04,model_window_reanalysis,269.98534771560395,123.93689348969615,1.5543122344752192e-13,1.5543122344752192e-13,715.78,
tx_p13_rf_profile-GFSK50_s32,run_00003,web_sessions/20260719_003026_campaign_radio_ebyte_e79_cc1352p/packet_tx/20260719_011943_radio_ebyte_e79_cc1352p/raw/run_00003.csv.gz,284c20c18a74b2ac7cf3b0e3a131a6742bf7e7e50f2f9fa01db75255274faec0,GFSK50,13,32,3,1,1,100000,0.29473684210526313,ok,True,4453.417676991323,271.1348365052881,125.3688810876526,5.684341886080801e-13,10.04,model_window_reanalysis,271.13483650528866,125.36888108765274,1.9984014443252818e-13,1.1102230246251565e-13,716.59,
tx_p13_rf_profile-GFSK50_s32,run_00004,web_sessions/20260719_003026_campaign_radio_ebyte_e79_cc1352p/packet_tx/20260719_011943_radio_ebyte_e79_cc1352p/raw/run_00004.csv.gz,ed45026456495331ae8cb7e3d3636a436c70b48c5e776dfeb6e7e4d0bec93e1f,GFSK50,13,32,4,1,1,100000,0.29473684210526313,ok,True,4453.417676991323,271.8571100745054,125.6010652586948,7.389644451905042e-13,10.04,model_window_reanalysis,271.8571100745061,125.60106525869473,2.6645352591003757e-13,-5.551115123125783e-14,715.63,
tx_p13_rf_profile-GFSK50_s32,run_00005,web_sessions/20260719_003026_campaign_radio_ebyte_e79_cc1352p/packet_tx/20260719_011943_radio_ebyte_e79_cc1352p/raw/run_00005.csv.gz,55db91331b03c677d714fc9ac9670eae81c8195bcd6ab43fe5f98ceac83197ca,GFSK50,13,32,5,1,1,100000,0.29473684210526313,ok,True,4453.417676991323,269.1373350475196,123.6099970623264,7.958078640513122e-13,10.04,model_window_reanalysis,269.1373350475204,123.60999706232656,2.886579864025407e-13,1.3322676295501878e-13,715.64,
tx_p13_rf_profile-GFSK50_s64,run_00001,web_sessions/20260719_003026_campaign_radio_ebyte_e79_cc1352p/packet_tx/20260719_012011_radio_ebyte_e79_cc1352p/raw/run_00001.csv.gz,588029c26d627ccab00493261bd9e7b833358135aca01499fd03c3356d548012,GFSK50,13,64,1,1,1,100000,0.0,ok,True,4472.346451631483,433.6259236388469,210.81961073531193,-7.389644451905042e-13,15.16,model_window_reanalysis,433.6259236388462,210.81961073531147,-1.6653345369377348e-13,-2.1094237467877974e-13,713.34,
tx_p13_rf_profile-GFSK50_s64,run_00002,web_sessions/20260719_003026_campaign_radio_ebyte_e79_cc1352p/packet_tx/20260719_012011_radio_ebyte_e79_cc1352p/raw/run_00002.csv.gz,6bfe25d3f8107f4d3ea54a18769e87210ae61f2ce5002da8c440aca016451576,GFSK50,13,64,2,1,1,100000,0.29473684210526313,ok,True,4467.613293922791,430.21637249022524,208.11082380482335,-4.547473508864641e-13,15.16,model_window_reanalysis,430.2163724902248,208.11082380482347,-1.1102230246251565e-13,4.440892098500626e-14,709.91,
tx_p13_rf_profile-GFSK50_s64,run_00003,web_sessions/20260719_003026_campaign_radio_ebyte_e79_cc1352p/packet_tx/20260719_012011_radio_ebyte_e79_cc1352p/raw/run_00003.csv.gz,d4cbb6de78ece56d1c0ddc8113f2fb349daf22105d1ff2011eb650d6c347a2cb,GFSK50,13,64,3,1,1,100000,0.29473684210526313,ok,True,4467.613293922791,428.41796675667166,206.69707819079085,-1.4210854715202004e-12,15.16,model_window_reanalysis,428.41796675667024,206.69707819079136,-3.3306690738754696e-13,2.4424906541753444e-13,710.63,
tx_p13_rf_profile-GFSK50_s64,run_00004,web_sessions/20260719_003026_campaign_radio_ebyte_e79_cc1352p/packet_tx/20260719_012011_radio_ebyte_e79_cc1352p/raw/run_00004.csv.gz,48edab217112c05ed9cec33a0c9ff49e012cd21cabc7a18950375c2b6e2bc1bb,GFSK50,13,64,4,1,1,100000,0.29473684210526313,ok,True,4467.613293922791,428.17075988621434,206.09568450033973,-5.684341886080801e-13,15.16,review_required,428.1707598862138,206.09568450034038,-1.3322676295501878e-13,3.1086244689504383e-13,710.1,unstable_detector_at_3_MAD
tx_p13_rf_profile-GFSK50_s64,run_00005,web_sessions/20260719_003026_campaign_radio_ebyte_e79_cc1352p/packet_tx/20260719_012011_radio_ebyte_e79_cc1352p/raw/run_00005.csv.gz,dc6287c3d37126e06c872a0ca11f8c0f78a22326dc2e68f51fe00dbf6e102744,GFSK50,13,64,5,1,1,100000,0.29473684210526313,ok,True,4467.613293922791,431.01896549166133,208.13587451610545,-5.684341886080801e-13,15.16,model_window_reanalysis,431.01896549166077,208.1358745161059,-1.3322676295501878e-13,2.220446049250313e-13,709.36,
tx_p13_rf_profile-GFSK50_s128,run_00001,web_sessions/20260719_003026_campaign_radio_ebyte_e79_cc1352p/packet_tx/20260719_012039_radio_ebyte_e79_cc1352p/raw/run_00001.csv.gz,0096bcd89960471387f7a68d05fdfbbc54339297e2d2a6ebc6077c069ddf1954,GFSK50,13,128,1,2,2,100000,0.0,ok,True,4472.346451631483,667.5016955483799,227.637209777982,-2.2737367544323206e-13,30.32,review_required,863.0456302043484,418.341348996271,29.294897070684023,83.77546860826735,676.76,unstable_detector_at_3_MAD
tx_p13_rf_profile-GFSK50_s128,run_00002,web_sessions/20260719_003026_campaign_radio_ebyte_e79_cc1352p/packet_tx/20260719_012039_radio_ebyte_e79_cc1352p/raw/run_00002.csv.gz,811bc08910b7394eb2152c8c7e323dd6fee45254b048bc624f86027509b4fc7c,GFSK50,13,128,2,2,2,100000,0.29473684210526313,ok,True,4472.346451631483,666.7490741883976,226.6024144545439,0.0,30.32,model_window_reanalysis,866.3936167971569,421.2453089829732,29.94298010113885,85.89621385851314,673.1,
tx_p13_rf_profile-GFSK50_s128,run_00003,web_sessions/20260719_003026_campaign_radio_ebyte_e79_cc1352p/packet_tx/20260719_012039_radio_ebyte_e79_cc1352p/raw/run_00003.csv.gz,90c7399d6538f748e533897ee8341d9705be63feca909fc8c722de0dae97138f,GFSK50,13,128,3,2,2,100000,0.29473684210526313,ok,True,4467.613293922791,666.1279844082378,226.9177165547784,-1.9326762412674725e-12,30.32,model_window_reanalysis,865.1088696389863,420.44377033353396,29.871269468961792,85.28468235843454,671.76,
tx_p13_rf_profile-GFSK50_s128,run_00004,web_sessions/20260719_003026_campaign_radio_ebyte_e79_cc1352p/packet_tx/20260719_012039_radio_ebyte_e79_cc1352p/raw/run_00004.csv.gz,8686049f070fa9dec1dd827dcb6b1c280c337a4f34f676fac92107de953a8219,GFSK50,13,128,4,2,2,100000,0.29473684210526313,ok,True,4467.613293922791,665.1896149448835,227.15294796353314,-2.2737367544323206e-12,30.32,model_window_reanalysis,859.748210658707,415.02748654213065,29.24859188157114,82.70838668964078,672.33,
tx_p13_rf_profile-GFSK50_s128,run_00005,web_sessions/20260719_003026_campaign_radio_ebyte_e79_cc1352p/packet_tx/20260719_012039_radio_ebyte_e79_cc1352p/raw/run_00005.csv.gz,8d54433e3e63c05a4447995f29f251e3b22d87d10d78971767ee17984a811fb6,GFSK50,13,128,5,2,2,100000,0.29473684210526313,ok,True,4472.346451631483,665.9869346602201,227.2772218421699,-1.3642420526593924e-12,30.32,model_window_reanalysis,862.0696808550556,417.34088536366085,29.442431373653744,83.62635814577078,673.71,
tx_p13_rf_profile-GFSK50_s512,run_00001,web_sessions/20260719_003026_campaign_radio_ebyte_e79_cc1352p/packet_tx/20260719_012106_radio_ebyte_e79_cc1352p/raw/run_00001.csv.gz,ad79358b6bbf37160536316a1075c2d164afe60f011da3f682611d83e7d4080e,GFSK50,13,512,1,8,8,100000,0.29473684210526313,ok,True,4472.346451631483,2592.899297079881,834.7479513254776,-2.5011104298755527e-11,121.28,model_window_reanalysis,3461.991233414061,1681.2298450358394,33.518152336766406,101.4056868742537,439.65,
tx_p13_rf_profile-GFSK50_s512,run_00002,web_sessions/20260719_003026_campaign_radio_ebyte_e79_cc1352p/packet_tx/20260719_012106_radio_ebyte_e79_cc1352p/raw/run_00002.csv.gz,57b0820bc98d9174bba293b58a6992669621b9caabcff2db11f071091ec120c1,GFSK50,13,512,2,8,8,100000,0.29473684210526313,ok,True,4467.613293922791,2582.493326691466,824.9971092910671,-1.8189894035458565e-11,121.28,model_window_reanalysis,3449.4191359754486,1670.688978649718,33.56933395814949,102.50846455515061,440.17,
tx_p13_rf_profile-GFSK50_s512,run_00003,web_sessions/20260719_003026_campaign_radio_ebyte_e79_cc1352p/packet_tx/20260719_012106_radio_ebyte_e79_cc1352p/raw/run_00003.csv.gz,8110d06ec8b4a79a259572ead012d14e719776d53fafb39e985f8cd067943142,GFSK50,13,512,3,8,8,100000,0.29473684210526313,ok,True,4467.613293922791,2579.9778860614947,827.0280399798389,-3.5925040720030665e-11,121.28,model_window_reanalysis,3445.366935487979,1666.391250317004,33.54249872069863,101.49150570005183,439.78,
tx_p13_rf_profile-GFSK50_s512,run_00004,web_sessions/20260719_003026_campaign_radio_ebyte_e79_cc1352p/packet_tx/20260719_012106_radio_ebyte_e79_cc1352p/raw/run_00004.csv.gz,367d29e430e120474bf1508a49c0ba967a6f831cfe763113d6b7ed775cc838a8,GFSK50,13,512,4,8,8,100000,0.29473684210526313,ok,True,4467.613293922791,2596.588562731923,841.5795328055657,-1.8189894035458565e-11,121.28,model_window_reanalysis,3444.1641760378957,1665.4710363816328,32.641891190270876,97.89823438665005,447.5,
tx_p13_rf_profile-GFSK50_s512,run_00005,web_sessions/20260719_003026_campaign_radio_ebyte_e79_cc1352p/packet_tx/20260719_012106_radio_ebyte_e79_cc1352p/raw/run_00005.csv.gz,45e5444409df84c3b74efe30918526312bd2d0f1319b0f35090a8e2c178fc1ec,GFSK50,13,512,5,8,8,100000,0.29473684210526313,ok,True,4467.613293922791,2608.502162692087,854.2320610443436,-1.2732925824820995e-11,121.28,model_window_reanalysis,3448.974159161143,1670.7771268233805,32.22048302239675,95.58820173300072,447.99,
tx_p13_rf_profile-GFSK50_s1024,run_00001,web_sessions/20260719_003026_campaign_radio_ebyte_e79_cc1352p/packet_tx/20260719_012135_radio_ebyte_e79_cc1352p/raw/run_00001.csv.gz,dd517bdf573e0bf93be62e5a03e90ef58f18f1e82d075ac36ce4a115bb82834c,GFSK50,13,1024,1,16,16,100000,0.0,ok,True,4467.613293922791,5128.445802682979,1615.8441842959871,3.637978807091713e-12,242.56,model_window_reanalysis,6914.693834346769,3358.592699615033,34.830201983012145,107.85374804429857,148.44,
tx_p13_rf_profile-GFSK50_s1024,run_00002,web_sessions/20260719_003026_campaign_radio_ebyte_e79_cc1352p/packet_tx/20260719_012135_radio_ebyte_e79_cc1352p/raw/run_00002.csv.gz,b03c5a7b98e945eb52859cebb02aa497830867ee52df9f3a306c3a970b2f780b,GFSK50,13,1024,2,16,16,100000,0.29473684210526313,ok,True,4467.613293922791,5109.300619928704,1598.9812641816309,-9.094947017729282e-12,242.56,model_window_reanalysis,6875.758314622686,3316.6574417288916,34.57337561630172,107.42315848374737,140.36,
tx_p13_rf_profile-GFSK50_s1024,run_00003,web_sessions/20260719_003026_campaign_radio_ebyte_e79_cc1352p/packet_tx/20260719_012135_radio_ebyte_e79_cc1352p/raw/run_00003.csv.gz,05dc6b67cc247c96186ba28e2da150a7e45df365e08f8f537831483a74f15d59,GFSK50,13,1024,3,16,16,100000,0.29473684210526313,ok,True,4467.613293922791,5116.7285527008235,1606.764531439824,1.3642420526593924e-11,242.56,model_window_reanalysis,6887.531464473895,3329.570796672875,34.608107378265494,107.22207464271332,148.42,
tx_p13_rf_profile-GFSK50_s1024,run_00004,web_sessions/20260719_003026_campaign_radio_ebyte_e79_cc1352p/packet_tx/20260719_012135_radio_ebyte_e79_cc1352p/raw/run_00004.csv.gz,667e73057fb90cf68397a37a64dae9f909b00559429da902d2d10c211af77381,GFSK50,13,1024,4,16,16,100000,0.29473684210526313,ok,True,4467.613293922791,5112.3158651841895,1599.384010149298,-2.2737367544323206e-11,242.56,model_window_reanalysis,6868.569293808103,3311.5904920518547,34.35338259484946,107.05412027613849,138.6,
tx_p13_rf_profile-GFSK50_s1024,run_00005,web_sessions/20260719_003026_campaign_radio_ebyte_e79_cc1352p/packet_tx/20260719_012135_radio_ebyte_e79_cc1352p/raw/run_00005.csv.gz,140cc3f8bf0edeee85d2b82e046ff3ab2d46cbd3258be430e5e18f5bd20843b7,GFSK50,13,1024,5,16,16,100000,0.29473684210526313,ok,True,4467.613293922791,5110.213494094617,1601.3262959223798,-1.8189894035458565e-12,242.56,model_window_reanalysis,6885.967848449588,3329.7140885640442,34.74912264246963,107.93476613996998,141.72,
tx_p13_rf_profile-GFSK200_s8,run_00001,web_sessions/20260719_003026_campaign_radio_ebyte_e79_cc1352p/packet_tx/20260719_012203_radio_ebyte_e79_cc1352p/raw/run_00001.csv.gz,f7b7e41407f781fedbeb096d4cb463c4966cb5cda5422531225f5c040185fae7,GFSK200,13,8,1,1,1,100000,0.0,ok,True,4448.687090079035,74.9268860425322,20.27318826733645,0.0,3.8,review_required,74.9268860425322,20.273188267336472,0.0,1.1102230246251565e-13,727.99,unstable_detector_at_3_MAD
tx_p13_rf_profile-GFSK200_s8,run_00002,web_sessions/20260719_003026_campaign_radio_ebyte_e79_cc1352p/packet_tx/20260719_012203_radio_ebyte_e79_cc1352p/raw/run_00002.csv.gz,827008c19b0c100078f77c553f85614f0da314b20babf753ef4759cf7cde1f49,GFSK200,13,8,2,1,1,100000,0.29473684210526313,ok,True,4443.957145865853,75.3780389679907,20.96347125009725,0.0,3.8,model_window_reanalysis,75.3780389679907,20.96347125009723,0.0,-9.992007221626409e-14,721.2,
tx_p13_rf_profile-GFSK200_s8,run_00003,web_sessions/20260719_003026_campaign_radio_ebyte_e79_cc1352p/packet_tx/20260719_012203_radio_ebyte_e79_cc1352p/raw/run_00003.csv.gz,bfb13f54f79b87dc0871d8a76a7138e485001d7da3093b0f477a28780bdac62d,GFSK200,13,8,3,1,1,100000,0.29473684210526313,ok,True,4443.957145865853,75.77285297462107,20.753179564478028,5.684341886080802e-14,3.8,review_required,,,,,,overlong_group_may_merge_frames
tx_p13_rf_profile-GFSK200_s8,run_00004,web_sessions/20260719_003026_campaign_radio_ebyte_e79_cc1352p/packet_tx/20260719_012203_radio_ebyte_e79_cc1352p/raw/run_00004.csv.gz,6e2d4692ef2aa7a377e3228434c54d4d8a8c20306aa1d0c32aa612e0f1db72be,GFSK200,13,8,4,1,1,100000,0.29473684210526313,ok,True,4448.687090079035,77.11329107179799,22.803700703006573,0.0,3.8,model_window_reanalysis,77.11329107179799,22.803700703006573,0.0,0.0,723.66,
tx_p13_rf_profile-GFSK200_s8,run_00005,web_sessions/20260719_003026_campaign_radio_ebyte_e79_cc1352p/packet_tx/20260719_012203_radio_ebyte_e79_cc1352p/raw/run_00005.csv.gz,5384cd13c102dc3a4b1f2b80ff22fa405c0de136da17017ecc22c38e1b8a5225,GFSK200,13,8,5,1,1,100000,0.29473684210526313,ok,True,4443.957145865853,75.07256196366987,20.730873289121313,1.4210854715202004e-14,3.8,review_required,75.07256196366988,20.73087328912132,2.220446049250313e-14,4.440892098500626e-14,723.5,unstable_detector_at_3_MAD
tx_p13_rf_profile-GFSK200_s32,run_00001,web_sessions/20260719_003026_campaign_radio_ebyte_e79_cc1352p/packet_tx/20260719_012230_radio_ebyte_e79_cc1352p/raw/run_00001.csv.gz,aad296a0e7138b3a0cccf6f1fe25cc176cf6cd9e7fa22cafde7fb89776c80c9b,GFSK200,13,32,1,1,1,100000,0.0,ok,True,4453.417676991323,109.92208679173956,40.81078295393534,2.842170943040401e-14,4.76,model_window_reanalysis,109.92208679173959,40.81078295393538,2.220446049250313e-14,1.1102230246251565e-13,723.44,
tx_p13_rf_profile-GFSK200_s32,run_00002,web_sessions/20260719_003026_campaign_radio_ebyte_e79_cc1352p/packet_tx/20260719_012230_radio_ebyte_e79_cc1352p/raw/run_00002.csv.gz,fe10c974e58f4db6c4fbd23620225a7c52906996000087d056f132661e7af58e,GFSK200,13,32,2,1,1,100000,0.29473684210526313,ok,True,4448.687090079035,107.06865704302285,38.33374505572642,8.526512829121202e-14,4.76,model_window_reanalysis,107.06865704302294,38.333745055726446,8.881784197001252e-14,6.661338147750939e-14,721.8,
tx_p13_rf_profile-GFSK200_s32,run_00003,web_sessions/20260719_003026_campaign_radio_ebyte_e79_cc1352p/packet_tx/20260719_012230_radio_ebyte_e79_cc1352p/raw/run_00003.csv.gz,909bae07a87dfb923d85c3cc2283bb34777386f1908a719db36c5aaf2cd5a053,GFSK200,13,32,3,1,1,100000,0.29473684210526313,ok,True,4448.687090079035,107.84273739587444,39.49145769419498,1.2789769243681803e-13,4.76,model_window_reanalysis,107.84273739587456,39.49145769419501,1.1102230246251565e-13,8.881784197001252e-14,720.87,
tx_p13_rf_profile-GFSK200_s32,run_00004,web_sessions/20260719_003026_campaign_radio_ebyte_e79_cc1352p/packet_tx/20260719_012230_radio_ebyte_e79_cc1352p/raw/run_00004.csv.gz,87712a8c9549d73fd1ff3d7914b3afc57b41946c84456554abbd87addd803507,GFSK200,13,32,4,1,1,100000,0.29473684210526313,ok,True,4453.417676991323,107.44113930827427,38.559260738756045,5.684341886080802e-14,4.76,model_window_reanalysis,107.44113930827433,38.559260738756066,4.440892098500626e-14,4.440892098500626e-14,720.39,
tx_p13_rf_profile-GFSK200_s32,run_00005,web_sessions/20260719_003026_campaign_radio_ebyte_e79_cc1352p/packet_tx/20260719_012230_radio_ebyte_e79_cc1352p/raw/run_00005.csv.gz,2bf642937b8032516f960111244f2b0085a296632513688cd77d5a9ac9ea00f6,GFSK200,13,32,5,1,1,100000,0.29473684210526313,ok,True,4448.687090079035,107.1334317264421,38.870973483623445,4.263256414560601e-14,4.76,model_window_reanalysis,107.13343172644214,38.87097348362347,4.440892098500626e-14,6.661338147750939e-14,719.96,
tx_p13_rf_profile-GFSK200_s64,run_00001,web_sessions/20260719_003026_campaign_radio_ebyte_e79_cc1352p/packet_tx/20260719_012258_radio_ebyte_e79_cc1352p/raw/run_00001.csv.gz,e341f434378bf0188235764a61bb9215797f1cf1172a1046a155f22146c03b2f,GFSK200,13,64,1,1,1,100000,0.0,ok,True,4448.687090079035,150.92381150260945,62.833753319692796,1.9895196601282805e-13,6.04,model_window_reanalysis,150.92381150260965,62.833753319692796,1.3322676295501878e-13,0.0,722.11,
tx_p13_rf_profile-GFSK200_s64,run_00002,web_sessions/20260719_003026_campaign_radio_ebyte_e79_cc1352p/packet_tx/20260719_012258_radio_ebyte_e79_cc1352p/raw/run_00002.csv.gz,5e1dfe6b788606e5e8ac236456d569df2124f7ef27238b5a001d6e5b7f11cc63,GFSK200,13,64,2,1,1,100000,0.29473684210526313,ok,True,4448.687090079035,152.67425721655096,65.25686053837319,2.2737367544323206e-13,6.04,model_window_reanalysis,152.67425721655118,65.25686053837326,1.5543122344752192e-13,1.1102230246251565e-13,720.28,
tx_p13_rf_profile-GFSK200_s64,run_00003,web_sessions/20260719_003026_campaign_radio_ebyte_e79_cc1352p/packet_tx/20260719_012258_radio_ebyte_e79_cc1352p/raw/run_00003.csv.gz,89cf74d2c7fe2948baede6190ad035bb63e3495a69ac28fd8ac52bf79795945c,GFSK200,13,64,3,1,1,100000,0.29473684210526313,ok,True,4443.957145865853,152.62585814521705,65.49725908744745,3.126388037344441e-13,6.04,model_window_reanalysis,152.62585814521736,65.49725908744746,1.9984014443252818e-13,2.220446049250313e-14,718.98,
tx_p13_rf_profile-GFSK200_s64,run_00004,web_sessions/20260719_003026_campaign_radio_ebyte_e79_cc1352p/packet_tx/20260719_012258_radio_ebyte_e79_cc1352p/raw/run_00004.csv.gz,a2c88d96d160d3b5cfbbbb13869664de2b970639886764a339b7233f0872d1a1,GFSK200,13,64,4,1,1,100000,0.29473684210526313,ok,True,4443.957145865853,150.72396400470654,63.78261948533569,4.831690603168681e-13,6.04,model_window_reanalysis,150.72396400470703,63.78261948533574,3.1086244689504383e-13,8.881784197001252e-14,720.16,
tx_p13_rf_profile-GFSK200_s64,run_00005,web_sessions/20260719_003026_campaign_radio_ebyte_e79_cc1352p/packet_tx/20260719_012258_radio_ebyte_e79_cc1352p/raw/run_00005.csv.gz,53dfa710d948d6febd22ef0c674fc21f8c41bf8ced6530ef743606d441dfd8d3,GFSK200,13,64,5,1,1,100000,0.29473684210526313,ok,True,4443.957145865853,150.75694963855048,63.009134836697754,2.2737367544323206e-13,6.04,review_required,150.7569496385507,63.00913483669775,1.5543122344752192e-13,-1.1102230246251565e-14,718.8,unstable_detector_at_3_MAD
tx_p13_rf_profile-GFSK200_s128,run_00001,web_sessions/20260719_003026_campaign_radio_ebyte_e79_cc1352p/packet_tx/20260719_012326_radio_ebyte_e79_cc1352p/raw/run_00001.csv.gz,b9340aed91b26b318f2b52d6bf7c660ab10035aee77cab578ecdaa887764bb3a,GFSK200,13,128,1,2,2,100000,0.0,ok,True,4453.417676991323,247.4630742629016,74.26930830837262,1.9895196601282805e-13,12.08,model_window_reanalysis,307.0375393707538,131.33749325072213,24.07408268296265,76.83952663918379,692.75,
tx_p13_rf_profile-GFSK200_s128,run_00002,web_sessions/20260719_003026_campaign_radio_ebyte_e79_cc1352p/packet_tx/20260719_012326_radio_ebyte_e79_cc1352p/raw/run_00002.csv.gz,ef4cecc805749e98872ddafeb1beef4c9c2ac6474a67a9300a3c5219f3b72dc5,GFSK200,13,128,2,2,2,100000,0.29473684210526313,ok,True,4448.687090079035,244.9981048182711,71.90200564456744,0.0,12.08,model_window_reanalysis,302.2230125397567,127.356663681223,23.35728587122443,77.12532847940861,687.39,
tx_p13_rf_profile-GFSK200_s128,run_00003,web_sessions/20260719_003026_campaign_radio_ebyte_e79_cc1352p/packet_tx/20260719_012326_radio_ebyte_e79_cc1352p/raw/run_00003.csv.gz,819ee44a4ce265b2ed61460248b353e425cde3c94a190773c20c0c09bf6ad42a,GFSK200,13,128,3,2,2,100000,0.29473684210526313,ok,True,4453.417676991323,245.63632450451826,71.53931846576012,5.968558980384842e-13,12.08,model_window_reanalysis,302.9762376474668,127.37067153786855,23.34341765559753,78.04289203402213,687.75,
tx_p13_rf_profile-GFSK200_s128,run_00004,web_sessions/20260719_003026_campaign_radio_ebyte_e79_cc1352p/packet_tx/20260719_012326_radio_ebyte_e79_cc1352p/raw/run_00004.csv.gz,a06f9b1fa95191e13583a00e16e4b785549f4f0e5518a3575d17a45f2047bef9,GFSK200,13,128,4,2,2,100000,0.29473684210526313,ok,True,4439.227844351771,244.71687031827594,72.28304863739451,0.0,12.08,model_window_reanalysis,303.4993093234443,128.5210861177203,24.020591195333864,77.8025256826701,687.36,
tx_p13_rf_profile-GFSK200_s128,run_00005,web_sessions/20260719_003026_campaign_radio_ebyte_e79_cc1352p/packet_tx/20260719_012326_radio_ebyte_e79_cc1352p/raw/run_00005.csv.gz,ec12bc4db220158a552febbb5d3ffe12780321f5e48ce8c9a19c633913726eef,GFSK200,13,128,5,2,2,100000,0.29473684210526313,ok,True,4439.227844351771,245.90718896707745,72.5940778334473,9.663381206337363e-13,12.08,model_window_reanalysis,305.0160454236302,130.43238356554676,24.03705914610994,79.67358696228357,687.37,
tx_p13_rf_profile-GFSK200_s512,run_00001,web_sessions/20260719_003026_campaign_radio_ebyte_e79_cc1352p/packet_tx/20260719_012354_radio_ebyte_e79_cc1352p/raw/run_00001.csv.gz,ee18d54d2cbf3a4333b86896078760cbc858d6af68c875893365b9261e8ff732,GFSK200,13,512,1,8,8,100000,0.0,ok,True,4448.687090079035,858.3275434625282,166.82058547260624,-2.1600499167107046e-12,48.32,model_window_reanalysis,1206.6088691282964,504.99973118350414,40.57673883571151,202.72027265270003,496.0,
tx_p13_rf_profile-GFSK200_s512,run_00002,web_sessions/20260719_003026_campaign_radio_ebyte_e79_cc1352p/packet_tx/20260719_012354_radio_ebyte_e79_cc1352p/raw/run_00002.csv.gz,beec8986bd0d7222acd76fa4f346e06824a912bc3de50893ea3f0cb0363711d0,GFSK200,13,512,2,8,8,100000,0.29473684210526313,ok,True,4453.417676991323,857.829466910749,167.85633189588472,-5.684341886080801e-13,48.32,model_window_reanalysis,1202.7176989916077,502.03277202581467,40.204754602669965,199.08479850328652,492.66,
tx_p13_rf_profile-GFSK200_s512,run_00003,web_sessions/20260719_003026_campaign_radio_ebyte_e79_cc1352p/packet_tx/20260719_012354_radio_ebyte_e79_cc1352p/raw/run_00003.csv.gz,a37c31602ca37a9d3380fbe1f5dc817a1376b0daa6f0a1eac6983167f315bda5,GFSK200,13,512,3,8,8,100000,0.29473684210526313,ok,True,4448.687090079035,858.2393357889846,166.06128140480257,-4.547473508864641e-13,48.32,model_window_reanalysis,1205.0347553669637,506.666391624784,40.40777497796324,205.10808259373755,491.69,
tx_p13_rf_profile-GFSK200_s512,run_00004,web_sessions/20260719_003026_campaign_radio_ebyte_e79_cc1352p/packet_tx/20260719_012354_radio_ebyte_e79_cc1352p/raw/run_00004.csv.gz,222135f2168477e1e7388def830ceb3f5b9a5e7d1a6df49650f41aa36311e21c,GFSK200,13,512,4,8,8,100000,0.29473684210526313,ok,True,4448.687090079035,857.0294619599554,166.26391510979084,1.2505552149377763e-12,48.32,model_window_reanalysis,1206.322795741035,508.0296988544212,40.75628076802338,205.55619872114073,491.08,
tx_p13_rf_profile-GFSK200_s512,run_00005,web_sessions/20260719_003026_campaign_radio_ebyte_e79_cc1352p/packet_tx/20260719_012354_radio_ebyte_e79_cc1352p/raw/run_00005.csv.gz,81a0941d210fa9734466e5e6d3ae65e80c860a0a7152649d5bfb7f59581fc5e1,GFSK200,13,512,5,8,8,100000,0.29473684210526313,ok,True,4448.687090079035,855.075342671487,163.83222463978217,-1.0231815394945443e-12,48.32,model_window_reanalysis,1202.9294958490007,502.7844488184209,40.681111455128985,206.88983801806563,491.66,
tx_p13_rf_profile-GFSK200_s1024,run_00001,web_sessions/20260719_003026_campaign_radio_ebyte_e79_cc1352p/packet_tx/20260719_012423_radio_ebyte_e79_cc1352p/raw/run_00001.csv.gz,876d201dd268839c7893d28f8347b3a68c6784f93296c4160ac8fc5c81b8518a,GFSK200,13,1024,1,16,16,100000,0.0,ok,True,4434.499185536791,1659.561435369033,281.3399547503727,3.865352482534945e-12,96.64,model_window_reanalysis,2419.776115975812,1022.7061836371697,45.80816741127342,263.5125997459537,236.05,
tx_p13_rf_profile-GFSK200_s1024,run_00002,web_sessions/20260719_003026_campaign_radio_ebyte_e79_cc1352p/packet_tx/20260719_012423_radio_ebyte_e79_cc1352p/raw/run_00002.csv.gz,bcfece0bb3ff3d001305b97d41f6b572d533297cee0c4b8c4241b51621bdeca4,GFSK200,13,1024,2,16,16,100000,0.29473684210526313,ok,True,4439.227844351771,1655.1615340888734,276.00935173233034,2.5011104298755527e-12,96.64,review_required,,,,,,overlong_group_may_merge_frames
tx_p13_rf_profile-GFSK200_s1024,run_00003,web_sessions/20260719_003026_campaign_radio_ebyte_e79_cc1352p/packet_tx/20260719_012423_radio_ebyte_e79_cc1352p/raw/run_00003.csv.gz,e6d4807e1c4f402ca94a2ce7ecc7779dc5d36927dc868444d8d7f2fff690011a,GFSK200,13,1024,3,16,16,100000,0.29473684210526313,ok,True,4439.227844351771,1657.1772855062893,276.48183655579624,0.0,96.64,review_required,2399.293156694737,1001.9397105193782,44.78192391840088,262.3889811355397,234.28,unstable_detector_at_3_MAD
tx_p13_rf_profile-GFSK200_s1024,run_00004,web_sessions/20260719_003026_campaign_radio_ebyte_e79_cc1352p/packet_tx/20260719_012423_radio_ebyte_e79_cc1352p/raw/run_00004.csv.gz,699b4e5be226f3fd4fedcf1ab54146246e2b8882a50dcda5b753f4b3ff90db9e,GFSK200,13,1024,4,16,16,100000,0.29473684210526313,ok,True,4439.227844351771,1674.6235314329897,292.46594160418795,-3.637978807091713e-12,96.64,model_window_reanalysis,2405.16727782445,1008.1650844730364,43.62435691837723,244.71196165379413,237.68,
tx_p13_rf_profile-GFSK200_s1024,run_00005,web_sessions/20260719_003026_campaign_radio_ebyte_e79_cc1352p/packet_tx/20260719_012423_radio_ebyte_e79_cc1352p/raw/run_00005.csv.gz,c476624395193fd894dc374ac68b970fe1bec59e3fb3b301c038613e4491e245,GFSK200,13,1024,5,16,16,100000,0.29473684210526313,ok,True,4439.227844351771,1655.0854922553604,275.74646262166624,-4.547473508864641e-13,96.64,model_window_reanalysis,2416.25547657462,1017.5751454284784,45.98976837637703,269.025638898087,231.7,
tx_p13_rf_profile-SLR2K5_s8,run_00001,web_sessions/20260719_003026_campaign_radio_ebyte_e79_cc1352p/packet_tx/20260719_012451_radio_ebyte_e79_cc1352p/raw/run_00001.csv.gz,5c0aefe016420750a26bd2cac3840b4796e17cd585fba557880cc75117f08a6e,SLR2K5,13,8,1,1,1,100000,0.0,ok,True,4462.8807789132,1790.1056641808632,813.5097006146668,-1.9326762412674725e-11,67.0,model_window_reanalysis,1790.1056641808439,813.5097006146693,-1.0769163338864018e-12,3.1086244689504383e-13,663.4,
tx_p13_rf_profile-SLR2K5_s8,run_00002,web_sessions/20260719_003026_campaign_radio_ebyte_e79_cc1352p/packet_tx/20260719_012451_radio_ebyte_e79_cc1352p/raw/run_00002.csv.gz,eceacae3a9706ec7122e0c3ac8229c5225d83f91a09b7778b55564bd22a71a2d,SLR2K5,13,8,2,1,1,100000,0.0,ok,True,4458.148906602709,1785.7028430160155,807.8090714613719,-1.9326762412674725e-11,67.0,model_window_reanalysis,1785.7028430159962,807.8090714613751,-1.0769163338864018e-12,3.9968028886505635e-13,662.2,
tx_p13_rf_profile-SLR2K5_s8,run_00003,web_sessions/20260719_003026_campaign_radio_ebyte_e79_cc1352p/packet_tx/20260719_012451_radio_ebyte_e79_cc1352p/raw/run_00003.csv.gz,c4319f9c097a9b67b0d76335235790670694fdd88a3443ed1c36dfc01863b8e6,SLR2K5,13,8,3,1,1,100000,0.29473684210526313,ok,True,4453.417676991323,1785.3179730330824,808.8793652573947,-2.546585164964199e-11,67.0,model_window_reanalysis,1785.317973033057,808.8793652573955,-1.4210854715202004e-12,8.881784197001252e-14,659.24,
tx_p13_rf_profile-SLR2K5_s8,run_00004,web_sessions/20260719_003026_campaign_radio_ebyte_e79_cc1352p/packet_tx/20260719_012451_radio_ebyte_e79_cc1352p/raw/run_00004.csv.gz,d69099eeb77152363b4e7b02a48e739761e2920e9b57f2ba7c88725e0b544641,SLR2K5,13,8,4,1,1,100000,0.29473684210526313,ok,True,4453.417676991323,1787.0042969313124,809.6817031953447,-2.5011104298755527e-11,67.0,model_window_reanalysis,1787.0042969312874,809.6817031953435,-1.3988810110276972e-12,-1.4432899320127035e-13,663.87,
tx_p13_rf_profile-SLR2K5_s8,run_00005,web_sessions/20260719_003026_campaign_radio_ebyte_e79_cc1352p/packet_tx/20260719_012451_radio_ebyte_e79_cc1352p/raw/run_00005.csv.gz,64ed2c30e79795c80b333409b8d51e93c5440b0ecf96d9cb6e6fb7d36a5dffdd,SLR2K5,13,8,5,1,1,100000,0.29473684210526313,ok,True,4462.8807789132,1785.9969009670156,805.9306204257742,-3.1604940886609256e-11,67.0,model_window_reanalysis,1785.996900966984,805.9306204257788,-1.765254609153999e-12,5.551115123125783e-13,666.92,
tx_p13_rf_profile-SLR2K5_s32,run_00001,web_sessions/20260719_003026_campaign_radio_ebyte_e79_cc1352p/packet_tx/20260719_012519_radio_ebyte_e79_cc1352p/raw/run_00001.csv.gz,d2ed16802b251557e14bfd57e37bbf509d641be93ac4e49e54115c2cae46956c,SLR2K5,13,32,1,1,1,100000,0.29473684210526313,ok,True,4467.613293922791,4153.097217463873,2041.801694053062,-1.1732481652870774e-10,143.8,model_window_reanalysis,4153.097217463755,2041.8016940530842,-2.8199664825478976e-12,1.0880185641326534e-12,583.5,
tx_p13_rf_profile-SLR2K5_s32,run_00002,web_sessions/20260719_003026_campaign_radio_ebyte_e79_cc1352p/packet_tx/20260719_012519_radio_ebyte_e79_cc1352p/raw/run_00002.csv.gz,3833d8c4cc39468cbf1f8ea174a9ab794b8920839d902f203f910e8290ac48a0,SLR2K5,13,32,2,1,1,100000,0.29473684210526313,ok,True,4458.148906602709,4148.930571309192,2041.199598539351,-5.547917680814862e-11,143.8,model_window_reanalysis,4148.930571309136,2041.1995985393207,-1.3322676295501878e-12,-1.4765966227514582e-12,593.94,
tx_p13_rf_profile-SLR2K5_s32,run_00003,web_sessions/20260719_003026_campaign_radio_ebyte_e79_cc1352p/packet_tx/20260719_012519_radio_ebyte_e79_cc1352p/raw/run_00003.csv.gz,318eb6c3d896bf03e598e130bb48f1a095319af7fab981a4b74f958f21522fe6,SLR2K5,13,32,3,1,1,100000,0.29473684210526313,ok,True,4453.417676991323,4138.759348826007,2034.110196891257,-1.1823431123048067e-10,143.8,model_window_reanalysis,4138.759348825889,2034.1101968912565,-2.8532731732866523e-12,-2.220446049250313e-14,581.98,
tx_p13_rf_profile-SLR2K5_s32,run_00004,web_sessions/20260719_003026_campaign_radio_ebyte_e79_cc1352p/packet_tx/20260719_012519_radio_ebyte_e79_cc1352p/raw/run_00004.csv.gz,90972aeffc21c7249bea735a30d64256ec571a461e690a3c981a7ed72abbc556,SLR2K5,13,32,4,1,1,100000,0.29473684210526313,ok,True,4462.8807789132,4154.807164891683,2045.7544594651747,-7.366907084360719e-11,143.8,model_window_reanalysis,4154.807164891609,2045.7544594651415,-1.7763568394002505e-12,-1.6209256159527285e-12,592.44,
tx_p13_rf_profile-SLR2K5_s32,run_00005,web_sessions/20260719_003026_campaign_radio_ebyte_e79_cc1352p/packet_tx/20260719_012519_radio_ebyte_e79_cc1352p/raw/run_00005.csv.gz,395034cb8a093105418570b69c885fa630c4f65cb97da5e245995264410278b8,SLR2K5,13,32,5,1,1,100000,0.29473684210526313,ok,True,4462.8807789132,4152.493749418684,2042.9574247018193,-6.184563972055912e-11,143.8,model_window_reanalysis,4152.493749418622,2042.9574247017968,-1.4876988529977098e-12,-1.099120794378905e-12,595.94,
tx_p13_rf_profile-SLR2K5_s64,run_00001,web_sessions/20260719_003026_campaign_radio_ebyte_e79_cc1352p/packet_tx/20260719_012547_radio_ebyte_e79_cc1352p/raw/run_00001.csv.gz,33b66cdac4afdd72387fc8a900c17946ce03769d55b72683ebcb6291077174e3,SLR2K5,13,64,1,1,1,100000,0.0,ok,True,4458.148906602709,7315.747855176327,3702.9665504678796,4.5656634029001e-10,246.2,model_window_reanalysis,7315.747855176784,3702.9665504678364,6.23945339839338e-12,-1.1657341758564144e-12,483.8,
tx_p13_rf_profile-SLR2K5_s64,run_00002,web_sessions/20260719_003026_campaign_radio_ebyte_e79_cc1352p/packet_tx/20260719_012547_radio_ebyte_e79_cc1352p/raw/run_00002.csv.gz,7362e0e4ba9c3403ef46c2c81b695b4182b6aa2ac25575f9c41ac9407da3c01d,SLR2K5,13,64,2,1,1,100000,0.29473684210526313,ok,True,4453.417676991323,7284.243334447574,3673.4585306080517,5.07498043589294e-10,246.2,model_window_reanalysis,7284.243334448081,3673.458530608135,6.972200594645983e-12,2.2648549702353193e-12,495.12,
tx_p13_rf_profile-SLR2K5_s64,run_00003,web_sessions/20260719_003026_campaign_radio_ebyte_e79_cc1352p/packet_tx/20260719_012547_radio_ebyte_e79_cc1352p/raw/run_00003.csv.gz,c6ebb1bcd4f3158f472e5c8942cd46b90c3c57fa47f8e2d47063e6e47eab2ed6,SLR2K5,13,64,3,1,1,100000,0.29473684210526313,ok,True,4453.417676991323,7289.3791555054495,3678.970251971213,4.82032191939652e-10,246.2,model_window_reanalysis,7289.3791555059315,3678.9702519713064,6.616929226765933e-12,2.531308496145357e-12,485.49,
tx_p13_rf_profile-SLR2K5_s64,run_00004,web_sessions/20260719_003026_campaign_radio_ebyte_e79_cc1352p/packet_tx/20260719_012547_radio_ebyte_e79_cc1352p/raw/run_00004.csv.gz,9fc52f3703ab8dbf13733545bbb1958fd85ca07d53af7be5770caa5fcd79acf5,SLR2K5,13,64,4,1,1,100000,0.29473684210526313,ok,True,4453.417676991323,7297.933706568497,3688.867697080291,4.474713932722807e-10,246.2,model_window_reanalysis,7297.933706568944,3688.867697080383,6.128431095930864e-12,2.5091040356528538e-12,479.87,
tx_p13_rf_profile-SLR2K5_s64,run_00005,web_sessions/20260719_003026_campaign_radio_ebyte_e79_cc1352p/packet_tx/20260719_012547_radio_ebyte_e79_cc1352p/raw/run_00005.csv.gz,0b91863bde81c82c4bfda450684f25a27763a80db5a38eb9d9abdd314c1aca78,SLR2K5,13,64,5,1,1,100000,0.29473684210526313,ok,True,4448.687090079035,7287.353370698994,3680.518260001761,4.838511813431978e-10,246.2,model_window_reanalysis,7287.353370699478,3680.5182600014905,6.639133687258436e-12,-7.349676423018536e-12,479.41,
tx_p13_rf_profile-SLR2K5_s128,run_00001,web_sessions/20260719_003026_campaign_radio_ebyte_e79_cc1352p/packet_tx/20260719_012615_radio_ebyte_e79_cc1352p/raw/run_00001.csv.gz,fc60754fd82e0d51adbcaedb3ee4b5e9b357d4190fd74e7c294942c193cb9e1f,SLR2K5,13,128,1,2,2,100000,0.0,ok,True,4458.148906602709,14619.194014178245,7390.366523089632,-1.902662916108966e-09,492.4,model_window_reanalysis,14619.372604335027,7391.76836884736,0.0012216142463605806,0.0189685552583585,497.73,
tx_p13_rf_profile-SLR2K5_s128,run_00002,web_sessions/20260719_003026_campaign_radio_ebyte_e79_cc1352p/packet_tx/20260719_012615_radio_ebyte_e79_cc1352p/raw/run_00002.csv.gz,613b42b09635dcd676264a57c906dee5b830d47b9454eee8640c36262e87fc9b,SLR2K5,13,128,2,2,2,100000,0.10701878591303489,ok,True,4453.417676991323,14564.114640576237,7343.562081526074,-2.0500010577961802e-09,492.4,model_window_reanalysis,14565.384521771643,7344.582253273998,0.008719247456800971,0.013892055879671794,499.45,
tx_p13_rf_profile-SLR2K5_s128,run_00003,web_sessions/20260719_003026_campaign_radio_ebyte_e79_cc1352p/packet_tx/20260719_012615_radio_ebyte_e79_cc1352p/raw/run_00003.csv.gz,54f7c614c8f6101516e7c39a6a967db16cc126ef0b0b3e941bd069dcdb5b48de,SLR2K5,13,128,3,2,2,100000,0.10701878591303489,ok,True,4453.417676991323,14539.185659544712,7319.952296039456,-1.862645149230957e-09,492.4,model_window_reanalysis,14539.626935591195,7320.15438766224,0.003035080896673925,0.0027608325110728416,499.19,
tx_p13_rf_profile-SLR2K5_s128,run_00004,web_sessions/20260719_003026_campaign_radio_ebyte_e79_cc1352p/packet_tx/20260719_012615_radio_ebyte_e79_cc1352p/raw/run_00004.csv.gz,fd46a12b9fde6520e33a0dd9efa193c994e71db306c2e93e68ee1fa03985a8c8,SLR2K5,13,128,4,2,2,100000,0.10701878591303489,ok,True,4453.417676991323,14517.701905109663,7296.824856056369,-2.004526322707534e-09,492.4,model_window_reanalysis,14518.615246262694,7298.210536543405,0.006291224044963073,0.018990184283862455,493.95,
tx_p13_rf_profile-SLR2K5_s128,run_00005,web_sessions/20260719_003026_campaign_radio_ebyte_e79_cc1352p/packet_tx/20260719_012615_radio_ebyte_e79_cc1352p/raw/run_00005.csv.gz,768f9bb1e3e324381f8c2eb4fc3cde0fa94deca14f0e4d821a4e9bcfd0c9a0b9,SLR2K5,13,128,5,2,2,100000,0.10701878591303489,ok,True,4453.417676991323,14562.646907573871,7341.416972381208,-1.7953425412997603e-09,492.4,model_window_reanalysis,14564.28878284295,7343.488545009117,0.011274566220675908,0.028217612971737083,492.22,
tx_p13_rf_profile-SLR2K5_s512,run_00001,web_sessions/20260719_003026_campaign_radio_ebyte_e79_cc1352p/packet_tx/20260719_012646_radio_ebyte_e79_cc1352p/raw/run_00001.csv.gz,0713630d07983d0ac3575ae4be59e184d8d929e4f9645b77e86da3e394ef7eee,SLR2K5,13,512,1,8,8,100000,0.0,ok,True,4462.8807789132,57315.45296316281,28392.176140600128,-6.832124199718237e-09,1969.6,model_window_reanalysis,58042.8718921681,29099.579412271723,1.2691497517655526,2.491542980603123,958.79,
tx_p13_rf_profile-SLR2K5_s512,run_00002,web_sessions/20260719_003026_campaign_radio_ebyte_e79_cc1352p/packet_tx/20260719_012646_radio_ebyte_e79_cc1352p/raw/run_00002.csv.gz,27e279f9aadf5ee07b5a4b32b6d968566fda05812a38dd65256d9f87498d4c27,SLR2K5,13,512,2,8,8,100000,0.11966493817311527,ok,True,4458.148906602709,57166.93284793181,28279.852500918816,-8.250935934484005e-09,1969.6,model_window_reanalysis,57980.243010094884,29070.352132904776,1.4226933677315534,2.7952749469265292,950.69,
tx_p13_rf_profile-SLR2K5_s512,run_00003,web_sessions/20260719_003026_campaign_radio_ebyte_e79_cc1352p/packet_tx/20260719_012646_radio_ebyte_e79_cc1352p/raw/run_00003.csv.gz,e9d64a40b3363fcd5175874a36d29f6b2417775a302723f68518a1b505402232,SLR2K5,13,512,3,8,8,100000,0.11966493817311527,ok,True,4458.148906602709,57254.76381788182,28359.92744737521,-7.144990377128124e-09,1969.6,model_window_reanalysis,57944.01446695424,29028.887588957597,1.2038310930158058,2.358821766465069,961.51,
tx_p13_rf_profile-SLR2K5_s512,run_00004,web_sessions/20260719_003026_campaign_radio_ebyte_e79_cc1352p/packet_tx/20260719_012646_radio_ebyte_e79_cc1352p/raw/run_00004.csv.gz,fbf4c1db87e59e5f9a55e93a5a4856e8fb8af47b67d28f0d1e8c57a5b74e31cf,SLR2K5,13,512,4,8,8,100000,0.11966493817311527,ok,True,4453.417676991323,57302.15003353656,28446.367309783567,-4.867615643888712e-09,1969.6,model_window_reanalysis,58039.34358157812,29162.91177977489,1.2865024220035437,2.5189313707022265,948.73,
tx_p13_rf_profile-SLR2K5_s512,run_00005,web_sessions/20260719_003026_campaign_radio_ebyte_e79_cc1352p/packet_tx/20260719_012646_radio_ebyte_e79_cc1352p/raw/run_00005.csv.gz,a59c6e27945635105c496cf328ce1a02c16de7f2274f823c71ef6f0217e55d1c,SLR2K5,13,512,5,8,8,100000,0.0,ok,True,4462.8807789132,57224.47172407426,28309.311981485935,-6.184563972055912e-09,1969.6,model_window_reanalysis,58014.12667108368,29076.86071810145,1.379925271860949,2.711294209896331,951.02,
tx_p13_rf_profile-SLR2K5_s1024,run_00001,web_sessions/20260719_003026_campaign_radio_ebyte_e79_cc1352p/packet_tx/20260719_012735_radio_ebyte_e79_cc1352p/raw/run_00001.csv.gz,ec6a26be30543c8a2e5d4ef71902064db3b916f890aebf89a006b10b899d54ab,SLR2K5,13,1024,1,16,16,100000,0.006816725517730303,ok,True,4453.417676991323,114069.7065993747,56356.021123880746,2.7677742764353752e-08,3939.2,model_window_reanalysis,115958.66486850384,58194.16185264337,1.6559683770936307,3.2616581016641666,1564.92,
tx_p13_rf_profile-SLR2K5_s1024,run_00002,web_sessions/20260719_003026_campaign_radio_ebyte_e79_cc1352p/packet_tx/20260719_012735_radio_ebyte_e79_cc1352p/raw/run_00002.csv.gz,b9dd25dd17f6fa5c93e35b0a1200a41b66ed8e70a6e83b40e4fcb70fd8b407f4,SLR2K5,13,1024,2,16,16,100000,0.006816725517730303,ok,True,4448.687090079035,113900.0832477512,56248.50664746271,2.663000486791134e-08,3939.2,model_window_reanalysis,115807.19935045719,58103.78935134829,1.6743763905401998,3.2983679291497703,1574.28,
tx_p13_rf_profile-SLR2K5_s1024,run_00003,web_sessions/20260719_003026_campaign_radio_ebyte_e79_cc1352p/packet_tx/20260719_012735_radio_ebyte_e79_cc1352p/raw/run_00003.csv.gz,d0702ead5a4a92560cf685bd881ff2a66223f46455b7b5c207337c649dccb8e6,SLR2K5,13,1024,3,16,16,100000,0.006816725517730303,ok,True,4453.417676991323,114203.10272301911,56498.211919953064,3.342574927955866e-08,3939.2,model_window_reanalysis,116076.03518926025,58317.84092276519,1.6400013848867356,3.220684232255322,1579.58,
tx_p13_rf_profile-SLR2K5_s1024,run_00004,web_sessions/20260719_003026_campaign_radio_ebyte_e79_cc1352p/packet_tx/20260719_012735_radio_ebyte_e79_cc1352p/raw/run_00004.csv.gz,9748c6a94cacbd068640c42152f536f08279ea5003a8b4f1ad62adb8da8ac12b,SLR2K5,13,1024,4,16,16,100000,0.006816725517730303,ok,True,4448.687090079035,114019.25910023993,56368.83742605894,2.8492650017142296e-08,3939.2,model_window_reanalysis,115938.19596657688,58239.89758684207,1.6829936288657255,3.319316569616082,1576.55,
tx_p13_rf_profile-SLR2K5_s1024,run_00005,web_sessions/20260719_003026_campaign_radio_ebyte_e79_cc1352p/packet_tx/20260719_012735_radio_ebyte_e79_cc1352p/raw/run_00005.csv.gz,8006a12f6d8a859ff24e7fad09ed9362d732654750fde85b7aa7796eabd89919,SLR2K5,13,1024,5,16,16,100000,0.006816725517730303,ok,True,4434.499185536791,113950.61747596921,56478.607796175835,3.175227902829647e-08,3939.2,model_window_reanalysis,115993.2276838434,58473.511726269244,1.7925398327086395,3.532140766098135,1555.34,
tx_p13_rf_profile-SLR5_s8,run_00001,web_sessions/20260719_003026_campaign_radio_ebyte_e79_cc1352p/packet_tx/20260719_012850_radio_ebyte_e79_cc1352p/raw/run_00001.csv.gz,745a09a23e5af91dcf472dd9bd8146b135abea07d88f82fb5953a6472f5d2d32,SLR5,13,8,1,1,1,100000,0.29473684210526313,ok,True,4472.346451631483,994.650259951569,480.29617034143826,-4.547473508864641e-13,35.0,model_window_reanalysis,994.6502599515685,480.29617034144496,-4.440892098500626e-14,1.3988810110276972e-12,693.73,
tx_p13_rf_profile-SLR5_s8,run_00002,web_sessions/20260719_003026_campaign_radio_ebyte_e79_cc1352p/packet_tx/20260719_012850_radio_ebyte_e79_cc1352p/raw/run_00002.csv.gz,dcd7b94ceae7134c3c72b678961e835d84251dcfca11aa4fc9ee0fb4d5ada109,SLR5,13,8,2,1,1,100000,0.29473684210526313,ok,True,4462.8807789132,993.1858213262407,480.5500449149435,7.958078640513122e-13,35.0,model_window_reanalysis,993.1858213262415,480.5500449149494,8.881784197001252e-14,1.2212453270876722e-12,695.21,
tx_p13_rf_profile-SLR5_s8,run_00003,web_sessions/20260719_003026_campaign_radio_ebyte_e79_cc1352p/packet_tx/20260719_012850_radio_ebyte_e79_cc1352p/raw/run_00003.csv.gz,44b1e192e44744745fbc8cb777ccd55a902ddc7e411b859a31b5b215a93990aa,SLR5,13,8,3,1,1,100000,0.29473684210526313,ok,True,4462.8807789132,990.9079592574202,478.71097346865537,-9.094947017729282e-13,35.0,model_window_reanalysis,990.9079592574193,478.7109734686587,-8.881784197001252e-14,7.105427357601002e-13,695.13,
tx_p13_rf_profile-SLR5_s8,run_00004,web_sessions/20260719_003026_campaign_radio_ebyte_e79_cc1352p/packet_tx/20260719_012850_radio_ebyte_e79_cc1352p/raw/run_00004.csv.gz,71502e987ed439783cbeedda33a26d87a8f18bc73b9792a4c002b023cb053871,SLR5,13,8,4,1,1,100000,0.29473684210526313,ok,True,4467.613293922791,994.184214639149,481.0053984226346,-3.296918293926865e-12,35.0,model_window_reanalysis,994.1842146391457,481.0053984226307,-3.3306690738754696e-13,-7.993605777301127e-13,694.3,
tx_p13_rf_profile-SLR5_s8,run_00005,web_sessions/20260719_003026_campaign_radio_ebyte_e79_cc1352p/packet_tx/20260719_012850_radio_ebyte_e79_cc1352p/raw/run_00005.csv.gz,24511342c834d759098b5a99d9e47b0de2231fd823b4bdd3c8bce7f185b2b57c,SLR5,13,8,5,1,1,100000,0.29473684210526313,ok,True,4462.8807789132,991.7982894066265,479.14361794743223,-6.821210263296962e-13,35.0,model_window_reanalysis,991.7982894066258,479.1436179474379,-6.661338147750939e-14,1.176836406102666e-12,695.08,
tx_p13_rf_profile-SLR5_s32,run_00001,web_sessions/20260719_003026_campaign_radio_ebyte_e79_cc1352p/packet_tx/20260719_012918_radio_ebyte_e79_cc1352p/raw/run_00001.csv.gz,93512b73fa838998a77036be659b9cd49f53ae06e4afd0baa43310f1b928a338,SLR5,13,32,1,1,1,100000,0.0,ok,True,4462.8807789132,2179.840731094777,1101.4057713709365,-5.866240826435387e-11,73.4,model_window_reanalysis,2179.840731094718,1101.4057713709442,-2.686739719592879e-12,7.105427357601002e-13,658.69,
tx_p13_rf_profile-SLR5_s32,run_00002,web_sessions/20260719_003026_campaign_radio_ebyte_e79_cc1352p/packet_tx/20260719_012918_radio_ebyte_e79_cc1352p/raw/run_00002.csv.gz,1403778f7202a3037806a8df83bd304317451b399660d341f345d3b56d959b72,SLR5,13,32,2,1,1,100000,0.29473684210526313,ok,True,4458.148906602709,2171.2659206825438,1094.1708037127364,-5.047695594839752e-11,73.4,model_window_reanalysis,2171.2659206824933,1094.170803712733,-2.320366121466577e-12,-3.1086244689504383e-13,652.26,
tx_p13_rf_profile-SLR5_s32,run_00003,web_sessions/20260719_003026_campaign_radio_ebyte_e79_cc1352p/packet_tx/20260719_012918_radio_ebyte_e79_cc1352p/raw/run_00003.csv.gz,68f4bc774776e2930f826f61f082c48faeb6928347405d98c262770ceacf2e22,SLR5,13,32,3,1,1,100000,0.29473684210526313,ok,True,4458.148906602709,2175.758324159305,1098.7338826899754,-5.6843418860808015e-11,73.4,model_window_reanalysis,2175.7583241592483,1098.7338826899686,-2.609024107869118e-12,-6.217248937900877e-13,655.82,
tx_p13_rf_profile-SLR5_s32,run_00004,web_sessions/20260719_003026_campaign_radio_ebyte_e79_cc1352p/packet_tx/20260719_012918_radio_ebyte_e79_cc1352p/raw/run_00004.csv.gz,13d0a0501ee6a8b59d83485e5d5371d1fe3554d982d0edb89cda0a8d2dce5e3a,SLR5,13,32,4,1,1,100000,0.29473684210526313,ok,True,4458.148906602709,2177.5381131501117,1100.7070511132997,-5.638867150992155e-11,73.4,model_window_reanalysis,2177.5381131500553,1100.7070511132965,-2.5868196473766147e-12,-2.886579864025407e-13,652.39,
tx_p13_rf_profile-SLR5_s32,run_00005,web_sessions/20260719_003026_campaign_radio_ebyte_e79_cc1352p/packet_tx/20260719_012918_radio_ebyte_e79_cc1352p/raw/run_00005.csv.gz,809a15d76bb66334956233e1b60a540db7f9105b10f7e2bcc59f9b9d055fe7c9,SLR5,13,32,5,1,1,100000,0.29473684210526313,ok,True,4462.8807789132,2175.830973838161,1096.9626038987694,-5.5933924159035087e-11,73.4,model_window_reanalysis,2175.830973838105,1096.9626038987792,-2.575717417130363e-12,8.881784197001252e-13,652.63,
tx_p13_rf_profile-SLR5_s64,run_00001,web_sessions/20260719_003026_campaign_radio_ebyte_e79_cc1352p/packet_tx/20260719_012946_radio_ebyte_e79_cc1352p/raw/run_00001.csv.gz,3302f0a776115a765edcc362ec426ab96061de02aa368f3c22654f446fff4911,SLR5,13,64,1,1,1,100000,0.0,ok,True,4467.613293922791,3763.3657413294404,1929.729082340008,-7.548806024715304e-11,124.6,model_window_reanalysis,3763.365741329365,1929.7290823400253,-2.0095036745715333e-12,8.881784197001252e-13,607.67,
tx_p13_rf_profile-SLR5_s64,run_00002,web_sessions/20260719_003026_campaign_radio_ebyte_e79_cc1352p/packet_tx/20260719_012946_radio_ebyte_e79_cc1352p/raw/run_00002.csv.gz,3063920a9423cf5081f1b073bd16a9705e438544769bf4c0b265b5e219bbbcbb,SLR5,13,64,2,1,1,100000,0.29473684210526313,ok,True,4453.417676991323,3753.615784690621,1924.8116091781067,-7.457856554538012e-11,124.6,model_window_reanalysis,3753.615784690546,1924.8116091780728,-1.9872992140790302e-12,-1.765254609153999e-12,600.78,
tx_p13_rf_profile-SLR5_s64,run_00003,web_sessions/20260719_003026_campaign_radio_ebyte_e79_cc1352p/packet_tx/20260719_012946_radio_ebyte_e79_cc1352p/raw/run_00003.csv.gz,e297725f8f67de89e577b8ebfbdfb67d899b68cf2fc65348ba0ad8d01b1d08c6,SLR5,13,64,3,1,1,100000,0.29473684210526313,ok,True,4458.148906602709,3756.222879995521,1925.4389608025779,-6.775735528208315e-11,124.6,model_window_reanalysis,3756.2228799954532,1925.438960802564,-1.7985612998927536e-12,-7.216449660063518e-13,602.87,
tx_p13_rf_profile-SLR5_s64,run_00004,web_sessions/20260719_003026_campaign_radio_ebyte_e79_cc1352p/packet_tx/20260719_012946_radio_ebyte_e79_cc1352p/raw/run_00004.csv.gz,726f9a2cf9b05324ae452519c5ae69e83ca57e40349de2e80fcc8e81e30f82ef,SLR5,13,64,4,1,1,100000,0.29473684210526313,ok,True,4453.417676991323,3755.707338256191,1927.073284702629,-6.912159733474255e-11,124.6,model_window_reanalysis,3755.707338256122,1927.0732847026127,-1.84297022087776e-12,-8.548717289613705e-13,603.43,
tx_p13_rf_profile-SLR5_s64,run_00005,web_sessions/20260719_003026_campaign_radio_ebyte_e79_cc1352p/packet_tx/20260719_012946_radio_ebyte_e79_cc1352p/raw/run_00005.csv.gz,d7e153c2e6210b6b8f2ead89977fc4e4f86286ad339368699ca7e185ca0282ca,SLR5,13,64,5,1,1,100000,0.0,ok,True,4453.417676991323,3756.389241286166,1927.8692014131084,-7.366907084360719e-11,124.6,model_window_reanalysis,3756.3892412860923,1927.8692014130854,-1.965094753586527e-12,-1.1879386363489175e-12,609.36,
tx_p13_rf_profile-SLR5_s128,run_00001,web_sessions/20260719_003026_campaign_radio_ebyte_e79_cc1352p/packet_tx/20260719_013014_radio_ebyte_e79_cc1352p/raw/run_00001.csv.gz,5dacc707949f4df12a52c9eeaeaad3e010615504087d187c6c3e1208014c064d,SLR5,13,128,1,2,2,100000,0.0,ok,True,4462.8807789132,7289.529594712901,3632.0589273876094,4.911271389573812e-10,249.2,model_window_reanalysis,7540.464422664658,3874.426050313688,3.4424008393320715,6.672995338773413,460.66,
tx_p13_rf_profile-SLR5_s128,run_00002,web_sessions/20260719_003026_campaign_radio_ebyte_e79_cc1352p/packet_tx/20260719_013014_radio_ebyte_e79_cc1352p/raw/run_00002.csv.gz,45329b4c745ad41b9ff304f453893d883cb894dcc646cf2512a9a2131ba3480c,SLR5,13,128,2,2,2,100000,0.29473684210526313,ok,True,4458.148906602709,7266.842763181215,3613.247493273855,4.984030965715647e-10,249.2,model_window_reanalysis,7515.06363483431,3853.4622884781124,3.4158007781694533,6.648168874438376,456.76,
tx_p13_rf_profile-SLR5_s128,run_00003,web_sessions/20260719_003026_campaign_radio_ebyte_e79_cc1352p/packet_tx/20260719_013014_radio_ebyte_e79_cc1352p/raw/run_00003.csv.gz,84353897cdfe692a348685bf1ec78eb4735299ed09115ec8fdf2960ccffdd85e,SLR5,13,128,3,2,2,100000,0.29473684210526313,ok,True,4453.417676991323,7226.788905960445,3577.868912678874,5.138645065017045e-10,249.2,model_window_reanalysis,7513.441286062969,3855.7779625832577,3.966524881695399,7.767446395801669,455.47,
tx_p13_rf_profile-SLR5_s128,run_00004,web_sessions/20260719_003026_campaign_radio_ebyte_e79_cc1352p/packet_tx/20260719_013014_radio_ebyte_e79_cc1352p/raw/run_00004.csv.gz,dd2c46662ab67b67be268eeec7abc3e3632e2a04b8e5612c1fd2bcf06e04159f,SLR5,13,128,4,2,2,100000,0.29473684210526313,ok,True,4453.417676991323,7226.949559269934,3577.848424520602,5.011315806768835e-10,249.2,model_window_reanalysis,7493.923211027891,3836.6951631453608,3.69414023950827,7.234703875400816,453.41,
tx_p13_rf_profile-SLR5_s128,run_00005,web_sessions/20260719_003026_campaign_radio_ebyte_e79_cc1352p/packet_tx/20260719_013014_radio_ebyte_e79_cc1352p/raw/run_00005.csv.gz,0c524ab47293cf3d3b5ec3cfd66988c0c7e30b0dff33fc5b02636a4cb8140467,SLR5,13,128,5,2,2,100000,0.29473684210526313,ok,True,4453.417676991323,7245.382330131148,3593.9948962896465,4.5929482439532876e-10,249.2,model_window_reanalysis,7489.915129792168,3832.0625943765754,3.375015817234228,6.624041072865849,457.53,
tx_p13_rf_profile-SLR5_s512,run_00001,web_sessions/20260719_003026_campaign_radio_ebyte_e79_cc1352p/packet_tx/20260719_013042_radio_ebyte_e79_cc1352p/raw/run_00001.csv.gz,2c282726ad339559e497afb9c829a7ac863c77a5bb455ccc8a24cf6d76445144,SLR5,13,512,1,8,8,100000,0.0675219446320054,ok,True,4458.148906602709,28164.5275510339,13569.804707031453,-5.75528247281909e-09,996.8,model_window_reanalysis,29983.770033341374,15337.299994039227,6.45933960373033,13.025207990590415,531.32,
tx_p13_rf_profile-SLR5_s512,run_00002,web_sessions/20260719_003026_campaign_radio_ebyte_e79_cc1352p/packet_tx/20260719_013042_radio_ebyte_e79_cc1352p/raw/run_00002.csv.gz,642ff07d2f226d45a62977b1d827d8f067b268ab61423a07d1d38b088f5732d1,SLR5,13,512,2,8,8,100000,0.0675219446320054,ok,True,4453.417676991323,28060.453908417327,13476.591400963624,-6.3046172726899385e-09,996.8,model_window_reanalysis,29875.75324304664,15244.559316819634,6.469244369866645,13.118806256377225,529.09,
tx_p13_rf_profile-SLR5_s512,run_00003,web_sessions/20260719_003026_campaign_radio_ebyte_e79_cc1352p/packet_tx/20260719_013042_radio_ebyte_e79_cc1352p/raw/run_00003.csv.gz,8436f2eb508ec37079815b92ef07a813d611115b333b21b2c1d2eb3ce4942f24,SLR5,13,512,3,8,8,100000,0.0675219446320054,ok,True,4453.417676991323,28066.25939252686,13487.346192483696,-6.315531209111214e-09,996.8,model_window_reanalysis,29891.34405345167,15259.958072633943,6.502771300584409,13.142777347393197,532.5,
tx_p13_rf_profile-SLR5_s512,run_00004,web_sessions/20260719_003026_campaign_radio_ebyte_e79_cc1352p/packet_tx/20260719_013042_radio_ebyte_e79_cc1352p/raw/run_00004.csv.gz,b44ab421e4a37070841967f8669571a90724de390ef2851ef6d60be3abe0f294,SLR5,13,512,4,8,8,100000,0.0675219446320054,ok,True,4453.417676991323,28068.065949575077,13485.800373347598,-5.977199180051684e-09,996.8,model_window_reanalysis,29920.209804347873,15290.442777671818,6.598758382926051,13.381796811191048,526.37,
tx_p13_rf_profile-SLR5_s512,run_00005,web_sessions/20260719_003026_campaign_radio_ebyte_e79_cc1352p/packet_tx/20260719_013042_radio_ebyte_e79_cc1352p/raw/run_00005.csv.gz,457b56e2f1706dc80b4fd32998347f55d3e8a587f2aa0dedda8f79f65ffb40b9,SLR5,13,512,5,8,8,100000,0.0675219446320054,ok,True,4453.417676991323,27993.894996143918,13419.359318295668,-6.963091436773539e-09,996.8,model_window_reanalysis,29854.917160806257,15223.242426445466,6.647957223954326,13.442393674416486,526.89,
tx_p13_rf_profile-SLR5_s1024,run_00001,web_sessions/20260719_003026_campaign_radio_ebyte_e79_cc1352p/packet_tx/20260719_013119_radio_ebyte_e79_cc1352p/raw/run_00001.csv.gz,298d9178861789dd6842f1a70326b5476b66f286c581fd3397cb01957fb79151,SLR5,13,1024,1,16,16,100000,0.012340499049781573,ok,True,4467.613293922791,55642.29199674265,26415.01548159938,-1.8997525330632925e-08,1993.6,model_window_reanalysis,59669.05943080408,30319.217092133495,7.236882755112184,14.780235935329156,700.95,
tx_p13_rf_profile-SLR5_s1024,run_00002,web_sessions/20260719_003026_campaign_radio_ebyte_e79_cc1352p/packet_tx/20260719_013119_radio_ebyte_e79_cc1352p/raw/run_00002.csv.gz,d0c5fcbc3792d15625a8beca87ee08f24e2474c8c8e0b2c8f579809ba99e4e80,SLR5,13,1024,2,16,16,100000,0.012340499049781573,ok,True,4453.417676991323,55532.277762355574,26395.0326335598,-2.1274900063872337e-08,1993.6,model_window_reanalysis,59522.337943522005,30264.244794781574,7.185118892910292,14.658864851344378,702.27,
tx_p13_rf_profile-SLR5_s1024,run_00003,web_sessions/20260719_003026_campaign_radio_ebyte_e79_cc1352p/packet_tx/20260719_013119_radio_ebyte_e79_cc1352p/raw/run_00003.csv.gz,051d1940cb616b6672c492977758e22374a8dc08c12126a659089b082f2bf47a,SLR5,13,1024,3,16,16,100000,0.012340499049781573,ok,True,4453.417676991323,55820.147486480164,26667.44012669529,-1.883745426312089e-08,1993.6,model_window_reanalysis,59690.630988675584,30430.726954637863,6.933846785576603,14.11191629216544,714.32,
tx_p13_rf_profile-SLR5_s1024,run_00004,web_sessions/20260719_003026_campaign_radio_ebyte_e79_cc1352p/packet_tx/20260719_013119_radio_ebyte_e79_cc1352p/raw/run_00004.csv.gz,f1f476ce138fbc0c2842ccd3fd292ea770f117242567bae798a3140fe477db99,SLR5,13,1024,4,16,16,100000,0.012340499049781573,ok,True,4453.417676991323,55668.70682052209,26519.874740799052,-2.1296727936714888e-08,1993.6,model_window_reanalysis,59691.15411816862,30429.716213715983,7.2256884116511655,14.743061613718345,703.43,
tx_p13_rf_profile-SLR5_s1024,run_00005,web_sessions/20260719_003026_campaign_radio_ebyte_e79_cc1352p/packet_tx/20260719_013119_radio_ebyte_e79_cc1352p/raw/run_00005.csv.gz,9ff3a4d0a3b6f23db7e031287928f702d3f30964f3a63d1815a1cac282d07132,SLR5,13,1024,5,16,16,100000,0.012340499049781573,ok,True,4458.148906602709,55528.13862541098,26353.779911509708,-2.1209416445344687e-08,1993.6,model_window_reanalysis,59645.192942752044,30354.483040530267,7.4143567914538355,15.18075639416454,693.08,
tx_p13_rf_profile-OOK4K8_s8,run_00001,web_sessions/20260719_003026_campaign_radio_ebyte_e79_cc1352p/packet_tx/20260719_013209_radio_ebyte_e79_cc1352p/raw/run_00001.csv.gz,f5ff55e5a87e76e33e365e22849c9006e2f40ed2c5395efac14639af313ab440,OOK4K8,13,8,1,1,1,100000,0.0,ok,True,4462.8807789132,803.6886691315705,286.96977359259733,4.547473508864641e-13,36.33,model_window_reanalysis,803.6886691315709,286.96977359259733,6.661338147750939e-14,0.0,692.35,
tx_p13_rf_profile-OOK4K8_s8,run_00002,web_sessions/20260719_003026_campaign_radio_ebyte_e79_cc1352p/packet_tx/20260719_013209_radio_ebyte_e79_cc1352p/raw/run_00002.csv.gz,76a8f3b9ccf4bafe85fceb0586adc3df466f75474b0f1516a6fc8fc0689d32a1,OOK4K8,13,8,2,1,1,100000,0.29473684210526313,ok,True,4458.148906602709,801.6190265186536,286.7117780255301,-1.2505552149377763e-12,36.33,model_window_reanalysis,801.6190265186524,286.7117780255309,-1.5543122344752192e-13,2.886579864025407e-13,693.13,
tx_p13_rf_profile-OOK4K8_s8,run_00003,web_sessions/20260719_003026_campaign_radio_ebyte_e79_cc1352p/packet_tx/20260719_013209_radio_ebyte_e79_cc1352p/raw/run_00003.csv.gz,5320b9946cfba70f9556a475d7f03b76896a3b7843012bc2ea4316f999e086bc,OOK4K8,13,8,3,1,1,100000,0.29473684210526313,ok,True,4458.148906602709,797.0379280446317,281.8233214224365,-3.069544618483633e-12,36.33,model_window_reanalysis,797.0379280446286,281.8233214224374,-3.885780586188048e-13,3.3306690738754696e-13,692.18,
tx_p13_rf_profile-OOK4K8_s8,run_00004,web_sessions/20260719_003026_campaign_radio_ebyte_e79_cc1352p/packet_tx/20260719_013209_radio_ebyte_e79_cc1352p/raw/run_00004.csv.gz,aaf344a74319780fb2c420f9f4700ab783a2867044d29a7e060dd4c3b00c32ed,OOK4K8,13,8,4,1,1,100000,0.29473684210526313,ok,True,4458.148906602709,800.8672906452572,286.3292218779297,-4.320099833421409e-12,36.33,model_window_reanalysis,800.8672906452529,286.32922187793133,-5.440092820663267e-13,5.773159728050814e-13,689.61,
tx_p13_rf_profile-OOK4K8_s8,run_00005,web_sessions/20260719_003026_campaign_radio_ebyte_e79_cc1352p/packet_tx/20260719_013209_radio_ebyte_e79_cc1352p/raw/run_00005.csv.gz,cb093a5f3399ab0e4f1dde22d3dda16ee9842ae022176aaa4dc29885bbf5796f,OOK4K8,13,8,5,1,1,100000,0.29473684210526313,ok,True,4462.8807789132,803.5268133615355,287.8200614034697,-6.821210263296962e-13,36.33,model_window_reanalysis,803.5268133615348,287.8200614034698,-8.881784197001252e-14,4.440892098500626e-14,693.06,
tx_p13_rf_profile-OOK4K8_s32,run_00001,web_sessions/20260719_003026_campaign_radio_ebyte_e79_cc1352p/packet_tx/20260719_013238_radio_ebyte_e79_cc1352p/raw/run_00001.csv.gz,6c009775bb5520bdb8371631cbe4ec78881b12f0594377c5d7582e4417a62d50,OOK4K8,13,32,1,1,1,100000,0.0,ok,True,4462.8807789132,1771.2073833693305,684.1352777296116,-2.2737367544323206e-11,76.33,model_window_reanalysis,1771.2073833693078,684.1352777296158,-1.2878587085651816e-12,6.217248937900877e-13,653.87,
tx_p13_rf_profile-OOK4K8_s32,run_00002,web_sessions/20260719_003026_campaign_radio_ebyte_e79_cc1352p/packet_tx/20260719_013238_radio_ebyte_e79_cc1352p/raw/run_00002.csv.gz,1c2f860f93fe046109430773b02107e8cf653a925cf4d4cfc7f08f73e0282297,OOK4K8,13,32,2,1,1,100000,0.29473684210526313,ok,True,4462.8807789132,1756.3246501612607,670.1908796211255,-2.4783730623312294e-11,76.33,model_window_reanalysis,1756.324650161236,670.1908796211302,-1.4099832412739488e-12,6.883382752675971e-13,649.97,
tx_p13_rf_profile-OOK4K8_s32,run_00003,web_sessions/20260719_003026_campaign_radio_ebyte_e79_cc1352p/packet_tx/20260719_013238_radio_ebyte_e79_cc1352p/raw/run_00003.csv.gz,cd22f446ea56ade7a24032a1c2a6accbe8b8b47da14afdc2a977dd7c1a01fb82,OOK4K8,13,32,3,1,1,100000,0.0,ok,True,4462.8807789132,1768.3306726548622,682.4072178216101,-2.546585164964199e-11,76.33,model_window_reanalysis,1768.3306726548367,682.4072178216171,-1.4432899320127035e-12,1.0436096431476471e-12,655.38,
tx_p13_rf_profile-OOK4K8_s32,run_00004,web_sessions/20260719_003026_campaign_radio_ebyte_e79_cc1352p/packet_tx/20260719_013238_radio_ebyte_e79_cc1352p/raw/run_00004.csv.gz,a7d8f3219f106489fa7779543f090a238c28bbc0bad51375cf9f1b06a8f72895,OOK4K8,13,32,4,1,1,100000,0.29473684210526313,ok,True,4462.8807789132,1756.7115109594647,670.9363056084062,-2.751221472863108e-11,76.33,model_window_reanalysis,1756.7115109594372,670.936305608411,-1.5654144647214707e-12,7.105427357601002e-13,652.54,
tx_p13_rf_profile-OOK4K8_s32,run_00005,web_sessions/20260719_003026_campaign_radio_ebyte_e79_cc1352p/packet_tx/20260719_013238_radio_ebyte_e79_cc1352p/raw/run_00005.csv.gz,880341fed62ef2afe92d3ab9ac8ceb5cfa43bc493e2803a11bb5b9c6710fbb86,OOK4K8,13,32,5,1,1,100000,0.29473684210526313,ok,True,4462.8807789132,1763.7367451880689,677.3241565769697,-2.2282620193436742e-11,76.33,model_window_reanalysis,1763.7367451880466,677.3241565769699,-1.2656542480726785e-12,4.440892098500626e-14,649.37,
tx_p13_rf_profile-OOK4K8_s64,run_00001,web_sessions/20260719_003026_campaign_radio_ebyte_e79_cc1352p/packet_tx/20260719_013306_radio_ebyte_e79_cc1352p/raw/run_00001.csv.gz,f9a57c4d2924c9848896fa17e87e0bec4c5c6c8b60018b8736d07cb4630e5c50,OOK4K8,13,64,1,1,1,100000,0.0,ok,True,4462.8807789132,2986.088602528863,1144.5137989371228,-4.092726157978177e-11,129.66,model_window_reanalysis,2986.088602528822,1144.5137989371265,-1.3655743202889425e-12,3.1086244689504383e-13,599.74,
tx_p13_rf_profile-OOK4K8_s64,run_00002,web_sessions/20260719_003026_campaign_radio_ebyte_e79_cc1352p/packet_tx/20260719_013306_radio_ebyte_e79_cc1352p/raw/run_00002.csv.gz,5efae807a4791b24533e8e3e840e846316dcb3341ea3cfee5dc370f5164594e6,OOK4K8,13,64,2,1,1,100000,0.0,ok,True,4458.148906602709,2984.8436169107395,1144.9350083218098,-3.8198777474462986e-11,129.66,model_window_reanalysis,2984.8436169107013,1144.9350083218146,-1.27675647831893e-12,4.218847493575595e-13,600.43,
tx_p13_rf_profile-OOK4K8_s64,run_00003,web_sessions/20260719_003026_campaign_radio_ebyte_e79_cc1352p/packet_tx/20260719_013306_radio_ebyte_e79_cc1352p/raw/run_00003.csv.gz,2741235c2fe7aa2aa5c551e2d875ee24a8dc562c4f430ba2dc2a432596ebf474,OOK4K8,13,64,3,1,1,100000,0.29473684210526313,ok,True,4462.8807789132,2979.4516007285642,1137.6522526543329,-2.1373125491663814e-11,129.66,model_window_reanalysis,2979.451600728543,1137.65225265434,-7.216449660063518e-13,6.217248937900877e-13,598.02,
tx_p13_rf_profile-OOK4K8_s64,run_00004,web_sessions/20260719_003026_campaign_radio_ebyte_e79_cc1352p/packet_tx/20260719_013306_radio_ebyte_e79_cc1352p/raw/run_00004.csv.gz,5a19a02e67885eb1c7f72ec90353e83ce727ca11032cc407dd64552c99d8e486,OOK4K8,13,64,4,1,1,100000,0.29473684210526313,ok,True,4462.8807789132,2983.045959761345,1139.368932718109,-2.5011104298755527e-11,129.66,model_window_reanalysis,2983.04595976132,1139.3689327181135,-8.43769498715119e-13,3.9968028886505635e-13,595.79,
tx_p13_rf_profile-OOK4K8_s64,run_00005,web_sessions/20260719_003026_campaign_radio_ebyte_e79_cc1352p/packet_tx/20260719_013306_radio_ebyte_e79_cc1352p/raw/run_00005.csv.gz,cd4375e0352268ec1b4d4e3d2a1789fb057aafd4a52b0b498173401e41813e8f,OOK4K8,13,64,5,1,1,100000,0.29473684210526313,ok,True,4462.8807789132,2980.4594652086266,1139.7788916021686,-1.9099388737231493e-11,129.66,model_window_reanalysis,2980.4594652086075,1139.7788916021705,-6.439293542825908e-13,1.5543122344752192e-13,596.61,
tx_p13_rf_profile-OOK4K8_s128,run_00001,web_sessions/20260719_003026_campaign_radio_ebyte_e79_cc1352p/packet_tx/20260719_013334_radio_ebyte_e79_cc1352p/raw/run_00001.csv.gz,c513862e35eb49621fb1f4d6d6cb7d131a7bf7f49358dedc8a7b6622ce352f7b,OOK4K8,13,128,1,2,2,100000,0.29473684210526313,ok,True,4467.613293922791,5845.043641673541,2155.4497289096303,8.458300726488233e-11,259.33,model_window_reanalysis,5981.7897947663805,2294.212841778313,2.339523217891437,6.437780060817211,442.95,
tx_p13_rf_profile-OOK4K8_s128,run_00002,web_sessions/20260719_003026_campaign_radio_ebyte_e79_cc1352p/packet_tx/20260719_013334_radio_ebyte_e79_cc1352p/raw/run_00002.csv.gz,15f75c9e186649831663aa904d2c7218fc35190097b690f3ab4375957f3e5c6b,OOK4K8,13,128,2,2,2,100000,0.29473684210526313,ok,True,4467.613293922791,5816.644802736273,2128.3183205550713,4.729372449219227e-11,259.33,model_window_reanalysis,5971.439929582432,2285.9783950850024,2.661244275623309,7.407729990728695,441.4,
tx_p13_rf_profile-OOK4K8_s128,run_00003,web_sessions/20260719_003026_campaign_radio_ebyte_e79_cc1352p/packet_tx/20260719_013334_radio_ebyte_e79_cc1352p/raw/run_00003.csv.gz,f8ae13162f1bb6e724602dc11d1478e194433e655862ed1cd7a9cdb02a465dd7,OOK4K8,13,128,3,2,2,100000,0.29473684210526313,ok,True,4472.346451631483,5829.726068056517,2139.235614839548,1.1641532182693481e-10,259.33,model_window_reanalysis,5961.81168961639,2272.249583587018,2.265726039575422,6.2178269576652845,444.96,
tx_p13_rf_profile-OOK4K8_s128,run_00004,web_sessions/20260719_003026_campaign_radio_ebyte_e79_cc1352p/packet_tx/20260719_013334_radio_ebyte_e79_cc1352p/raw/run_00004.csv.gz,3bc078935dd16aa191f33de15af233f40d955a8f434d7224600a56dc6fc770f5,OOK4K8,13,128,4,2,2,100000,0.29473684210526313,ok,True,4472.346451631483,5838.853027877555,2147.543979000918,1.2369127944111824e-10,259.33,model_window_reanalysis,5972.6448346824245,2283.044477130898,2.2914056265174176,6.309556379516734,446.06,
tx_p13_rf_profile-OOK4K8_s128,run_00005,web_sessions/20260719_003026_campaign_radio_ebyte_e79_cc1352p/packet_tx/20260719_013334_radio_ebyte_e79_cc1352p/raw/run_00005.csv.gz,34db020c0e744013988dc53f3d8ec1dd3019836bae471457e6d9745ab715d1bc,OOK4K8,13,128,5,2,2,100000,0.29473684210526313,ok,True,4472.346451631483,5822.233922858855,2130.3280182491712,4.18367562815547e-11,259.33,model_window_reanalysis,5978.64967822109,2289.0536106070167,2.6865247503733203,7.45075833384079,443.86,
tx_p13_rf_profile-OOK4K8_s512,run_00001,web_sessions/20260719_003026_campaign_radio_ebyte_e79_cc1352p/packet_tx/20260719_013402_radio_ebyte_e79_cc1352p/raw/run_00001.csv.gz,a9e85dd81591f32eaf10538440376fb4c6cfabc62b1c32df391eb497d0e93c24,OOK4K8,13,512,1,8,8,100000,0.0,ok,True,4467.613293922791,22792.435129345347,8033.06795853153,-2.0081643015146255e-09,1037.33,model_window_reanalysis,23806.17807784762,9060.246609760365,4.447716721576067,12.786878643767952,528.39,
tx_p13_rf_profile-OOK4K8_s512,run_00002,web_sessions/20260719_003026_campaign_radio_ebyte_e79_cc1352p/packet_tx/20260719_013402_radio_ebyte_e79_cc1352p/raw/run_00002.csv.gz,f570ea3c941716ef7a08a447909261f722385d8fd97cdc11334e63f8511a67eb,OOK4K8,13,512,2,8,8,100000,0.0,ok,True,4462.8807789132,22763.948218155063,8023.149766004274,-2.1573214326053858e-09,1037.33,model_window_reanalysis,23744.65132848043,9017.563991002879,4.308141544370692,12.394312134271024,538.52,
tx_p13_rf_profile-OOK4K8_s512,run_00003,web_sessions/20260719_003026_campaign_radio_ebyte_e79_cc1352p/packet_tx/20260719_013402_radio_ebyte_e79_cc1352p/raw/run_00003.csv.gz,71783a9349b4f138998bdeaa4aea84332c9ba71f2c393f0c69b2d3c68876bb3d,OOK4K8,13,512,3,8,8,100000,0.0,ok,True,4467.613293922791,22760.660793768544,8005.888996742621,-1.9463186617940664e-09,1037.33,model_window_reanalysis,23786.068492151866,9041.37275452211,4.505175432622144,12.934025917681335,530.51,
tx_p13_rf_profile-OOK4K8_s512,run_00004,web_sessions/20260719_003026_campaign_radio_ebyte_e79_cc1352p/packet_tx/20260719_013402_radio_ebyte_e79_cc1352p/raw/run_00004.csv.gz,da3af1644b54287a4e95a5bc471c94116df93edd24c199383358ca14419d580b,OOK4K8,13,512,4,8,8,100000,0.0,ok,True,4462.8807789132,22763.168042991823,8020.414686413093,-2.4920154828578234e-09,1037.33,model_window_reanalysis,23747.78954542078,9014.564886623748,4.325502937769232,12.395246867905541,538.83,
tx_p13_rf_profile-OOK4K8_s512,run_00005,web_sessions/20260719_003026_campaign_radio_ebyte_e79_cc1352p/packet_tx/20260719_013402_radio_ebyte_e79_cc1352p/raw/run_00005.csv.gz,a525d7e43bdf350c0b3879ea127adf45352b1d51d4a978f0cbcba74659ffde55,OOK4K8,13,512,5,8,8,100000,0.0,ok,True,4462.8807789132,22732.652712968586,7994.93715233966,-2.128217602148652e-09,1037.33,model_window_reanalysis,23751.62606778228,9022.233950438149,4.482421685140103,12.849341758713617,531.72,
tx_p13_rf_profile-OOK4K8_s1024,run_00001,web_sessions/20260719_003026_campaign_radio_ebyte_e79_cc1352p/packet_tx/20260719_013440_radio_ebyte_e79_cc1352p/raw/run_00001.csv.gz,a0da8422c3e20b4174c5294a597906add8ae980e042230e31c9cd60fc4a25b74,OOK4K8,13,1024,1,16,16,100000,0.06923719708726274,ok,True,4462.8807789132,45205.708731041996,15736.847573584293,-9.233190212398767e-09,2074.66,model_window_reanalysis,47419.93102662699,17968.323776556248,4.898103265582754,14.179944188553284,708.22,
tx_p13_rf_profile-OOK4K8_s1024,run_00002,web_sessions/20260719_003026_campaign_radio_ebyte_e79_cc1352p/packet_tx/20260719_013440_radio_ebyte_e79_cc1352p/raw/run_00002.csv.gz,6323c971c91eb5a8f55a4264db07b9087c652dd9cce85be2e574e5523842c4ed,OOK4K8,13,1024,2,16,16,100000,0.06923719708726274,ok,True,4462.8807789132,45216.710293297,15736.20369783816,-9.975337889045477e-09,2074.66,model_window_reanalysis,47405.994048131266,17943.623881353105,4.841758147891628,14.02765384778415,713.39,
tx_p13_rf_profile-OOK4K8_s1024,run_00003,web_sessions/20260719_003026_campaign_radio_ebyte_e79_cc1352p/packet_tx/20260719_013440_radio_ebyte_e79_cc1352p/raw/run_00003.csv.gz,419ac3a144fb87be3c5788064a75bf57475cab5fd4a62aa32bd1b6fffb84ad75,OOK4K8,13,1024,3,16,16,100000,0.06923719708726274,ok,True,4462.8807789132,45154.46290767344,15683.078814498876,-9.618815965950489e-09,2074.66,model_window_reanalysis,47456.36453515746,18005.48743038598,5.097838572879665,14.80837177034433,702.01,
tx_p13_rf_profile-OOK4K8_s1024,run_00004,web_sessions/20260719_003026_campaign_radio_ebyte_e79_cc1352p/packet_tx/20260719_013440_radio_ebyte_e79_cc1352p/raw/run_00004.csv.gz,a6187a0a0e602bb381f12acc3fa611e81b7d37a4fc6fa72847393666979385e5,OOK4K8,13,1024,4,16,16,100000,0.06923719708726274,ok,True,4467.613293922791,45317.82871421827,15807.698998162297,-9.596988093107939e-09,2074.66,model_window_reanalysis,47536.63675432157,18042.45482370886,4.896104034673576,14.137135492055863,714.1,
tx_p13_rf_profile-OOK4K8_s1024,run_00005,web_sessions/20260719_003026_campaign_radio_ebyte_e79_cc1352p/packet_tx/20260719_013440_radio_ebyte_e79_cc1352p/raw/run_00005.csv.gz,c22548f74d403f74417335adc743406eb4b7920b68474f500ef7cef3f8620c4b,OOK4K8,13,1024,5,16,16,100000,0.06923719708726274,ok,True,4462.8807789132,45183.4623309791,15695.406078631995,-1.0382791515439749e-08,2074.66,model_window_reanalysis,47522.79366240758,18062.368071561687,5.1774060922829435,15.08060371978599,694.2,
tx_p13_rf_profile-IEEE154G50_s8,run_00001,web_sessions/20260719_003026_campaign_radio_ebyte_e79_cc1352p/packet_tx/20260719_013532_radio_ebyte_e79_cc1352p/raw/run_00001.csv.gz,d7640557b6af7dacdf22a80ee11d51839ab3746ca0b68c4e600a2f5a708b0971,IEEE154G50,13,8,1,1,1,100000,0.0,ok,True,4472.346451631483,160.51038402590967,64.90640379504092,2.5579538487363607e-13,6.52,review_required,160.51038402590993,64.90640379504089,1.5543122344752192e-13,-4.440892098500626e-14,724.2,unstable_detector_at_3_MAD
tx_p13_rf_profile-IEEE154G50_s8,run_00002,web_sessions/20260719_003026_campaign_radio_ebyte_e79_cc1352p/packet_tx/20260719_013532_radio_ebyte_e79_cc1352p/raw/run_00002.csv.gz,3b76d3dd8ff3b1b95c6a87261f9e2c98fda6cd37bb9906932addcd2b2066262e,IEEE154G50,13,8,2,1,1,100000,0.29473684210526313,ok,True,4467.613293922791,161.10310639153758,66.28973826127199,2.8421709430404007e-13,6.52,review_required,161.10310639153786,66.28973826127199,1.7763568394002505e-13,0.0,719.43,unstable_detector_at_3_MAD
tx_p13_rf_profile-IEEE154G50_s8,run_00003,web_sessions/20260719_003026_campaign_radio_ebyte_e79_cc1352p/packet_tx/20260719_013532_radio_ebyte_e79_cc1352p/raw/run_00003.csv.gz,6a8d0bfc111e52161a57cbdff2177c7eca6733a352c70002d0222daecebb8b49,IEEE154G50,13,8,3,1,1,100000,0.29473684210526313,ok,True,4467.613293922791,162.32916127894572,67.50190741134598,2.5579538487363607e-13,6.52,model_window_reanalysis,162.32916127894597,67.50190741134604,1.5543122344752192e-13,8.881784197001252e-14,719.38,
tx_p13_rf_profile-IEEE154G50_s8,run_00004,web_sessions/20260719_003026_campaign_radio_ebyte_e79_cc1352p/packet_tx/20260719_013532_radio_ebyte_e79_cc1352p/raw/run_00004.csv.gz,b42a27e2642745950a2f80f8b1bb84e115fd9a399d69571e09b06a2c96a5e8b3,IEEE154G50,13,8,4,1,1,100000,0.29473684210526313,ok,True,4462.8807789132,162.45222110220797,67.55803424958516,4.831690603168681e-13,6.52,review_required,162.45222110220845,67.55803424958508,2.886579864025407e-13,-1.2212453270876722e-13,720.54,unstable_detector_at_3_MAD
tx_p13_rf_profile-IEEE154G50_s8,run_00005,web_sessions/20260719_003026_campaign_radio_ebyte_e79_cc1352p/packet_tx/20260719_013532_radio_ebyte_e79_cc1352p/raw/run_00005.csv.gz,50ec9b5447be24ce26d78c53e25cf3cbc9c504d53904a2a2573c3066c61c155b,IEEE154G50,13,8,5,1,1,100000,0.29473684210526313,ok,True,4467.613293922791,162.28973251847182,67.23311870290802,3.410605131648481e-13,6.52,review_required,162.28973251847216,67.23311870290802,1.9984014443252818e-13,0.0,719.81,unstable_detector_at_3_MAD
tx_p13_rf_profile-IEEE154G50_s32,run_00001,web_sessions/20260719_003026_campaign_radio_ebyte_e79_cc1352p/packet_tx/20260719_013559_radio_ebyte_e79_cc1352p/raw/run_00001.csv.gz,25ad8be4c7933a1960159ef79bec08af07b743bc05d0a2ebe0a84003eb161b3a,IEEE154G50,13,32,1,1,1,100000,0.29473684210526313,ok,True,4439.227844351771,283.67527572611465,133.16889639971606,1.1937117960769683e-12,10.36,model_window_reanalysis,283.67527572611584,133.1688963997158,4.218847493575595e-13,-1.887379141862766e-13,713.84,
tx_p13_rf_profile-IEEE154G50_s32,run_00002,web_sessions/20260719_003026_campaign_radio_ebyte_e79_cc1352p/packet_tx/20260719_013559_radio_ebyte_e79_cc1352p/raw/run_00002.csv.gz,c6dc3242635e3df4823a9f27a54fc9d726a41b34238417b8f0207d12cc30a322,IEEE154G50,13,32,2,1,1,100000,0.29473684210526313,ok,True,4439.227844351771,282.2590115505282,131.35800181207756,6.252776074688882e-13,10.36,model_window_reanalysis,282.25901155052884,131.35800181207725,2.220446049250313e-13,-2.3314683517128287e-13,714.73,
tx_p13_rf_profile-IEEE154G50_s32,run_00003,web_sessions/20260719_003026_campaign_radio_ebyte_e79_cc1352p/packet_tx/20260719_013559_radio_ebyte_e79_cc1352p/raw/run_00003.csv.gz,5629a586790cc173984f14c63428df243ea8a578302a2f80a7b932cedc0e976d,IEEE154G50,13,32,3,1,1,100000,0.29473684210526313,ok,True,4439.227844351771,281.0433409427164,130.40594630174647,1.1368683772161603e-12,10.36,model_window_reanalysis,281.0433409427175,130.40594630174633,3.9968028886505635e-13,-1.1102230246251565e-13,715.13,
tx_p13_rf_profile-IEEE154G50_s32,run_00004,web_sessions/20260719_003026_campaign_radio_ebyte_e79_cc1352p/packet_tx/20260719_013559_radio_ebyte_e79_cc1352p/raw/run_00004.csv.gz,f19f10ac3c9b023f28a570d7b051a34bb9e79e2d65413c336cdfa1ede6dd8576,IEEE154G50,13,32,4,1,2,100000,0.29473684210526313,ok,True,4439.227844351771,280.48837455701266,130.15226470895803,1.0800249583553523e-12,10.36,review_required,,,,,,detected_frame_count_mismatch
tx_p13_rf_profile-IEEE154G50_s32,run_00005,web_sessions/20260719_003026_campaign_radio_ebyte_e79_cc1352p/packet_tx/20260719_013559_radio_ebyte_e79_cc1352p/raw/run_00005.csv.gz,be773a40d982636dec3f1fdc89d685fe55e57ec42b27e8574fe4d17255fca607,IEEE154G50,13,32,5,1,1,100000,0.29473684210526313,ok,True,4439.227844351771,285.30536712815194,135.245106439098,9.663381206337363e-13,10.36,model_window_reanalysis,285.3053671281529,135.2451064390976,3.3306690738754696e-13,-2.9976021664879227e-13,715.3,
tx_p13_rf_profile-IEEE154G50_s64,run_00001,web_sessions/20260719_003026_campaign_radio_ebyte_e79_cc1352p/packet_tx/20260719_013627_radio_ebyte_e79_cc1352p/raw/run_00001.csv.gz,f29f143f4db1b6313d7e3ac7bf780a7efd11afe8886b0545c39637f2c9045568,IEEE154G50,13,64,1,1,1,100000,0.29473684210526313,ok,True,4448.687090079035,444.7915626934763,218.4938683529139,-1.6484591469634324e-12,15.48,model_window_reanalysis,444.79156269347465,218.49386835291338,-3.6637359812630166e-13,-2.3314683517128287e-13,708.66,
tx_p13_rf_profile-IEEE154G50_s64,run_00002,web_sessions/20260719_003026_campaign_radio_ebyte_e79_cc1352p/packet_tx/20260719_013627_radio_ebyte_e79_cc1352p/raw/run_00002.csv.gz,3407b25c1baa6e61bae8c1695613491794dc6870d463e2483536310512b0957e,IEEE154G50,13,64,2,1,1,100000,0.29473684210526313,ok,True,4448.687090079035,442.0846057806314,215.79890744963984,-7.958078640513122e-13,15.48,model_window_reanalysis,442.0846057806306,215.7989074496391,-1.7763568394002505e-13,-3.4416913763379853e-13,709.81,
tx_p13_rf_profile-IEEE154G50_s64,run_00003,web_sessions/20260719_003026_campaign_radio_ebyte_e79_cc1352p/packet_tx/20260719_013627_radio_ebyte_e79_cc1352p/raw/run_00003.csv.gz,981088124aa095efe448f137b5aaa6e38f3ae6cbbb3f2022893f3022d8363426,IEEE154G50,13,64,3,1,1,100000,0.29473684210526313,ok,True,4443.957145865853,444.3935786349128,218.43518054048172,-1.0231815394945443e-12,15.48,model_window_reanalysis,444.39357863491176,218.43518054048192,-2.3314683517128287e-13,8.881784197001252e-14,709.39,
tx_p13_rf_profile-IEEE154G50_s64,run_00004,web_sessions/20260719_003026_campaign_radio_ebyte_e79_cc1352p/packet_tx/20260719_013627_radio_ebyte_e79_cc1352p/raw/run_00004.csv.gz,436a05f1d9676a66144b161aacf52564ae98840267c654e6f182fd3e793445c5,IEEE154G50,13,64,4,1,1,100000,0.29473684210526313,ok,True,4443.957145865853,445.37314615347805,219.32784900310557,-1.7053025658242404e-12,15.48,model_window_reanalysis,445.37314615347634,219.32784900310588,-3.774758283725532e-13,1.3322676295501878e-13,710.41,
tx_p13_rf_profile-IEEE154G50_s64,run_00005,web_sessions/20260719_003026_campaign_radio_ebyte_e79_cc1352p/packet_tx/20260719_013627_radio_ebyte_e79_cc1352p/raw/run_00005.csv.gz,4114bdeef5ed96bdfbd180ad3c17ab2d35ef3ada8d25260d459d4913754bf59b,IEEE154G50,13,64,5,1,1,100000,0.29473684210526313,ok,True,4448.687090079035,443.25611713183054,216.84039401190182,-1.0231815394945443e-12,15.48,model_window_reanalysis,443.2561171318295,216.84039401190117,-2.3314683517128287e-13,-2.9976021664879227e-13,709.58,
tx_p13_rf_profile-IEEE154G50_s128,run_00001,web_sessions/20260719_003026_campaign_radio_ebyte_e79_cc1352p/packet_tx/20260719_013655_radio_ebyte_e79_cc1352p/raw/run_00001.csv.gz,67d905847faefb695c7bef43445e491497527724f9e8d2afc3669018f6f1cb09,IEEE154G50,13,128,1,2,2,100000,0.0,ok,True,4453.417676991323,679.3874056401443,233.35571294538514,-2.1600499167107046e-12,30.96,model_window_reanalysis,881.5354676138006,429.4539291868976,29.754461194814887,84.0340327504249,671.07,
tx_p13_rf_profile-IEEE154G50_s128,run_00002,web_sessions/20260719_003026_campaign_radio_ebyte_e79_cc1352p/packet_tx/20260719_013655_radio_ebyte_e79_cc1352p/raw/run_00002.csv.gz,400a03160604350a5f3d3bf8fc56c46da10d5ea733ed144450c1605c5c305dc8,IEEE154G50,13,128,2,2,2,100000,0.29473684210526313,ok,True,4443.957145865853,681.5743764468347,235.519964033415,-2.9558577807620168e-12,30.96,model_window_reanalysis,886.0397500778009,433.80497822127,29.99898187148404,84.1903211906583,672.05,
tx_p13_rf_profile-IEEE154G50_s128,run_00003,web_sessions/20260719_003026_campaign_radio_ebyte_e79_cc1352p/packet_tx/20260719_013655_radio_ebyte_e79_cc1352p/raw/run_00003.csv.gz,b5ffc3377955eb80479431de02673c2b992e1181ad0324d06fad0c5888d92f1d,IEEE154G50,13,128,3,2,2,100000,0.29473684210526313,ok,True,4443.957145865853,681.9871040950372,236.2856524730699,-1.2505552149377763e-12,30.96,model_window_reanalysis,890.4045433599026,438.2588770371706,30.56031969129751,85.47841244280379,670.75,
tx_p13_rf_profile-IEEE154G50_s128,run_00004,web_sessions/20260719_003026_campaign_radio_ebyte_e79_cc1352p/packet_tx/20260719_013655_radio_ebyte_e79_cc1352p/raw/run_00004.csv.gz,3b54c62c229a2908ca92afc18e95ea5987cd3a7e4bf1480d045c10ccd9e041d8,IEEE154G50,13,128,4,2,2,100000,0.29473684210526313,ok,True,4448.687090079035,684.9199644368234,237.8732458252322,-2.0463630789890885e-12,30.96,model_window_reanalysis,890.3162569549696,438.00372759041096,29.988364069228666,84.1332454479629,670.06,
tx_p13_rf_profile-IEEE154G50_s128,run_00005,web_sessions/20260719_003026_campaign_radio_ebyte_e79_cc1352p/packet_tx/20260719_013655_radio_ebyte_e79_cc1352p/raw/run_00005.csv.gz,0bbbef4c83cb2fc718cc0d288db6f9ea27f2c2e44e559351bbfcc8eaf59da188,IEEE154G50,13,128,5,2,2,100000,0.29473684210526313,ok,True,4448.687090079035,684.2450948373854,236.38332948390013,-1.8189894035458565e-12,30.96,model_window_reanalysis,889.8297040200903,437.3828650131821,30.04546334841658,85.03118048473543,667.34,
tx_p13_rf_profile-IEEE154G50_s512,run_00001,web_sessions/20260719_003026_campaign_radio_ebyte_e79_cc1352p/packet_tx/20260719_013723_radio_ebyte_e79_cc1352p/raw/run_00001.csv.gz,679f8a30441df196994496dd6d0832983607db30bff526301ae24215b91e906a,IEEE154G50,13,512,1,8,8,100000,0.0,ok,True,4453.417676991323,2667.939828685894,883.2389572386722,-3.2741809263825417e-11,123.84,model_window_reanalysis,3555.3774910142147,1742.7377672299833,33.26303137673956,97.31214898835741,442.23,
tx_p13_rf_profile-IEEE154G50_s512,run_00002,web_sessions/20260719_003026_campaign_radio_ebyte_e79_cc1352p/packet_tx/20260719_013723_radio_ebyte_e79_cc1352p/raw/run_00002.csv.gz,f87293960c0aedd362a30a2ec36a031e74529e9946bc767b8925c1b541537f08,IEEE154G50,13,512,2,8,8,100000,0.29473684210526313,ok,True,4448.687090079035,2627.820183772433,843.5388719971968,-1.1823431123048067e-11,123.84,model_window_reanalysis,3540.384958943883,1731.192698512324,34.72706316843166,105.22974767167304,431.17,
tx_p13_rf_profile-IEEE154G50_s512,run_00003,web_sessions/20260719_003026_campaign_radio_ebyte_e79_cc1352p/packet_tx/20260719_013723_radio_ebyte_e79_cc1352p/raw/run_00003.csv.gz,348a35b2944f9d498a2cc38fb7b77e0a8ddaa0e1c67383c4e142f5682be81bf1,IEEE154G50,13,512,3,8,8,100000,0.29473684210526313,ok,True,4448.687090079035,2582.903888797302,801.1404999988515,-4.092726157978177e-12,123.84,model_window_reanalysis,3528.862280728015,1718.5030189250233,36.623832424952795,114.50707072323603,424.28,
tx_p13_rf_profile-IEEE154G50_s512,run_00004,web_sessions/20260719_003026_campaign_radio_ebyte_e79_cc1352p/packet_tx/20260719_013723_radio_ebyte_e79_cc1352p/raw/run_00004.csv.gz,3621fffdb12be4a127662d685211709e6a7eeb5f50afe864a6b5382250d3dc97,IEEE154G50,13,512,4,8,8,100000,0.29473684210526313,ok,True,4448.687090079035,2666.7906296525357,879.2020015790218,-1.4551915228366852e-11,123.84,model_window_reanalysis,3550.2703738003365,1741.183559364736,33.1289503691901,98.04135525597302,442.09,
tx_p13_rf_profile-IEEE154G50_s512,run_00005,web_sessions/20260719_003026_campaign_radio_ebyte_e79_cc1352p/packet_tx/20260719_013723_radio_ebyte_e79_cc1352p/raw/run_00005.csv.gz,d10d8f8486c3bfa9d0b43c21fe9caaed32ced7394cf2eab8c154daf46c91b30b,IEEE154G50,13,512,5,8,8,100000,0.29473684210526313,ok,True,4448.687090079035,2654.2103979420776,867.9862263717575,-2.8194335754960775e-11,123.84,model_window_reanalysis,3544.242876440104,1734.2057154554757,33.53285328051258,99.79645560789317,435.19,
tx_p13_rf_profile-IEEE154G50_s1024,run_00001,web_sessions/20260719_003026_campaign_radio_ebyte_e79_cc1352p/packet_tx/20260719_013752_radio_ebyte_e79_cc1352p/raw/run_00001.csv.gz,7b550d96c07c8dc4941c10a7951739bb5076e20c5f4583ef845b57b22dbcb20a,IEEE154G50,13,1024,1,16,16,100000,0.0,ok,True,4453.417676991323,5208.454205572484,1636.4171398485628,4.729372449219227e-11,247.68,model_window_reanalysis,7107.4325441970395,3483.52978846894,36.459537967960884,112.8754156651838,125.51,
tx_p13_rf_profile-IEEE154G50_s1024,run_00002,web_sessions/20260719_003026_campaign_radio_ebyte_e79_cc1352p/packet_tx/20260719_013752_radio_ebyte_e79_cc1352p/raw/run_00002.csv.gz,0beae11bcd970a726381fecec44151ed01ae735701bdf9c24fea32a28fa1b779,IEEE154G50,13,1024,2,16,16,100000,0.29473684210526313,ok,True,4448.687090079035,5224.74832390272,1660.9620048084382,5.4569682106375694e-12,247.68,model_window_reanalysis,7063.2351314589905,3446.0881607892175,35.188045310151516,107.47543597101496,115.98,
tx_p13_rf_profile-IEEE154G50_s1024,run_00003,web_sessions/20260719_003026_campaign_radio_ebyte_e79_cc1352p/packet_tx/20260719_013752_radio_ebyte_e79_cc1352p/raw/run_00003.csv.gz,e0c9ed5c9a6b77667649528c1ca83810d29c48770761e5673c63dc70ad69387e,IEEE154G50,13,1024,3,16,16,100000,0.29473684210526313,ok,True,4448.687090079035,5222.907892834855,1656.05541477303,2.3646862246096134e-11,247.68,model_window_reanalysis,7068.430779869822,3447.4409521522593,35.33516050640644,108.17183539868122,129.71,
tx_p13_rf_profile-IEEE154G50_s1024,run_00004,web_sessions/20260719_003026_campaign_radio_ebyte_e79_cc1352p/packet_tx/20260719_013752_radio_ebyte_e79_cc1352p/raw/run_00004.csv.gz,e5e98813c71403d7f0eeae596b976fa258bc23573d414c6d320af82371197cc9,IEEE154G50,13,1024,4,16,16,100000,0.29473684210526313,ok,True,4449.919925035478,5232.016750527874,1662.4696707231285,-7.275957614183426e-12,247.68,model_window_reanalysis,7073.225639986786,3451.719988247332,35.19118873755795,107.62604269020612,128.92,
tx_p13_rf_profile-IEEE154G50_s1024,run_00005,web_sessions/20260719_003026_campaign_radio_ebyte_e79_cc1352p/packet_tx/20260719_013752_radio_ebyte_e79_cc1352p/raw/run_00005.csv.gz,b881031e43801edc67dcb846bed32d8fa6b6eef410ae5b6fabe987b5b8c2f025,IEEE154G50,13,1024,5,16,16,100000,0.29473684210526313,ok,True,4448.687090079035,5235.832433177346,1669.8576625159467,2.1827872842550278e-11,247.68,model_window_reanalysis,7076.151039130478,3454.9757081520174,35.14853902297905,106.90240765470173,134.13,
