slug,profile_id,direction,payload_bytes,frame_count,parameters_json,voltage_mv,source_result,published_export,reason,repetitions,run_ids
cc1101_v1_433,RADIO_CC1101_V1_433,tx,8,1,"{""bit_rate_kbps"": 1.2, ""tx_power_dbm"": -30}",3300,module radio\ESP32-C3_Radio\power_profiler\results\20260717_154721_radio_cc1101_v1_433,power_profiler\comparisons\cc1101_v1_433\cc1101_v1_433_data.csv,archive_completeness_only_no_invalidity_proven,5,run_00001|run_00002|run_00003|run_00004|run_00005
cc1101_v1_433,RADIO_CC1101_V1_433,tx,32,1,"{""bit_rate_kbps"": 1.2, ""tx_power_dbm"": -30}",3300,module radio\ESP32-C3_Radio\power_profiler\results\20260717_154721_radio_cc1101_v1_433,power_profiler\comparisons\cc1101_v1_433\cc1101_v1_433_data.csv,archive_completeness_only_no_invalidity_proven,5,run_00006|run_00007|run_00008|run_00009|run_00010
cc1101_v1_433,RADIO_CC1101_V1_433,tx,64,2,"{""bit_rate_kbps"": 1.2, ""tx_power_dbm"": -30}",3300,module radio\ESP32-C3_Radio\power_profiler\results\20260717_154721_radio_cc1101_v1_433,power_profiler\comparisons\cc1101_v1_433\cc1101_v1_433_data.csv,archive_completeness_only_no_invalidity_proven,5,run_00011|run_00012|run_00013|run_00014|run_00015
cc1101_v1_433,RADIO_CC1101_V1_433,tx,128,4,"{""bit_rate_kbps"": 1.2, ""tx_power_dbm"": -30}",3300,module radio\ESP32-C3_Radio\power_profiler\results\20260717_154721_radio_cc1101_v1_433,power_profiler\comparisons\cc1101_v1_433\cc1101_v1_433_data.csv,archive_completeness_only_no_invalidity_proven,5,run_00016|run_00017|run_00018|run_00019|run_00020
cc1101_v1_433,RADIO_CC1101_V1_433,tx,512,16,"{""bit_rate_kbps"": 1.2, ""tx_power_dbm"": -30}",3300,module radio\ESP32-C3_Radio\power_profiler\results\20260717_154721_radio_cc1101_v1_433,power_profiler\comparisons\cc1101_v1_433\cc1101_v1_433_data.csv,archive_completeness_only_no_invalidity_proven,5,run_00021|run_00022|run_00023|run_00024|run_00025
cc1101_v1_433,RADIO_CC1101_V1_433,tx,1024,32,"{""bit_rate_kbps"": 1.2, ""tx_power_dbm"": -30}",3300,module radio\ESP32-C3_Radio\power_profiler\results\20260717_154721_radio_cc1101_v1_433,power_profiler\comparisons\cc1101_v1_433\cc1101_v1_433_data.csv,archive_completeness_only_no_invalidity_proven,5,run_00026|run_00027|run_00028|run_00029|run_00030
cc1101_v1_433,RADIO_CC1101_V1_433,tx,8,1,"{""bit_rate_kbps"": 38.4, ""tx_power_dbm"": -30}",3300,module radio\ESP32-C3_Radio\power_profiler\results\20260717_154721_radio_cc1101_v1_433,power_profiler\comparisons\cc1101_v1_433\cc1101_v1_433_data.csv,archive_completeness_only_no_invalidity_proven,5,run_00031|run_00032|run_00033|run_00034|run_00035
cc1101_v1_433,RADIO_CC1101_V1_433,tx,32,1,"{""bit_rate_kbps"": 38.4, ""tx_power_dbm"": -30}",3300,module radio\ESP32-C3_Radio\power_profiler\results\20260717_154721_radio_cc1101_v1_433,power_profiler\comparisons\cc1101_v1_433\cc1101_v1_433_data.csv,archive_completeness_only_no_invalidity_proven,5,run_00036|run_00037|run_00038|run_00039|run_00040
cc1101_v1_433,RADIO_CC1101_V1_433,tx,64,2,"{""bit_rate_kbps"": 38.4, ""tx_power_dbm"": -30}",3300,module radio\ESP32-C3_Radio\power_profiler\results\20260717_154721_radio_cc1101_v1_433,power_profiler\comparisons\cc1101_v1_433\cc1101_v1_433_data.csv,archive_completeness_only_no_invalidity_proven,5,run_00041|run_00042|run_00043|run_00044|run_00045
cc1101_v1_433,RADIO_CC1101_V1_433,tx,128,4,"{""bit_rate_kbps"": 38.4, ""tx_power_dbm"": -30}",3300,module radio\ESP32-C3_Radio\power_profiler\results\20260717_154721_radio_cc1101_v1_433,power_profiler\comparisons\cc1101_v1_433\cc1101_v1_433_data.csv,archive_completeness_only_no_invalidity_proven,5,run_00046|run_00047|run_00048|run_00049|run_00050
cc1101_v1_433,RADIO_CC1101_V1_433,tx,512,16,"{""bit_rate_kbps"": 38.4, ""tx_power_dbm"": -30}",3300,module radio\ESP32-C3_Radio\power_profiler\results\20260717_154721_radio_cc1101_v1_433,power_profiler\comparisons\cc1101_v1_433\cc1101_v1_433_data.csv,archive_completeness_only_no_invalidity_proven,5,run_00051|run_00052|run_00053|run_00054|run_00055
cc1101_v1_433,RADIO_CC1101_V1_433,tx,1024,32,"{""bit_rate_kbps"": 38.4, ""tx_power_dbm"": -30}",3300,module radio\ESP32-C3_Radio\power_profiler\results\20260717_154721_radio_cc1101_v1_433,power_profiler\comparisons\cc1101_v1_433\cc1101_v1_433_data.csv,archive_completeness_only_no_invalidity_proven,5,run_00056|run_00057|run_00058|run_00059|run_00060
cc1101_v1_433,RADIO_CC1101_V1_433,tx,8,1,"{""bit_rate_kbps"": 250.0, ""tx_power_dbm"": -30}",3300,module radio\ESP32-C3_Radio\power_profiler\results\20260717_154721_radio_cc1101_v1_433,power_profiler\comparisons\cc1101_v1_433\cc1101_v1_433_data.csv,archive_completeness_only_no_invalidity_proven,5,run_00061|run_00062|run_00063|run_00064|run_00065
cc1101_v1_433,RADIO_CC1101_V1_433,tx,32,1,"{""bit_rate_kbps"": 250.0, ""tx_power_dbm"": -30}",3300,module radio\ESP32-C3_Radio\power_profiler\results\20260717_154721_radio_cc1101_v1_433,power_profiler\comparisons\cc1101_v1_433\cc1101_v1_433_data.csv,archive_completeness_only_no_invalidity_proven,5,run_00066|run_00067|run_00068|run_00069|run_00070
cc1101_v1_433,RADIO_CC1101_V1_433,tx,64,2,"{""bit_rate_kbps"": 250.0, ""tx_power_dbm"": -30}",3300,module radio\ESP32-C3_Radio\power_profiler\results\20260717_154721_radio_cc1101_v1_433,power_profiler\comparisons\cc1101_v1_433\cc1101_v1_433_data.csv,archive_completeness_only_no_invalidity_proven,5,run_00071|run_00072|run_00073|run_00074|run_00075
cc1101_v1_433,RADIO_CC1101_V1_433,tx,128,4,"{""bit_rate_kbps"": 250.0, ""tx_power_dbm"": -30}",3300,module radio\ESP32-C3_Radio\power_profiler\results\20260717_154721_radio_cc1101_v1_433,power_profiler\comparisons\cc1101_v1_433\cc1101_v1_433_data.csv,archive_completeness_only_no_invalidity_proven,5,run_00076|run_00077|run_00078|run_00079|run_00080
cc1101_v1_433,RADIO_CC1101_V1_433,tx,512,16,"{""bit_rate_kbps"": 250.0, ""tx_power_dbm"": -30}",3300,module radio\ESP32-C3_Radio\power_profiler\results\20260717_154721_radio_cc1101_v1_433,power_profiler\comparisons\cc1101_v1_433\cc1101_v1_433_data.csv,archive_completeness_only_no_invalidity_proven,5,run_00081|run_00082|run_00083|run_00084|run_00085
cc1101_v1_433,RADIO_CC1101_V1_433,tx,1024,32,"{""bit_rate_kbps"": 250.0, ""tx_power_dbm"": -30}",3300,module radio\ESP32-C3_Radio\power_profiler\results\20260717_154721_radio_cc1101_v1_433,power_profiler\comparisons\cc1101_v1_433\cc1101_v1_433_data.csv,archive_completeness_only_no_invalidity_proven,5,run_00086|run_00087|run_00088|run_00089|run_00090
cc1101_v1_433,RADIO_CC1101_V1_433,tx,8,1,"{""bit_rate_kbps"": 1.2, ""tx_power_dbm"": 0}",3300,module radio\ESP32-C3_Radio\power_profiler\results\20260717_154721_radio_cc1101_v1_433,power_profiler\comparisons\cc1101_v1_433\cc1101_v1_433_data.csv,archive_completeness_only_no_invalidity_proven,5,run_00091|run_00092|run_00093|run_00094|run_00095
cc1101_v1_433,RADIO_CC1101_V1_433,tx,32,1,"{""bit_rate_kbps"": 1.2, ""tx_power_dbm"": 0}",3300,module radio\ESP32-C3_Radio\power_profiler\results\20260717_154721_radio_cc1101_v1_433,power_profiler\comparisons\cc1101_v1_433\cc1101_v1_433_data.csv,archive_completeness_only_no_invalidity_proven,5,run_00096|run_00097|run_00098|run_00099|run_00100
cc1101_v1_433,RADIO_CC1101_V1_433,tx,64,2,"{""bit_rate_kbps"": 1.2, ""tx_power_dbm"": 0}",3300,module radio\ESP32-C3_Radio\power_profiler\results\20260717_154721_radio_cc1101_v1_433,power_profiler\comparisons\cc1101_v1_433\cc1101_v1_433_data.csv,archive_completeness_only_no_invalidity_proven,5,run_00101|run_00102|run_00103|run_00104|run_00105
cc1101_v1_433,RADIO_CC1101_V1_433,tx,128,4,"{""bit_rate_kbps"": 1.2, ""tx_power_dbm"": 0}",3300,module radio\ESP32-C3_Radio\power_profiler\results\20260717_154721_radio_cc1101_v1_433,power_profiler\comparisons\cc1101_v1_433\cc1101_v1_433_data.csv,archive_completeness_only_no_invalidity_proven,5,run_00106|run_00107|run_00108|run_00109|run_00110
cc1101_v1_433,RADIO_CC1101_V1_433,tx,512,16,"{""bit_rate_kbps"": 1.2, ""tx_power_dbm"": 0}",3300,module radio\ESP32-C3_Radio\power_profiler\results\20260717_154721_radio_cc1101_v1_433,power_profiler\comparisons\cc1101_v1_433\cc1101_v1_433_data.csv,archive_completeness_only_no_invalidity_proven,5,run_00111|run_00112|run_00113|run_00114|run_00115
cc1101_v1_433,RADIO_CC1101_V1_433,tx,1024,32,"{""bit_rate_kbps"": 1.2, ""tx_power_dbm"": 0}",3300,module radio\ESP32-C3_Radio\power_profiler\results\20260717_154721_radio_cc1101_v1_433,power_profiler\comparisons\cc1101_v1_433\cc1101_v1_433_data.csv,archive_completeness_only_no_invalidity_proven,5,run_00116|run_00117|run_00118|run_00119|run_00120
cc1101_v1_433,RADIO_CC1101_V1_433,tx,8,1,"{""bit_rate_kbps"": 38.4, ""tx_power_dbm"": 0}",3300,module radio\ESP32-C3_Radio\power_profiler\results\20260717_154721_radio_cc1101_v1_433,power_profiler\comparisons\cc1101_v1_433\cc1101_v1_433_data.csv,archive_completeness_only_no_invalidity_proven,5,run_00121|run_00122|run_00123|run_00124|run_00125
cc1101_v1_433,RADIO_CC1101_V1_433,tx,32,1,"{""bit_rate_kbps"": 38.4, ""tx_power_dbm"": 0}",3300,module radio\ESP32-C3_Radio\power_profiler\results\20260717_154721_radio_cc1101_v1_433,power_profiler\comparisons\cc1101_v1_433\cc1101_v1_433_data.csv,archive_completeness_only_no_invalidity_proven,5,run_00126|run_00127|run_00128|run_00129|run_00130
cc1101_v1_433,RADIO_CC1101_V1_433,tx,64,2,"{""bit_rate_kbps"": 38.4, ""tx_power_dbm"": 0}",3300,module radio\ESP32-C3_Radio\power_profiler\results\20260717_154721_radio_cc1101_v1_433,power_profiler\comparisons\cc1101_v1_433\cc1101_v1_433_data.csv,archive_completeness_only_no_invalidity_proven,5,run_00131|run_00132|run_00133|run_00134|run_00135
cc1101_v1_433,RADIO_CC1101_V1_433,tx,128,4,"{""bit_rate_kbps"": 38.4, ""tx_power_dbm"": 0}",3300,module radio\ESP32-C3_Radio\power_profiler\results\20260717_154721_radio_cc1101_v1_433,power_profiler\comparisons\cc1101_v1_433\cc1101_v1_433_data.csv,archive_completeness_only_no_invalidity_proven,5,run_00136|run_00137|run_00138|run_00139|run_00140
cc1101_v1_433,RADIO_CC1101_V1_433,tx,512,16,"{""bit_rate_kbps"": 38.4, ""tx_power_dbm"": 0}",3300,module radio\ESP32-C3_Radio\power_profiler\results\20260717_154721_radio_cc1101_v1_433,power_profiler\comparisons\cc1101_v1_433\cc1101_v1_433_data.csv,archive_completeness_only_no_invalidity_proven,5,run_00141|run_00142|run_00143|run_00144|run_00145
cc1101_v1_433,RADIO_CC1101_V1_433,tx,1024,32,"{""bit_rate_kbps"": 38.4, ""tx_power_dbm"": 0}",3300,module radio\ESP32-C3_Radio\power_profiler\results\20260717_154721_radio_cc1101_v1_433,power_profiler\comparisons\cc1101_v1_433\cc1101_v1_433_data.csv,archive_completeness_only_no_invalidity_proven,5,run_00146|run_00147|run_00148|run_00149|run_00150
cc1101_v1_433,RADIO_CC1101_V1_433,tx,8,1,"{""bit_rate_kbps"": 250.0, ""tx_power_dbm"": 0}",3300,module radio\ESP32-C3_Radio\power_profiler\results\20260717_154721_radio_cc1101_v1_433,power_profiler\comparisons\cc1101_v1_433\cc1101_v1_433_data.csv,archive_completeness_only_no_invalidity_proven,5,run_00151|run_00152|run_00153|run_00154|run_00155
cc1101_v1_433,RADIO_CC1101_V1_433,tx,32,1,"{""bit_rate_kbps"": 250.0, ""tx_power_dbm"": 0}",3300,module radio\ESP32-C3_Radio\power_profiler\results\20260717_154721_radio_cc1101_v1_433,power_profiler\comparisons\cc1101_v1_433\cc1101_v1_433_data.csv,archive_completeness_only_no_invalidity_proven,5,run_00156|run_00157|run_00158|run_00159|run_00160
cc1101_v1_433,RADIO_CC1101_V1_433,tx,64,2,"{""bit_rate_kbps"": 250.0, ""tx_power_dbm"": 0}",3300,module radio\ESP32-C3_Radio\power_profiler\results\20260717_154721_radio_cc1101_v1_433,power_profiler\comparisons\cc1101_v1_433\cc1101_v1_433_data.csv,archive_completeness_only_no_invalidity_proven,5,run_00161|run_00162|run_00163|run_00164|run_00165
cc1101_v1_433,RADIO_CC1101_V1_433,tx,128,4,"{""bit_rate_kbps"": 250.0, ""tx_power_dbm"": 0}",3300,module radio\ESP32-C3_Radio\power_profiler\results\20260717_154721_radio_cc1101_v1_433,power_profiler\comparisons\cc1101_v1_433\cc1101_v1_433_data.csv,archive_completeness_only_no_invalidity_proven,5,run_00166|run_00167|run_00168|run_00169|run_00170
cc1101_v1_433,RADIO_CC1101_V1_433,tx,512,16,"{""bit_rate_kbps"": 250.0, ""tx_power_dbm"": 0}",3300,module radio\ESP32-C3_Radio\power_profiler\results\20260717_154721_radio_cc1101_v1_433,power_profiler\comparisons\cc1101_v1_433\cc1101_v1_433_data.csv,archive_completeness_only_no_invalidity_proven,5,run_00171|run_00172|run_00173|run_00174|run_00175
cc1101_v1_433,RADIO_CC1101_V1_433,tx,1024,32,"{""bit_rate_kbps"": 250.0, ""tx_power_dbm"": 0}",3300,module radio\ESP32-C3_Radio\power_profiler\results\20260717_154721_radio_cc1101_v1_433,power_profiler\comparisons\cc1101_v1_433\cc1101_v1_433_data.csv,archive_completeness_only_no_invalidity_proven,5,run_00176|run_00177|run_00178|run_00179|run_00180
cc1101_v1_433,RADIO_CC1101_V1_433,tx,8,1,"{""bit_rate_kbps"": 1.2, ""tx_power_dbm"": 10}",3300,module radio\ESP32-C3_Radio\power_profiler\results\20260717_154721_radio_cc1101_v1_433,power_profiler\comparisons\cc1101_v1_433\cc1101_v1_433_data.csv,archive_completeness_only_no_invalidity_proven,5,run_00181|run_00182|run_00183|run_00184|run_00185
cc1101_v1_433,RADIO_CC1101_V1_433,tx,32,1,"{""bit_rate_kbps"": 1.2, ""tx_power_dbm"": 10}",3300,module radio\ESP32-C3_Radio\power_profiler\results\20260717_154721_radio_cc1101_v1_433,power_profiler\comparisons\cc1101_v1_433\cc1101_v1_433_data.csv,archive_completeness_only_no_invalidity_proven,5,run_00186|run_00187|run_00188|run_00189|run_00190
cc1101_v1_433,RADIO_CC1101_V1_433,tx,64,2,"{""bit_rate_kbps"": 1.2, ""tx_power_dbm"": 10}",3300,module radio\ESP32-C3_Radio\power_profiler\results\20260717_154721_radio_cc1101_v1_433,power_profiler\comparisons\cc1101_v1_433\cc1101_v1_433_data.csv,archive_completeness_only_no_invalidity_proven,5,run_00191|run_00192|run_00193|run_00194|run_00195
cc1101_v1_433,RADIO_CC1101_V1_433,tx,128,4,"{""bit_rate_kbps"": 1.2, ""tx_power_dbm"": 10}",3300,module radio\ESP32-C3_Radio\power_profiler\results\20260717_154721_radio_cc1101_v1_433,power_profiler\comparisons\cc1101_v1_433\cc1101_v1_433_data.csv,archive_completeness_only_no_invalidity_proven,5,run_00196|run_00197|run_00198|run_00199|run_00200
cc1101_v1_433,RADIO_CC1101_V1_433,tx,512,16,"{""bit_rate_kbps"": 1.2, ""tx_power_dbm"": 10}",3300,module radio\ESP32-C3_Radio\power_profiler\results\20260717_154721_radio_cc1101_v1_433,power_profiler\comparisons\cc1101_v1_433\cc1101_v1_433_data.csv,archive_completeness_only_no_invalidity_proven,5,run_00201|run_00202|run_00203|run_00204|run_00205
cc1101_v1_433,RADIO_CC1101_V1_433,tx,1024,32,"{""bit_rate_kbps"": 1.2, ""tx_power_dbm"": 10}",3300,module radio\ESP32-C3_Radio\power_profiler\results\20260717_154721_radio_cc1101_v1_433,power_profiler\comparisons\cc1101_v1_433\cc1101_v1_433_data.csv,archive_completeness_only_no_invalidity_proven,5,run_00206|run_00207|run_00208|run_00209|run_00210
cc1101_v1_433,RADIO_CC1101_V1_433,tx,8,1,"{""bit_rate_kbps"": 38.4, ""tx_power_dbm"": 10}",3300,module radio\ESP32-C3_Radio\power_profiler\results\20260717_154721_radio_cc1101_v1_433,power_profiler\comparisons\cc1101_v1_433\cc1101_v1_433_data.csv,archive_completeness_only_no_invalidity_proven,5,run_00211|run_00212|run_00213|run_00214|run_00215
cc1101_v1_433,RADIO_CC1101_V1_433,tx,32,1,"{""bit_rate_kbps"": 38.4, ""tx_power_dbm"": 10}",3300,module radio\ESP32-C3_Radio\power_profiler\results\20260717_154721_radio_cc1101_v1_433,power_profiler\comparisons\cc1101_v1_433\cc1101_v1_433_data.csv,archive_completeness_only_no_invalidity_proven,5,run_00216|run_00217|run_00218|run_00219|run_00220
cc1101_v1_433,RADIO_CC1101_V1_433,tx,64,2,"{""bit_rate_kbps"": 38.4, ""tx_power_dbm"": 10}",3300,module radio\ESP32-C3_Radio\power_profiler\results\20260717_154721_radio_cc1101_v1_433,power_profiler\comparisons\cc1101_v1_433\cc1101_v1_433_data.csv,archive_completeness_only_no_invalidity_proven,5,run_00221|run_00222|run_00223|run_00224|run_00225
cc1101_v1_433,RADIO_CC1101_V1_433,tx,128,4,"{""bit_rate_kbps"": 38.4, ""tx_power_dbm"": 10}",3300,module radio\ESP32-C3_Radio\power_profiler\results\20260717_154721_radio_cc1101_v1_433,power_profiler\comparisons\cc1101_v1_433\cc1101_v1_433_data.csv,archive_completeness_only_no_invalidity_proven,5,run_00226|run_00227|run_00228|run_00229|run_00230
cc1101_v1_433,RADIO_CC1101_V1_433,tx,512,16,"{""bit_rate_kbps"": 38.4, ""tx_power_dbm"": 10}",3300,module radio\ESP32-C3_Radio\power_profiler\results\20260717_154721_radio_cc1101_v1_433,power_profiler\comparisons\cc1101_v1_433\cc1101_v1_433_data.csv,archive_completeness_only_no_invalidity_proven,5,run_00231|run_00232|run_00233|run_00234|run_00235
cc1101_v1_433,RADIO_CC1101_V1_433,tx,1024,32,"{""bit_rate_kbps"": 38.4, ""tx_power_dbm"": 10}",3300,module radio\ESP32-C3_Radio\power_profiler\results\20260717_154721_radio_cc1101_v1_433,power_profiler\comparisons\cc1101_v1_433\cc1101_v1_433_data.csv,archive_completeness_only_no_invalidity_proven,5,run_00236|run_00237|run_00238|run_00239|run_00240
cc1101_v1_433,RADIO_CC1101_V1_433,tx,8,1,"{""bit_rate_kbps"": 250.0, ""tx_power_dbm"": 10}",3300,module radio\ESP32-C3_Radio\power_profiler\results\20260717_154721_radio_cc1101_v1_433,power_profiler\comparisons\cc1101_v1_433\cc1101_v1_433_data.csv,archive_completeness_only_no_invalidity_proven,5,run_00241|run_00242|run_00243|run_00244|run_00245
cc1101_v1_433,RADIO_CC1101_V1_433,tx,32,1,"{""bit_rate_kbps"": 250.0, ""tx_power_dbm"": 10}",3300,module radio\ESP32-C3_Radio\power_profiler\results\20260717_154721_radio_cc1101_v1_433,power_profiler\comparisons\cc1101_v1_433\cc1101_v1_433_data.csv,archive_completeness_only_no_invalidity_proven,5,run_00246|run_00247|run_00248|run_00249|run_00250
cc1101_v1_433,RADIO_CC1101_V1_433,tx,64,2,"{""bit_rate_kbps"": 250.0, ""tx_power_dbm"": 10}",3300,module radio\ESP32-C3_Radio\power_profiler\results\20260717_154721_radio_cc1101_v1_433,power_profiler\comparisons\cc1101_v1_433\cc1101_v1_433_data.csv,archive_completeness_only_no_invalidity_proven,5,run_00251|run_00252|run_00253|run_00254|run_00255
cc1101_v1_433,RADIO_CC1101_V1_433,tx,128,4,"{""bit_rate_kbps"": 250.0, ""tx_power_dbm"": 10}",3300,module radio\ESP32-C3_Radio\power_profiler\results\20260717_154721_radio_cc1101_v1_433,power_profiler\comparisons\cc1101_v1_433\cc1101_v1_433_data.csv,archive_completeness_only_no_invalidity_proven,5,run_00256|run_00257|run_00258|run_00259|run_00260
cc1101_v1_433,RADIO_CC1101_V1_433,tx,512,16,"{""bit_rate_kbps"": 250.0, ""tx_power_dbm"": 10}",3300,module radio\ESP32-C3_Radio\power_profiler\results\20260717_154721_radio_cc1101_v1_433,power_profiler\comparisons\cc1101_v1_433\cc1101_v1_433_data.csv,archive_completeness_only_no_invalidity_proven,5,run_00261|run_00262|run_00263|run_00264|run_00265
cc1101_v1_433,RADIO_CC1101_V1_433,tx,1024,32,"{""bit_rate_kbps"": 250.0, ""tx_power_dbm"": 10}",3300,module radio\ESP32-C3_Radio\power_profiler\results\20260717_154721_radio_cc1101_v1_433,power_profiler\comparisons\cc1101_v1_433\cc1101_v1_433_data.csv,archive_completeness_only_no_invalidity_proven,5,run_00266|run_00267|run_00268|run_00269|run_00270
cc1101_v1_433,RADIO_CC1101_V1_433,rx,8,1,"{""bit_rate_kbps"": 1.2, ""tx_power_dbm"": 10}",3300,module radio\ESP32-C3_Radio\power_profiler\results\20260717_160417_radio_cc1101_v1_433_rx,power_profiler\comparisons\cc1101_v1_433\cc1101_v1_433_data.csv,archive_completeness_only_no_invalidity_proven,5,run_00001|run_00002|run_00003|run_00004|run_00005
cc1101_v1_433,RADIO_CC1101_V1_433,rx,32,1,"{""bit_rate_kbps"": 1.2, ""tx_power_dbm"": 10}",3300,module radio\ESP32-C3_Radio\power_profiler\results\20260717_160417_radio_cc1101_v1_433_rx,power_profiler\comparisons\cc1101_v1_433\cc1101_v1_433_data.csv,archive_completeness_only_no_invalidity_proven,5,run_00006|run_00007|run_00008|run_00009|run_00010
cc1101_v1_433,RADIO_CC1101_V1_433,rx,64,2,"{""bit_rate_kbps"": 1.2, ""tx_power_dbm"": 10}",3300,module radio\ESP32-C3_Radio\power_profiler\results\20260717_160417_radio_cc1101_v1_433_rx,power_profiler\comparisons\cc1101_v1_433\cc1101_v1_433_data.csv,archive_completeness_only_no_invalidity_proven,5,run_00011|run_00012|run_00013|run_00014|run_00015
cc1101_v1_433,RADIO_CC1101_V1_433,rx,128,4,"{""bit_rate_kbps"": 1.2, ""tx_power_dbm"": 10}",3300,module radio\ESP32-C3_Radio\power_profiler\results\20260717_160417_radio_cc1101_v1_433_rx,power_profiler\comparisons\cc1101_v1_433\cc1101_v1_433_data.csv,archive_completeness_only_no_invalidity_proven,5,run_00016|run_00017|run_00018|run_00019|run_00020
cc1101_v1_433,RADIO_CC1101_V1_433,rx,512,16,"{""bit_rate_kbps"": 1.2, ""tx_power_dbm"": 10}",3300,module radio\ESP32-C3_Radio\power_profiler\results\20260717_160417_radio_cc1101_v1_433_rx,power_profiler\comparisons\cc1101_v1_433\cc1101_v1_433_data.csv,archive_completeness_only_no_invalidity_proven,5,run_00021|run_00022|run_00023|run_00024|run_00025
cc1101_v1_433,RADIO_CC1101_V1_433,rx,1024,32,"{""bit_rate_kbps"": 1.2, ""tx_power_dbm"": 10}",3300,module radio\ESP32-C3_Radio\power_profiler\results\20260717_160417_radio_cc1101_v1_433_rx,power_profiler\comparisons\cc1101_v1_433\cc1101_v1_433_data.csv,archive_completeness_only_no_invalidity_proven,5,run_00026|run_00027|run_00028|run_00029|run_00030
cc1101_v1_433,RADIO_CC1101_V1_433,rx,8,1,"{""bit_rate_kbps"": 38.4, ""tx_power_dbm"": 10}",3300,module radio\ESP32-C3_Radio\power_profiler\results\20260717_160417_radio_cc1101_v1_433_rx,power_profiler\comparisons\cc1101_v1_433\cc1101_v1_433_data.csv,archive_completeness_only_no_invalidity_proven,5,run_00031|run_00032|run_00033|run_00034|run_00035
cc1101_v1_433,RADIO_CC1101_V1_433,rx,32,1,"{""bit_rate_kbps"": 38.4, ""tx_power_dbm"": 10}",3300,module radio\ESP32-C3_Radio\power_profiler\results\20260717_160417_radio_cc1101_v1_433_rx,power_profiler\comparisons\cc1101_v1_433\cc1101_v1_433_data.csv,archive_completeness_only_no_invalidity_proven,5,run_00036|run_00037|run_00038|run_00039|run_00040
cc1101_v1_433,RADIO_CC1101_V1_433,rx,64,2,"{""bit_rate_kbps"": 38.4, ""tx_power_dbm"": 10}",3300,module radio\ESP32-C3_Radio\power_profiler\results\20260717_160417_radio_cc1101_v1_433_rx,power_profiler\comparisons\cc1101_v1_433\cc1101_v1_433_data.csv,archive_completeness_only_no_invalidity_proven,5,run_00041|run_00042|run_00043|run_00044|run_00045
cc1101_v1_433,RADIO_CC1101_V1_433,rx,128,4,"{""bit_rate_kbps"": 38.4, ""tx_power_dbm"": 10}",3300,module radio\ESP32-C3_Radio\power_profiler\results\20260717_160417_radio_cc1101_v1_433_rx,power_profiler\comparisons\cc1101_v1_433\cc1101_v1_433_data.csv,archive_completeness_only_no_invalidity_proven,5,run_00046|run_00047|run_00048|run_00049|run_00050
cc1101_v1_433,RADIO_CC1101_V1_433,rx,512,16,"{""bit_rate_kbps"": 38.4, ""tx_power_dbm"": 10}",3300,module radio\ESP32-C3_Radio\power_profiler\results\20260717_160417_radio_cc1101_v1_433_rx,power_profiler\comparisons\cc1101_v1_433\cc1101_v1_433_data.csv,archive_completeness_only_no_invalidity_proven,5,run_00051|run_00052|run_00053|run_00054|run_00055
cc1101_v1_433,RADIO_CC1101_V1_433,rx,1024,32,"{""bit_rate_kbps"": 38.4, ""tx_power_dbm"": 10}",3300,module radio\ESP32-C3_Radio\power_profiler\results\20260717_160417_radio_cc1101_v1_433_rx,power_profiler\comparisons\cc1101_v1_433\cc1101_v1_433_data.csv,archive_completeness_only_no_invalidity_proven,5,run_00056|run_00057|run_00058|run_00059|run_00060
cc1101_v1_433,RADIO_CC1101_V1_433,rx,8,1,"{""bit_rate_kbps"": 250.0, ""tx_power_dbm"": 10}",3300,module radio\ESP32-C3_Radio\power_profiler\results\20260717_160417_radio_cc1101_v1_433_rx,power_profiler\comparisons\cc1101_v1_433\cc1101_v1_433_data.csv,archive_completeness_only_no_invalidity_proven,5,run_00061|run_00062|run_00063|run_00064|run_00065
cc1101_v1_433,RADIO_CC1101_V1_433,rx,32,1,"{""bit_rate_kbps"": 250.0, ""tx_power_dbm"": 10}",3300,module radio\ESP32-C3_Radio\power_profiler\results\20260717_160417_radio_cc1101_v1_433_rx,power_profiler\comparisons\cc1101_v1_433\cc1101_v1_433_data.csv,archive_completeness_only_no_invalidity_proven,5,run_00066|run_00067|run_00068|run_00069|run_00070
cc1101_v1_433,RADIO_CC1101_V1_433,rx,64,2,"{""bit_rate_kbps"": 250.0, ""tx_power_dbm"": 10}",3300,module radio\ESP32-C3_Radio\power_profiler\results\20260717_160417_radio_cc1101_v1_433_rx,power_profiler\comparisons\cc1101_v1_433\cc1101_v1_433_data.csv,archive_completeness_only_no_invalidity_proven,5,run_00071|run_00072|run_00073|run_00074|run_00075
cc1101_v1_433,RADIO_CC1101_V1_433,rx,128,4,"{""bit_rate_kbps"": 250.0, ""tx_power_dbm"": 10}",3300,module radio\ESP32-C3_Radio\power_profiler\results\20260717_160417_radio_cc1101_v1_433_rx,power_profiler\comparisons\cc1101_v1_433\cc1101_v1_433_data.csv,archive_completeness_only_no_invalidity_proven,5,run_00076|run_00077|run_00078|run_00079|run_00080
cc1101_v1_433,RADIO_CC1101_V1_433,rx,512,16,"{""bit_rate_kbps"": 250.0, ""tx_power_dbm"": 10}",3300,module radio\ESP32-C3_Radio\power_profiler\results\20260717_160417_radio_cc1101_v1_433_rx,power_profiler\comparisons\cc1101_v1_433\cc1101_v1_433_data.csv,archive_completeness_only_no_invalidity_proven,5,run_00081|run_00082|run_00083|run_00084|run_00085
cc1101_v1_433,RADIO_CC1101_V1_433,rx,1024,32,"{""bit_rate_kbps"": 250.0, ""tx_power_dbm"": 10}",3300,module radio\ESP32-C3_Radio\power_profiler\results\20260717_160417_radio_cc1101_v1_433_rx,power_profiler\comparisons\cc1101_v1_433\cc1101_v1_433_data.csv,archive_completeness_only_no_invalidity_proven,5,run_00086|run_00087|run_00088|run_00089|run_00090
cc1101_v2_868,RADIO_CC1101_V2_868,tx,8,1,"{""bit_rate_kbps"": 1.2, ""tx_power_dbm"": -30}",3300,module radio\ESP32-C3_Radio\power_profiler\results\20260717_124046_radio_cc1101_v2_868,power_profiler\comparisons\cc1101_v2_868\cc1101_v2_868_data.csv,archive_completeness_only_no_invalidity_proven,5,run_00001|run_00002|run_00003|run_00004|run_00005
cc1101_v2_868,RADIO_CC1101_V2_868,tx,32,1,"{""bit_rate_kbps"": 1.2, ""tx_power_dbm"": -30}",3300,module radio\ESP32-C3_Radio\power_profiler\results\20260717_124046_radio_cc1101_v2_868,power_profiler\comparisons\cc1101_v2_868\cc1101_v2_868_data.csv,archive_completeness_only_no_invalidity_proven,5,run_00006|run_00007|run_00008|run_00009|run_00010
cc1101_v2_868,RADIO_CC1101_V2_868,tx,64,2,"{""bit_rate_kbps"": 1.2, ""tx_power_dbm"": -30}",3300,module radio\ESP32-C3_Radio\power_profiler\results\20260717_124046_radio_cc1101_v2_868,power_profiler\comparisons\cc1101_v2_868\cc1101_v2_868_data.csv,archive_completeness_only_no_invalidity_proven,5,run_00011|run_00012|run_00013|run_00014|run_00015
cc1101_v2_868,RADIO_CC1101_V2_868,tx,128,4,"{""bit_rate_kbps"": 1.2, ""tx_power_dbm"": -30}",3300,module radio\ESP32-C3_Radio\power_profiler\results\20260717_124046_radio_cc1101_v2_868,power_profiler\comparisons\cc1101_v2_868\cc1101_v2_868_data.csv,archive_completeness_only_no_invalidity_proven,5,run_00016|run_00017|run_00018|run_00019|run_00020
cc1101_v2_868,RADIO_CC1101_V2_868,tx,512,16,"{""bit_rate_kbps"": 1.2, ""tx_power_dbm"": -30}",3300,module radio\ESP32-C3_Radio\power_profiler\results\20260717_124046_radio_cc1101_v2_868,power_profiler\comparisons\cc1101_v2_868\cc1101_v2_868_data.csv,archive_completeness_only_no_invalidity_proven,5,run_00021|run_00022|run_00023|run_00024|run_00025
cc1101_v2_868,RADIO_CC1101_V2_868,tx,1024,32,"{""bit_rate_kbps"": 1.2, ""tx_power_dbm"": -30}",3300,module radio\ESP32-C3_Radio\power_profiler\results\20260717_124046_radio_cc1101_v2_868,power_profiler\comparisons\cc1101_v2_868\cc1101_v2_868_data.csv,archive_completeness_only_no_invalidity_proven,5,run_00026|run_00027|run_00028|run_00029|run_00030
cc1101_v2_868,RADIO_CC1101_V2_868,tx,8,1,"{""bit_rate_kbps"": 38.4, ""tx_power_dbm"": -30}",3300,module radio\ESP32-C3_Radio\power_profiler\results\20260717_124046_radio_cc1101_v2_868,power_profiler\comparisons\cc1101_v2_868\cc1101_v2_868_data.csv,archive_completeness_only_no_invalidity_proven,5,run_00031|run_00032|run_00033|run_00034|run_00035
cc1101_v2_868,RADIO_CC1101_V2_868,tx,32,1,"{""bit_rate_kbps"": 38.4, ""tx_power_dbm"": -30}",3300,module radio\ESP32-C3_Radio\power_profiler\results\20260717_124046_radio_cc1101_v2_868,power_profiler\comparisons\cc1101_v2_868\cc1101_v2_868_data.csv,archive_completeness_only_no_invalidity_proven,5,run_00036|run_00037|run_00038|run_00039|run_00040
cc1101_v2_868,RADIO_CC1101_V2_868,tx,64,2,"{""bit_rate_kbps"": 38.4, ""tx_power_dbm"": -30}",3300,module radio\ESP32-C3_Radio\power_profiler\results\20260717_124046_radio_cc1101_v2_868,power_profiler\comparisons\cc1101_v2_868\cc1101_v2_868_data.csv,archive_completeness_only_no_invalidity_proven,5,run_00041|run_00042|run_00043|run_00044|run_00045
cc1101_v2_868,RADIO_CC1101_V2_868,tx,128,4,"{""bit_rate_kbps"": 38.4, ""tx_power_dbm"": -30}",3300,module radio\ESP32-C3_Radio\power_profiler\results\20260717_124046_radio_cc1101_v2_868,power_profiler\comparisons\cc1101_v2_868\cc1101_v2_868_data.csv,archive_completeness_only_no_invalidity_proven,5,run_00046|run_00047|run_00048|run_00049|run_00050
cc1101_v2_868,RADIO_CC1101_V2_868,tx,512,16,"{""bit_rate_kbps"": 38.4, ""tx_power_dbm"": -30}",3300,module radio\ESP32-C3_Radio\power_profiler\results\20260717_124046_radio_cc1101_v2_868,power_profiler\comparisons\cc1101_v2_868\cc1101_v2_868_data.csv,archive_completeness_only_no_invalidity_proven,5,run_00051|run_00052|run_00053|run_00054|run_00055
cc1101_v2_868,RADIO_CC1101_V2_868,tx,1024,32,"{""bit_rate_kbps"": 38.4, ""tx_power_dbm"": -30}",3300,module radio\ESP32-C3_Radio\power_profiler\results\20260717_124046_radio_cc1101_v2_868,power_profiler\comparisons\cc1101_v2_868\cc1101_v2_868_data.csv,archive_completeness_only_no_invalidity_proven,5,run_00056|run_00057|run_00058|run_00059|run_00060
cc1101_v2_868,RADIO_CC1101_V2_868,tx,8,1,"{""bit_rate_kbps"": 250, ""tx_power_dbm"": -30}",3300,module radio\ESP32-C3_Radio\power_profiler\results\20260717_124046_radio_cc1101_v2_868,power_profiler\comparisons\cc1101_v2_868\cc1101_v2_868_data.csv,archive_completeness_only_no_invalidity_proven,5,run_00061|run_00062|run_00063|run_00064|run_00065
cc1101_v2_868,RADIO_CC1101_V2_868,tx,32,1,"{""bit_rate_kbps"": 250, ""tx_power_dbm"": -30}",3300,module radio\ESP32-C3_Radio\power_profiler\results\20260717_124046_radio_cc1101_v2_868,power_profiler\comparisons\cc1101_v2_868\cc1101_v2_868_data.csv,archive_completeness_only_no_invalidity_proven,5,run_00066|run_00067|run_00068|run_00069|run_00070
cc1101_v2_868,RADIO_CC1101_V2_868,tx,64,2,"{""bit_rate_kbps"": 250, ""tx_power_dbm"": -30}",3300,module radio\ESP32-C3_Radio\power_profiler\results\20260717_124046_radio_cc1101_v2_868,power_profiler\comparisons\cc1101_v2_868\cc1101_v2_868_data.csv,archive_completeness_only_no_invalidity_proven,5,run_00071|run_00072|run_00073|run_00074|run_00075
cc1101_v2_868,RADIO_CC1101_V2_868,tx,128,4,"{""bit_rate_kbps"": 250, ""tx_power_dbm"": -30}",3300,module radio\ESP32-C3_Radio\power_profiler\results\20260717_124046_radio_cc1101_v2_868,power_profiler\comparisons\cc1101_v2_868\cc1101_v2_868_data.csv,archive_completeness_only_no_invalidity_proven,5,run_00076|run_00077|run_00078|run_00079|run_00080
cc1101_v2_868,RADIO_CC1101_V2_868,tx,512,16,"{""bit_rate_kbps"": 250, ""tx_power_dbm"": -30}",3300,module radio\ESP32-C3_Radio\power_profiler\results\20260717_124046_radio_cc1101_v2_868,power_profiler\comparisons\cc1101_v2_868\cc1101_v2_868_data.csv,archive_completeness_only_no_invalidity_proven,5,run_00081|run_00082|run_00083|run_00084|run_00085
cc1101_v2_868,RADIO_CC1101_V2_868,tx,1024,32,"{""bit_rate_kbps"": 250, ""tx_power_dbm"": -30}",3300,module radio\ESP32-C3_Radio\power_profiler\results\20260717_124046_radio_cc1101_v2_868,power_profiler\comparisons\cc1101_v2_868\cc1101_v2_868_data.csv,archive_completeness_only_no_invalidity_proven,5,run_00086|run_00087|run_00088|run_00089|run_00090
cc1101_v2_868,RADIO_CC1101_V2_868,tx,8,1,"{""bit_rate_kbps"": 1.2, ""tx_power_dbm"": 0}",3300,module radio\ESP32-C3_Radio\power_profiler\results\20260717_124046_radio_cc1101_v2_868,power_profiler\comparisons\cc1101_v2_868\cc1101_v2_868_data.csv,archive_completeness_only_no_invalidity_proven,5,run_00091|run_00092|run_00093|run_00094|run_00095
cc1101_v2_868,RADIO_CC1101_V2_868,tx,32,1,"{""bit_rate_kbps"": 1.2, ""tx_power_dbm"": 0}",3300,module radio\ESP32-C3_Radio\power_profiler\results\20260717_124046_radio_cc1101_v2_868,power_profiler\comparisons\cc1101_v2_868\cc1101_v2_868_data.csv,archive_completeness_only_no_invalidity_proven,5,run_00096|run_00097|run_00098|run_00099|run_00100
cc1101_v2_868,RADIO_CC1101_V2_868,tx,64,2,"{""bit_rate_kbps"": 1.2, ""tx_power_dbm"": 0}",3300,module radio\ESP32-C3_Radio\power_profiler\results\20260717_124046_radio_cc1101_v2_868,power_profiler\comparisons\cc1101_v2_868\cc1101_v2_868_data.csv,archive_completeness_only_no_invalidity_proven,5,run_00101|run_00102|run_00103|run_00104|run_00105
cc1101_v2_868,RADIO_CC1101_V2_868,tx,128,4,"{""bit_rate_kbps"": 1.2, ""tx_power_dbm"": 0}",3300,module radio\ESP32-C3_Radio\power_profiler\results\20260717_124046_radio_cc1101_v2_868,power_profiler\comparisons\cc1101_v2_868\cc1101_v2_868_data.csv,archive_completeness_only_no_invalidity_proven,5,run_00106|run_00107|run_00108|run_00109|run_00110
cc1101_v2_868,RADIO_CC1101_V2_868,tx,512,16,"{""bit_rate_kbps"": 1.2, ""tx_power_dbm"": 0}",3300,module radio\ESP32-C3_Radio\power_profiler\results\20260717_124046_radio_cc1101_v2_868,power_profiler\comparisons\cc1101_v2_868\cc1101_v2_868_data.csv,archive_completeness_only_no_invalidity_proven,5,run_00111|run_00112|run_00113|run_00114|run_00115
cc1101_v2_868,RADIO_CC1101_V2_868,tx,1024,32,"{""bit_rate_kbps"": 1.2, ""tx_power_dbm"": 0}",3300,module radio\ESP32-C3_Radio\power_profiler\results\20260717_124046_radio_cc1101_v2_868,power_profiler\comparisons\cc1101_v2_868\cc1101_v2_868_data.csv,archive_completeness_only_no_invalidity_proven,5,run_00116|run_00117|run_00118|run_00119|run_00120
cc1101_v2_868,RADIO_CC1101_V2_868,tx,8,1,"{""bit_rate_kbps"": 38.4, ""tx_power_dbm"": 0}",3300,module radio\ESP32-C3_Radio\power_profiler\results\20260717_124046_radio_cc1101_v2_868,power_profiler\comparisons\cc1101_v2_868\cc1101_v2_868_data.csv,archive_completeness_only_no_invalidity_proven,5,run_00121|run_00122|run_00123|run_00124|run_00125
cc1101_v2_868,RADIO_CC1101_V2_868,tx,32,1,"{""bit_rate_kbps"": 38.4, ""tx_power_dbm"": 0}",3300,module radio\ESP32-C3_Radio\power_profiler\results\20260717_124046_radio_cc1101_v2_868,power_profiler\comparisons\cc1101_v2_868\cc1101_v2_868_data.csv,archive_completeness_only_no_invalidity_proven,5,run_00126|run_00127|run_00128|run_00129|run_00130
cc1101_v2_868,RADIO_CC1101_V2_868,tx,64,2,"{""bit_rate_kbps"": 38.4, ""tx_power_dbm"": 0}",3300,module radio\ESP32-C3_Radio\power_profiler\results\20260717_124046_radio_cc1101_v2_868,power_profiler\comparisons\cc1101_v2_868\cc1101_v2_868_data.csv,archive_completeness_only_no_invalidity_proven,5,run_00131|run_00132|run_00133|run_00134|run_00135
cc1101_v2_868,RADIO_CC1101_V2_868,tx,128,4,"{""bit_rate_kbps"": 38.4, ""tx_power_dbm"": 0}",3300,module radio\ESP32-C3_Radio\power_profiler\results\20260717_124046_radio_cc1101_v2_868,power_profiler\comparisons\cc1101_v2_868\cc1101_v2_868_data.csv,archive_completeness_only_no_invalidity_proven,5,run_00136|run_00137|run_00138|run_00139|run_00140
cc1101_v2_868,RADIO_CC1101_V2_868,tx,512,16,"{""bit_rate_kbps"": 38.4, ""tx_power_dbm"": 0}",3300,module radio\ESP32-C3_Radio\power_profiler\results\20260717_124046_radio_cc1101_v2_868,power_profiler\comparisons\cc1101_v2_868\cc1101_v2_868_data.csv,archive_completeness_only_no_invalidity_proven,5,run_00141|run_00142|run_00143|run_00144|run_00145
cc1101_v2_868,RADIO_CC1101_V2_868,tx,1024,32,"{""bit_rate_kbps"": 38.4, ""tx_power_dbm"": 0}",3300,module radio\ESP32-C3_Radio\power_profiler\results\20260717_124046_radio_cc1101_v2_868,power_profiler\comparisons\cc1101_v2_868\cc1101_v2_868_data.csv,archive_completeness_only_no_invalidity_proven,5,run_00146|run_00147|run_00148|run_00149|run_00150
cc1101_v2_868,RADIO_CC1101_V2_868,tx,8,1,"{""bit_rate_kbps"": 250, ""tx_power_dbm"": 0}",3300,module radio\ESP32-C3_Radio\power_profiler\results\20260717_124046_radio_cc1101_v2_868,power_profiler\comparisons\cc1101_v2_868\cc1101_v2_868_data.csv,archive_completeness_only_no_invalidity_proven,5,run_00151|run_00152|run_00153|run_00154|run_00155
cc1101_v2_868,RADIO_CC1101_V2_868,tx,32,1,"{""bit_rate_kbps"": 250, ""tx_power_dbm"": 0}",3300,module radio\ESP32-C3_Radio\power_profiler\results\20260717_124046_radio_cc1101_v2_868,power_profiler\comparisons\cc1101_v2_868\cc1101_v2_868_data.csv,archive_completeness_only_no_invalidity_proven,5,run_00156|run_00157|run_00158|run_00159|run_00160
cc1101_v2_868,RADIO_CC1101_V2_868,tx,64,2,"{""bit_rate_kbps"": 250, ""tx_power_dbm"": 0}",3300,module radio\ESP32-C3_Radio\power_profiler\results\20260717_124046_radio_cc1101_v2_868,power_profiler\comparisons\cc1101_v2_868\cc1101_v2_868_data.csv,archive_completeness_only_no_invalidity_proven,5,run_00161|run_00162|run_00163|run_00164|run_00165
cc1101_v2_868,RADIO_CC1101_V2_868,tx,128,4,"{""bit_rate_kbps"": 250, ""tx_power_dbm"": 0}",3300,module radio\ESP32-C3_Radio\power_profiler\results\20260717_124046_radio_cc1101_v2_868,power_profiler\comparisons\cc1101_v2_868\cc1101_v2_868_data.csv,archive_completeness_only_no_invalidity_proven,5,run_00166|run_00167|run_00168|run_00169|run_00170
cc1101_v2_868,RADIO_CC1101_V2_868,tx,512,16,"{""bit_rate_kbps"": 250, ""tx_power_dbm"": 0}",3300,module radio\ESP32-C3_Radio\power_profiler\results\20260717_124046_radio_cc1101_v2_868,power_profiler\comparisons\cc1101_v2_868\cc1101_v2_868_data.csv,archive_completeness_only_no_invalidity_proven,5,run_00171|run_00172|run_00173|run_00174|run_00175
cc1101_v2_868,RADIO_CC1101_V2_868,tx,1024,32,"{""bit_rate_kbps"": 250, ""tx_power_dbm"": 0}",3300,module radio\ESP32-C3_Radio\power_profiler\results\20260717_124046_radio_cc1101_v2_868,power_profiler\comparisons\cc1101_v2_868\cc1101_v2_868_data.csv,archive_completeness_only_no_invalidity_proven,5,run_00176|run_00177|run_00178|run_00179|run_00180
cc1101_v2_868,RADIO_CC1101_V2_868,tx,8,1,"{""bit_rate_kbps"": 1.2, ""tx_power_dbm"": 10}",3300,module radio\ESP32-C3_Radio\power_profiler\results\20260717_124046_radio_cc1101_v2_868,power_profiler\comparisons\cc1101_v2_868\cc1101_v2_868_data.csv,archive_completeness_only_no_invalidity_proven,5,run_00181|run_00182|run_00183|run_00184|run_00185
cc1101_v2_868,RADIO_CC1101_V2_868,tx,32,1,"{""bit_rate_kbps"": 1.2, ""tx_power_dbm"": 10}",3300,module radio\ESP32-C3_Radio\power_profiler\results\20260717_124046_radio_cc1101_v2_868,power_profiler\comparisons\cc1101_v2_868\cc1101_v2_868_data.csv,archive_completeness_only_no_invalidity_proven,5,run_00186|run_00187|run_00188|run_00189|run_00190
cc1101_v2_868,RADIO_CC1101_V2_868,tx,64,2,"{""bit_rate_kbps"": 1.2, ""tx_power_dbm"": 10}",3300,module radio\ESP32-C3_Radio\power_profiler\results\20260717_124046_radio_cc1101_v2_868,power_profiler\comparisons\cc1101_v2_868\cc1101_v2_868_data.csv,archive_completeness_only_no_invalidity_proven,5,run_00191|run_00192|run_00193|run_00194|run_00195
cc1101_v2_868,RADIO_CC1101_V2_868,tx,128,4,"{""bit_rate_kbps"": 1.2, ""tx_power_dbm"": 10}",3300,module radio\ESP32-C3_Radio\power_profiler\results\20260717_124046_radio_cc1101_v2_868,power_profiler\comparisons\cc1101_v2_868\cc1101_v2_868_data.csv,archive_completeness_only_no_invalidity_proven,5,run_00196|run_00197|run_00198|run_00199|run_00200
cc1101_v2_868,RADIO_CC1101_V2_868,tx,512,16,"{""bit_rate_kbps"": 1.2, ""tx_power_dbm"": 10}",3300,module radio\ESP32-C3_Radio\power_profiler\results\20260717_124046_radio_cc1101_v2_868,power_profiler\comparisons\cc1101_v2_868\cc1101_v2_868_data.csv,archive_completeness_only_no_invalidity_proven,5,run_00201|run_00202|run_00203|run_00204|run_00205
cc1101_v2_868,RADIO_CC1101_V2_868,tx,1024,32,"{""bit_rate_kbps"": 1.2, ""tx_power_dbm"": 10}",3300,module radio\ESP32-C3_Radio\power_profiler\results\20260717_124046_radio_cc1101_v2_868,power_profiler\comparisons\cc1101_v2_868\cc1101_v2_868_data.csv,archive_completeness_only_no_invalidity_proven,5,run_00206|run_00207|run_00208|run_00209|run_00210
cc1101_v2_868,RADIO_CC1101_V2_868,tx,8,1,"{""bit_rate_kbps"": 38.4, ""tx_power_dbm"": 10}",3300,module radio\ESP32-C3_Radio\power_profiler\results\20260717_124046_radio_cc1101_v2_868,power_profiler\comparisons\cc1101_v2_868\cc1101_v2_868_data.csv,archive_completeness_only_no_invalidity_proven,5,run_00211|run_00212|run_00213|run_00214|run_00215
cc1101_v2_868,RADIO_CC1101_V2_868,tx,32,1,"{""bit_rate_kbps"": 38.4, ""tx_power_dbm"": 10}",3300,module radio\ESP32-C3_Radio\power_profiler\results\20260717_124046_radio_cc1101_v2_868,power_profiler\comparisons\cc1101_v2_868\cc1101_v2_868_data.csv,archive_completeness_only_no_invalidity_proven,5,run_00216|run_00217|run_00218|run_00219|run_00220
cc1101_v2_868,RADIO_CC1101_V2_868,tx,64,2,"{""bit_rate_kbps"": 38.4, ""tx_power_dbm"": 10}",3300,module radio\ESP32-C3_Radio\power_profiler\results\20260717_124046_radio_cc1101_v2_868,power_profiler\comparisons\cc1101_v2_868\cc1101_v2_868_data.csv,archive_completeness_only_no_invalidity_proven,5,run_00221|run_00222|run_00223|run_00224|run_00225
cc1101_v2_868,RADIO_CC1101_V2_868,tx,128,4,"{""bit_rate_kbps"": 38.4, ""tx_power_dbm"": 10}",3300,module radio\ESP32-C3_Radio\power_profiler\results\20260717_124046_radio_cc1101_v2_868,power_profiler\comparisons\cc1101_v2_868\cc1101_v2_868_data.csv,archive_completeness_only_no_invalidity_proven,5,run_00226|run_00227|run_00228|run_00229|run_00230
cc1101_v2_868,RADIO_CC1101_V2_868,tx,512,16,"{""bit_rate_kbps"": 38.4, ""tx_power_dbm"": 10}",3300,module radio\ESP32-C3_Radio\power_profiler\results\20260717_124046_radio_cc1101_v2_868,power_profiler\comparisons\cc1101_v2_868\cc1101_v2_868_data.csv,archive_completeness_only_no_invalidity_proven,5,run_00231|run_00232|run_00233|run_00234|run_00235
cc1101_v2_868,RADIO_CC1101_V2_868,tx,1024,32,"{""bit_rate_kbps"": 38.4, ""tx_power_dbm"": 10}",3300,module radio\ESP32-C3_Radio\power_profiler\results\20260717_124046_radio_cc1101_v2_868,power_profiler\comparisons\cc1101_v2_868\cc1101_v2_868_data.csv,archive_completeness_only_no_invalidity_proven,5,run_00236|run_00237|run_00238|run_00239|run_00240
cc1101_v2_868,RADIO_CC1101_V2_868,tx,8,1,"{""bit_rate_kbps"": 250, ""tx_power_dbm"": 10}",3300,module radio\ESP32-C3_Radio\power_profiler\results\20260717_124046_radio_cc1101_v2_868,power_profiler\comparisons\cc1101_v2_868\cc1101_v2_868_data.csv,archive_completeness_only_no_invalidity_proven,5,run_00241|run_00242|run_00243|run_00244|run_00245
cc1101_v2_868,RADIO_CC1101_V2_868,tx,32,1,"{""bit_rate_kbps"": 250, ""tx_power_dbm"": 10}",3300,module radio\ESP32-C3_Radio\power_profiler\results\20260717_124046_radio_cc1101_v2_868,power_profiler\comparisons\cc1101_v2_868\cc1101_v2_868_data.csv,archive_completeness_only_no_invalidity_proven,5,run_00246|run_00247|run_00248|run_00249|run_00250
cc1101_v2_868,RADIO_CC1101_V2_868,tx,64,2,"{""bit_rate_kbps"": 250, ""tx_power_dbm"": 10}",3300,module radio\ESP32-C3_Radio\power_profiler\results\20260717_124046_radio_cc1101_v2_868,power_profiler\comparisons\cc1101_v2_868\cc1101_v2_868_data.csv,archive_completeness_only_no_invalidity_proven,5,run_00251|run_00252|run_00253|run_00254|run_00255
cc1101_v2_868,RADIO_CC1101_V2_868,tx,128,4,"{""bit_rate_kbps"": 250, ""tx_power_dbm"": 10}",3300,module radio\ESP32-C3_Radio\power_profiler\results\20260717_124046_radio_cc1101_v2_868,power_profiler\comparisons\cc1101_v2_868\cc1101_v2_868_data.csv,archive_completeness_only_no_invalidity_proven,5,run_00256|run_00257|run_00258|run_00259|run_00260
cc1101_v2_868,RADIO_CC1101_V2_868,tx,512,16,"{""bit_rate_kbps"": 250, ""tx_power_dbm"": 10}",3300,module radio\ESP32-C3_Radio\power_profiler\results\20260717_124046_radio_cc1101_v2_868,power_profiler\comparisons\cc1101_v2_868\cc1101_v2_868_data.csv,archive_completeness_only_no_invalidity_proven,5,run_00261|run_00262|run_00263|run_00264|run_00265
cc1101_v2_868,RADIO_CC1101_V2_868,tx,1024,32,"{""bit_rate_kbps"": 250, ""tx_power_dbm"": 10}",3300,module radio\ESP32-C3_Radio\power_profiler\results\20260717_124046_radio_cc1101_v2_868,power_profiler\comparisons\cc1101_v2_868\cc1101_v2_868_data.csv,archive_completeness_only_no_invalidity_proven,5,run_00266|run_00267|run_00268|run_00269|run_00270
cc1101_v2_868,RADIO_CC1101_V2_868,rx,8,1,"{""bit_rate_kbps"": 1.2, ""tx_power_dbm"": 10}",3300,module radio\ESP32-C3_Radio\power_profiler\results\20260717_125628_radio_cc1101_v2_868_rx,power_profiler\comparisons\cc1101_v2_868\cc1101_v2_868_data.csv,archive_completeness_only_no_invalidity_proven,5,run_00001|run_00002|run_00003|run_00004|run_00005
cc1101_v2_868,RADIO_CC1101_V2_868,rx,32,1,"{""bit_rate_kbps"": 1.2, ""tx_power_dbm"": 10}",3300,module radio\ESP32-C3_Radio\power_profiler\results\20260717_125628_radio_cc1101_v2_868_rx,power_profiler\comparisons\cc1101_v2_868\cc1101_v2_868_data.csv,archive_completeness_only_no_invalidity_proven,5,run_00006|run_00007|run_00008|run_00009|run_00010
cc1101_v2_868,RADIO_CC1101_V2_868,rx,64,2,"{""bit_rate_kbps"": 1.2, ""tx_power_dbm"": 10}",3300,module radio\ESP32-C3_Radio\power_profiler\results\20260717_125628_radio_cc1101_v2_868_rx,power_profiler\comparisons\cc1101_v2_868\cc1101_v2_868_data.csv,archive_completeness_only_no_invalidity_proven,5,run_00011|run_00012|run_00013|run_00014|run_00015
cc1101_v2_868,RADIO_CC1101_V2_868,rx,128,4,"{""bit_rate_kbps"": 1.2, ""tx_power_dbm"": 10}",3300,module radio\ESP32-C3_Radio\power_profiler\results\20260717_125628_radio_cc1101_v2_868_rx,power_profiler\comparisons\cc1101_v2_868\cc1101_v2_868_data.csv,archive_completeness_only_no_invalidity_proven,5,run_00016|run_00017|run_00018|run_00019|run_00020
cc1101_v2_868,RADIO_CC1101_V2_868,rx,512,16,"{""bit_rate_kbps"": 1.2, ""tx_power_dbm"": 10}",3300,module radio\ESP32-C3_Radio\power_profiler\results\20260717_125628_radio_cc1101_v2_868_rx,power_profiler\comparisons\cc1101_v2_868\cc1101_v2_868_data.csv,archive_completeness_only_no_invalidity_proven,5,run_00021|run_00022|run_00023|run_00024|run_00025
cc1101_v2_868,RADIO_CC1101_V2_868,rx,1024,32,"{""bit_rate_kbps"": 1.2, ""tx_power_dbm"": 10}",3300,module radio\ESP32-C3_Radio\power_profiler\results\20260717_125628_radio_cc1101_v2_868_rx,power_profiler\comparisons\cc1101_v2_868\cc1101_v2_868_data.csv,archive_completeness_only_no_invalidity_proven,5,run_00026|run_00027|run_00028|run_00029|run_00030
cc1101_v2_868,RADIO_CC1101_V2_868,rx,8,1,"{""bit_rate_kbps"": 38.4, ""tx_power_dbm"": 10}",3300,module radio\ESP32-C3_Radio\power_profiler\results\20260717_125628_radio_cc1101_v2_868_rx,power_profiler\comparisons\cc1101_v2_868\cc1101_v2_868_data.csv,archive_completeness_only_no_invalidity_proven,5,run_00031|run_00032|run_00033|run_00034|run_00035
cc1101_v2_868,RADIO_CC1101_V2_868,rx,32,1,"{""bit_rate_kbps"": 38.4, ""tx_power_dbm"": 10}",3300,module radio\ESP32-C3_Radio\power_profiler\results\20260717_125628_radio_cc1101_v2_868_rx,power_profiler\comparisons\cc1101_v2_868\cc1101_v2_868_data.csv,archive_completeness_only_no_invalidity_proven,5,run_00036|run_00037|run_00038|run_00039|run_00040
cc1101_v2_868,RADIO_CC1101_V2_868,rx,64,2,"{""bit_rate_kbps"": 38.4, ""tx_power_dbm"": 10}",3300,module radio\ESP32-C3_Radio\power_profiler\results\20260717_125628_radio_cc1101_v2_868_rx,power_profiler\comparisons\cc1101_v2_868\cc1101_v2_868_data.csv,archive_completeness_only_no_invalidity_proven,5,run_00041|run_00042|run_00043|run_00044|run_00045
cc1101_v2_868,RADIO_CC1101_V2_868,rx,128,4,"{""bit_rate_kbps"": 38.4, ""tx_power_dbm"": 10}",3300,module radio\ESP32-C3_Radio\power_profiler\results\20260717_125628_radio_cc1101_v2_868_rx,power_profiler\comparisons\cc1101_v2_868\cc1101_v2_868_data.csv,archive_completeness_only_no_invalidity_proven,5,run_00046|run_00047|run_00048|run_00049|run_00050
cc1101_v2_868,RADIO_CC1101_V2_868,rx,512,16,"{""bit_rate_kbps"": 38.4, ""tx_power_dbm"": 10}",3300,module radio\ESP32-C3_Radio\power_profiler\results\20260717_125628_radio_cc1101_v2_868_rx,power_profiler\comparisons\cc1101_v2_868\cc1101_v2_868_data.csv,archive_completeness_only_no_invalidity_proven,5,run_00051|run_00052|run_00053|run_00054|run_00055
cc1101_v2_868,RADIO_CC1101_V2_868,rx,1024,32,"{""bit_rate_kbps"": 38.4, ""tx_power_dbm"": 10}",3300,module radio\ESP32-C3_Radio\power_profiler\results\20260717_125628_radio_cc1101_v2_868_rx,power_profiler\comparisons\cc1101_v2_868\cc1101_v2_868_data.csv,archive_completeness_only_no_invalidity_proven,5,run_00056|run_00057|run_00058|run_00059|run_00060
cc1101_v2_868,RADIO_CC1101_V2_868,rx,8,1,"{""bit_rate_kbps"": 250, ""tx_power_dbm"": 10}",3300,module radio\ESP32-C3_Radio\power_profiler\results\20260717_125628_radio_cc1101_v2_868_rx,power_profiler\comparisons\cc1101_v2_868\cc1101_v2_868_data.csv,archive_completeness_only_no_invalidity_proven,5,run_00061|run_00062|run_00063|run_00064|run_00065
cc1101_v2_868,RADIO_CC1101_V2_868,rx,32,1,"{""bit_rate_kbps"": 250, ""tx_power_dbm"": 10}",3300,module radio\ESP32-C3_Radio\power_profiler\results\20260717_125628_radio_cc1101_v2_868_rx,power_profiler\comparisons\cc1101_v2_868\cc1101_v2_868_data.csv,archive_completeness_only_no_invalidity_proven,5,run_00066|run_00067|run_00068|run_00069|run_00070
cc1101_v2_868,RADIO_CC1101_V2_868,rx,64,2,"{""bit_rate_kbps"": 250, ""tx_power_dbm"": 10}",3300,module radio\ESP32-C3_Radio\power_profiler\results\20260717_125628_radio_cc1101_v2_868_rx,power_profiler\comparisons\cc1101_v2_868\cc1101_v2_868_data.csv,archive_completeness_only_no_invalidity_proven,5,run_00071|run_00072|run_00073|run_00074|run_00075
cc1101_v2_868,RADIO_CC1101_V2_868,rx,128,4,"{""bit_rate_kbps"": 250, ""tx_power_dbm"": 10}",3300,module radio\ESP32-C3_Radio\power_profiler\results\20260717_125628_radio_cc1101_v2_868_rx,power_profiler\comparisons\cc1101_v2_868\cc1101_v2_868_data.csv,archive_completeness_only_no_invalidity_proven,5,run_00076|run_00077|run_00078|run_00079|run_00080
cc1101_v2_868,RADIO_CC1101_V2_868,rx,512,16,"{""bit_rate_kbps"": 250, ""tx_power_dbm"": 10}",3300,module radio\ESP32-C3_Radio\power_profiler\results\20260717_125628_radio_cc1101_v2_868_rx,power_profiler\comparisons\cc1101_v2_868\cc1101_v2_868_data.csv,archive_completeness_only_no_invalidity_proven,5,run_00081|run_00082|run_00083|run_00084|run_00085
cc1101_v2_868,RADIO_CC1101_V2_868,rx,1024,32,"{""bit_rate_kbps"": 250, ""tx_power_dbm"": 10}",3300,module radio\ESP32-C3_Radio\power_profiler\results\20260717_125628_radio_cc1101_v2_868_rx,power_profiler\comparisons\cc1101_v2_868\cc1101_v2_868_data.csv,archive_completeness_only_no_invalidity_proven,5,run_00086|run_00087|run_00088|run_00089|run_00090
ebyte_e07_400m10s,RADIO_EBYTE_E07_400M10S,tx,8,1,"{""bit_rate_kbps"": 1.2, ""cc1101_drive_dbm"": -30}",3300,module radio\ESP32-C3_Radio\power_profiler\results\20260724_234518_radio_ebyte_e07_400m10s,power_profiler\comparisons\ebyte_e07_400m10s_20260724\e07_400m10s_tx.csv,archive_completeness_only_no_invalidity_proven,5,run_00001|run_00002|run_00003|run_00004|run_00005
ebyte_e07_400m10s,RADIO_EBYTE_E07_400M10S,tx,32,1,"{""bit_rate_kbps"": 1.2, ""cc1101_drive_dbm"": -30}",3300,module radio\ESP32-C3_Radio\power_profiler\results\20260724_234518_radio_ebyte_e07_400m10s,power_profiler\comparisons\ebyte_e07_400m10s_20260724\e07_400m10s_tx.csv,archive_completeness_only_no_invalidity_proven,5,run_00006|run_00007|run_00008|run_00009|run_00010
ebyte_e07_400m10s,RADIO_EBYTE_E07_400M10S,tx,64,2,"{""bit_rate_kbps"": 1.2, ""cc1101_drive_dbm"": -30}",3300,module radio\ESP32-C3_Radio\power_profiler\results\20260724_234518_radio_ebyte_e07_400m10s,power_profiler\comparisons\ebyte_e07_400m10s_20260724\e07_400m10s_tx.csv,archive_completeness_only_no_invalidity_proven,5,run_00011|run_00012|run_00013|run_00014|run_00015
ebyte_e07_400m10s,RADIO_EBYTE_E07_400M10S,tx,8,1,"{""bit_rate_kbps"": 38.4, ""cc1101_drive_dbm"": -30}",3300,module radio\ESP32-C3_Radio\power_profiler\results\20260724_234518_radio_ebyte_e07_400m10s,power_profiler\comparisons\ebyte_e07_400m10s_20260724\e07_400m10s_tx.csv,archive_completeness_only_no_invalidity_proven,5,run_00016|run_00017|run_00018|run_00019|run_00020
ebyte_e07_400m10s,RADIO_EBYTE_E07_400M10S,tx,32,1,"{""bit_rate_kbps"": 38.4, ""cc1101_drive_dbm"": -30}",3300,module radio\ESP32-C3_Radio\power_profiler\results\20260724_234518_radio_ebyte_e07_400m10s,power_profiler\comparisons\ebyte_e07_400m10s_20260724\e07_400m10s_tx.csv,archive_completeness_only_no_invalidity_proven,5,run_00021|run_00022|run_00023|run_00024|run_00025
ebyte_e07_400m10s,RADIO_EBYTE_E07_400M10S,tx,64,2,"{""bit_rate_kbps"": 38.4, ""cc1101_drive_dbm"": -30}",3300,module radio\ESP32-C3_Radio\power_profiler\results\20260724_234518_radio_ebyte_e07_400m10s,power_profiler\comparisons\ebyte_e07_400m10s_20260724\e07_400m10s_tx.csv,archive_completeness_only_no_invalidity_proven,5,run_00026|run_00027|run_00028|run_00029|run_00030
ebyte_e07_400m10s,RADIO_EBYTE_E07_400M10S,tx,8,1,"{""bit_rate_kbps"": 250, ""cc1101_drive_dbm"": -30}",3300,module radio\ESP32-C3_Radio\power_profiler\results\20260724_234518_radio_ebyte_e07_400m10s,power_profiler\comparisons\ebyte_e07_400m10s_20260724\e07_400m10s_tx.csv,archive_completeness_only_no_invalidity_proven,5,run_00031|run_00032|run_00033|run_00034|run_00035
ebyte_e07_400m10s,RADIO_EBYTE_E07_400M10S,tx,32,1,"{""bit_rate_kbps"": 250, ""cc1101_drive_dbm"": -30}",3300,module radio\ESP32-C3_Radio\power_profiler\results\20260724_234518_radio_ebyte_e07_400m10s,power_profiler\comparisons\ebyte_e07_400m10s_20260724\e07_400m10s_tx.csv,archive_completeness_only_no_invalidity_proven,5,run_00036|run_00037|run_00038|run_00039|run_00040
ebyte_e07_400m10s,RADIO_EBYTE_E07_400M10S,tx,64,2,"{""bit_rate_kbps"": 250, ""cc1101_drive_dbm"": -30}",3300,module radio\ESP32-C3_Radio\power_profiler\results\20260724_234518_radio_ebyte_e07_400m10s,power_profiler\comparisons\ebyte_e07_400m10s_20260724\e07_400m10s_tx.csv,archive_completeness_only_no_invalidity_proven,5,run_00041|run_00042|run_00043|run_00044|run_00045
ebyte_e07_400m10s,RADIO_EBYTE_E07_400M10S,tx,8,1,"{""bit_rate_kbps"": 1.2, ""cc1101_drive_dbm"": 0}",3300,module radio\ESP32-C3_Radio\power_profiler\results\20260724_234518_radio_ebyte_e07_400m10s,power_profiler\comparisons\ebyte_e07_400m10s_20260724\e07_400m10s_tx.csv,archive_completeness_only_no_invalidity_proven,5,run_00046|run_00047|run_00048|run_00049|run_00050
ebyte_e07_400m10s,RADIO_EBYTE_E07_400M10S,tx,32,1,"{""bit_rate_kbps"": 1.2, ""cc1101_drive_dbm"": 0}",3300,module radio\ESP32-C3_Radio\power_profiler\results\20260724_234518_radio_ebyte_e07_400m10s,power_profiler\comparisons\ebyte_e07_400m10s_20260724\e07_400m10s_tx.csv,archive_completeness_only_no_invalidity_proven,5,run_00051|run_00052|run_00053|run_00054|run_00055
ebyte_e07_400m10s,RADIO_EBYTE_E07_400M10S,tx,64,2,"{""bit_rate_kbps"": 1.2, ""cc1101_drive_dbm"": 0}",3300,module radio\ESP32-C3_Radio\power_profiler\results\20260724_234518_radio_ebyte_e07_400m10s,power_profiler\comparisons\ebyte_e07_400m10s_20260724\e07_400m10s_tx.csv,archive_completeness_only_no_invalidity_proven,5,run_00056|run_00057|run_00058|run_00059|run_00060
ebyte_e07_400m10s,RADIO_EBYTE_E07_400M10S,tx,8,1,"{""bit_rate_kbps"": 38.4, ""cc1101_drive_dbm"": 0}",3300,module radio\ESP32-C3_Radio\power_profiler\results\20260724_234518_radio_ebyte_e07_400m10s,power_profiler\comparisons\ebyte_e07_400m10s_20260724\e07_400m10s_tx.csv,archive_completeness_only_no_invalidity_proven,5,run_00061|run_00062|run_00063|run_00064|run_00065
ebyte_e07_400m10s,RADIO_EBYTE_E07_400M10S,tx,32,1,"{""bit_rate_kbps"": 38.4, ""cc1101_drive_dbm"": 0}",3300,module radio\ESP32-C3_Radio\power_profiler\results\20260724_234518_radio_ebyte_e07_400m10s,power_profiler\comparisons\ebyte_e07_400m10s_20260724\e07_400m10s_tx.csv,archive_completeness_only_no_invalidity_proven,5,run_00066|run_00067|run_00068|run_00069|run_00070
ebyte_e07_400m10s,RADIO_EBYTE_E07_400M10S,tx,64,2,"{""bit_rate_kbps"": 38.4, ""cc1101_drive_dbm"": 0}",3300,module radio\ESP32-C3_Radio\power_profiler\results\20260724_234518_radio_ebyte_e07_400m10s,power_profiler\comparisons\ebyte_e07_400m10s_20260724\e07_400m10s_tx.csv,archive_completeness_only_no_invalidity_proven,5,run_00071|run_00072|run_00073|run_00074|run_00075
ebyte_e07_400m10s,RADIO_EBYTE_E07_400M10S,tx,8,1,"{""bit_rate_kbps"": 250, ""cc1101_drive_dbm"": 0}",3300,module radio\ESP32-C3_Radio\power_profiler\results\20260724_234518_radio_ebyte_e07_400m10s,power_profiler\comparisons\ebyte_e07_400m10s_20260724\e07_400m10s_tx.csv,archive_completeness_only_no_invalidity_proven,5,run_00076|run_00077|run_00078|run_00079|run_00080
ebyte_e07_400m10s,RADIO_EBYTE_E07_400M10S,tx,32,1,"{""bit_rate_kbps"": 250, ""cc1101_drive_dbm"": 0}",3300,module radio\ESP32-C3_Radio\power_profiler\results\20260724_234518_radio_ebyte_e07_400m10s,power_profiler\comparisons\ebyte_e07_400m10s_20260724\e07_400m10s_tx.csv,archive_completeness_only_no_invalidity_proven,5,run_00081|run_00082|run_00083|run_00084|run_00085
ebyte_e07_400m10s,RADIO_EBYTE_E07_400M10S,tx,64,2,"{""bit_rate_kbps"": 250, ""cc1101_drive_dbm"": 0}",3300,module radio\ESP32-C3_Radio\power_profiler\results\20260724_234518_radio_ebyte_e07_400m10s,power_profiler\comparisons\ebyte_e07_400m10s_20260724\e07_400m10s_tx.csv,archive_completeness_only_no_invalidity_proven,5,run_00086|run_00087|run_00088|run_00089|run_00090
ebyte_e07_400m10s,RADIO_EBYTE_E07_400M10S,tx,8,1,"{""bit_rate_kbps"": 1.2, ""cc1101_drive_dbm"": 10}",3300,module radio\ESP32-C3_Radio\power_profiler\results\20260724_234518_radio_ebyte_e07_400m10s,power_profiler\comparisons\ebyte_e07_400m10s_20260724\e07_400m10s_tx.csv,archive_completeness_only_no_invalidity_proven,5,run_00091|run_00092|run_00093|run_00094|run_00095
ebyte_e07_400m10s,RADIO_EBYTE_E07_400M10S,tx,32,1,"{""bit_rate_kbps"": 1.2, ""cc1101_drive_dbm"": 10}",3300,module radio\ESP32-C3_Radio\power_profiler\results\20260724_234518_radio_ebyte_e07_400m10s,power_profiler\comparisons\ebyte_e07_400m10s_20260724\e07_400m10s_tx.csv,archive_completeness_only_no_invalidity_proven,5,run_00096|run_00097|run_00098|run_00099|run_00100
ebyte_e07_400m10s,RADIO_EBYTE_E07_400M10S,tx,64,2,"{""bit_rate_kbps"": 1.2, ""cc1101_drive_dbm"": 10}",3300,module radio\ESP32-C3_Radio\power_profiler\results\20260724_234518_radio_ebyte_e07_400m10s,power_profiler\comparisons\ebyte_e07_400m10s_20260724\e07_400m10s_tx.csv,archive_completeness_only_no_invalidity_proven,5,run_00101|run_00102|run_00103|run_00104|run_00105
ebyte_e07_400m10s,RADIO_EBYTE_E07_400M10S,tx,8,1,"{""bit_rate_kbps"": 38.4, ""cc1101_drive_dbm"": 10}",3300,module radio\ESP32-C3_Radio\power_profiler\results\20260724_234518_radio_ebyte_e07_400m10s,power_profiler\comparisons\ebyte_e07_400m10s_20260724\e07_400m10s_tx.csv,archive_completeness_only_no_invalidity_proven,5,run_00106|run_00107|run_00108|run_00109|run_00110
ebyte_e07_400m10s,RADIO_EBYTE_E07_400M10S,tx,32,1,"{""bit_rate_kbps"": 38.4, ""cc1101_drive_dbm"": 10}",3300,module radio\ESP32-C3_Radio\power_profiler\results\20260724_234518_radio_ebyte_e07_400m10s,power_profiler\comparisons\ebyte_e07_400m10s_20260724\e07_400m10s_tx.csv,archive_completeness_only_no_invalidity_proven,5,run_00111|run_00112|run_00113|run_00114|run_00115
ebyte_e07_400m10s,RADIO_EBYTE_E07_400M10S,tx,64,2,"{""bit_rate_kbps"": 38.4, ""cc1101_drive_dbm"": 10}",3300,module radio\ESP32-C3_Radio\power_profiler\results\20260724_234518_radio_ebyte_e07_400m10s,power_profiler\comparisons\ebyte_e07_400m10s_20260724\e07_400m10s_tx.csv,archive_completeness_only_no_invalidity_proven,5,run_00116|run_00117|run_00118|run_00119|run_00120
ebyte_e07_400m10s,RADIO_EBYTE_E07_400M10S,tx,8,1,"{""bit_rate_kbps"": 250, ""cc1101_drive_dbm"": 10}",3300,module radio\ESP32-C3_Radio\power_profiler\results\20260724_234518_radio_ebyte_e07_400m10s,power_profiler\comparisons\ebyte_e07_400m10s_20260724\e07_400m10s_tx.csv,archive_completeness_only_no_invalidity_proven,5,run_00121|run_00122|run_00123|run_00124|run_00125
ebyte_e07_400m10s,RADIO_EBYTE_E07_400M10S,tx,32,1,"{""bit_rate_kbps"": 250, ""cc1101_drive_dbm"": 10}",3300,module radio\ESP32-C3_Radio\power_profiler\results\20260724_234518_radio_ebyte_e07_400m10s,power_profiler\comparisons\ebyte_e07_400m10s_20260724\e07_400m10s_tx.csv,archive_completeness_only_no_invalidity_proven,5,run_00126|run_00127|run_00128|run_00129|run_00130
ebyte_e07_400m10s,RADIO_EBYTE_E07_400M10S,tx,64,2,"{""bit_rate_kbps"": 250, ""cc1101_drive_dbm"": 10}",3300,module radio\ESP32-C3_Radio\power_profiler\results\20260724_234518_radio_ebyte_e07_400m10s,power_profiler\comparisons\ebyte_e07_400m10s_20260724\e07_400m10s_tx.csv,archive_completeness_only_no_invalidity_proven,5,run_00131|run_00132|run_00133|run_00134|run_00135
ebyte_e07_400m10s,RADIO_EBYTE_E07_400M10S,rx,8,1,"{""bit_rate_kbps"": 1.2, ""cc1101_drive_dbm"": -30}",3300,module radio\ESP32-C3_Radio\power_profiler\results\20260724_234941_radio_ebyte_e07_400m10s_rx,power_profiler\comparisons\ebyte_e07_400m10s_20260724\e07_400m10s_rx.csv,RX_fixed_window_reanalysis_requires_new_RAW,5,run_00001|run_00002|run_00003|run_00004|run_00005
ebyte_e07_400m10s,RADIO_EBYTE_E07_400M10S,rx,32,1,"{""bit_rate_kbps"": 1.2, ""cc1101_drive_dbm"": -30}",3300,module radio\ESP32-C3_Radio\power_profiler\results\20260724_234941_radio_ebyte_e07_400m10s_rx,power_profiler\comparisons\ebyte_e07_400m10s_20260724\e07_400m10s_rx.csv,RX_fixed_window_reanalysis_requires_new_RAW,5,run_00006|run_00007|run_00008|run_00009|run_00010
ebyte_e07_400m10s,RADIO_EBYTE_E07_400M10S,rx,64,2,"{""bit_rate_kbps"": 1.2, ""cc1101_drive_dbm"": -30}",3300,module radio\ESP32-C3_Radio\power_profiler\results\20260724_234941_radio_ebyte_e07_400m10s_rx,power_profiler\comparisons\ebyte_e07_400m10s_20260724\e07_400m10s_rx.csv,RX_fixed_window_reanalysis_requires_new_RAW,5,run_00011|run_00012|run_00013|run_00014|run_00015
ebyte_e07_400m10s,RADIO_EBYTE_E07_400M10S,rx,8,1,"{""bit_rate_kbps"": 38.4, ""cc1101_drive_dbm"": -30}",3300,module radio\ESP32-C3_Radio\power_profiler\results\20260724_234941_radio_ebyte_e07_400m10s_rx,power_profiler\comparisons\ebyte_e07_400m10s_20260724\e07_400m10s_rx.csv,RX_fixed_window_reanalysis_requires_new_RAW,5,run_00016|run_00017|run_00018|run_00019|run_00020
ebyte_e07_400m10s,RADIO_EBYTE_E07_400M10S,rx,32,1,"{""bit_rate_kbps"": 38.4, ""cc1101_drive_dbm"": -30}",3300,module radio\ESP32-C3_Radio\power_profiler\results\20260724_234941_radio_ebyte_e07_400m10s_rx,power_profiler\comparisons\ebyte_e07_400m10s_20260724\e07_400m10s_rx.csv,RX_fixed_window_reanalysis_requires_new_RAW,5,run_00021|run_00022|run_00023|run_00024|run_00025
ebyte_e07_400m10s,RADIO_EBYTE_E07_400M10S,rx,64,2,"{""bit_rate_kbps"": 38.4, ""cc1101_drive_dbm"": -30}",3300,module radio\ESP32-C3_Radio\power_profiler\results\20260724_234941_radio_ebyte_e07_400m10s_rx,power_profiler\comparisons\ebyte_e07_400m10s_20260724\e07_400m10s_rx.csv,RX_fixed_window_reanalysis_requires_new_RAW,5,run_00026|run_00027|run_00028|run_00029|run_00030
ebyte_e07_400m10s,RADIO_EBYTE_E07_400M10S,rx,8,1,"{""bit_rate_kbps"": 250, ""cc1101_drive_dbm"": -30}",3300,module radio\ESP32-C3_Radio\power_profiler\results\20260724_234941_radio_ebyte_e07_400m10s_rx,power_profiler\comparisons\ebyte_e07_400m10s_20260724\e07_400m10s_rx.csv,RX_fixed_window_reanalysis_requires_new_RAW,5,run_00031|run_00032|run_00033|run_00034|run_00035
ebyte_e07_400m10s,RADIO_EBYTE_E07_400M10S,rx,32,1,"{""bit_rate_kbps"": 250, ""cc1101_drive_dbm"": -30}",3300,module radio\ESP32-C3_Radio\power_profiler\results\20260724_234941_radio_ebyte_e07_400m10s_rx,power_profiler\comparisons\ebyte_e07_400m10s_20260724\e07_400m10s_rx.csv,RX_fixed_window_reanalysis_requires_new_RAW,5,run_00036|run_00037|run_00038|run_00039|run_00040
ebyte_e07_400m10s,RADIO_EBYTE_E07_400M10S,rx,64,2,"{""bit_rate_kbps"": 250, ""cc1101_drive_dbm"": -30}",3300,module radio\ESP32-C3_Radio\power_profiler\results\20260724_234941_radio_ebyte_e07_400m10s_rx,power_profiler\comparisons\ebyte_e07_400m10s_20260724\e07_400m10s_rx.csv,RX_fixed_window_reanalysis_requires_new_RAW,5,run_00041|run_00042|run_00043|run_00044|run_00045
ebyte_e07_400m10s,RADIO_EBYTE_E07_400M10S,rx,8,1,"{""bit_rate_kbps"": 1.2, ""cc1101_drive_dbm"": 0}",3300,module radio\ESP32-C3_Radio\power_profiler\results\20260724_234941_radio_ebyte_e07_400m10s_rx,power_profiler\comparisons\ebyte_e07_400m10s_20260724\e07_400m10s_rx.csv,RX_fixed_window_reanalysis_requires_new_RAW,5,run_00046|run_00047|run_00048|run_00049|run_00050
ebyte_e07_400m10s,RADIO_EBYTE_E07_400M10S,rx,32,1,"{""bit_rate_kbps"": 1.2, ""cc1101_drive_dbm"": 0}",3300,module radio\ESP32-C3_Radio\power_profiler\results\20260724_234941_radio_ebyte_e07_400m10s_rx,power_profiler\comparisons\ebyte_e07_400m10s_20260724\e07_400m10s_rx.csv,RX_fixed_window_reanalysis_requires_new_RAW,5,run_00051|run_00052|run_00053|run_00054|run_00055
ebyte_e07_400m10s,RADIO_EBYTE_E07_400M10S,rx,64,2,"{""bit_rate_kbps"": 1.2, ""cc1101_drive_dbm"": 0}",3300,module radio\ESP32-C3_Radio\power_profiler\results\20260724_234941_radio_ebyte_e07_400m10s_rx,power_profiler\comparisons\ebyte_e07_400m10s_20260724\e07_400m10s_rx.csv,RX_fixed_window_reanalysis_requires_new_RAW,5,run_00056|run_00057|run_00058|run_00059|run_00060
ebyte_e07_400m10s,RADIO_EBYTE_E07_400M10S,rx,8,1,"{""bit_rate_kbps"": 38.4, ""cc1101_drive_dbm"": 0}",3300,module radio\ESP32-C3_Radio\power_profiler\results\20260724_234941_radio_ebyte_e07_400m10s_rx,power_profiler\comparisons\ebyte_e07_400m10s_20260724\e07_400m10s_rx.csv,RX_fixed_window_reanalysis_requires_new_RAW,5,run_00061|run_00062|run_00063|run_00064|run_00065
ebyte_e07_400m10s,RADIO_EBYTE_E07_400M10S,rx,32,1,"{""bit_rate_kbps"": 38.4, ""cc1101_drive_dbm"": 0}",3300,module radio\ESP32-C3_Radio\power_profiler\results\20260724_234941_radio_ebyte_e07_400m10s_rx,power_profiler\comparisons\ebyte_e07_400m10s_20260724\e07_400m10s_rx.csv,RX_fixed_window_reanalysis_requires_new_RAW,5,run_00066|run_00067|run_00068|run_00069|run_00070
ebyte_e07_400m10s,RADIO_EBYTE_E07_400M10S,rx,64,2,"{""bit_rate_kbps"": 38.4, ""cc1101_drive_dbm"": 0}",3300,module radio\ESP32-C3_Radio\power_profiler\results\20260724_234941_radio_ebyte_e07_400m10s_rx,power_profiler\comparisons\ebyte_e07_400m10s_20260724\e07_400m10s_rx.csv,RX_fixed_window_reanalysis_requires_new_RAW,5,run_00071|run_00072|run_00073|run_00074|run_00075
ebyte_e07_400m10s,RADIO_EBYTE_E07_400M10S,rx,8,1,"{""bit_rate_kbps"": 250, ""cc1101_drive_dbm"": 0}",3300,module radio\ESP32-C3_Radio\power_profiler\results\20260724_234941_radio_ebyte_e07_400m10s_rx,power_profiler\comparisons\ebyte_e07_400m10s_20260724\e07_400m10s_rx.csv,RX_fixed_window_reanalysis_requires_new_RAW,5,run_00076|run_00077|run_00078|run_00079|run_00080
ebyte_e07_400m10s,RADIO_EBYTE_E07_400M10S,rx,32,1,"{""bit_rate_kbps"": 250, ""cc1101_drive_dbm"": 0}",3300,module radio\ESP32-C3_Radio\power_profiler\results\20260724_234941_radio_ebyte_e07_400m10s_rx,power_profiler\comparisons\ebyte_e07_400m10s_20260724\e07_400m10s_rx.csv,RX_fixed_window_reanalysis_requires_new_RAW,5,run_00081|run_00082|run_00083|run_00084|run_00085
ebyte_e07_400m10s,RADIO_EBYTE_E07_400M10S,rx,64,2,"{""bit_rate_kbps"": 250, ""cc1101_drive_dbm"": 0}",3300,module radio\ESP32-C3_Radio\power_profiler\results\20260724_234941_radio_ebyte_e07_400m10s_rx,power_profiler\comparisons\ebyte_e07_400m10s_20260724\e07_400m10s_rx.csv,RX_fixed_window_reanalysis_requires_new_RAW,5,run_00086|run_00087|run_00088|run_00089|run_00090
ebyte_e07_400m10s,RADIO_EBYTE_E07_400M10S,rx,8,1,"{""bit_rate_kbps"": 1.2, ""cc1101_drive_dbm"": 10}",3300,module radio\ESP32-C3_Radio\power_profiler\results\20260724_234941_radio_ebyte_e07_400m10s_rx,power_profiler\comparisons\ebyte_e07_400m10s_20260724\e07_400m10s_rx.csv,RX_fixed_window_reanalysis_requires_new_RAW,5,run_00091|run_00092|run_00093|run_00094|run_00095
ebyte_e07_400m10s,RADIO_EBYTE_E07_400M10S,rx,32,1,"{""bit_rate_kbps"": 1.2, ""cc1101_drive_dbm"": 10}",3300,module radio\ESP32-C3_Radio\power_profiler\results\20260724_234941_radio_ebyte_e07_400m10s_rx,power_profiler\comparisons\ebyte_e07_400m10s_20260724\e07_400m10s_rx.csv,RX_fixed_window_reanalysis_requires_new_RAW,5,run_00096|run_00097|run_00098|run_00099|run_00100
ebyte_e07_400m10s,RADIO_EBYTE_E07_400M10S,rx,64,2,"{""bit_rate_kbps"": 1.2, ""cc1101_drive_dbm"": 10}",3300,module radio\ESP32-C3_Radio\power_profiler\results\20260724_234941_radio_ebyte_e07_400m10s_rx,power_profiler\comparisons\ebyte_e07_400m10s_20260724\e07_400m10s_rx.csv,RX_fixed_window_reanalysis_requires_new_RAW,5,run_00101|run_00102|run_00103|run_00104|run_00105
ebyte_e07_400m10s,RADIO_EBYTE_E07_400M10S,rx,8,1,"{""bit_rate_kbps"": 38.4, ""cc1101_drive_dbm"": 10}",3300,module radio\ESP32-C3_Radio\power_profiler\results\20260724_234941_radio_ebyte_e07_400m10s_rx,power_profiler\comparisons\ebyte_e07_400m10s_20260724\e07_400m10s_rx.csv,RX_fixed_window_reanalysis_requires_new_RAW,5,run_00106|run_00107|run_00108|run_00109|run_00110
ebyte_e07_400m10s,RADIO_EBYTE_E07_400M10S,rx,32,1,"{""bit_rate_kbps"": 38.4, ""cc1101_drive_dbm"": 10}",3300,module radio\ESP32-C3_Radio\power_profiler\results\20260724_234941_radio_ebyte_e07_400m10s_rx,power_profiler\comparisons\ebyte_e07_400m10s_20260724\e07_400m10s_rx.csv,RX_fixed_window_reanalysis_requires_new_RAW,5,run_00111|run_00112|run_00113|run_00114|run_00115
ebyte_e07_400m10s,RADIO_EBYTE_E07_400M10S,rx,64,2,"{""bit_rate_kbps"": 38.4, ""cc1101_drive_dbm"": 10}",3300,module radio\ESP32-C3_Radio\power_profiler\results\20260724_234941_radio_ebyte_e07_400m10s_rx,power_profiler\comparisons\ebyte_e07_400m10s_20260724\e07_400m10s_rx.csv,RX_fixed_window_reanalysis_requires_new_RAW,5,run_00116|run_00117|run_00118|run_00119|run_00120
ebyte_e07_400m10s,RADIO_EBYTE_E07_400M10S,rx,8,1,"{""bit_rate_kbps"": 250, ""cc1101_drive_dbm"": 10}",3300,module radio\ESP32-C3_Radio\power_profiler\results\20260724_234941_radio_ebyte_e07_400m10s_rx,power_profiler\comparisons\ebyte_e07_400m10s_20260724\e07_400m10s_rx.csv,RX_fixed_window_reanalysis_requires_new_RAW,5,run_00121|run_00122|run_00123|run_00124|run_00125
ebyte_e07_400m10s,RADIO_EBYTE_E07_400M10S,rx,32,1,"{""bit_rate_kbps"": 250, ""cc1101_drive_dbm"": 10}",3300,module radio\ESP32-C3_Radio\power_profiler\results\20260724_234941_radio_ebyte_e07_400m10s_rx,power_profiler\comparisons\ebyte_e07_400m10s_20260724\e07_400m10s_rx.csv,RX_fixed_window_reanalysis_requires_new_RAW,5,run_00126|run_00127|run_00128|run_00129|run_00130
ebyte_e07_400m10s,RADIO_EBYTE_E07_400M10S,rx,64,2,"{""bit_rate_kbps"": 250, ""cc1101_drive_dbm"": 10}",3300,module radio\ESP32-C3_Radio\power_profiler\results\20260724_234941_radio_ebyte_e07_400m10s_rx,power_profiler\comparisons\ebyte_e07_400m10s_20260724\e07_400m10s_rx.csv,RX_fixed_window_reanalysis_requires_new_RAW,5,run_00131|run_00132|run_00133|run_00134|run_00135
ebyte_e07_433m20s,RADIO_EBYTE_E07_433M20S,tx,8,1,"{""bit_rate_kbps"": 1.2, ""cc1101_drive_dbm"": -30}",3300,module radio\ESP32-C3_Radio\power_profiler\results\20260725_001453_radio_ebyte_e07_433m20s,power_profiler\comparisons\ebyte_e07_433m20s_20260725\e07_433m20s_tx.csv,archive_completeness_only_no_invalidity_proven,5,run_00001|run_00002|run_00003|run_00004|run_00005
ebyte_e07_433m20s,RADIO_EBYTE_E07_433M20S,tx,32,1,"{""bit_rate_kbps"": 1.2, ""cc1101_drive_dbm"": -30}",3300,module radio\ESP32-C3_Radio\power_profiler\results\20260725_001453_radio_ebyte_e07_433m20s,power_profiler\comparisons\ebyte_e07_433m20s_20260725\e07_433m20s_tx.csv,archive_completeness_only_no_invalidity_proven,5,run_00006|run_00007|run_00008|run_00009|run_00010
ebyte_e07_433m20s,RADIO_EBYTE_E07_433M20S,tx,64,2,"{""bit_rate_kbps"": 1.2, ""cc1101_drive_dbm"": -30}",3300,module radio\ESP32-C3_Radio\power_profiler\results\20260725_001453_radio_ebyte_e07_433m20s,power_profiler\comparisons\ebyte_e07_433m20s_20260725\e07_433m20s_tx.csv,archive_completeness_only_no_invalidity_proven,5,run_00011|run_00012|run_00013|run_00014|run_00015
ebyte_e07_433m20s,RADIO_EBYTE_E07_433M20S,tx,8,1,"{""bit_rate_kbps"": 38.4, ""cc1101_drive_dbm"": -30}",3300,module radio\ESP32-C3_Radio\power_profiler\results\20260725_001453_radio_ebyte_e07_433m20s,power_profiler\comparisons\ebyte_e07_433m20s_20260725\e07_433m20s_tx.csv,archive_completeness_only_no_invalidity_proven,5,run_00016|run_00017|run_00018|run_00019|run_00020
ebyte_e07_433m20s,RADIO_EBYTE_E07_433M20S,tx,32,1,"{""bit_rate_kbps"": 38.4, ""cc1101_drive_dbm"": -30}",3300,module radio\ESP32-C3_Radio\power_profiler\results\20260725_001453_radio_ebyte_e07_433m20s,power_profiler\comparisons\ebyte_e07_433m20s_20260725\e07_433m20s_tx.csv,archive_completeness_only_no_invalidity_proven,5,run_00021|run_00022|run_00023|run_00024|run_00025
ebyte_e07_433m20s,RADIO_EBYTE_E07_433M20S,tx,64,2,"{""bit_rate_kbps"": 38.4, ""cc1101_drive_dbm"": -30}",3300,module radio\ESP32-C3_Radio\power_profiler\results\20260725_001453_radio_ebyte_e07_433m20s,power_profiler\comparisons\ebyte_e07_433m20s_20260725\e07_433m20s_tx.csv,archive_completeness_only_no_invalidity_proven,5,run_00026|run_00027|run_00028|run_00029|run_00030
ebyte_e07_433m20s,RADIO_EBYTE_E07_433M20S,tx,8,1,"{""bit_rate_kbps"": 250, ""cc1101_drive_dbm"": -30}",3300,module radio\ESP32-C3_Radio\power_profiler\results\20260725_001453_radio_ebyte_e07_433m20s,power_profiler\comparisons\ebyte_e07_433m20s_20260725\e07_433m20s_tx.csv,archive_completeness_only_no_invalidity_proven,5,run_00031|run_00032|run_00033|run_00034|run_00035
ebyte_e07_433m20s,RADIO_EBYTE_E07_433M20S,tx,32,1,"{""bit_rate_kbps"": 250, ""cc1101_drive_dbm"": -30}",3300,module radio\ESP32-C3_Radio\power_profiler\results\20260725_001453_radio_ebyte_e07_433m20s,power_profiler\comparisons\ebyte_e07_433m20s_20260725\e07_433m20s_tx.csv,archive_completeness_only_no_invalidity_proven,5,run_00036|run_00037|run_00038|run_00039|run_00040
ebyte_e07_433m20s,RADIO_EBYTE_E07_433M20S,tx,64,2,"{""bit_rate_kbps"": 250, ""cc1101_drive_dbm"": -30}",3300,module radio\ESP32-C3_Radio\power_profiler\results\20260725_001453_radio_ebyte_e07_433m20s,power_profiler\comparisons\ebyte_e07_433m20s_20260725\e07_433m20s_tx.csv,archive_completeness_only_no_invalidity_proven,5,run_00041|run_00042|run_00043|run_00044|run_00045
ebyte_e07_433m20s,RADIO_EBYTE_E07_433M20S,tx,8,1,"{""bit_rate_kbps"": 1.2, ""cc1101_drive_dbm"": 0}",3300,module radio\ESP32-C3_Radio\power_profiler\results\20260725_001453_radio_ebyte_e07_433m20s,power_profiler\comparisons\ebyte_e07_433m20s_20260725\e07_433m20s_tx.csv,archive_completeness_only_no_invalidity_proven,5,run_00046|run_00047|run_00048|run_00049|run_00050
ebyte_e07_433m20s,RADIO_EBYTE_E07_433M20S,tx,32,1,"{""bit_rate_kbps"": 1.2, ""cc1101_drive_dbm"": 0}",3300,module radio\ESP32-C3_Radio\power_profiler\results\20260725_001453_radio_ebyte_e07_433m20s,power_profiler\comparisons\ebyte_e07_433m20s_20260725\e07_433m20s_tx.csv,archive_completeness_only_no_invalidity_proven,5,run_00051|run_00052|run_00053|run_00054|run_00055
ebyte_e07_433m20s,RADIO_EBYTE_E07_433M20S,tx,64,2,"{""bit_rate_kbps"": 1.2, ""cc1101_drive_dbm"": 0}",3300,module radio\ESP32-C3_Radio\power_profiler\results\20260725_001453_radio_ebyte_e07_433m20s,power_profiler\comparisons\ebyte_e07_433m20s_20260725\e07_433m20s_tx.csv,archive_completeness_only_no_invalidity_proven,5,run_00056|run_00057|run_00058|run_00059|run_00060
ebyte_e07_433m20s,RADIO_EBYTE_E07_433M20S,tx,8,1,"{""bit_rate_kbps"": 38.4, ""cc1101_drive_dbm"": 0}",3300,module radio\ESP32-C3_Radio\power_profiler\results\20260725_001453_radio_ebyte_e07_433m20s,power_profiler\comparisons\ebyte_e07_433m20s_20260725\e07_433m20s_tx.csv,archive_completeness_only_no_invalidity_proven,5,run_00061|run_00062|run_00063|run_00064|run_00065
ebyte_e07_433m20s,RADIO_EBYTE_E07_433M20S,tx,32,1,"{""bit_rate_kbps"": 38.4, ""cc1101_drive_dbm"": 0}",3300,module radio\ESP32-C3_Radio\power_profiler\results\20260725_001453_radio_ebyte_e07_433m20s,power_profiler\comparisons\ebyte_e07_433m20s_20260725\e07_433m20s_tx.csv,archive_completeness_only_no_invalidity_proven,5,run_00066|run_00067|run_00068|run_00069|run_00070
ebyte_e07_433m20s,RADIO_EBYTE_E07_433M20S,tx,64,2,"{""bit_rate_kbps"": 38.4, ""cc1101_drive_dbm"": 0}",3300,module radio\ESP32-C3_Radio\power_profiler\results\20260725_001453_radio_ebyte_e07_433m20s,power_profiler\comparisons\ebyte_e07_433m20s_20260725\e07_433m20s_tx.csv,archive_completeness_only_no_invalidity_proven,5,run_00071|run_00072|run_00073|run_00074|run_00075
ebyte_e07_433m20s,RADIO_EBYTE_E07_433M20S,tx,8,1,"{""bit_rate_kbps"": 250, ""cc1101_drive_dbm"": 0}",3300,module radio\ESP32-C3_Radio\power_profiler\results\20260725_001453_radio_ebyte_e07_433m20s,power_profiler\comparisons\ebyte_e07_433m20s_20260725\e07_433m20s_tx.csv,archive_completeness_only_no_invalidity_proven,5,run_00076|run_00077|run_00078|run_00079|run_00080
ebyte_e07_433m20s,RADIO_EBYTE_E07_433M20S,tx,32,1,"{""bit_rate_kbps"": 250, ""cc1101_drive_dbm"": 0}",3300,module radio\ESP32-C3_Radio\power_profiler\results\20260725_001453_radio_ebyte_e07_433m20s,power_profiler\comparisons\ebyte_e07_433m20s_20260725\e07_433m20s_tx.csv,archive_completeness_only_no_invalidity_proven,5,run_00081|run_00082|run_00083|run_00084|run_00085
ebyte_e07_433m20s,RADIO_EBYTE_E07_433M20S,tx,64,2,"{""bit_rate_kbps"": 250, ""cc1101_drive_dbm"": 0}",3300,module radio\ESP32-C3_Radio\power_profiler\results\20260725_001453_radio_ebyte_e07_433m20s,power_profiler\comparisons\ebyte_e07_433m20s_20260725\e07_433m20s_tx.csv,archive_completeness_only_no_invalidity_proven,5,run_00086|run_00087|run_00088|run_00089|run_00090
ebyte_e07_433m20s,RADIO_EBYTE_E07_433M20S,tx,8,1,"{""bit_rate_kbps"": 1.2, ""cc1101_drive_dbm"": 10}",3300,module radio\ESP32-C3_Radio\power_profiler\results\20260725_001453_radio_ebyte_e07_433m20s,power_profiler\comparisons\ebyte_e07_433m20s_20260725\e07_433m20s_tx.csv,archive_completeness_only_no_invalidity_proven,5,run_00091|run_00092|run_00093|run_00094|run_00095
ebyte_e07_433m20s,RADIO_EBYTE_E07_433M20S,tx,32,1,"{""bit_rate_kbps"": 1.2, ""cc1101_drive_dbm"": 10}",3300,module radio\ESP32-C3_Radio\power_profiler\results\20260725_001453_radio_ebyte_e07_433m20s,power_profiler\comparisons\ebyte_e07_433m20s_20260725\e07_433m20s_tx.csv,archive_completeness_only_no_invalidity_proven,5,run_00096|run_00097|run_00098|run_00099|run_00100
ebyte_e07_433m20s,RADIO_EBYTE_E07_433M20S,tx,64,2,"{""bit_rate_kbps"": 1.2, ""cc1101_drive_dbm"": 10}",3300,module radio\ESP32-C3_Radio\power_profiler\results\20260725_001453_radio_ebyte_e07_433m20s,power_profiler\comparisons\ebyte_e07_433m20s_20260725\e07_433m20s_tx.csv,archive_completeness_only_no_invalidity_proven,5,run_00101|run_00102|run_00103|run_00104|run_00105
ebyte_e07_433m20s,RADIO_EBYTE_E07_433M20S,tx,8,1,"{""bit_rate_kbps"": 38.4, ""cc1101_drive_dbm"": 10}",3300,module radio\ESP32-C3_Radio\power_profiler\results\20260725_001453_radio_ebyte_e07_433m20s,power_profiler\comparisons\ebyte_e07_433m20s_20260725\e07_433m20s_tx.csv,archive_completeness_only_no_invalidity_proven,5,run_00106|run_00107|run_00108|run_00109|run_00110
ebyte_e07_433m20s,RADIO_EBYTE_E07_433M20S,tx,32,1,"{""bit_rate_kbps"": 38.4, ""cc1101_drive_dbm"": 10}",3300,module radio\ESP32-C3_Radio\power_profiler\results\20260725_001453_radio_ebyte_e07_433m20s,power_profiler\comparisons\ebyte_e07_433m20s_20260725\e07_433m20s_tx.csv,archive_completeness_only_no_invalidity_proven,5,run_00111|run_00112|run_00113|run_00114|run_00115
ebyte_e07_433m20s,RADIO_EBYTE_E07_433M20S,tx,64,2,"{""bit_rate_kbps"": 38.4, ""cc1101_drive_dbm"": 10}",3300,module radio\ESP32-C3_Radio\power_profiler\results\20260725_001453_radio_ebyte_e07_433m20s,power_profiler\comparisons\ebyte_e07_433m20s_20260725\e07_433m20s_tx.csv,archive_completeness_only_no_invalidity_proven,5,run_00116|run_00117|run_00118|run_00119|run_00120
ebyte_e07_433m20s,RADIO_EBYTE_E07_433M20S,tx,8,1,"{""bit_rate_kbps"": 250, ""cc1101_drive_dbm"": 10}",3300,module radio\ESP32-C3_Radio\power_profiler\results\20260725_001453_radio_ebyte_e07_433m20s,power_profiler\comparisons\ebyte_e07_433m20s_20260725\e07_433m20s_tx.csv,archive_completeness_only_no_invalidity_proven,5,run_00121|run_00122|run_00123|run_00124|run_00125
ebyte_e07_433m20s,RADIO_EBYTE_E07_433M20S,tx,32,1,"{""bit_rate_kbps"": 250, ""cc1101_drive_dbm"": 10}",3300,module radio\ESP32-C3_Radio\power_profiler\results\20260725_001453_radio_ebyte_e07_433m20s,power_profiler\comparisons\ebyte_e07_433m20s_20260725\e07_433m20s_tx.csv,archive_completeness_only_no_invalidity_proven,5,run_00126|run_00127|run_00128|run_00129|run_00130
ebyte_e07_433m20s,RADIO_EBYTE_E07_433M20S,tx,64,2,"{""bit_rate_kbps"": 250, ""cc1101_drive_dbm"": 10}",3300,module radio\ESP32-C3_Radio\power_profiler\results\20260725_001453_radio_ebyte_e07_433m20s,power_profiler\comparisons\ebyte_e07_433m20s_20260725\e07_433m20s_tx.csv,archive_completeness_only_no_invalidity_proven,5,run_00131|run_00132|run_00133|run_00134|run_00135
ebyte_e07_433m20s,RADIO_EBYTE_E07_433M20S,rx,8,1,"{""bit_rate_kbps"": 1.2, ""cc1101_drive_dbm"": -30}",3300,module radio\ESP32-C3_Radio\power_profiler\results\20260725_002027_radio_ebyte_e07_433m20s_rx,power_profiler\comparisons\ebyte_e07_433m20s_20260725\e07_433m20s_rx.csv,RX_fixed_window_reanalysis_requires_new_RAW,5,run_00001|run_00002|run_00003|run_00004|run_00005
ebyte_e07_433m20s,RADIO_EBYTE_E07_433M20S,rx,32,1,"{""bit_rate_kbps"": 1.2, ""cc1101_drive_dbm"": -30}",3300,module radio\ESP32-C3_Radio\power_profiler\results\20260725_002027_radio_ebyte_e07_433m20s_rx,power_profiler\comparisons\ebyte_e07_433m20s_20260725\e07_433m20s_rx.csv,RX_fixed_window_reanalysis_requires_new_RAW,5,run_00006|run_00007|run_00008|run_00009|run_00010
ebyte_e07_433m20s,RADIO_EBYTE_E07_433M20S,rx,64,2,"{""bit_rate_kbps"": 1.2, ""cc1101_drive_dbm"": -30}",3300,module radio\ESP32-C3_Radio\power_profiler\results\20260725_002027_radio_ebyte_e07_433m20s_rx,power_profiler\comparisons\ebyte_e07_433m20s_20260725\e07_433m20s_rx.csv,RX_fixed_window_reanalysis_requires_new_RAW,5,run_00011|run_00012|run_00013|run_00014|run_00015
ebyte_e07_433m20s,RADIO_EBYTE_E07_433M20S,rx,8,1,"{""bit_rate_kbps"": 38.4, ""cc1101_drive_dbm"": -30}",3300,module radio\ESP32-C3_Radio\power_profiler\results\20260725_002027_radio_ebyte_e07_433m20s_rx,power_profiler\comparisons\ebyte_e07_433m20s_20260725\e07_433m20s_rx.csv,RX_fixed_window_reanalysis_requires_new_RAW,5,run_00016|run_00017|run_00018|run_00019|run_00020
ebyte_e07_433m20s,RADIO_EBYTE_E07_433M20S,rx,32,1,"{""bit_rate_kbps"": 38.4, ""cc1101_drive_dbm"": -30}",3300,module radio\ESP32-C3_Radio\power_profiler\results\20260725_002027_radio_ebyte_e07_433m20s_rx,power_profiler\comparisons\ebyte_e07_433m20s_20260725\e07_433m20s_rx.csv,RX_fixed_window_reanalysis_requires_new_RAW,5,run_00021|run_00022|run_00023|run_00024|run_00025
ebyte_e07_433m20s,RADIO_EBYTE_E07_433M20S,rx,64,2,"{""bit_rate_kbps"": 38.4, ""cc1101_drive_dbm"": -30}",3300,module radio\ESP32-C3_Radio\power_profiler\results\20260725_002027_radio_ebyte_e07_433m20s_rx,power_profiler\comparisons\ebyte_e07_433m20s_20260725\e07_433m20s_rx.csv,RX_fixed_window_reanalysis_requires_new_RAW,5,run_00026|run_00027|run_00028|run_00029|run_00030
ebyte_e07_433m20s,RADIO_EBYTE_E07_433M20S,rx,8,1,"{""bit_rate_kbps"": 250, ""cc1101_drive_dbm"": -30}",3300,module radio\ESP32-C3_Radio\power_profiler\results\20260725_002027_radio_ebyte_e07_433m20s_rx,power_profiler\comparisons\ebyte_e07_433m20s_20260725\e07_433m20s_rx.csv,RX_fixed_window_reanalysis_requires_new_RAW,5,run_00031|run_00032|run_00033|run_00034|run_00035
ebyte_e07_433m20s,RADIO_EBYTE_E07_433M20S,rx,32,1,"{""bit_rate_kbps"": 250, ""cc1101_drive_dbm"": -30}",3300,module radio\ESP32-C3_Radio\power_profiler\results\20260725_002027_radio_ebyte_e07_433m20s_rx,power_profiler\comparisons\ebyte_e07_433m20s_20260725\e07_433m20s_rx.csv,RX_fixed_window_reanalysis_requires_new_RAW,5,run_00036|run_00037|run_00038|run_00039|run_00040
ebyte_e07_433m20s,RADIO_EBYTE_E07_433M20S,rx,64,2,"{""bit_rate_kbps"": 250, ""cc1101_drive_dbm"": -30}",3300,module radio\ESP32-C3_Radio\power_profiler\results\20260725_002027_radio_ebyte_e07_433m20s_rx,power_profiler\comparisons\ebyte_e07_433m20s_20260725\e07_433m20s_rx.csv,RX_fixed_window_reanalysis_requires_new_RAW,5,run_00041|run_00042|run_00043|run_00044|run_00045
ebyte_e07_433m20s,RADIO_EBYTE_E07_433M20S,rx,8,1,"{""bit_rate_kbps"": 1.2, ""cc1101_drive_dbm"": 0}",3300,module radio\ESP32-C3_Radio\power_profiler\results\20260725_002027_radio_ebyte_e07_433m20s_rx,power_profiler\comparisons\ebyte_e07_433m20s_20260725\e07_433m20s_rx.csv,RX_fixed_window_reanalysis_requires_new_RAW,5,run_00046|run_00047|run_00048|run_00049|run_00050
ebyte_e07_433m20s,RADIO_EBYTE_E07_433M20S,rx,32,1,"{""bit_rate_kbps"": 1.2, ""cc1101_drive_dbm"": 0}",3300,module radio\ESP32-C3_Radio\power_profiler\results\20260725_002027_radio_ebyte_e07_433m20s_rx,power_profiler\comparisons\ebyte_e07_433m20s_20260725\e07_433m20s_rx.csv,RX_fixed_window_reanalysis_requires_new_RAW,5,run_00051|run_00052|run_00053|run_00054|run_00055
ebyte_e07_433m20s,RADIO_EBYTE_E07_433M20S,rx,64,2,"{""bit_rate_kbps"": 1.2, ""cc1101_drive_dbm"": 0}",3300,module radio\ESP32-C3_Radio\power_profiler\results\20260725_002027_radio_ebyte_e07_433m20s_rx,power_profiler\comparisons\ebyte_e07_433m20s_20260725\e07_433m20s_rx.csv,RX_fixed_window_reanalysis_requires_new_RAW,5,run_00056|run_00057|run_00058|run_00059|run_00060
ebyte_e07_433m20s,RADIO_EBYTE_E07_433M20S,rx,8,1,"{""bit_rate_kbps"": 38.4, ""cc1101_drive_dbm"": 0}",3300,module radio\ESP32-C3_Radio\power_profiler\results\20260725_002027_radio_ebyte_e07_433m20s_rx,power_profiler\comparisons\ebyte_e07_433m20s_20260725\e07_433m20s_rx.csv,RX_fixed_window_reanalysis_requires_new_RAW,5,run_00061|run_00062|run_00063|run_00064|run_00065
ebyte_e07_433m20s,RADIO_EBYTE_E07_433M20S,rx,32,1,"{""bit_rate_kbps"": 38.4, ""cc1101_drive_dbm"": 0}",3300,module radio\ESP32-C3_Radio\power_profiler\results\20260725_002027_radio_ebyte_e07_433m20s_rx,power_profiler\comparisons\ebyte_e07_433m20s_20260725\e07_433m20s_rx.csv,RX_fixed_window_reanalysis_requires_new_RAW,5,run_00066|run_00067|run_00068|run_00069|run_00070
ebyte_e07_433m20s,RADIO_EBYTE_E07_433M20S,rx,64,2,"{""bit_rate_kbps"": 38.4, ""cc1101_drive_dbm"": 0}",3300,module radio\ESP32-C3_Radio\power_profiler\results\20260725_002027_radio_ebyte_e07_433m20s_rx,power_profiler\comparisons\ebyte_e07_433m20s_20260725\e07_433m20s_rx.csv,RX_fixed_window_reanalysis_requires_new_RAW,5,run_00071|run_00072|run_00073|run_00074|run_00075
ebyte_e07_433m20s,RADIO_EBYTE_E07_433M20S,rx,8,1,"{""bit_rate_kbps"": 250, ""cc1101_drive_dbm"": 0}",3300,module radio\ESP32-C3_Radio\power_profiler\results\20260725_002027_radio_ebyte_e07_433m20s_rx,power_profiler\comparisons\ebyte_e07_433m20s_20260725\e07_433m20s_rx.csv,RX_fixed_window_reanalysis_requires_new_RAW,5,run_00076|run_00077|run_00078|run_00079|run_00080
ebyte_e07_433m20s,RADIO_EBYTE_E07_433M20S,rx,32,1,"{""bit_rate_kbps"": 250, ""cc1101_drive_dbm"": 0}",3300,module radio\ESP32-C3_Radio\power_profiler\results\20260725_002027_radio_ebyte_e07_433m20s_rx,power_profiler\comparisons\ebyte_e07_433m20s_20260725\e07_433m20s_rx.csv,RX_fixed_window_reanalysis_requires_new_RAW,5,run_00081|run_00082|run_00083|run_00084|run_00085
ebyte_e07_433m20s,RADIO_EBYTE_E07_433M20S,rx,64,2,"{""bit_rate_kbps"": 250, ""cc1101_drive_dbm"": 0}",3300,module radio\ESP32-C3_Radio\power_profiler\results\20260725_002027_radio_ebyte_e07_433m20s_rx,power_profiler\comparisons\ebyte_e07_433m20s_20260725\e07_433m20s_rx.csv,RX_fixed_window_reanalysis_requires_new_RAW,5,run_00086|run_00087|run_00088|run_00089|run_00090
ebyte_e07_433m20s,RADIO_EBYTE_E07_433M20S,rx,8,1,"{""bit_rate_kbps"": 1.2, ""cc1101_drive_dbm"": 10}",3300,module radio\ESP32-C3_Radio\power_profiler\results\20260725_002027_radio_ebyte_e07_433m20s_rx,power_profiler\comparisons\ebyte_e07_433m20s_20260725\e07_433m20s_rx.csv,RX_fixed_window_reanalysis_requires_new_RAW,5,run_00091|run_00092|run_00093|run_00094|run_00095
ebyte_e07_433m20s,RADIO_EBYTE_E07_433M20S,rx,32,1,"{""bit_rate_kbps"": 1.2, ""cc1101_drive_dbm"": 10}",3300,module radio\ESP32-C3_Radio\power_profiler\results\20260725_002027_radio_ebyte_e07_433m20s_rx,power_profiler\comparisons\ebyte_e07_433m20s_20260725\e07_433m20s_rx.csv,RX_fixed_window_reanalysis_requires_new_RAW,5,run_00096|run_00097|run_00098|run_00099|run_00100
ebyte_e07_433m20s,RADIO_EBYTE_E07_433M20S,rx,64,2,"{""bit_rate_kbps"": 1.2, ""cc1101_drive_dbm"": 10}",3300,module radio\ESP32-C3_Radio\power_profiler\results\20260725_002027_radio_ebyte_e07_433m20s_rx,power_profiler\comparisons\ebyte_e07_433m20s_20260725\e07_433m20s_rx.csv,RX_fixed_window_reanalysis_requires_new_RAW,5,run_00101|run_00102|run_00103|run_00104|run_00105
ebyte_e07_433m20s,RADIO_EBYTE_E07_433M20S,rx,8,1,"{""bit_rate_kbps"": 38.4, ""cc1101_drive_dbm"": 10}",3300,module radio\ESP32-C3_Radio\power_profiler\results\20260725_002027_radio_ebyte_e07_433m20s_rx,power_profiler\comparisons\ebyte_e07_433m20s_20260725\e07_433m20s_rx.csv,RX_fixed_window_reanalysis_requires_new_RAW,5,run_00106|run_00107|run_00108|run_00109|run_00110
ebyte_e07_433m20s,RADIO_EBYTE_E07_433M20S,rx,32,1,"{""bit_rate_kbps"": 38.4, ""cc1101_drive_dbm"": 10}",3300,module radio\ESP32-C3_Radio\power_profiler\results\20260725_002027_radio_ebyte_e07_433m20s_rx,power_profiler\comparisons\ebyte_e07_433m20s_20260725\e07_433m20s_rx.csv,RX_fixed_window_reanalysis_requires_new_RAW,5,run_00111|run_00112|run_00113|run_00114|run_00115
ebyte_e07_433m20s,RADIO_EBYTE_E07_433M20S,rx,64,2,"{""bit_rate_kbps"": 38.4, ""cc1101_drive_dbm"": 10}",3300,module radio\ESP32-C3_Radio\power_profiler\results\20260725_002027_radio_ebyte_e07_433m20s_rx,power_profiler\comparisons\ebyte_e07_433m20s_20260725\e07_433m20s_rx.csv,RX_fixed_window_reanalysis_requires_new_RAW,5,run_00116|run_00117|run_00118|run_00119|run_00120
ebyte_e07_433m20s,RADIO_EBYTE_E07_433M20S,rx,8,1,"{""bit_rate_kbps"": 250, ""cc1101_drive_dbm"": 10}",3300,module radio\ESP32-C3_Radio\power_profiler\results\20260725_002027_radio_ebyte_e07_433m20s_rx,power_profiler\comparisons\ebyte_e07_433m20s_20260725\e07_433m20s_rx.csv,RX_fixed_window_reanalysis_requires_new_RAW,5,run_00121|run_00122|run_00123|run_00124|run_00125
ebyte_e07_433m20s,RADIO_EBYTE_E07_433M20S,rx,32,1,"{""bit_rate_kbps"": 250, ""cc1101_drive_dbm"": 10}",3300,module radio\ESP32-C3_Radio\power_profiler\results\20260725_002027_radio_ebyte_e07_433m20s_rx,power_profiler\comparisons\ebyte_e07_433m20s_20260725\e07_433m20s_rx.csv,RX_fixed_window_reanalysis_requires_new_RAW,5,run_00126|run_00127|run_00128|run_00129|run_00130
ebyte_e07_433m20s,RADIO_EBYTE_E07_433M20S,rx,64,2,"{""bit_rate_kbps"": 250, ""cc1101_drive_dbm"": 10}",3300,module radio\ESP32-C3_Radio\power_profiler\results\20260725_002027_radio_ebyte_e07_433m20s_rx,power_profiler\comparisons\ebyte_e07_433m20s_20260725\e07_433m20s_rx.csv,RX_fixed_window_reanalysis_requires_new_RAW,5,run_00131|run_00132|run_00133|run_00134|run_00135
ebyte_e07_900mm10s,RADIO_EBYTE_E07_900MM10S,tx,8,1,"{""bit_rate_kbps"": 1.2, ""cc1101_drive_dbm"": -30}",3300,module radio\ESP32-C3_Radio\power_profiler\results\20260725_105024_radio_ebyte_e07_900mm10s,power_profiler\comparisons\ebyte_e07_900mm10s_20260725\e07_900mm10s_tx.csv,archive_completeness_only_no_invalidity_proven,5,run_00001|run_00002|run_00003|run_00004|run_00005
ebyte_e07_900mm10s,RADIO_EBYTE_E07_900MM10S,tx,32,1,"{""bit_rate_kbps"": 1.2, ""cc1101_drive_dbm"": -30}",3300,module radio\ESP32-C3_Radio\power_profiler\results\20260725_105024_radio_ebyte_e07_900mm10s,power_profiler\comparisons\ebyte_e07_900mm10s_20260725\e07_900mm10s_tx.csv,archive_completeness_only_no_invalidity_proven,5,run_00006|run_00007|run_00008|run_00009|run_00010
ebyte_e07_900mm10s,RADIO_EBYTE_E07_900MM10S,tx,64,2,"{""bit_rate_kbps"": 1.2, ""cc1101_drive_dbm"": -30}",3300,module radio\ESP32-C3_Radio\power_profiler\results\20260725_105024_radio_ebyte_e07_900mm10s,power_profiler\comparisons\ebyte_e07_900mm10s_20260725\e07_900mm10s_tx.csv,archive_completeness_only_no_invalidity_proven,5,run_00011|run_00012|run_00013|run_00014|run_00015
ebyte_e07_900mm10s,RADIO_EBYTE_E07_900MM10S,tx,8,1,"{""bit_rate_kbps"": 38.4, ""cc1101_drive_dbm"": -30}",3300,module radio\ESP32-C3_Radio\power_profiler\results\20260725_105024_radio_ebyte_e07_900mm10s,power_profiler\comparisons\ebyte_e07_900mm10s_20260725\e07_900mm10s_tx.csv,archive_completeness_only_no_invalidity_proven,5,run_00016|run_00017|run_00018|run_00019|run_00020
ebyte_e07_900mm10s,RADIO_EBYTE_E07_900MM10S,tx,32,1,"{""bit_rate_kbps"": 38.4, ""cc1101_drive_dbm"": -30}",3300,module radio\ESP32-C3_Radio\power_profiler\results\20260725_105024_radio_ebyte_e07_900mm10s,power_profiler\comparisons\ebyte_e07_900mm10s_20260725\e07_900mm10s_tx.csv,archive_completeness_only_no_invalidity_proven,5,run_00021|run_00022|run_00023|run_00024|run_00025
ebyte_e07_900mm10s,RADIO_EBYTE_E07_900MM10S,tx,64,2,"{""bit_rate_kbps"": 38.4, ""cc1101_drive_dbm"": -30}",3300,module radio\ESP32-C3_Radio\power_profiler\results\20260725_105024_radio_ebyte_e07_900mm10s,power_profiler\comparisons\ebyte_e07_900mm10s_20260725\e07_900mm10s_tx.csv,archive_completeness_only_no_invalidity_proven,5,run_00026|run_00027|run_00028|run_00029|run_00030
ebyte_e07_900mm10s,RADIO_EBYTE_E07_900MM10S,tx,8,1,"{""bit_rate_kbps"": 250, ""cc1101_drive_dbm"": -30}",3300,module radio\ESP32-C3_Radio\power_profiler\results\20260725_105024_radio_ebyte_e07_900mm10s,power_profiler\comparisons\ebyte_e07_900mm10s_20260725\e07_900mm10s_tx.csv,archive_completeness_only_no_invalidity_proven,5,run_00031|run_00032|run_00033|run_00034|run_00035
ebyte_e07_900mm10s,RADIO_EBYTE_E07_900MM10S,tx,32,1,"{""bit_rate_kbps"": 250, ""cc1101_drive_dbm"": -30}",3300,module radio\ESP32-C3_Radio\power_profiler\results\20260725_105024_radio_ebyte_e07_900mm10s,power_profiler\comparisons\ebyte_e07_900mm10s_20260725\e07_900mm10s_tx.csv,archive_completeness_only_no_invalidity_proven,5,run_00036|run_00037|run_00038|run_00039|run_00040
ebyte_e07_900mm10s,RADIO_EBYTE_E07_900MM10S,tx,64,2,"{""bit_rate_kbps"": 250, ""cc1101_drive_dbm"": -30}",3300,module radio\ESP32-C3_Radio\power_profiler\results\20260725_105024_radio_ebyte_e07_900mm10s,power_profiler\comparisons\ebyte_e07_900mm10s_20260725\e07_900mm10s_tx.csv,archive_completeness_only_no_invalidity_proven,5,run_00041|run_00042|run_00043|run_00044|run_00045
ebyte_e07_900mm10s,RADIO_EBYTE_E07_900MM10S,tx,8,1,"{""bit_rate_kbps"": 1.2, ""cc1101_drive_dbm"": 0}",3300,module radio\ESP32-C3_Radio\power_profiler\results\20260725_105024_radio_ebyte_e07_900mm10s,power_profiler\comparisons\ebyte_e07_900mm10s_20260725\e07_900mm10s_tx.csv,archive_completeness_only_no_invalidity_proven,5,run_00046|run_00047|run_00048|run_00049|run_00050
ebyte_e07_900mm10s,RADIO_EBYTE_E07_900MM10S,tx,32,1,"{""bit_rate_kbps"": 1.2, ""cc1101_drive_dbm"": 0}",3300,module radio\ESP32-C3_Radio\power_profiler\results\20260725_105024_radio_ebyte_e07_900mm10s,power_profiler\comparisons\ebyte_e07_900mm10s_20260725\e07_900mm10s_tx.csv,archive_completeness_only_no_invalidity_proven,5,run_00051|run_00052|run_00053|run_00054|run_00055
ebyte_e07_900mm10s,RADIO_EBYTE_E07_900MM10S,tx,64,2,"{""bit_rate_kbps"": 1.2, ""cc1101_drive_dbm"": 0}",3300,module radio\ESP32-C3_Radio\power_profiler\results\20260725_105024_radio_ebyte_e07_900mm10s,power_profiler\comparisons\ebyte_e07_900mm10s_20260725\e07_900mm10s_tx.csv,archive_completeness_only_no_invalidity_proven,5,run_00056|run_00057|run_00058|run_00059|run_00060
ebyte_e07_900mm10s,RADIO_EBYTE_E07_900MM10S,tx,8,1,"{""bit_rate_kbps"": 38.4, ""cc1101_drive_dbm"": 0}",3300,module radio\ESP32-C3_Radio\power_profiler\results\20260725_105024_radio_ebyte_e07_900mm10s,power_profiler\comparisons\ebyte_e07_900mm10s_20260725\e07_900mm10s_tx.csv,archive_completeness_only_no_invalidity_proven,5,run_00061|run_00062|run_00063|run_00064|run_00065
ebyte_e07_900mm10s,RADIO_EBYTE_E07_900MM10S,tx,32,1,"{""bit_rate_kbps"": 38.4, ""cc1101_drive_dbm"": 0}",3300,module radio\ESP32-C3_Radio\power_profiler\results\20260725_105024_radio_ebyte_e07_900mm10s,power_profiler\comparisons\ebyte_e07_900mm10s_20260725\e07_900mm10s_tx.csv,archive_completeness_only_no_invalidity_proven,5,run_00066|run_00067|run_00068|run_00069|run_00070
ebyte_e07_900mm10s,RADIO_EBYTE_E07_900MM10S,tx,64,2,"{""bit_rate_kbps"": 38.4, ""cc1101_drive_dbm"": 0}",3300,module radio\ESP32-C3_Radio\power_profiler\results\20260725_105024_radio_ebyte_e07_900mm10s,power_profiler\comparisons\ebyte_e07_900mm10s_20260725\e07_900mm10s_tx.csv,archive_completeness_only_no_invalidity_proven,5,run_00071|run_00072|run_00073|run_00074|run_00075
ebyte_e07_900mm10s,RADIO_EBYTE_E07_900MM10S,tx,8,1,"{""bit_rate_kbps"": 250, ""cc1101_drive_dbm"": 0}",3300,module radio\ESP32-C3_Radio\power_profiler\results\20260725_105024_radio_ebyte_e07_900mm10s,power_profiler\comparisons\ebyte_e07_900mm10s_20260725\e07_900mm10s_tx.csv,archive_completeness_only_no_invalidity_proven,5,run_00076|run_00077|run_00078|run_00079|run_00080
ebyte_e07_900mm10s,RADIO_EBYTE_E07_900MM10S,tx,32,1,"{""bit_rate_kbps"": 250, ""cc1101_drive_dbm"": 0}",3300,module radio\ESP32-C3_Radio\power_profiler\results\20260725_105024_radio_ebyte_e07_900mm10s,power_profiler\comparisons\ebyte_e07_900mm10s_20260725\e07_900mm10s_tx.csv,archive_completeness_only_no_invalidity_proven,5,run_00081|run_00082|run_00083|run_00084|run_00085
ebyte_e07_900mm10s,RADIO_EBYTE_E07_900MM10S,tx,64,2,"{""bit_rate_kbps"": 250, ""cc1101_drive_dbm"": 0}",3300,module radio\ESP32-C3_Radio\power_profiler\results\20260725_105024_radio_ebyte_e07_900mm10s,power_profiler\comparisons\ebyte_e07_900mm10s_20260725\e07_900mm10s_tx.csv,archive_completeness_only_no_invalidity_proven,5,run_00086|run_00087|run_00088|run_00089|run_00090
ebyte_e07_900mm10s,RADIO_EBYTE_E07_900MM10S,tx,8,1,"{""bit_rate_kbps"": 1.2, ""cc1101_drive_dbm"": 10}",3300,module radio\ESP32-C3_Radio\power_profiler\results\20260725_105024_radio_ebyte_e07_900mm10s,power_profiler\comparisons\ebyte_e07_900mm10s_20260725\e07_900mm10s_tx.csv,archive_completeness_only_no_invalidity_proven,5,run_00091|run_00092|run_00093|run_00094|run_00095
ebyte_e07_900mm10s,RADIO_EBYTE_E07_900MM10S,tx,32,1,"{""bit_rate_kbps"": 1.2, ""cc1101_drive_dbm"": 10}",3300,module radio\ESP32-C3_Radio\power_profiler\results\20260725_105024_radio_ebyte_e07_900mm10s,power_profiler\comparisons\ebyte_e07_900mm10s_20260725\e07_900mm10s_tx.csv,archive_completeness_only_no_invalidity_proven,5,run_00096|run_00097|run_00098|run_00099|run_00100
ebyte_e07_900mm10s,RADIO_EBYTE_E07_900MM10S,tx,64,2,"{""bit_rate_kbps"": 1.2, ""cc1101_drive_dbm"": 10}",3300,module radio\ESP32-C3_Radio\power_profiler\results\20260725_105024_radio_ebyte_e07_900mm10s,power_profiler\comparisons\ebyte_e07_900mm10s_20260725\e07_900mm10s_tx.csv,archive_completeness_only_no_invalidity_proven,5,run_00101|run_00102|run_00103|run_00104|run_00105
ebyte_e07_900mm10s,RADIO_EBYTE_E07_900MM10S,tx,8,1,"{""bit_rate_kbps"": 38.4, ""cc1101_drive_dbm"": 10}",3300,module radio\ESP32-C3_Radio\power_profiler\results\20260725_105024_radio_ebyte_e07_900mm10s,power_profiler\comparisons\ebyte_e07_900mm10s_20260725\e07_900mm10s_tx.csv,archive_completeness_only_no_invalidity_proven,5,run_00106|run_00107|run_00108|run_00109|run_00110
ebyte_e07_900mm10s,RADIO_EBYTE_E07_900MM10S,tx,32,1,"{""bit_rate_kbps"": 38.4, ""cc1101_drive_dbm"": 10}",3300,module radio\ESP32-C3_Radio\power_profiler\results\20260725_105024_radio_ebyte_e07_900mm10s,power_profiler\comparisons\ebyte_e07_900mm10s_20260725\e07_900mm10s_tx.csv,archive_completeness_only_no_invalidity_proven,5,run_00111|run_00112|run_00113|run_00114|run_00115
ebyte_e07_900mm10s,RADIO_EBYTE_E07_900MM10S,tx,64,2,"{""bit_rate_kbps"": 38.4, ""cc1101_drive_dbm"": 10}",3300,module radio\ESP32-C3_Radio\power_profiler\results\20260725_105024_radio_ebyte_e07_900mm10s,power_profiler\comparisons\ebyte_e07_900mm10s_20260725\e07_900mm10s_tx.csv,archive_completeness_only_no_invalidity_proven,5,run_00116|run_00117|run_00118|run_00119|run_00120
ebyte_e07_900mm10s,RADIO_EBYTE_E07_900MM10S,tx,8,1,"{""bit_rate_kbps"": 250, ""cc1101_drive_dbm"": 10}",3300,module radio\ESP32-C3_Radio\power_profiler\results\20260725_105024_radio_ebyte_e07_900mm10s,power_profiler\comparisons\ebyte_e07_900mm10s_20260725\e07_900mm10s_tx.csv,archive_completeness_only_no_invalidity_proven,5,run_00121|run_00122|run_00123|run_00124|run_00125
ebyte_e07_900mm10s,RADIO_EBYTE_E07_900MM10S,tx,32,1,"{""bit_rate_kbps"": 250, ""cc1101_drive_dbm"": 10}",3300,module radio\ESP32-C3_Radio\power_profiler\results\20260725_105024_radio_ebyte_e07_900mm10s,power_profiler\comparisons\ebyte_e07_900mm10s_20260725\e07_900mm10s_tx.csv,archive_completeness_only_no_invalidity_proven,5,run_00126|run_00127|run_00128|run_00129|run_00130
ebyte_e07_900mm10s,RADIO_EBYTE_E07_900MM10S,tx,64,2,"{""bit_rate_kbps"": 250, ""cc1101_drive_dbm"": 10}",3300,module radio\ESP32-C3_Radio\power_profiler\results\20260725_105024_radio_ebyte_e07_900mm10s,power_profiler\comparisons\ebyte_e07_900mm10s_20260725\e07_900mm10s_tx.csv,archive_completeness_only_no_invalidity_proven,5,run_00131|run_00132|run_00133|run_00134|run_00135
ebyte_e07_900mm10s,RADIO_EBYTE_E07_900MM10S,rx,8,1,"{""bit_rate_kbps"": 1.2, ""cc1101_drive_dbm"": -30}",3300,module radio\ESP32-C3_Radio\power_profiler\results\20260725_105431_radio_ebyte_e07_900mm10s_rx,power_profiler\comparisons\ebyte_e07_900mm10s_20260725\e07_900mm10s_rx.csv,RX_fixed_window_reanalysis_requires_new_RAW,5,run_00001|run_00002|run_00003|run_00004|run_00005
ebyte_e07_900mm10s,RADIO_EBYTE_E07_900MM10S,rx,32,1,"{""bit_rate_kbps"": 1.2, ""cc1101_drive_dbm"": -30}",3300,module radio\ESP32-C3_Radio\power_profiler\results\20260725_105431_radio_ebyte_e07_900mm10s_rx,power_profiler\comparisons\ebyte_e07_900mm10s_20260725\e07_900mm10s_rx.csv,RX_fixed_window_reanalysis_requires_new_RAW,5,run_00006|run_00007|run_00008|run_00009|run_00010
ebyte_e07_900mm10s,RADIO_EBYTE_E07_900MM10S,rx,64,2,"{""bit_rate_kbps"": 1.2, ""cc1101_drive_dbm"": -30}",3300,module radio\ESP32-C3_Radio\power_profiler\results\20260725_105431_radio_ebyte_e07_900mm10s_rx,power_profiler\comparisons\ebyte_e07_900mm10s_20260725\e07_900mm10s_rx.csv,RX_fixed_window_reanalysis_requires_new_RAW,5,run_00011|run_00012|run_00013|run_00014|run_00015
ebyte_e07_900mm10s,RADIO_EBYTE_E07_900MM10S,rx,8,1,"{""bit_rate_kbps"": 38.4, ""cc1101_drive_dbm"": -30}",3300,module radio\ESP32-C3_Radio\power_profiler\results\20260725_105431_radio_ebyte_e07_900mm10s_rx,power_profiler\comparisons\ebyte_e07_900mm10s_20260725\e07_900mm10s_rx.csv,RX_fixed_window_reanalysis_requires_new_RAW,5,run_00016|run_00017|run_00018|run_00019|run_00020
ebyte_e07_900mm10s,RADIO_EBYTE_E07_900MM10S,rx,32,1,"{""bit_rate_kbps"": 38.4, ""cc1101_drive_dbm"": -30}",3300,module radio\ESP32-C3_Radio\power_profiler\results\20260725_105431_radio_ebyte_e07_900mm10s_rx,power_profiler\comparisons\ebyte_e07_900mm10s_20260725\e07_900mm10s_rx.csv,RX_fixed_window_reanalysis_requires_new_RAW,5,run_00021|run_00022|run_00023|run_00024|run_00025
ebyte_e07_900mm10s,RADIO_EBYTE_E07_900MM10S,rx,64,2,"{""bit_rate_kbps"": 38.4, ""cc1101_drive_dbm"": -30}",3300,module radio\ESP32-C3_Radio\power_profiler\results\20260725_105431_radio_ebyte_e07_900mm10s_rx,power_profiler\comparisons\ebyte_e07_900mm10s_20260725\e07_900mm10s_rx.csv,RX_fixed_window_reanalysis_requires_new_RAW,5,run_00026|run_00027|run_00028|run_00029|run_00030
ebyte_e07_900mm10s,RADIO_EBYTE_E07_900MM10S,rx,8,1,"{""bit_rate_kbps"": 250, ""cc1101_drive_dbm"": -30}",3300,module radio\ESP32-C3_Radio\power_profiler\results\20260725_105431_radio_ebyte_e07_900mm10s_rx,power_profiler\comparisons\ebyte_e07_900mm10s_20260725\e07_900mm10s_rx.csv,RX_fixed_window_reanalysis_requires_new_RAW,5,run_00031|run_00032|run_00033|run_00034|run_00035
ebyte_e07_900mm10s,RADIO_EBYTE_E07_900MM10S,rx,32,1,"{""bit_rate_kbps"": 250, ""cc1101_drive_dbm"": -30}",3300,module radio\ESP32-C3_Radio\power_profiler\results\20260725_105431_radio_ebyte_e07_900mm10s_rx,power_profiler\comparisons\ebyte_e07_900mm10s_20260725\e07_900mm10s_rx.csv,RX_fixed_window_reanalysis_requires_new_RAW,5,run_00036|run_00037|run_00038|run_00039|run_00040
ebyte_e07_900mm10s,RADIO_EBYTE_E07_900MM10S,rx,64,2,"{""bit_rate_kbps"": 250, ""cc1101_drive_dbm"": -30}",3300,module radio\ESP32-C3_Radio\power_profiler\results\20260725_105431_radio_ebyte_e07_900mm10s_rx,power_profiler\comparisons\ebyte_e07_900mm10s_20260725\e07_900mm10s_rx.csv,RX_fixed_window_reanalysis_requires_new_RAW,5,run_00041|run_00042|run_00043|run_00044|run_00045
ebyte_e07_900mm10s,RADIO_EBYTE_E07_900MM10S,rx,8,1,"{""bit_rate_kbps"": 1.2, ""cc1101_drive_dbm"": 0}",3300,module radio\ESP32-C3_Radio\power_profiler\results\20260725_105431_radio_ebyte_e07_900mm10s_rx,power_profiler\comparisons\ebyte_e07_900mm10s_20260725\e07_900mm10s_rx.csv,RX_fixed_window_reanalysis_requires_new_RAW,5,run_00046|run_00047|run_00048|run_00049|run_00050
ebyte_e07_900mm10s,RADIO_EBYTE_E07_900MM10S,rx,32,1,"{""bit_rate_kbps"": 1.2, ""cc1101_drive_dbm"": 0}",3300,module radio\ESP32-C3_Radio\power_profiler\results\20260725_105431_radio_ebyte_e07_900mm10s_rx,power_profiler\comparisons\ebyte_e07_900mm10s_20260725\e07_900mm10s_rx.csv,RX_fixed_window_reanalysis_requires_new_RAW,5,run_00051|run_00052|run_00053|run_00054|run_00055
ebyte_e07_900mm10s,RADIO_EBYTE_E07_900MM10S,rx,64,2,"{""bit_rate_kbps"": 1.2, ""cc1101_drive_dbm"": 0}",3300,module radio\ESP32-C3_Radio\power_profiler\results\20260725_105431_radio_ebyte_e07_900mm10s_rx,power_profiler\comparisons\ebyte_e07_900mm10s_20260725\e07_900mm10s_rx.csv,RX_fixed_window_reanalysis_requires_new_RAW,5,run_00056|run_00057|run_00058|run_00059|run_00060
ebyte_e07_900mm10s,RADIO_EBYTE_E07_900MM10S,rx,8,1,"{""bit_rate_kbps"": 38.4, ""cc1101_drive_dbm"": 0}",3300,module radio\ESP32-C3_Radio\power_profiler\results\20260725_105431_radio_ebyte_e07_900mm10s_rx,power_profiler\comparisons\ebyte_e07_900mm10s_20260725\e07_900mm10s_rx.csv,RX_fixed_window_reanalysis_requires_new_RAW,5,run_00061|run_00062|run_00063|run_00064|run_00065
ebyte_e07_900mm10s,RADIO_EBYTE_E07_900MM10S,rx,32,1,"{""bit_rate_kbps"": 38.4, ""cc1101_drive_dbm"": 0}",3300,module radio\ESP32-C3_Radio\power_profiler\results\20260725_105431_radio_ebyte_e07_900mm10s_rx,power_profiler\comparisons\ebyte_e07_900mm10s_20260725\e07_900mm10s_rx.csv,RX_fixed_window_reanalysis_requires_new_RAW,5,run_00066|run_00067|run_00068|run_00069|run_00070
ebyte_e07_900mm10s,RADIO_EBYTE_E07_900MM10S,rx,64,2,"{""bit_rate_kbps"": 38.4, ""cc1101_drive_dbm"": 0}",3300,module radio\ESP32-C3_Radio\power_profiler\results\20260725_105431_radio_ebyte_e07_900mm10s_rx,power_profiler\comparisons\ebyte_e07_900mm10s_20260725\e07_900mm10s_rx.csv,RX_fixed_window_reanalysis_requires_new_RAW,5,run_00071|run_00072|run_00073|run_00074|run_00075
ebyte_e07_900mm10s,RADIO_EBYTE_E07_900MM10S,rx,8,1,"{""bit_rate_kbps"": 250, ""cc1101_drive_dbm"": 0}",3300,module radio\ESP32-C3_Radio\power_profiler\results\20260725_105431_radio_ebyte_e07_900mm10s_rx,power_profiler\comparisons\ebyte_e07_900mm10s_20260725\e07_900mm10s_rx.csv,RX_fixed_window_reanalysis_requires_new_RAW,5,run_00076|run_00077|run_00078|run_00079|run_00080
ebyte_e07_900mm10s,RADIO_EBYTE_E07_900MM10S,rx,32,1,"{""bit_rate_kbps"": 250, ""cc1101_drive_dbm"": 0}",3300,module radio\ESP32-C3_Radio\power_profiler\results\20260725_105431_radio_ebyte_e07_900mm10s_rx,power_profiler\comparisons\ebyte_e07_900mm10s_20260725\e07_900mm10s_rx.csv,RX_fixed_window_reanalysis_requires_new_RAW,5,run_00081|run_00082|run_00083|run_00084|run_00085
ebyte_e07_900mm10s,RADIO_EBYTE_E07_900MM10S,rx,64,2,"{""bit_rate_kbps"": 250, ""cc1101_drive_dbm"": 0}",3300,module radio\ESP32-C3_Radio\power_profiler\results\20260725_105431_radio_ebyte_e07_900mm10s_rx,power_profiler\comparisons\ebyte_e07_900mm10s_20260725\e07_900mm10s_rx.csv,RX_fixed_window_reanalysis_requires_new_RAW,5,run_00086|run_00087|run_00088|run_00089|run_00090
ebyte_e07_900mm10s,RADIO_EBYTE_E07_900MM10S,rx,8,1,"{""bit_rate_kbps"": 1.2, ""cc1101_drive_dbm"": 10}",3300,module radio\ESP32-C3_Radio\power_profiler\results\20260725_105431_radio_ebyte_e07_900mm10s_rx,power_profiler\comparisons\ebyte_e07_900mm10s_20260725\e07_900mm10s_rx.csv,RX_fixed_window_reanalysis_requires_new_RAW,5,run_00091|run_00092|run_00093|run_00094|run_00095
ebyte_e07_900mm10s,RADIO_EBYTE_E07_900MM10S,rx,32,1,"{""bit_rate_kbps"": 1.2, ""cc1101_drive_dbm"": 10}",3300,module radio\ESP32-C3_Radio\power_profiler\results\20260725_105431_radio_ebyte_e07_900mm10s_rx,power_profiler\comparisons\ebyte_e07_900mm10s_20260725\e07_900mm10s_rx.csv,RX_fixed_window_reanalysis_requires_new_RAW,5,run_00096|run_00097|run_00098|run_00099|run_00100
ebyte_e07_900mm10s,RADIO_EBYTE_E07_900MM10S,rx,64,2,"{""bit_rate_kbps"": 1.2, ""cc1101_drive_dbm"": 10}",3300,module radio\ESP32-C3_Radio\power_profiler\results\20260725_105431_radio_ebyte_e07_900mm10s_rx,power_profiler\comparisons\ebyte_e07_900mm10s_20260725\e07_900mm10s_rx.csv,RX_fixed_window_reanalysis_requires_new_RAW,5,run_00101|run_00102|run_00103|run_00104|run_00105
ebyte_e07_900mm10s,RADIO_EBYTE_E07_900MM10S,rx,8,1,"{""bit_rate_kbps"": 38.4, ""cc1101_drive_dbm"": 10}",3300,module radio\ESP32-C3_Radio\power_profiler\results\20260725_105431_radio_ebyte_e07_900mm10s_rx,power_profiler\comparisons\ebyte_e07_900mm10s_20260725\e07_900mm10s_rx.csv,RX_fixed_window_reanalysis_requires_new_RAW,5,run_00106|run_00107|run_00108|run_00109|run_00110
ebyte_e07_900mm10s,RADIO_EBYTE_E07_900MM10S,rx,32,1,"{""bit_rate_kbps"": 38.4, ""cc1101_drive_dbm"": 10}",3300,module radio\ESP32-C3_Radio\power_profiler\results\20260725_105431_radio_ebyte_e07_900mm10s_rx,power_profiler\comparisons\ebyte_e07_900mm10s_20260725\e07_900mm10s_rx.csv,RX_fixed_window_reanalysis_requires_new_RAW,5,run_00111|run_00112|run_00113|run_00114|run_00115
ebyte_e07_900mm10s,RADIO_EBYTE_E07_900MM10S,rx,64,2,"{""bit_rate_kbps"": 38.4, ""cc1101_drive_dbm"": 10}",3300,module radio\ESP32-C3_Radio\power_profiler\results\20260725_105431_radio_ebyte_e07_900mm10s_rx,power_profiler\comparisons\ebyte_e07_900mm10s_20260725\e07_900mm10s_rx.csv,RX_fixed_window_reanalysis_requires_new_RAW,5,run_00116|run_00117|run_00118|run_00119|run_00120
ebyte_e07_900mm10s,RADIO_EBYTE_E07_900MM10S,rx,8,1,"{""bit_rate_kbps"": 250, ""cc1101_drive_dbm"": 10}",3300,module radio\ESP32-C3_Radio\power_profiler\results\20260725_105431_radio_ebyte_e07_900mm10s_rx,power_profiler\comparisons\ebyte_e07_900mm10s_20260725\e07_900mm10s_rx.csv,RX_fixed_window_reanalysis_requires_new_RAW,5,run_00121|run_00122|run_00123|run_00124|run_00125
ebyte_e07_900mm10s,RADIO_EBYTE_E07_900MM10S,rx,32,1,"{""bit_rate_kbps"": 250, ""cc1101_drive_dbm"": 10}",3300,module radio\ESP32-C3_Radio\power_profiler\results\20260725_105431_radio_ebyte_e07_900mm10s_rx,power_profiler\comparisons\ebyte_e07_900mm10s_20260725\e07_900mm10s_rx.csv,RX_fixed_window_reanalysis_requires_new_RAW,5,run_00126|run_00127|run_00128|run_00129|run_00130
ebyte_e07_900mm10s,RADIO_EBYTE_E07_900MM10S,rx,64,2,"{""bit_rate_kbps"": 250, ""cc1101_drive_dbm"": 10}",3300,module radio\ESP32-C3_Radio\power_profiler\results\20260725_105431_radio_ebyte_e07_900mm10s_rx,power_profiler\comparisons\ebyte_e07_900mm10s_20260725\e07_900mm10s_rx.csv,RX_fixed_window_reanalysis_requires_new_RAW,5,run_00131|run_00132|run_00133|run_00134|run_00135
ebyte_e79_ch9340,RADIO_EBYTE_E79_CC1352P,tx,8,1,"{""rf_profile"": ""GFSK4K8"", ""tx_power_dbm"": -20}",3300,module radio\ESP32-C3_Radio\power_profiler\results\20260724_214430_radio_ebyte_e79_cc1352p,power_profiler\comparisons\ebyte_e79_400dm2005s_20260724\e79_tx.csv,archive_completeness_only_no_invalidity_proven,5,run_00001|run_00002|run_00003|run_00004|run_00005
ebyte_e79_ch9340,RADIO_EBYTE_E79_CC1352P,tx,32,1,"{""rf_profile"": ""GFSK4K8"", ""tx_power_dbm"": -20}",3300,module radio\ESP32-C3_Radio\power_profiler\results\20260724_214430_radio_ebyte_e79_cc1352p,power_profiler\comparisons\ebyte_e79_400dm2005s_20260724\e79_tx.csv,archive_completeness_only_no_invalidity_proven,5,run_00006|run_00007|run_00008|run_00009|run_00010
ebyte_e79_ch9340,RADIO_EBYTE_E79_CC1352P,tx,64,1,"{""rf_profile"": ""GFSK4K8"", ""tx_power_dbm"": -20}",3300,module radio\ESP32-C3_Radio\power_profiler\results\20260724_214430_radio_ebyte_e79_cc1352p,power_profiler\comparisons\ebyte_e79_400dm2005s_20260724\e79_tx.csv,archive_completeness_only_no_invalidity_proven,5,run_00011|run_00012|run_00013|run_00014|run_00015
ebyte_e79_ch9340,RADIO_EBYTE_E79_CC1352P,tx,128,2,"{""rf_profile"": ""GFSK4K8"", ""tx_power_dbm"": -20}",3300,module radio\ESP32-C3_Radio\power_profiler\results\20260724_214430_radio_ebyte_e79_cc1352p,power_profiler\comparisons\ebyte_e79_400dm2005s_20260724\e79_tx.csv,TX_fragmented_fixed_window_requires_new_RAW,5,run_00016|run_00017|run_00018|run_00019|run_00020
ebyte_e79_ch9340,RADIO_EBYTE_E79_CC1352P,tx,512,8,"{""rf_profile"": ""GFSK4K8"", ""tx_power_dbm"": -20}",3300,module radio\ESP32-C3_Radio\power_profiler\results\20260724_214430_radio_ebyte_e79_cc1352p,power_profiler\comparisons\ebyte_e79_400dm2005s_20260724\e79_tx.csv,TX_fragmented_fixed_window_requires_new_RAW,5,run_00021|run_00022|run_00023|run_00024|run_00025
ebyte_e79_ch9340,RADIO_EBYTE_E79_CC1352P,tx,1024,16,"{""rf_profile"": ""GFSK4K8"", ""tx_power_dbm"": -20}",3300,module radio\ESP32-C3_Radio\power_profiler\results\20260724_214430_radio_ebyte_e79_cc1352p,power_profiler\comparisons\ebyte_e79_400dm2005s_20260724\e79_tx.csv,TX_fragmented_fixed_window_requires_new_RAW,5,run_00026|run_00027|run_00028|run_00029|run_00030
ebyte_e79_ch9340,RADIO_EBYTE_E79_CC1352P,tx,8,1,"{""rf_profile"": ""GFSK4K8"", ""tx_power_dbm"": 0}",3300,module radio\ESP32-C3_Radio\power_profiler\results\20260724_214430_radio_ebyte_e79_cc1352p,power_profiler\comparisons\ebyte_e79_400dm2005s_20260724\e79_tx.csv,archive_completeness_only_no_invalidity_proven,5,run_00031|run_00032|run_00033|run_00034|run_00035
ebyte_e79_ch9340,RADIO_EBYTE_E79_CC1352P,tx,32,1,"{""rf_profile"": ""GFSK4K8"", ""tx_power_dbm"": 0}",3300,module radio\ESP32-C3_Radio\power_profiler\results\20260724_214430_radio_ebyte_e79_cc1352p,power_profiler\comparisons\ebyte_e79_400dm2005s_20260724\e79_tx.csv,archive_completeness_only_no_invalidity_proven,5,run_00036|run_00037|run_00038|run_00039|run_00040
ebyte_e79_ch9340,RADIO_EBYTE_E79_CC1352P,tx,64,1,"{""rf_profile"": ""GFSK4K8"", ""tx_power_dbm"": 0}",3300,module radio\ESP32-C3_Radio\power_profiler\results\20260724_214430_radio_ebyte_e79_cc1352p,power_profiler\comparisons\ebyte_e79_400dm2005s_20260724\e79_tx.csv,archive_completeness_only_no_invalidity_proven,5,run_00041|run_00042|run_00043|run_00044|run_00045
ebyte_e79_ch9340,RADIO_EBYTE_E79_CC1352P,tx,128,2,"{""rf_profile"": ""GFSK4K8"", ""tx_power_dbm"": 0}",3300,module radio\ESP32-C3_Radio\power_profiler\results\20260724_214430_radio_ebyte_e79_cc1352p,power_profiler\comparisons\ebyte_e79_400dm2005s_20260724\e79_tx.csv,TX_fragmented_fixed_window_requires_new_RAW,5,run_00046|run_00047|run_00048|run_00049|run_00050
ebyte_e79_ch9340,RADIO_EBYTE_E79_CC1352P,tx,512,8,"{""rf_profile"": ""GFSK4K8"", ""tx_power_dbm"": 0}",3300,module radio\ESP32-C3_Radio\power_profiler\results\20260724_214430_radio_ebyte_e79_cc1352p,power_profiler\comparisons\ebyte_e79_400dm2005s_20260724\e79_tx.csv,TX_fragmented_fixed_window_requires_new_RAW,5,run_00051|run_00052|run_00053|run_00054|run_00055
ebyte_e79_ch9340,RADIO_EBYTE_E79_CC1352P,tx,1024,16,"{""rf_profile"": ""GFSK4K8"", ""tx_power_dbm"": 0}",3300,module radio\ESP32-C3_Radio\power_profiler\results\20260724_214430_radio_ebyte_e79_cc1352p,power_profiler\comparisons\ebyte_e79_400dm2005s_20260724\e79_tx.csv,TX_fragmented_fixed_window_requires_new_RAW,5,run_00056|run_00057|run_00058|run_00059|run_00060
ebyte_e79_ch9340,RADIO_EBYTE_E79_CC1352P,tx,8,1,"{""rf_profile"": ""GFSK4K8"", ""tx_power_dbm"": 13}",3300,module radio\ESP32-C3_Radio\power_profiler\results\20260724_214430_radio_ebyte_e79_cc1352p,power_profiler\comparisons\ebyte_e79_400dm2005s_20260724\e79_tx.csv,archive_completeness_only_no_invalidity_proven,5,run_00061|run_00062|run_00063|run_00064|run_00065
ebyte_e79_ch9340,RADIO_EBYTE_E79_CC1352P,tx,32,1,"{""rf_profile"": ""GFSK4K8"", ""tx_power_dbm"": 13}",3300,module radio\ESP32-C3_Radio\power_profiler\results\20260724_214430_radio_ebyte_e79_cc1352p,power_profiler\comparisons\ebyte_e79_400dm2005s_20260724\e79_tx.csv,archive_completeness_only_no_invalidity_proven,5,run_00066|run_00067|run_00068|run_00069|run_00070
ebyte_e79_ch9340,RADIO_EBYTE_E79_CC1352P,tx,64,1,"{""rf_profile"": ""GFSK4K8"", ""tx_power_dbm"": 13}",3300,module radio\ESP32-C3_Radio\power_profiler\results\20260724_214430_radio_ebyte_e79_cc1352p,power_profiler\comparisons\ebyte_e79_400dm2005s_20260724\e79_tx.csv,archive_completeness_only_no_invalidity_proven,5,run_00071|run_00072|run_00073|run_00074|run_00075
ebyte_e79_ch9340,RADIO_EBYTE_E79_CC1352P,tx,128,2,"{""rf_profile"": ""GFSK4K8"", ""tx_power_dbm"": 13}",3300,module radio\ESP32-C3_Radio\power_profiler\results\20260724_214430_radio_ebyte_e79_cc1352p,power_profiler\comparisons\ebyte_e79_400dm2005s_20260724\e79_tx.csv,TX_fragmented_fixed_window_requires_new_RAW,5,run_00076|run_00077|run_00078|run_00079|run_00080
ebyte_e79_ch9340,RADIO_EBYTE_E79_CC1352P,tx,512,8,"{""rf_profile"": ""GFSK4K8"", ""tx_power_dbm"": 13}",3300,module radio\ESP32-C3_Radio\power_profiler\results\20260724_214430_radio_ebyte_e79_cc1352p,power_profiler\comparisons\ebyte_e79_400dm2005s_20260724\e79_tx.csv,TX_fragmented_fixed_window_requires_new_RAW,5,run_00081|run_00082|run_00083|run_00084|run_00085
ebyte_e79_ch9340,RADIO_EBYTE_E79_CC1352P,tx,1024,16,"{""rf_profile"": ""GFSK4K8"", ""tx_power_dbm"": 13}",3300,module radio\ESP32-C3_Radio\power_profiler\results\20260724_214430_radio_ebyte_e79_cc1352p,power_profiler\comparisons\ebyte_e79_400dm2005s_20260724\e79_tx.csv,TX_fragmented_fixed_window_requires_new_RAW,5,run_00086|run_00087|run_00088|run_00089|run_00090
ebyte_e79_ch9340,RADIO_EBYTE_E79_CC1352P,tx,8,1,"{""rf_profile"": ""GFSK50"", ""tx_power_dbm"": -20}",3300,module radio\ESP32-C3_Radio\power_profiler\results\20260724_214430_radio_ebyte_e79_cc1352p,power_profiler\comparisons\ebyte_e79_400dm2005s_20260724\e79_tx.csv,archive_completeness_only_no_invalidity_proven,5,run_00091|run_00092|run_00093|run_00094|run_00095
ebyte_e79_ch9340,RADIO_EBYTE_E79_CC1352P,tx,32,1,"{""rf_profile"": ""GFSK50"", ""tx_power_dbm"": -20}",3300,module radio\ESP32-C3_Radio\power_profiler\results\20260724_214430_radio_ebyte_e79_cc1352p,power_profiler\comparisons\ebyte_e79_400dm2005s_20260724\e79_tx.csv,archive_completeness_only_no_invalidity_proven,5,run_00096|run_00097|run_00098|run_00099|run_00100
ebyte_e79_ch9340,RADIO_EBYTE_E79_CC1352P,tx,64,1,"{""rf_profile"": ""GFSK50"", ""tx_power_dbm"": -20}",3300,module radio\ESP32-C3_Radio\power_profiler\results\20260724_214430_radio_ebyte_e79_cc1352p,power_profiler\comparisons\ebyte_e79_400dm2005s_20260724\e79_tx.csv,archive_completeness_only_no_invalidity_proven,5,run_00101|run_00102|run_00103|run_00104|run_00105
ebyte_e79_ch9340,RADIO_EBYTE_E79_CC1352P,tx,128,2,"{""rf_profile"": ""GFSK50"", ""tx_power_dbm"": -20}",3300,module radio\ESP32-C3_Radio\power_profiler\results\20260724_214430_radio_ebyte_e79_cc1352p,power_profiler\comparisons\ebyte_e79_400dm2005s_20260724\e79_tx.csv,TX_fragmented_fixed_window_requires_new_RAW,5,run_00106|run_00107|run_00108|run_00109|run_00110
ebyte_e79_ch9340,RADIO_EBYTE_E79_CC1352P,tx,512,8,"{""rf_profile"": ""GFSK50"", ""tx_power_dbm"": -20}",3300,module radio\ESP32-C3_Radio\power_profiler\results\20260724_214430_radio_ebyte_e79_cc1352p,power_profiler\comparisons\ebyte_e79_400dm2005s_20260724\e79_tx.csv,TX_fragmented_fixed_window_requires_new_RAW,5,run_00111|run_00112|run_00113|run_00114|run_00115
ebyte_e79_ch9340,RADIO_EBYTE_E79_CC1352P,tx,1024,16,"{""rf_profile"": ""GFSK50"", ""tx_power_dbm"": -20}",3300,module radio\ESP32-C3_Radio\power_profiler\results\20260724_214430_radio_ebyte_e79_cc1352p,power_profiler\comparisons\ebyte_e79_400dm2005s_20260724\e79_tx.csv,TX_fragmented_fixed_window_requires_new_RAW,5,run_00116|run_00117|run_00118|run_00119|run_00120
ebyte_e79_ch9340,RADIO_EBYTE_E79_CC1352P,tx,8,1,"{""rf_profile"": ""GFSK50"", ""tx_power_dbm"": 0}",3300,module radio\ESP32-C3_Radio\power_profiler\results\20260724_214430_radio_ebyte_e79_cc1352p,power_profiler\comparisons\ebyte_e79_400dm2005s_20260724\e79_tx.csv,archive_completeness_only_no_invalidity_proven,5,run_00121|run_00122|run_00123|run_00124|run_00125
ebyte_e79_ch9340,RADIO_EBYTE_E79_CC1352P,tx,32,1,"{""rf_profile"": ""GFSK50"", ""tx_power_dbm"": 0}",3300,module radio\ESP32-C3_Radio\power_profiler\results\20260724_214430_radio_ebyte_e79_cc1352p,power_profiler\comparisons\ebyte_e79_400dm2005s_20260724\e79_tx.csv,archive_completeness_only_no_invalidity_proven,5,run_00126|run_00127|run_00128|run_00129|run_00130
ebyte_e79_ch9340,RADIO_EBYTE_E79_CC1352P,tx,64,1,"{""rf_profile"": ""GFSK50"", ""tx_power_dbm"": 0}",3300,module radio\ESP32-C3_Radio\power_profiler\results\20260724_214430_radio_ebyte_e79_cc1352p,power_profiler\comparisons\ebyte_e79_400dm2005s_20260724\e79_tx.csv,archive_completeness_only_no_invalidity_proven,5,run_00131|run_00132|run_00133|run_00134|run_00135
ebyte_e79_ch9340,RADIO_EBYTE_E79_CC1352P,tx,128,2,"{""rf_profile"": ""GFSK50"", ""tx_power_dbm"": 0}",3300,module radio\ESP32-C3_Radio\power_profiler\results\20260724_214430_radio_ebyte_e79_cc1352p,power_profiler\comparisons\ebyte_e79_400dm2005s_20260724\e79_tx.csv,TX_fragmented_fixed_window_requires_new_RAW,5,run_00136|run_00137|run_00138|run_00139|run_00140
ebyte_e79_ch9340,RADIO_EBYTE_E79_CC1352P,tx,512,8,"{""rf_profile"": ""GFSK50"", ""tx_power_dbm"": 0}",3300,module radio\ESP32-C3_Radio\power_profiler\results\20260724_214430_radio_ebyte_e79_cc1352p,power_profiler\comparisons\ebyte_e79_400dm2005s_20260724\e79_tx.csv,TX_fragmented_fixed_window_requires_new_RAW,5,run_00141|run_00142|run_00143|run_00144|run_00145
ebyte_e79_ch9340,RADIO_EBYTE_E79_CC1352P,tx,1024,16,"{""rf_profile"": ""GFSK50"", ""tx_power_dbm"": 0}",3300,module radio\ESP32-C3_Radio\power_profiler\results\20260724_214430_radio_ebyte_e79_cc1352p,power_profiler\comparisons\ebyte_e79_400dm2005s_20260724\e79_tx.csv,TX_fragmented_fixed_window_requires_new_RAW,5,run_00146|run_00147|run_00148|run_00149|run_00150
ebyte_e79_ch9340,RADIO_EBYTE_E79_CC1352P,tx,8,1,"{""rf_profile"": ""GFSK50"", ""tx_power_dbm"": 13}",3300,module radio\ESP32-C3_Radio\power_profiler\results\20260724_214430_radio_ebyte_e79_cc1352p,power_profiler\comparisons\ebyte_e79_400dm2005s_20260724\e79_tx.csv,archive_completeness_only_no_invalidity_proven,5,run_00151|run_00152|run_00153|run_00154|run_00155
ebyte_e79_ch9340,RADIO_EBYTE_E79_CC1352P,tx,32,1,"{""rf_profile"": ""GFSK50"", ""tx_power_dbm"": 13}",3300,module radio\ESP32-C3_Radio\power_profiler\results\20260724_214430_radio_ebyte_e79_cc1352p,power_profiler\comparisons\ebyte_e79_400dm2005s_20260724\e79_tx.csv,archive_completeness_only_no_invalidity_proven,5,run_00156|run_00157|run_00158|run_00159|run_00160
ebyte_e79_ch9340,RADIO_EBYTE_E79_CC1352P,tx,64,1,"{""rf_profile"": ""GFSK50"", ""tx_power_dbm"": 13}",3300,module radio\ESP32-C3_Radio\power_profiler\results\20260724_214430_radio_ebyte_e79_cc1352p,power_profiler\comparisons\ebyte_e79_400dm2005s_20260724\e79_tx.csv,archive_completeness_only_no_invalidity_proven,5,run_00161|run_00162|run_00163|run_00164|run_00165
ebyte_e79_ch9340,RADIO_EBYTE_E79_CC1352P,tx,128,2,"{""rf_profile"": ""GFSK50"", ""tx_power_dbm"": 13}",3300,module radio\ESP32-C3_Radio\power_profiler\results\20260724_214430_radio_ebyte_e79_cc1352p,power_profiler\comparisons\ebyte_e79_400dm2005s_20260724\e79_tx.csv,TX_fragmented_fixed_window_requires_new_RAW,5,run_00166|run_00167|run_00168|run_00169|run_00170
ebyte_e79_ch9340,RADIO_EBYTE_E79_CC1352P,tx,512,8,"{""rf_profile"": ""GFSK50"", ""tx_power_dbm"": 13}",3300,module radio\ESP32-C3_Radio\power_profiler\results\20260724_214430_radio_ebyte_e79_cc1352p,power_profiler\comparisons\ebyte_e79_400dm2005s_20260724\e79_tx.csv,TX_fragmented_fixed_window_requires_new_RAW,5,run_00171|run_00172|run_00173|run_00174|run_00175
ebyte_e79_ch9340,RADIO_EBYTE_E79_CC1352P,tx,1024,16,"{""rf_profile"": ""GFSK50"", ""tx_power_dbm"": 13}",3300,module radio\ESP32-C3_Radio\power_profiler\results\20260724_214430_radio_ebyte_e79_cc1352p,power_profiler\comparisons\ebyte_e79_400dm2005s_20260724\e79_tx.csv,TX_fragmented_fixed_window_requires_new_RAW,5,run_00176|run_00177|run_00178|run_00179|run_00180
ebyte_e79_ch9340,RADIO_EBYTE_E79_CC1352P,tx,8,1,"{""rf_profile"": ""GFSK200"", ""tx_power_dbm"": -20}",3300,module radio\ESP32-C3_Radio\power_profiler\results\20260724_214430_radio_ebyte_e79_cc1352p,power_profiler\comparisons\ebyte_e79_400dm2005s_20260724\e79_tx.csv,archive_completeness_only_no_invalidity_proven,5,run_00181|run_00182|run_00183|run_00184|run_00185
ebyte_e79_ch9340,RADIO_EBYTE_E79_CC1352P,tx,32,1,"{""rf_profile"": ""GFSK200"", ""tx_power_dbm"": -20}",3300,module radio\ESP32-C3_Radio\power_profiler\results\20260724_214430_radio_ebyte_e79_cc1352p,power_profiler\comparisons\ebyte_e79_400dm2005s_20260724\e79_tx.csv,archive_completeness_only_no_invalidity_proven,5,run_00186|run_00187|run_00188|run_00189|run_00190
ebyte_e79_ch9340,RADIO_EBYTE_E79_CC1352P,tx,64,1,"{""rf_profile"": ""GFSK200"", ""tx_power_dbm"": -20}",3300,module radio\ESP32-C3_Radio\power_profiler\results\20260724_214430_radio_ebyte_e79_cc1352p,power_profiler\comparisons\ebyte_e79_400dm2005s_20260724\e79_tx.csv,archive_completeness_only_no_invalidity_proven,5,run_00191|run_00192|run_00193|run_00194|run_00195
ebyte_e79_ch9340,RADIO_EBYTE_E79_CC1352P,tx,128,2,"{""rf_profile"": ""GFSK200"", ""tx_power_dbm"": -20}",3300,module radio\ESP32-C3_Radio\power_profiler\results\20260724_214430_radio_ebyte_e79_cc1352p,power_profiler\comparisons\ebyte_e79_400dm2005s_20260724\e79_tx.csv,TX_fragmented_fixed_window_requires_new_RAW,5,run_00196|run_00197|run_00198|run_00199|run_00200
ebyte_e79_ch9340,RADIO_EBYTE_E79_CC1352P,tx,512,8,"{""rf_profile"": ""GFSK200"", ""tx_power_dbm"": -20}",3300,module radio\ESP32-C3_Radio\power_profiler\results\20260724_214430_radio_ebyte_e79_cc1352p,power_profiler\comparisons\ebyte_e79_400dm2005s_20260724\e79_tx.csv,TX_fragmented_fixed_window_requires_new_RAW,5,run_00201|run_00202|run_00203|run_00204|run_00205
ebyte_e79_ch9340,RADIO_EBYTE_E79_CC1352P,tx,1024,16,"{""rf_profile"": ""GFSK200"", ""tx_power_dbm"": -20}",3300,module radio\ESP32-C3_Radio\power_profiler\results\20260724_214430_radio_ebyte_e79_cc1352p,power_profiler\comparisons\ebyte_e79_400dm2005s_20260724\e79_tx.csv,TX_fragmented_fixed_window_requires_new_RAW,5,run_00206|run_00207|run_00208|run_00209|run_00210
ebyte_e79_ch9340,RADIO_EBYTE_E79_CC1352P,tx,8,1,"{""rf_profile"": ""GFSK200"", ""tx_power_dbm"": 0}",3300,module radio\ESP32-C3_Radio\power_profiler\results\20260724_214430_radio_ebyte_e79_cc1352p,power_profiler\comparisons\ebyte_e79_400dm2005s_20260724\e79_tx.csv,archive_completeness_only_no_invalidity_proven,5,run_00211|run_00212|run_00213|run_00214|run_00215
ebyte_e79_ch9340,RADIO_EBYTE_E79_CC1352P,tx,32,1,"{""rf_profile"": ""GFSK200"", ""tx_power_dbm"": 0}",3300,module radio\ESP32-C3_Radio\power_profiler\results\20260724_214430_radio_ebyte_e79_cc1352p,power_profiler\comparisons\ebyte_e79_400dm2005s_20260724\e79_tx.csv,archive_completeness_only_no_invalidity_proven,5,run_00216|run_00217|run_00218|run_00219|run_00220
ebyte_e79_ch9340,RADIO_EBYTE_E79_CC1352P,tx,64,1,"{""rf_profile"": ""GFSK200"", ""tx_power_dbm"": 0}",3300,module radio\ESP32-C3_Radio\power_profiler\results\20260724_214430_radio_ebyte_e79_cc1352p,power_profiler\comparisons\ebyte_e79_400dm2005s_20260724\e79_tx.csv,archive_completeness_only_no_invalidity_proven,5,run_00221|run_00222|run_00223|run_00224|run_00225
ebyte_e79_ch9340,RADIO_EBYTE_E79_CC1352P,tx,128,2,"{""rf_profile"": ""GFSK200"", ""tx_power_dbm"": 0}",3300,module radio\ESP32-C3_Radio\power_profiler\results\20260724_214430_radio_ebyte_e79_cc1352p,power_profiler\comparisons\ebyte_e79_400dm2005s_20260724\e79_tx.csv,TX_fragmented_fixed_window_requires_new_RAW,5,run_00226|run_00227|run_00228|run_00229|run_00230
ebyte_e79_ch9340,RADIO_EBYTE_E79_CC1352P,tx,512,8,"{""rf_profile"": ""GFSK200"", ""tx_power_dbm"": 0}",3300,module radio\ESP32-C3_Radio\power_profiler\results\20260724_214430_radio_ebyte_e79_cc1352p,power_profiler\comparisons\ebyte_e79_400dm2005s_20260724\e79_tx.csv,TX_fragmented_fixed_window_requires_new_RAW,5,run_00231|run_00232|run_00233|run_00234|run_00235
ebyte_e79_ch9340,RADIO_EBYTE_E79_CC1352P,tx,1024,16,"{""rf_profile"": ""GFSK200"", ""tx_power_dbm"": 0}",3300,module radio\ESP32-C3_Radio\power_profiler\results\20260724_214430_radio_ebyte_e79_cc1352p,power_profiler\comparisons\ebyte_e79_400dm2005s_20260724\e79_tx.csv,TX_fragmented_fixed_window_requires_new_RAW,5,run_00236|run_00237|run_00238|run_00239|run_00240
ebyte_e79_ch9340,RADIO_EBYTE_E79_CC1352P,tx,8,1,"{""rf_profile"": ""GFSK200"", ""tx_power_dbm"": 13}",3300,module radio\ESP32-C3_Radio\power_profiler\results\20260724_214430_radio_ebyte_e79_cc1352p,power_profiler\comparisons\ebyte_e79_400dm2005s_20260724\e79_tx.csv,archive_completeness_only_no_invalidity_proven,5,run_00241|run_00242|run_00243|run_00244|run_00245
ebyte_e79_ch9340,RADIO_EBYTE_E79_CC1352P,tx,32,1,"{""rf_profile"": ""GFSK200"", ""tx_power_dbm"": 13}",3300,module radio\ESP32-C3_Radio\power_profiler\results\20260724_214430_radio_ebyte_e79_cc1352p,power_profiler\comparisons\ebyte_e79_400dm2005s_20260724\e79_tx.csv,archive_completeness_only_no_invalidity_proven,5,run_00246|run_00247|run_00248|run_00249|run_00250
ebyte_e79_ch9340,RADIO_EBYTE_E79_CC1352P,tx,64,1,"{""rf_profile"": ""GFSK200"", ""tx_power_dbm"": 13}",3300,module radio\ESP32-C3_Radio\power_profiler\results\20260724_214430_radio_ebyte_e79_cc1352p,power_profiler\comparisons\ebyte_e79_400dm2005s_20260724\e79_tx.csv,archive_completeness_only_no_invalidity_proven,5,run_00251|run_00252|run_00253|run_00254|run_00255
ebyte_e79_ch9340,RADIO_EBYTE_E79_CC1352P,tx,128,2,"{""rf_profile"": ""GFSK200"", ""tx_power_dbm"": 13}",3300,module radio\ESP32-C3_Radio\power_profiler\results\20260724_214430_radio_ebyte_e79_cc1352p,power_profiler\comparisons\ebyte_e79_400dm2005s_20260724\e79_tx.csv,TX_fragmented_fixed_window_requires_new_RAW,5,run_00256|run_00257|run_00258|run_00259|run_00260
ebyte_e79_ch9340,RADIO_EBYTE_E79_CC1352P,tx,512,8,"{""rf_profile"": ""GFSK200"", ""tx_power_dbm"": 13}",3300,module radio\ESP32-C3_Radio\power_profiler\results\20260724_214430_radio_ebyte_e79_cc1352p,power_profiler\comparisons\ebyte_e79_400dm2005s_20260724\e79_tx.csv,TX_fragmented_fixed_window_requires_new_RAW,5,run_00261|run_00262|run_00263|run_00264|run_00265
ebyte_e79_ch9340,RADIO_EBYTE_E79_CC1352P,tx,1024,16,"{""rf_profile"": ""GFSK200"", ""tx_power_dbm"": 13}",3300,module radio\ESP32-C3_Radio\power_profiler\results\20260724_214430_radio_ebyte_e79_cc1352p,power_profiler\comparisons\ebyte_e79_400dm2005s_20260724\e79_tx.csv,TX_fragmented_fixed_window_requires_new_RAW,5,run_00266|run_00267|run_00268|run_00269|run_00270
ebyte_e79_ch9340,RADIO_EBYTE_E79_CC1352P,tx,8,1,"{""rf_profile"": ""SLR2K5"", ""tx_power_dbm"": -20}",3300,module radio\ESP32-C3_Radio\power_profiler\results\20260724_214430_radio_ebyte_e79_cc1352p,power_profiler\comparisons\ebyte_e79_400dm2005s_20260724\e79_tx.csv,archive_completeness_only_no_invalidity_proven,5,run_00271|run_00272|run_00273|run_00274|run_00275
ebyte_e79_ch9340,RADIO_EBYTE_E79_CC1352P,tx,32,1,"{""rf_profile"": ""SLR2K5"", ""tx_power_dbm"": -20}",3300,module radio\ESP32-C3_Radio\power_profiler\results\20260724_214430_radio_ebyte_e79_cc1352p,power_profiler\comparisons\ebyte_e79_400dm2005s_20260724\e79_tx.csv,archive_completeness_only_no_invalidity_proven,5,run_00276|run_00277|run_00278|run_00279|run_00280
ebyte_e79_ch9340,RADIO_EBYTE_E79_CC1352P,tx,64,1,"{""rf_profile"": ""SLR2K5"", ""tx_power_dbm"": -20}",3300,module radio\ESP32-C3_Radio\power_profiler\results\20260724_214430_radio_ebyte_e79_cc1352p,power_profiler\comparisons\ebyte_e79_400dm2005s_20260724\e79_tx.csv,archive_completeness_only_no_invalidity_proven,5,run_00281|run_00282|run_00283|run_00284|run_00285
ebyte_e79_ch9340,RADIO_EBYTE_E79_CC1352P,tx,128,2,"{""rf_profile"": ""SLR2K5"", ""tx_power_dbm"": -20}",3300,module radio\ESP32-C3_Radio\power_profiler\results\20260724_214430_radio_ebyte_e79_cc1352p,power_profiler\comparisons\ebyte_e79_400dm2005s_20260724\e79_tx.csv,TX_fragmented_fixed_window_requires_new_RAW,5,run_00286|run_00287|run_00288|run_00289|run_00290
ebyte_e79_ch9340,RADIO_EBYTE_E79_CC1352P,tx,512,8,"{""rf_profile"": ""SLR2K5"", ""tx_power_dbm"": -20}",3300,module radio\ESP32-C3_Radio\power_profiler\results\20260724_214430_radio_ebyte_e79_cc1352p,power_profiler\comparisons\ebyte_e79_400dm2005s_20260724\e79_tx.csv,TX_fragmented_fixed_window_requires_new_RAW,5,run_00291|run_00292|run_00293|run_00294|run_00295
ebyte_e79_ch9340,RADIO_EBYTE_E79_CC1352P,tx,1024,16,"{""rf_profile"": ""SLR2K5"", ""tx_power_dbm"": -20}",3300,module radio\ESP32-C3_Radio\power_profiler\results\20260724_214430_radio_ebyte_e79_cc1352p,power_profiler\comparisons\ebyte_e79_400dm2005s_20260724\e79_tx.csv,TX_fragmented_fixed_window_requires_new_RAW,5,run_00296|run_00297|run_00298|run_00299|run_00300
ebyte_e79_ch9340,RADIO_EBYTE_E79_CC1352P,tx,8,1,"{""rf_profile"": ""SLR2K5"", ""tx_power_dbm"": 0}",3300,module radio\ESP32-C3_Radio\power_profiler\results\20260724_214430_radio_ebyte_e79_cc1352p,power_profiler\comparisons\ebyte_e79_400dm2005s_20260724\e79_tx.csv,archive_completeness_only_no_invalidity_proven,5,run_00301|run_00302|run_00303|run_00304|run_00305
ebyte_e79_ch9340,RADIO_EBYTE_E79_CC1352P,tx,32,1,"{""rf_profile"": ""SLR2K5"", ""tx_power_dbm"": 0}",3300,module radio\ESP32-C3_Radio\power_profiler\results\20260724_214430_radio_ebyte_e79_cc1352p,power_profiler\comparisons\ebyte_e79_400dm2005s_20260724\e79_tx.csv,archive_completeness_only_no_invalidity_proven,5,run_00306|run_00307|run_00308|run_00309|run_00310
ebyte_e79_ch9340,RADIO_EBYTE_E79_CC1352P,tx,64,1,"{""rf_profile"": ""SLR2K5"", ""tx_power_dbm"": 0}",3300,module radio\ESP32-C3_Radio\power_profiler\results\20260724_214430_radio_ebyte_e79_cc1352p,power_profiler\comparisons\ebyte_e79_400dm2005s_20260724\e79_tx.csv,archive_completeness_only_no_invalidity_proven,5,run_00311|run_00312|run_00313|run_00314|run_00315
ebyte_e79_ch9340,RADIO_EBYTE_E79_CC1352P,tx,128,2,"{""rf_profile"": ""SLR2K5"", ""tx_power_dbm"": 0}",3300,module radio\ESP32-C3_Radio\power_profiler\results\20260724_214430_radio_ebyte_e79_cc1352p,power_profiler\comparisons\ebyte_e79_400dm2005s_20260724\e79_tx.csv,TX_fragmented_fixed_window_requires_new_RAW,5,run_00316|run_00317|run_00318|run_00319|run_00320
ebyte_e79_ch9340,RADIO_EBYTE_E79_CC1352P,tx,512,8,"{""rf_profile"": ""SLR2K5"", ""tx_power_dbm"": 0}",3300,module radio\ESP32-C3_Radio\power_profiler\results\20260724_214430_radio_ebyte_e79_cc1352p,power_profiler\comparisons\ebyte_e79_400dm2005s_20260724\e79_tx.csv,TX_fragmented_fixed_window_requires_new_RAW,5,run_00321|run_00322|run_00323|run_00324|run_00325
ebyte_e79_ch9340,RADIO_EBYTE_E79_CC1352P,tx,1024,16,"{""rf_profile"": ""SLR2K5"", ""tx_power_dbm"": 0}",3300,module radio\ESP32-C3_Radio\power_profiler\results\20260724_214430_radio_ebyte_e79_cc1352p,power_profiler\comparisons\ebyte_e79_400dm2005s_20260724\e79_tx.csv,TX_fragmented_fixed_window_requires_new_RAW,5,run_00326|run_00327|run_00328|run_00329|run_00330
ebyte_e79_ch9340,RADIO_EBYTE_E79_CC1352P,tx,8,1,"{""rf_profile"": ""SLR2K5"", ""tx_power_dbm"": 13}",3300,module radio\ESP32-C3_Radio\power_profiler\results\20260724_214430_radio_ebyte_e79_cc1352p,power_profiler\comparisons\ebyte_e79_400dm2005s_20260724\e79_tx.csv,archive_completeness_only_no_invalidity_proven,5,run_00331|run_00332|run_00333|run_00334|run_00335
ebyte_e79_ch9340,RADIO_EBYTE_E79_CC1352P,tx,32,1,"{""rf_profile"": ""SLR2K5"", ""tx_power_dbm"": 13}",3300,module radio\ESP32-C3_Radio\power_profiler\results\20260724_214430_radio_ebyte_e79_cc1352p,power_profiler\comparisons\ebyte_e79_400dm2005s_20260724\e79_tx.csv,archive_completeness_only_no_invalidity_proven,5,run_00336|run_00337|run_00338|run_00339|run_00340
ebyte_e79_ch9340,RADIO_EBYTE_E79_CC1352P,tx,64,1,"{""rf_profile"": ""SLR2K5"", ""tx_power_dbm"": 13}",3300,module radio\ESP32-C3_Radio\power_profiler\results\20260724_214430_radio_ebyte_e79_cc1352p,power_profiler\comparisons\ebyte_e79_400dm2005s_20260724\e79_tx.csv,archive_completeness_only_no_invalidity_proven,5,run_00341|run_00342|run_00343|run_00344|run_00345
ebyte_e79_ch9340,RADIO_EBYTE_E79_CC1352P,tx,128,2,"{""rf_profile"": ""SLR2K5"", ""tx_power_dbm"": 13}",3300,module radio\ESP32-C3_Radio\power_profiler\results\20260724_214430_radio_ebyte_e79_cc1352p,power_profiler\comparisons\ebyte_e79_400dm2005s_20260724\e79_tx.csv,TX_fragmented_fixed_window_requires_new_RAW,5,run_00346|run_00347|run_00348|run_00349|run_00350
ebyte_e79_ch9340,RADIO_EBYTE_E79_CC1352P,tx,512,8,"{""rf_profile"": ""SLR2K5"", ""tx_power_dbm"": 13}",3300,module radio\ESP32-C3_Radio\power_profiler\results\20260724_214430_radio_ebyte_e79_cc1352p,power_profiler\comparisons\ebyte_e79_400dm2005s_20260724\e79_tx.csv,TX_fragmented_fixed_window_requires_new_RAW,5,run_00351|run_00352|run_00353|run_00354|run_00355
ebyte_e79_ch9340,RADIO_EBYTE_E79_CC1352P,tx,1024,16,"{""rf_profile"": ""SLR2K5"", ""tx_power_dbm"": 13}",3300,module radio\ESP32-C3_Radio\power_profiler\results\20260724_214430_radio_ebyte_e79_cc1352p,power_profiler\comparisons\ebyte_e79_400dm2005s_20260724\e79_tx.csv,TX_fragmented_fixed_window_requires_new_RAW,5,run_00356|run_00357|run_00358|run_00359|run_00360
ebyte_e79_ch9340,RADIO_EBYTE_E79_CC1352P,tx,8,1,"{""rf_profile"": ""SLR5"", ""tx_power_dbm"": -20}",3300,module radio\ESP32-C3_Radio\power_profiler\results\20260724_214430_radio_ebyte_e79_cc1352p,power_profiler\comparisons\ebyte_e79_400dm2005s_20260724\e79_tx.csv,archive_completeness_only_no_invalidity_proven,5,run_00361|run_00362|run_00363|run_00364|run_00365
ebyte_e79_ch9340,RADIO_EBYTE_E79_CC1352P,tx,32,1,"{""rf_profile"": ""SLR5"", ""tx_power_dbm"": -20}",3300,module radio\ESP32-C3_Radio\power_profiler\results\20260724_214430_radio_ebyte_e79_cc1352p,power_profiler\comparisons\ebyte_e79_400dm2005s_20260724\e79_tx.csv,archive_completeness_only_no_invalidity_proven,5,run_00366|run_00367|run_00368|run_00369|run_00370
ebyte_e79_ch9340,RADIO_EBYTE_E79_CC1352P,tx,64,1,"{""rf_profile"": ""SLR5"", ""tx_power_dbm"": -20}",3300,module radio\ESP32-C3_Radio\power_profiler\results\20260724_214430_radio_ebyte_e79_cc1352p,power_profiler\comparisons\ebyte_e79_400dm2005s_20260724\e79_tx.csv,archive_completeness_only_no_invalidity_proven,5,run_00371|run_00372|run_00373|run_00374|run_00375
ebyte_e79_ch9340,RADIO_EBYTE_E79_CC1352P,tx,128,2,"{""rf_profile"": ""SLR5"", ""tx_power_dbm"": -20}",3300,module radio\ESP32-C3_Radio\power_profiler\results\20260724_214430_radio_ebyte_e79_cc1352p,power_profiler\comparisons\ebyte_e79_400dm2005s_20260724\e79_tx.csv,TX_fragmented_fixed_window_requires_new_RAW,5,run_00376|run_00377|run_00378|run_00379|run_00380
ebyte_e79_ch9340,RADIO_EBYTE_E79_CC1352P,tx,512,8,"{""rf_profile"": ""SLR5"", ""tx_power_dbm"": -20}",3300,module radio\ESP32-C3_Radio\power_profiler\results\20260724_214430_radio_ebyte_e79_cc1352p,power_profiler\comparisons\ebyte_e79_400dm2005s_20260724\e79_tx.csv,TX_fragmented_fixed_window_requires_new_RAW,5,run_00381|run_00382|run_00383|run_00384|run_00385
ebyte_e79_ch9340,RADIO_EBYTE_E79_CC1352P,tx,1024,16,"{""rf_profile"": ""SLR5"", ""tx_power_dbm"": -20}",3300,module radio\ESP32-C3_Radio\power_profiler\results\20260724_214430_radio_ebyte_e79_cc1352p,power_profiler\comparisons\ebyte_e79_400dm2005s_20260724\e79_tx.csv,TX_fragmented_fixed_window_requires_new_RAW,5,run_00386|run_00387|run_00388|run_00389|run_00390
ebyte_e79_ch9340,RADIO_EBYTE_E79_CC1352P,tx,8,1,"{""rf_profile"": ""SLR5"", ""tx_power_dbm"": 0}",3300,module radio\ESP32-C3_Radio\power_profiler\results\20260724_214430_radio_ebyte_e79_cc1352p,power_profiler\comparisons\ebyte_e79_400dm2005s_20260724\e79_tx.csv,archive_completeness_only_no_invalidity_proven,5,run_00391|run_00392|run_00393|run_00394|run_00395
ebyte_e79_ch9340,RADIO_EBYTE_E79_CC1352P,tx,32,1,"{""rf_profile"": ""SLR5"", ""tx_power_dbm"": 0}",3300,module radio\ESP32-C3_Radio\power_profiler\results\20260724_214430_radio_ebyte_e79_cc1352p,power_profiler\comparisons\ebyte_e79_400dm2005s_20260724\e79_tx.csv,archive_completeness_only_no_invalidity_proven,5,run_00396|run_00397|run_00398|run_00399|run_00400
ebyte_e79_ch9340,RADIO_EBYTE_E79_CC1352P,tx,64,1,"{""rf_profile"": ""SLR5"", ""tx_power_dbm"": 0}",3300,module radio\ESP32-C3_Radio\power_profiler\results\20260724_214430_radio_ebyte_e79_cc1352p,power_profiler\comparisons\ebyte_e79_400dm2005s_20260724\e79_tx.csv,archive_completeness_only_no_invalidity_proven,5,run_00401|run_00402|run_00403|run_00404|run_00405
ebyte_e79_ch9340,RADIO_EBYTE_E79_CC1352P,tx,128,2,"{""rf_profile"": ""SLR5"", ""tx_power_dbm"": 0}",3300,module radio\ESP32-C3_Radio\power_profiler\results\20260724_214430_radio_ebyte_e79_cc1352p,power_profiler\comparisons\ebyte_e79_400dm2005s_20260724\e79_tx.csv,TX_fragmented_fixed_window_requires_new_RAW,5,run_00406|run_00407|run_00408|run_00409|run_00410
ebyte_e79_ch9340,RADIO_EBYTE_E79_CC1352P,tx,512,8,"{""rf_profile"": ""SLR5"", ""tx_power_dbm"": 0}",3300,module radio\ESP32-C3_Radio\power_profiler\results\20260724_214430_radio_ebyte_e79_cc1352p,power_profiler\comparisons\ebyte_e79_400dm2005s_20260724\e79_tx.csv,TX_fragmented_fixed_window_requires_new_RAW,5,run_00411|run_00412|run_00413|run_00414|run_00415
ebyte_e79_ch9340,RADIO_EBYTE_E79_CC1352P,tx,1024,16,"{""rf_profile"": ""SLR5"", ""tx_power_dbm"": 0}",3300,module radio\ESP32-C3_Radio\power_profiler\results\20260724_214430_radio_ebyte_e79_cc1352p,power_profiler\comparisons\ebyte_e79_400dm2005s_20260724\e79_tx.csv,TX_fragmented_fixed_window_requires_new_RAW,5,run_00416|run_00417|run_00418|run_00419|run_00420
ebyte_e79_ch9340,RADIO_EBYTE_E79_CC1352P,tx,8,1,"{""rf_profile"": ""SLR5"", ""tx_power_dbm"": 13}",3300,module radio\ESP32-C3_Radio\power_profiler\results\20260724_214430_radio_ebyte_e79_cc1352p,power_profiler\comparisons\ebyte_e79_400dm2005s_20260724\e79_tx.csv,archive_completeness_only_no_invalidity_proven,5,run_00421|run_00422|run_00423|run_00424|run_00425
ebyte_e79_ch9340,RADIO_EBYTE_E79_CC1352P,tx,32,1,"{""rf_profile"": ""SLR5"", ""tx_power_dbm"": 13}",3300,module radio\ESP32-C3_Radio\power_profiler\results\20260724_214430_radio_ebyte_e79_cc1352p,power_profiler\comparisons\ebyte_e79_400dm2005s_20260724\e79_tx.csv,archive_completeness_only_no_invalidity_proven,5,run_00426|run_00427|run_00428|run_00429|run_00430
ebyte_e79_ch9340,RADIO_EBYTE_E79_CC1352P,tx,64,1,"{""rf_profile"": ""SLR5"", ""tx_power_dbm"": 13}",3300,module radio\ESP32-C3_Radio\power_profiler\results\20260724_214430_radio_ebyte_e79_cc1352p,power_profiler\comparisons\ebyte_e79_400dm2005s_20260724\e79_tx.csv,archive_completeness_only_no_invalidity_proven,5,run_00431|run_00432|run_00433|run_00434|run_00435
ebyte_e79_ch9340,RADIO_EBYTE_E79_CC1352P,tx,128,2,"{""rf_profile"": ""SLR5"", ""tx_power_dbm"": 13}",3300,module radio\ESP32-C3_Radio\power_profiler\results\20260724_214430_radio_ebyte_e79_cc1352p,power_profiler\comparisons\ebyte_e79_400dm2005s_20260724\e79_tx.csv,TX_fragmented_fixed_window_requires_new_RAW,5,run_00436|run_00437|run_00438|run_00439|run_00440
ebyte_e79_ch9340,RADIO_EBYTE_E79_CC1352P,tx,512,8,"{""rf_profile"": ""SLR5"", ""tx_power_dbm"": 13}",3300,module radio\ESP32-C3_Radio\power_profiler\results\20260724_214430_radio_ebyte_e79_cc1352p,power_profiler\comparisons\ebyte_e79_400dm2005s_20260724\e79_tx.csv,TX_fragmented_fixed_window_requires_new_RAW,5,run_00441|run_00442|run_00443|run_00444|run_00445
ebyte_e79_ch9340,RADIO_EBYTE_E79_CC1352P,tx,1024,16,"{""rf_profile"": ""SLR5"", ""tx_power_dbm"": 13}",3300,module radio\ESP32-C3_Radio\power_profiler\results\20260724_214430_radio_ebyte_e79_cc1352p,power_profiler\comparisons\ebyte_e79_400dm2005s_20260724\e79_tx.csv,TX_fragmented_fixed_window_requires_new_RAW,5,run_00446|run_00447|run_00448|run_00449|run_00450
ebyte_e79_ch9340,RADIO_EBYTE_E79_CC1352P,tx,8,1,"{""rf_profile"": ""OOK4K8"", ""tx_power_dbm"": -20}",3300,module radio\ESP32-C3_Radio\power_profiler\results\20260724_214430_radio_ebyte_e79_cc1352p,power_profiler\comparisons\ebyte_e79_400dm2005s_20260724\e79_tx.csv,archive_completeness_only_no_invalidity_proven,5,run_00451|run_00452|run_00453|run_00454|run_00455
ebyte_e79_ch9340,RADIO_EBYTE_E79_CC1352P,tx,32,1,"{""rf_profile"": ""OOK4K8"", ""tx_power_dbm"": -20}",3300,module radio\ESP32-C3_Radio\power_profiler\results\20260724_214430_radio_ebyte_e79_cc1352p,power_profiler\comparisons\ebyte_e79_400dm2005s_20260724\e79_tx.csv,archive_completeness_only_no_invalidity_proven,5,run_00456|run_00457|run_00458|run_00459|run_00460
ebyte_e79_ch9340,RADIO_EBYTE_E79_CC1352P,tx,64,1,"{""rf_profile"": ""OOK4K8"", ""tx_power_dbm"": -20}",3300,module radio\ESP32-C3_Radio\power_profiler\results\20260724_214430_radio_ebyte_e79_cc1352p,power_profiler\comparisons\ebyte_e79_400dm2005s_20260724\e79_tx.csv,archive_completeness_only_no_invalidity_proven,5,run_00461|run_00462|run_00463|run_00464|run_00465
ebyte_e79_ch9340,RADIO_EBYTE_E79_CC1352P,tx,128,2,"{""rf_profile"": ""OOK4K8"", ""tx_power_dbm"": -20}",3300,module radio\ESP32-C3_Radio\power_profiler\results\20260724_214430_radio_ebyte_e79_cc1352p,power_profiler\comparisons\ebyte_e79_400dm2005s_20260724\e79_tx.csv,TX_fragmented_fixed_window_requires_new_RAW,5,run_00466|run_00467|run_00468|run_00469|run_00470
ebyte_e79_ch9340,RADIO_EBYTE_E79_CC1352P,tx,512,8,"{""rf_profile"": ""OOK4K8"", ""tx_power_dbm"": -20}",3300,module radio\ESP32-C3_Radio\power_profiler\results\20260724_214430_radio_ebyte_e79_cc1352p,power_profiler\comparisons\ebyte_e79_400dm2005s_20260724\e79_tx.csv,TX_fragmented_fixed_window_requires_new_RAW,5,run_00471|run_00472|run_00473|run_00474|run_00475
ebyte_e79_ch9340,RADIO_EBYTE_E79_CC1352P,tx,1024,16,"{""rf_profile"": ""OOK4K8"", ""tx_power_dbm"": -20}",3300,module radio\ESP32-C3_Radio\power_profiler\results\20260724_214430_radio_ebyte_e79_cc1352p,power_profiler\comparisons\ebyte_e79_400dm2005s_20260724\e79_tx.csv,TX_fragmented_fixed_window_requires_new_RAW,5,run_00476|run_00477|run_00478|run_00479|run_00480
ebyte_e79_ch9340,RADIO_EBYTE_E79_CC1352P,tx,8,1,"{""rf_profile"": ""OOK4K8"", ""tx_power_dbm"": 0}",3300,module radio\ESP32-C3_Radio\power_profiler\results\20260724_214430_radio_ebyte_e79_cc1352p,power_profiler\comparisons\ebyte_e79_400dm2005s_20260724\e79_tx.csv,archive_completeness_only_no_invalidity_proven,5,run_00481|run_00482|run_00483|run_00484|run_00485
ebyte_e79_ch9340,RADIO_EBYTE_E79_CC1352P,tx,32,1,"{""rf_profile"": ""OOK4K8"", ""tx_power_dbm"": 0}",3300,module radio\ESP32-C3_Radio\power_profiler\results\20260724_214430_radio_ebyte_e79_cc1352p,power_profiler\comparisons\ebyte_e79_400dm2005s_20260724\e79_tx.csv,archive_completeness_only_no_invalidity_proven,5,run_00486|run_00487|run_00488|run_00489|run_00490
ebyte_e79_ch9340,RADIO_EBYTE_E79_CC1352P,tx,64,1,"{""rf_profile"": ""OOK4K8"", ""tx_power_dbm"": 0}",3300,module radio\ESP32-C3_Radio\power_profiler\results\20260724_214430_radio_ebyte_e79_cc1352p,power_profiler\comparisons\ebyte_e79_400dm2005s_20260724\e79_tx.csv,archive_completeness_only_no_invalidity_proven,5,run_00491|run_00492|run_00493|run_00494|run_00495
ebyte_e79_ch9340,RADIO_EBYTE_E79_CC1352P,tx,128,2,"{""rf_profile"": ""OOK4K8"", ""tx_power_dbm"": 0}",3300,module radio\ESP32-C3_Radio\power_profiler\results\20260724_214430_radio_ebyte_e79_cc1352p,power_profiler\comparisons\ebyte_e79_400dm2005s_20260724\e79_tx.csv,TX_fragmented_fixed_window_requires_new_RAW,5,run_00496|run_00497|run_00498|run_00499|run_00500
ebyte_e79_ch9340,RADIO_EBYTE_E79_CC1352P,tx,512,8,"{""rf_profile"": ""OOK4K8"", ""tx_power_dbm"": 0}",3300,module radio\ESP32-C3_Radio\power_profiler\results\20260724_214430_radio_ebyte_e79_cc1352p,power_profiler\comparisons\ebyte_e79_400dm2005s_20260724\e79_tx.csv,TX_fragmented_fixed_window_requires_new_RAW,5,run_00501|run_00502|run_00503|run_00504|run_00505
ebyte_e79_ch9340,RADIO_EBYTE_E79_CC1352P,tx,1024,16,"{""rf_profile"": ""OOK4K8"", ""tx_power_dbm"": 0}",3300,module radio\ESP32-C3_Radio\power_profiler\results\20260724_214430_radio_ebyte_e79_cc1352p,power_profiler\comparisons\ebyte_e79_400dm2005s_20260724\e79_tx.csv,TX_fragmented_fixed_window_requires_new_RAW,5,run_00506|run_00507|run_00508|run_00509|run_00510
ebyte_e79_ch9340,RADIO_EBYTE_E79_CC1352P,tx,8,1,"{""rf_profile"": ""OOK4K8"", ""tx_power_dbm"": 13}",3300,module radio\ESP32-C3_Radio\power_profiler\results\20260724_214430_radio_ebyte_e79_cc1352p,power_profiler\comparisons\ebyte_e79_400dm2005s_20260724\e79_tx.csv,archive_completeness_only_no_invalidity_proven,5,run_00511|run_00512|run_00513|run_00514|run_00515
ebyte_e79_ch9340,RADIO_EBYTE_E79_CC1352P,tx,32,1,"{""rf_profile"": ""OOK4K8"", ""tx_power_dbm"": 13}",3300,module radio\ESP32-C3_Radio\power_profiler\results\20260724_214430_radio_ebyte_e79_cc1352p,power_profiler\comparisons\ebyte_e79_400dm2005s_20260724\e79_tx.csv,archive_completeness_only_no_invalidity_proven,5,run_00516|run_00517|run_00518|run_00519|run_00520
ebyte_e79_ch9340,RADIO_EBYTE_E79_CC1352P,tx,64,1,"{""rf_profile"": ""OOK4K8"", ""tx_power_dbm"": 13}",3300,module radio\ESP32-C3_Radio\power_profiler\results\20260724_214430_radio_ebyte_e79_cc1352p,power_profiler\comparisons\ebyte_e79_400dm2005s_20260724\e79_tx.csv,archive_completeness_only_no_invalidity_proven,5,run_00521|run_00522|run_00523|run_00524|run_00525
ebyte_e79_ch9340,RADIO_EBYTE_E79_CC1352P,tx,128,2,"{""rf_profile"": ""OOK4K8"", ""tx_power_dbm"": 13}",3300,module radio\ESP32-C3_Radio\power_profiler\results\20260724_214430_radio_ebyte_e79_cc1352p,power_profiler\comparisons\ebyte_e79_400dm2005s_20260724\e79_tx.csv,TX_fragmented_fixed_window_requires_new_RAW,5,run_00526|run_00527|run_00528|run_00529|run_00530
ebyte_e79_ch9340,RADIO_EBYTE_E79_CC1352P,tx,512,8,"{""rf_profile"": ""OOK4K8"", ""tx_power_dbm"": 13}",3300,module radio\ESP32-C3_Radio\power_profiler\results\20260724_214430_radio_ebyte_e79_cc1352p,power_profiler\comparisons\ebyte_e79_400dm2005s_20260724\e79_tx.csv,TX_fragmented_fixed_window_requires_new_RAW,5,run_00531|run_00532|run_00533|run_00534|run_00535
ebyte_e79_ch9340,RADIO_EBYTE_E79_CC1352P,tx,1024,16,"{""rf_profile"": ""OOK4K8"", ""tx_power_dbm"": 13}",3300,module radio\ESP32-C3_Radio\power_profiler\results\20260724_214430_radio_ebyte_e79_cc1352p,power_profiler\comparisons\ebyte_e79_400dm2005s_20260724\e79_tx.csv,TX_fragmented_fixed_window_requires_new_RAW,5,run_00536|run_00537|run_00538|run_00539|run_00540
ebyte_e79_ch9340,RADIO_EBYTE_E79_CC1352P,tx,8,1,"{""rf_profile"": ""IEEE154G50"", ""tx_power_dbm"": -20}",3300,module radio\ESP32-C3_Radio\power_profiler\results\20260724_214430_radio_ebyte_e79_cc1352p,power_profiler\comparisons\ebyte_e79_400dm2005s_20260724\e79_tx.csv,archive_completeness_only_no_invalidity_proven,5,run_00541|run_00542|run_00543|run_00544|run_00545
ebyte_e79_ch9340,RADIO_EBYTE_E79_CC1352P,tx,32,1,"{""rf_profile"": ""IEEE154G50"", ""tx_power_dbm"": -20}",3300,module radio\ESP32-C3_Radio\power_profiler\results\20260724_214430_radio_ebyte_e79_cc1352p,power_profiler\comparisons\ebyte_e79_400dm2005s_20260724\e79_tx.csv,archive_completeness_only_no_invalidity_proven,5,run_00546|run_00547|run_00548|run_00549|run_00550
ebyte_e79_ch9340,RADIO_EBYTE_E79_CC1352P,tx,64,1,"{""rf_profile"": ""IEEE154G50"", ""tx_power_dbm"": -20}",3300,module radio\ESP32-C3_Radio\power_profiler\results\20260724_214430_radio_ebyte_e79_cc1352p,power_profiler\comparisons\ebyte_e79_400dm2005s_20260724\e79_tx.csv,archive_completeness_only_no_invalidity_proven,5,run_00551|run_00552|run_00553|run_00554|run_00555
ebyte_e79_ch9340,RADIO_EBYTE_E79_CC1352P,tx,128,2,"{""rf_profile"": ""IEEE154G50"", ""tx_power_dbm"": -20}",3300,module radio\ESP32-C3_Radio\power_profiler\results\20260724_214430_radio_ebyte_e79_cc1352p,power_profiler\comparisons\ebyte_e79_400dm2005s_20260724\e79_tx.csv,TX_fragmented_fixed_window_requires_new_RAW,5,run_00556|run_00557|run_00558|run_00559|run_00560
ebyte_e79_ch9340,RADIO_EBYTE_E79_CC1352P,tx,512,8,"{""rf_profile"": ""IEEE154G50"", ""tx_power_dbm"": -20}",3300,module radio\ESP32-C3_Radio\power_profiler\results\20260724_214430_radio_ebyte_e79_cc1352p,power_profiler\comparisons\ebyte_e79_400dm2005s_20260724\e79_tx.csv,TX_fragmented_fixed_window_requires_new_RAW,5,run_00561|run_00562|run_00563|run_00564|run_00565
ebyte_e79_ch9340,RADIO_EBYTE_E79_CC1352P,tx,1024,16,"{""rf_profile"": ""IEEE154G50"", ""tx_power_dbm"": -20}",3300,module radio\ESP32-C3_Radio\power_profiler\results\20260724_214430_radio_ebyte_e79_cc1352p,power_profiler\comparisons\ebyte_e79_400dm2005s_20260724\e79_tx.csv,TX_fragmented_fixed_window_requires_new_RAW,5,run_00566|run_00567|run_00568|run_00569|run_00570
ebyte_e79_ch9340,RADIO_EBYTE_E79_CC1352P,tx,8,1,"{""rf_profile"": ""IEEE154G50"", ""tx_power_dbm"": 0}",3300,module radio\ESP32-C3_Radio\power_profiler\results\20260724_214430_radio_ebyte_e79_cc1352p,power_profiler\comparisons\ebyte_e79_400dm2005s_20260724\e79_tx.csv,archive_completeness_only_no_invalidity_proven,5,run_00571|run_00572|run_00573|run_00574|run_00575
ebyte_e79_ch9340,RADIO_EBYTE_E79_CC1352P,tx,32,1,"{""rf_profile"": ""IEEE154G50"", ""tx_power_dbm"": 0}",3300,module radio\ESP32-C3_Radio\power_profiler\results\20260724_214430_radio_ebyte_e79_cc1352p,power_profiler\comparisons\ebyte_e79_400dm2005s_20260724\e79_tx.csv,archive_completeness_only_no_invalidity_proven,5,run_00576|run_00577|run_00578|run_00579|run_00580
ebyte_e79_ch9340,RADIO_EBYTE_E79_CC1352P,tx,64,1,"{""rf_profile"": ""IEEE154G50"", ""tx_power_dbm"": 0}",3300,module radio\ESP32-C3_Radio\power_profiler\results\20260724_214430_radio_ebyte_e79_cc1352p,power_profiler\comparisons\ebyte_e79_400dm2005s_20260724\e79_tx.csv,archive_completeness_only_no_invalidity_proven,5,run_00581|run_00582|run_00583|run_00584|run_00585
ebyte_e79_ch9340,RADIO_EBYTE_E79_CC1352P,tx,128,2,"{""rf_profile"": ""IEEE154G50"", ""tx_power_dbm"": 0}",3300,module radio\ESP32-C3_Radio\power_profiler\results\20260724_214430_radio_ebyte_e79_cc1352p,power_profiler\comparisons\ebyte_e79_400dm2005s_20260724\e79_tx.csv,TX_fragmented_fixed_window_requires_new_RAW,5,run_00586|run_00587|run_00588|run_00589|run_00590
ebyte_e79_ch9340,RADIO_EBYTE_E79_CC1352P,tx,512,8,"{""rf_profile"": ""IEEE154G50"", ""tx_power_dbm"": 0}",3300,module radio\ESP32-C3_Radio\power_profiler\results\20260724_214430_radio_ebyte_e79_cc1352p,power_profiler\comparisons\ebyte_e79_400dm2005s_20260724\e79_tx.csv,TX_fragmented_fixed_window_requires_new_RAW,5,run_00591|run_00592|run_00593|run_00594|run_00595
ebyte_e79_ch9340,RADIO_EBYTE_E79_CC1352P,tx,1024,16,"{""rf_profile"": ""IEEE154G50"", ""tx_power_dbm"": 0}",3300,module radio\ESP32-C3_Radio\power_profiler\results\20260724_214430_radio_ebyte_e79_cc1352p,power_profiler\comparisons\ebyte_e79_400dm2005s_20260724\e79_tx.csv,TX_fragmented_fixed_window_requires_new_RAW,5,run_00596|run_00597|run_00598|run_00599|run_00600
ebyte_e79_ch9340,RADIO_EBYTE_E79_CC1352P,tx,8,1,"{""rf_profile"": ""IEEE154G50"", ""tx_power_dbm"": 13}",3300,module radio\ESP32-C3_Radio\power_profiler\results\20260724_214430_radio_ebyte_e79_cc1352p,power_profiler\comparisons\ebyte_e79_400dm2005s_20260724\e79_tx.csv,archive_completeness_only_no_invalidity_proven,5,run_00601|run_00602|run_00603|run_00604|run_00605
ebyte_e79_ch9340,RADIO_EBYTE_E79_CC1352P,tx,32,1,"{""rf_profile"": ""IEEE154G50"", ""tx_power_dbm"": 13}",3300,module radio\ESP32-C3_Radio\power_profiler\results\20260724_214430_radio_ebyte_e79_cc1352p,power_profiler\comparisons\ebyte_e79_400dm2005s_20260724\e79_tx.csv,archive_completeness_only_no_invalidity_proven,5,run_00606|run_00607|run_00608|run_00609|run_00610
ebyte_e79_ch9340,RADIO_EBYTE_E79_CC1352P,tx,64,1,"{""rf_profile"": ""IEEE154G50"", ""tx_power_dbm"": 13}",3300,module radio\ESP32-C3_Radio\power_profiler\results\20260724_214430_radio_ebyte_e79_cc1352p,power_profiler\comparisons\ebyte_e79_400dm2005s_20260724\e79_tx.csv,archive_completeness_only_no_invalidity_proven,5,run_00611|run_00612|run_00613|run_00614|run_00615
ebyte_e79_ch9340,RADIO_EBYTE_E79_CC1352P,tx,128,2,"{""rf_profile"": ""IEEE154G50"", ""tx_power_dbm"": 13}",3300,module radio\ESP32-C3_Radio\power_profiler\results\20260724_214430_radio_ebyte_e79_cc1352p,power_profiler\comparisons\ebyte_e79_400dm2005s_20260724\e79_tx.csv,TX_fragmented_fixed_window_requires_new_RAW,5,run_00616|run_00617|run_00618|run_00619|run_00620
ebyte_e79_ch9340,RADIO_EBYTE_E79_CC1352P,tx,512,8,"{""rf_profile"": ""IEEE154G50"", ""tx_power_dbm"": 13}",3300,module radio\ESP32-C3_Radio\power_profiler\results\20260724_214430_radio_ebyte_e79_cc1352p,power_profiler\comparisons\ebyte_e79_400dm2005s_20260724\e79_tx.csv,TX_fragmented_fixed_window_requires_new_RAW,5,run_00621|run_00622|run_00623|run_00624|run_00625
ebyte_e79_ch9340,RADIO_EBYTE_E79_CC1352P,tx,1024,16,"{""rf_profile"": ""IEEE154G50"", ""tx_power_dbm"": 13}",3300,module radio\ESP32-C3_Radio\power_profiler\results\20260724_214430_radio_ebyte_e79_cc1352p,power_profiler\comparisons\ebyte_e79_400dm2005s_20260724\e79_tx.csv,TX_fragmented_fixed_window_requires_new_RAW,5,run_00626|run_00627|run_00628|run_00629|run_00630
ebyte_e79_ch9340,RADIO_EBYTE_E79_CC1352P,rx,8,1,"{""rf_profile"": ""GFSK4K8"", ""tx_power_dbm"": -20}",3300,module radio\ESP32-C3_Radio\power_profiler\results\20260724_221207_radio_ebyte_e79_cc1352p_rx,power_profiler\comparisons\ebyte_e79_400dm2005s_20260724\e79_rx.csv,RX_fixed_window_reanalysis_requires_new_RAW,5,run_00001|run_00002|run_00003|run_00004|run_00005
ebyte_e79_ch9340,RADIO_EBYTE_E79_CC1352P,rx,32,1,"{""rf_profile"": ""GFSK4K8"", ""tx_power_dbm"": -20}",3300,module radio\ESP32-C3_Radio\power_profiler\results\20260724_221207_radio_ebyte_e79_cc1352p_rx,power_profiler\comparisons\ebyte_e79_400dm2005s_20260724\e79_rx.csv,RX_fixed_window_reanalysis_requires_new_RAW,5,run_00006|run_00007|run_00008|run_00009|run_00010
ebyte_e79_ch9340,RADIO_EBYTE_E79_CC1352P,rx,64,1,"{""rf_profile"": ""GFSK4K8"", ""tx_power_dbm"": -20}",3300,module radio\ESP32-C3_Radio\power_profiler\results\20260724_221207_radio_ebyte_e79_cc1352p_rx,power_profiler\comparisons\ebyte_e79_400dm2005s_20260724\e79_rx.csv,RX_fixed_window_reanalysis_requires_new_RAW,5,run_00011|run_00012|run_00013|run_00014|run_00015
ebyte_e79_ch9340,RADIO_EBYTE_E79_CC1352P,rx,128,2,"{""rf_profile"": ""GFSK4K8"", ""tx_power_dbm"": -20}",3300,module radio\ESP32-C3_Radio\power_profiler\results\20260724_221207_radio_ebyte_e79_cc1352p_rx,power_profiler\comparisons\ebyte_e79_400dm2005s_20260724\e79_rx.csv,RX_fixed_window_reanalysis_requires_new_RAW,5,run_00016|run_00017|run_00018|run_00019|run_00020
ebyte_e79_ch9340,RADIO_EBYTE_E79_CC1352P,rx,512,8,"{""rf_profile"": ""GFSK4K8"", ""tx_power_dbm"": -20}",3300,module radio\ESP32-C3_Radio\power_profiler\results\20260724_221207_radio_ebyte_e79_cc1352p_rx,power_profiler\comparisons\ebyte_e79_400dm2005s_20260724\e79_rx.csv,RX_fixed_window_reanalysis_requires_new_RAW,5,run_00021|run_00022|run_00023|run_00024|run_00025
ebyte_e79_ch9340,RADIO_EBYTE_E79_CC1352P,rx,1024,16,"{""rf_profile"": ""GFSK4K8"", ""tx_power_dbm"": -20}",3300,module radio\ESP32-C3_Radio\power_profiler\results\20260724_221207_radio_ebyte_e79_cc1352p_rx,power_profiler\comparisons\ebyte_e79_400dm2005s_20260724\e79_rx.csv,RX_fixed_window_reanalysis_requires_new_RAW,5,run_00026|run_00027|run_00028|run_00029|run_00030
ebyte_e79_ch9340,RADIO_EBYTE_E79_CC1352P,rx,8,1,"{""rf_profile"": ""GFSK4K8"", ""tx_power_dbm"": 0}",3300,module radio\ESP32-C3_Radio\power_profiler\results\20260724_221207_radio_ebyte_e79_cc1352p_rx,power_profiler\comparisons\ebyte_e79_400dm2005s_20260724\e79_rx.csv,RX_fixed_window_reanalysis_requires_new_RAW,5,run_00031|run_00032|run_00033|run_00034|run_00035
ebyte_e79_ch9340,RADIO_EBYTE_E79_CC1352P,rx,32,1,"{""rf_profile"": ""GFSK4K8"", ""tx_power_dbm"": 0}",3300,module radio\ESP32-C3_Radio\power_profiler\results\20260724_221207_radio_ebyte_e79_cc1352p_rx,power_profiler\comparisons\ebyte_e79_400dm2005s_20260724\e79_rx.csv,RX_fixed_window_reanalysis_requires_new_RAW,5,run_00036|run_00037|run_00038|run_00039|run_00040
ebyte_e79_ch9340,RADIO_EBYTE_E79_CC1352P,rx,64,1,"{""rf_profile"": ""GFSK4K8"", ""tx_power_dbm"": 0}",3300,module radio\ESP32-C3_Radio\power_profiler\results\20260724_221207_radio_ebyte_e79_cc1352p_rx,power_profiler\comparisons\ebyte_e79_400dm2005s_20260724\e79_rx.csv,RX_fixed_window_reanalysis_requires_new_RAW,5,run_00041|run_00042|run_00043|run_00044|run_00045
ebyte_e79_ch9340,RADIO_EBYTE_E79_CC1352P,rx,128,2,"{""rf_profile"": ""GFSK4K8"", ""tx_power_dbm"": 0}",3300,module radio\ESP32-C3_Radio\power_profiler\results\20260724_221207_radio_ebyte_e79_cc1352p_rx,power_profiler\comparisons\ebyte_e79_400dm2005s_20260724\e79_rx.csv,RX_fixed_window_reanalysis_requires_new_RAW,5,run_00046|run_00047|run_00048|run_00049|run_00050
ebyte_e79_ch9340,RADIO_EBYTE_E79_CC1352P,rx,512,8,"{""rf_profile"": ""GFSK4K8"", ""tx_power_dbm"": 0}",3300,module radio\ESP32-C3_Radio\power_profiler\results\20260724_221207_radio_ebyte_e79_cc1352p_rx,power_profiler\comparisons\ebyte_e79_400dm2005s_20260724\e79_rx.csv,RX_fixed_window_reanalysis_requires_new_RAW,5,run_00051|run_00052|run_00053|run_00054|run_00055
ebyte_e79_ch9340,RADIO_EBYTE_E79_CC1352P,rx,1024,16,"{""rf_profile"": ""GFSK4K8"", ""tx_power_dbm"": 0}",3300,module radio\ESP32-C3_Radio\power_profiler\results\20260724_221207_radio_ebyte_e79_cc1352p_rx,power_profiler\comparisons\ebyte_e79_400dm2005s_20260724\e79_rx.csv,RX_fixed_window_reanalysis_requires_new_RAW,5,run_00056|run_00057|run_00058|run_00059|run_00060
ebyte_e79_ch9340,RADIO_EBYTE_E79_CC1352P,rx,8,1,"{""rf_profile"": ""GFSK4K8"", ""tx_power_dbm"": 13}",3300,module radio\ESP32-C3_Radio\power_profiler\results\20260724_221207_radio_ebyte_e79_cc1352p_rx,power_profiler\comparisons\ebyte_e79_400dm2005s_20260724\e79_rx.csv,RX_fixed_window_reanalysis_requires_new_RAW,5,run_00061|run_00062|run_00063|run_00064|run_00065
ebyte_e79_ch9340,RADIO_EBYTE_E79_CC1352P,rx,32,1,"{""rf_profile"": ""GFSK4K8"", ""tx_power_dbm"": 13}",3300,module radio\ESP32-C3_Radio\power_profiler\results\20260724_221207_radio_ebyte_e79_cc1352p_rx,power_profiler\comparisons\ebyte_e79_400dm2005s_20260724\e79_rx.csv,RX_fixed_window_reanalysis_requires_new_RAW,5,run_00066|run_00067|run_00068|run_00069|run_00070
ebyte_e79_ch9340,RADIO_EBYTE_E79_CC1352P,rx,64,1,"{""rf_profile"": ""GFSK4K8"", ""tx_power_dbm"": 13}",3300,module radio\ESP32-C3_Radio\power_profiler\results\20260724_221207_radio_ebyte_e79_cc1352p_rx,power_profiler\comparisons\ebyte_e79_400dm2005s_20260724\e79_rx.csv,RX_fixed_window_reanalysis_requires_new_RAW,5,run_00071|run_00072|run_00073|run_00074|run_00075
ebyte_e79_ch9340,RADIO_EBYTE_E79_CC1352P,rx,128,2,"{""rf_profile"": ""GFSK4K8"", ""tx_power_dbm"": 13}",3300,module radio\ESP32-C3_Radio\power_profiler\results\20260724_221207_radio_ebyte_e79_cc1352p_rx,power_profiler\comparisons\ebyte_e79_400dm2005s_20260724\e79_rx.csv,RX_fixed_window_reanalysis_requires_new_RAW,5,run_00076|run_00077|run_00078|run_00079|run_00080
ebyte_e79_ch9340,RADIO_EBYTE_E79_CC1352P,rx,512,8,"{""rf_profile"": ""GFSK4K8"", ""tx_power_dbm"": 13}",3300,module radio\ESP32-C3_Radio\power_profiler\results\20260724_221207_radio_ebyte_e79_cc1352p_rx,power_profiler\comparisons\ebyte_e79_400dm2005s_20260724\e79_rx.csv,RX_fixed_window_reanalysis_requires_new_RAW,5,run_00081|run_00082|run_00083|run_00084|run_00085
ebyte_e79_ch9340,RADIO_EBYTE_E79_CC1352P,rx,1024,16,"{""rf_profile"": ""GFSK4K8"", ""tx_power_dbm"": 13}",3300,module radio\ESP32-C3_Radio\power_profiler\results\20260724_221207_radio_ebyte_e79_cc1352p_rx,power_profiler\comparisons\ebyte_e79_400dm2005s_20260724\e79_rx.csv,RX_fixed_window_reanalysis_requires_new_RAW,5,run_00086|run_00087|run_00088|run_00089|run_00090
ebyte_e79_ch9340,RADIO_EBYTE_E79_CC1352P,rx,8,1,"{""rf_profile"": ""GFSK50"", ""tx_power_dbm"": -20}",3300,module radio\ESP32-C3_Radio\power_profiler\results\20260724_221207_radio_ebyte_e79_cc1352p_rx,power_profiler\comparisons\ebyte_e79_400dm2005s_20260724\e79_rx.csv,RX_fixed_window_reanalysis_requires_new_RAW,5,run_00091|run_00092|run_00093|run_00094|run_00095
ebyte_e79_ch9340,RADIO_EBYTE_E79_CC1352P,rx,32,1,"{""rf_profile"": ""GFSK50"", ""tx_power_dbm"": -20}",3300,module radio\ESP32-C3_Radio\power_profiler\results\20260724_221207_radio_ebyte_e79_cc1352p_rx,power_profiler\comparisons\ebyte_e79_400dm2005s_20260724\e79_rx.csv,RX_fixed_window_reanalysis_requires_new_RAW,5,run_00096|run_00097|run_00098|run_00099|run_00100
ebyte_e79_ch9340,RADIO_EBYTE_E79_CC1352P,rx,64,1,"{""rf_profile"": ""GFSK50"", ""tx_power_dbm"": -20}",3300,module radio\ESP32-C3_Radio\power_profiler\results\20260724_221207_radio_ebyte_e79_cc1352p_rx,power_profiler\comparisons\ebyte_e79_400dm2005s_20260724\e79_rx.csv,RX_fixed_window_reanalysis_requires_new_RAW,5,run_00101|run_00102|run_00103|run_00104|run_00105
ebyte_e79_ch9340,RADIO_EBYTE_E79_CC1352P,rx,128,2,"{""rf_profile"": ""GFSK50"", ""tx_power_dbm"": -20}",3300,module radio\ESP32-C3_Radio\power_profiler\results\20260724_221207_radio_ebyte_e79_cc1352p_rx,power_profiler\comparisons\ebyte_e79_400dm2005s_20260724\e79_rx.csv,RX_fixed_window_reanalysis_requires_new_RAW,5,run_00106|run_00107|run_00108|run_00109|run_00110
ebyte_e79_ch9340,RADIO_EBYTE_E79_CC1352P,rx,512,8,"{""rf_profile"": ""GFSK50"", ""tx_power_dbm"": -20}",3300,module radio\ESP32-C3_Radio\power_profiler\results\20260724_221207_radio_ebyte_e79_cc1352p_rx,power_profiler\comparisons\ebyte_e79_400dm2005s_20260724\e79_rx.csv,RX_fixed_window_reanalysis_requires_new_RAW,5,run_00111|run_00112|run_00113|run_00114|run_00115
ebyte_e79_ch9340,RADIO_EBYTE_E79_CC1352P,rx,1024,16,"{""rf_profile"": ""GFSK50"", ""tx_power_dbm"": -20}",3300,module radio\ESP32-C3_Radio\power_profiler\results\20260724_221207_radio_ebyte_e79_cc1352p_rx,power_profiler\comparisons\ebyte_e79_400dm2005s_20260724\e79_rx.csv,RX_fixed_window_reanalysis_requires_new_RAW,5,run_00116|run_00117|run_00118|run_00119|run_00120
ebyte_e79_ch9340,RADIO_EBYTE_E79_CC1352P,rx,8,1,"{""rf_profile"": ""GFSK50"", ""tx_power_dbm"": 0}",3300,module radio\ESP32-C3_Radio\power_profiler\results\20260724_221207_radio_ebyte_e79_cc1352p_rx,power_profiler\comparisons\ebyte_e79_400dm2005s_20260724\e79_rx.csv,RX_fixed_window_reanalysis_requires_new_RAW,5,run_00121|run_00122|run_00123|run_00124|run_00125
ebyte_e79_ch9340,RADIO_EBYTE_E79_CC1352P,rx,32,1,"{""rf_profile"": ""GFSK50"", ""tx_power_dbm"": 0}",3300,module radio\ESP32-C3_Radio\power_profiler\results\20260724_221207_radio_ebyte_e79_cc1352p_rx,power_profiler\comparisons\ebyte_e79_400dm2005s_20260724\e79_rx.csv,RX_fixed_window_reanalysis_requires_new_RAW,5,run_00126|run_00127|run_00128|run_00129|run_00130
ebyte_e79_ch9340,RADIO_EBYTE_E79_CC1352P,rx,64,1,"{""rf_profile"": ""GFSK50"", ""tx_power_dbm"": 0}",3300,module radio\ESP32-C3_Radio\power_profiler\results\20260724_221207_radio_ebyte_e79_cc1352p_rx,power_profiler\comparisons\ebyte_e79_400dm2005s_20260724\e79_rx.csv,RX_fixed_window_reanalysis_requires_new_RAW,5,run_00131|run_00132|run_00133|run_00134|run_00135
ebyte_e79_ch9340,RADIO_EBYTE_E79_CC1352P,rx,128,2,"{""rf_profile"": ""GFSK50"", ""tx_power_dbm"": 0}",3300,module radio\ESP32-C3_Radio\power_profiler\results\20260724_221207_radio_ebyte_e79_cc1352p_rx,power_profiler\comparisons\ebyte_e79_400dm2005s_20260724\e79_rx.csv,RX_fixed_window_reanalysis_requires_new_RAW,5,run_00136|run_00137|run_00138|run_00139|run_00140
ebyte_e79_ch9340,RADIO_EBYTE_E79_CC1352P,rx,512,8,"{""rf_profile"": ""GFSK50"", ""tx_power_dbm"": 0}",3300,module radio\ESP32-C3_Radio\power_profiler\results\20260724_221207_radio_ebyte_e79_cc1352p_rx,power_profiler\comparisons\ebyte_e79_400dm2005s_20260724\e79_rx.csv,RX_fixed_window_reanalysis_requires_new_RAW,5,run_00141|run_00142|run_00143|run_00144|run_00145
ebyte_e79_ch9340,RADIO_EBYTE_E79_CC1352P,rx,1024,16,"{""rf_profile"": ""GFSK50"", ""tx_power_dbm"": 0}",3300,module radio\ESP32-C3_Radio\power_profiler\results\20260724_221207_radio_ebyte_e79_cc1352p_rx,power_profiler\comparisons\ebyte_e79_400dm2005s_20260724\e79_rx.csv,RX_fixed_window_reanalysis_requires_new_RAW,5,run_00146|run_00147|run_00148|run_00149|run_00150
ebyte_e79_ch9340,RADIO_EBYTE_E79_CC1352P,rx,8,1,"{""rf_profile"": ""GFSK50"", ""tx_power_dbm"": 13}",3300,module radio\ESP32-C3_Radio\power_profiler\results\20260724_221207_radio_ebyte_e79_cc1352p_rx,power_profiler\comparisons\ebyte_e79_400dm2005s_20260724\e79_rx.csv,RX_fixed_window_reanalysis_requires_new_RAW,5,run_00151|run_00152|run_00153|run_00154|run_00155
ebyte_e79_ch9340,RADIO_EBYTE_E79_CC1352P,rx,32,1,"{""rf_profile"": ""GFSK50"", ""tx_power_dbm"": 13}",3300,module radio\ESP32-C3_Radio\power_profiler\results\20260724_221207_radio_ebyte_e79_cc1352p_rx,power_profiler\comparisons\ebyte_e79_400dm2005s_20260724\e79_rx.csv,RX_fixed_window_reanalysis_requires_new_RAW,5,run_00156|run_00157|run_00158|run_00159|run_00160
ebyte_e79_ch9340,RADIO_EBYTE_E79_CC1352P,rx,64,1,"{""rf_profile"": ""GFSK50"", ""tx_power_dbm"": 13}",3300,module radio\ESP32-C3_Radio\power_profiler\results\20260724_221207_radio_ebyte_e79_cc1352p_rx,power_profiler\comparisons\ebyte_e79_400dm2005s_20260724\e79_rx.csv,RX_fixed_window_reanalysis_requires_new_RAW,5,run_00161|run_00162|run_00163|run_00164|run_00165
ebyte_e79_ch9340,RADIO_EBYTE_E79_CC1352P,rx,128,2,"{""rf_profile"": ""GFSK50"", ""tx_power_dbm"": 13}",3300,module radio\ESP32-C3_Radio\power_profiler\results\20260724_221207_radio_ebyte_e79_cc1352p_rx,power_profiler\comparisons\ebyte_e79_400dm2005s_20260724\e79_rx.csv,RX_fixed_window_reanalysis_requires_new_RAW,5,run_00166|run_00167|run_00168|run_00169|run_00170
ebyte_e79_ch9340,RADIO_EBYTE_E79_CC1352P,rx,512,8,"{""rf_profile"": ""GFSK50"", ""tx_power_dbm"": 13}",3300,module radio\ESP32-C3_Radio\power_profiler\results\20260724_221207_radio_ebyte_e79_cc1352p_rx,power_profiler\comparisons\ebyte_e79_400dm2005s_20260724\e79_rx.csv,RX_fixed_window_reanalysis_requires_new_RAW,5,run_00171|run_00172|run_00173|run_00174|run_00175
ebyte_e79_ch9340,RADIO_EBYTE_E79_CC1352P,rx,1024,16,"{""rf_profile"": ""GFSK50"", ""tx_power_dbm"": 13}",3300,module radio\ESP32-C3_Radio\power_profiler\results\20260724_221207_radio_ebyte_e79_cc1352p_rx,power_profiler\comparisons\ebyte_e79_400dm2005s_20260724\e79_rx.csv,RX_fixed_window_reanalysis_requires_new_RAW,5,run_00176|run_00177|run_00178|run_00179|run_00180
ebyte_e79_ch9340,RADIO_EBYTE_E79_CC1352P,rx,8,1,"{""rf_profile"": ""GFSK200"", ""tx_power_dbm"": -20}",3300,module radio\ESP32-C3_Radio\power_profiler\results\20260724_221207_radio_ebyte_e79_cc1352p_rx,power_profiler\comparisons\ebyte_e79_400dm2005s_20260724\e79_rx.csv,RX_fixed_window_reanalysis_requires_new_RAW,5,run_00181|run_00182|run_00183|run_00184|run_00185
ebyte_e79_ch9340,RADIO_EBYTE_E79_CC1352P,rx,32,1,"{""rf_profile"": ""GFSK200"", ""tx_power_dbm"": -20}",3300,module radio\ESP32-C3_Radio\power_profiler\results\20260724_221207_radio_ebyte_e79_cc1352p_rx,power_profiler\comparisons\ebyte_e79_400dm2005s_20260724\e79_rx.csv,RX_fixed_window_reanalysis_requires_new_RAW,5,run_00186|run_00187|run_00188|run_00189|run_00190
ebyte_e79_ch9340,RADIO_EBYTE_E79_CC1352P,rx,64,1,"{""rf_profile"": ""GFSK200"", ""tx_power_dbm"": -20}",3300,module radio\ESP32-C3_Radio\power_profiler\results\20260724_221207_radio_ebyte_e79_cc1352p_rx,power_profiler\comparisons\ebyte_e79_400dm2005s_20260724\e79_rx.csv,RX_fixed_window_reanalysis_requires_new_RAW,5,run_00191|run_00192|run_00193|run_00194|run_00195
ebyte_e79_ch9340,RADIO_EBYTE_E79_CC1352P,rx,128,2,"{""rf_profile"": ""GFSK200"", ""tx_power_dbm"": -20}",3300,module radio\ESP32-C3_Radio\power_profiler\results\20260724_221207_radio_ebyte_e79_cc1352p_rx,power_profiler\comparisons\ebyte_e79_400dm2005s_20260724\e79_rx.csv,RX_fixed_window_reanalysis_requires_new_RAW,5,run_00196|run_00197|run_00198|run_00199|run_00200
ebyte_e79_ch9340,RADIO_EBYTE_E79_CC1352P,rx,512,8,"{""rf_profile"": ""GFSK200"", ""tx_power_dbm"": -20}",3300,module radio\ESP32-C3_Radio\power_profiler\results\20260724_221207_radio_ebyte_e79_cc1352p_rx,power_profiler\comparisons\ebyte_e79_400dm2005s_20260724\e79_rx.csv,RX_fixed_window_reanalysis_requires_new_RAW,5,run_00201|run_00202|run_00203|run_00204|run_00205
ebyte_e79_ch9340,RADIO_EBYTE_E79_CC1352P,rx,1024,16,"{""rf_profile"": ""GFSK200"", ""tx_power_dbm"": -20}",3300,module radio\ESP32-C3_Radio\power_profiler\results\20260724_221207_radio_ebyte_e79_cc1352p_rx,power_profiler\comparisons\ebyte_e79_400dm2005s_20260724\e79_rx.csv,RX_fixed_window_reanalysis_requires_new_RAW,5,run_00206|run_00207|run_00208|run_00209|run_00210
ebyte_e79_ch9340,RADIO_EBYTE_E79_CC1352P,rx,8,1,"{""rf_profile"": ""GFSK200"", ""tx_power_dbm"": 0}",3300,module radio\ESP32-C3_Radio\power_profiler\results\20260724_221207_radio_ebyte_e79_cc1352p_rx,power_profiler\comparisons\ebyte_e79_400dm2005s_20260724\e79_rx.csv,RX_fixed_window_reanalysis_requires_new_RAW,5,run_00211|run_00212|run_00213|run_00214|run_00215
ebyte_e79_ch9340,RADIO_EBYTE_E79_CC1352P,rx,32,1,"{""rf_profile"": ""GFSK200"", ""tx_power_dbm"": 0}",3300,module radio\ESP32-C3_Radio\power_profiler\results\20260724_221207_radio_ebyte_e79_cc1352p_rx,power_profiler\comparisons\ebyte_e79_400dm2005s_20260724\e79_rx.csv,RX_fixed_window_reanalysis_requires_new_RAW,5,run_00216|run_00217|run_00218|run_00219|run_00220
ebyte_e79_ch9340,RADIO_EBYTE_E79_CC1352P,rx,64,1,"{""rf_profile"": ""GFSK200"", ""tx_power_dbm"": 0}",3300,module radio\ESP32-C3_Radio\power_profiler\results\20260724_221207_radio_ebyte_e79_cc1352p_rx,power_profiler\comparisons\ebyte_e79_400dm2005s_20260724\e79_rx.csv,RX_fixed_window_reanalysis_requires_new_RAW,5,run_00221|run_00222|run_00223|run_00224|run_00225
ebyte_e79_ch9340,RADIO_EBYTE_E79_CC1352P,rx,128,2,"{""rf_profile"": ""GFSK200"", ""tx_power_dbm"": 0}",3300,module radio\ESP32-C3_Radio\power_profiler\results\20260724_221207_radio_ebyte_e79_cc1352p_rx,power_profiler\comparisons\ebyte_e79_400dm2005s_20260724\e79_rx.csv,RX_fixed_window_reanalysis_requires_new_RAW,5,run_00226|run_00227|run_00228|run_00229|run_00230
ebyte_e79_ch9340,RADIO_EBYTE_E79_CC1352P,rx,512,8,"{""rf_profile"": ""GFSK200"", ""tx_power_dbm"": 0}",3300,module radio\ESP32-C3_Radio\power_profiler\results\20260724_221207_radio_ebyte_e79_cc1352p_rx,power_profiler\comparisons\ebyte_e79_400dm2005s_20260724\e79_rx.csv,RX_fixed_window_reanalysis_requires_new_RAW,5,run_00231|run_00232|run_00233|run_00234|run_00235
ebyte_e79_ch9340,RADIO_EBYTE_E79_CC1352P,rx,1024,16,"{""rf_profile"": ""GFSK200"", ""tx_power_dbm"": 0}",3300,module radio\ESP32-C3_Radio\power_profiler\results\20260724_221207_radio_ebyte_e79_cc1352p_rx,power_profiler\comparisons\ebyte_e79_400dm2005s_20260724\e79_rx.csv,RX_fixed_window_reanalysis_requires_new_RAW,5,run_00236|run_00237|run_00238|run_00239|run_00240
ebyte_e79_ch9340,RADIO_EBYTE_E79_CC1352P,rx,8,1,"{""rf_profile"": ""GFSK200"", ""tx_power_dbm"": 13}",3300,module radio\ESP32-C3_Radio\power_profiler\results\20260724_221207_radio_ebyte_e79_cc1352p_rx,power_profiler\comparisons\ebyte_e79_400dm2005s_20260724\e79_rx.csv,RX_fixed_window_reanalysis_requires_new_RAW,5,run_00241|run_00242|run_00243|run_00244|run_00245
ebyte_e79_ch9340,RADIO_EBYTE_E79_CC1352P,rx,32,1,"{""rf_profile"": ""GFSK200"", ""tx_power_dbm"": 13}",3300,module radio\ESP32-C3_Radio\power_profiler\results\20260724_221207_radio_ebyte_e79_cc1352p_rx,power_profiler\comparisons\ebyte_e79_400dm2005s_20260724\e79_rx.csv,RX_fixed_window_reanalysis_requires_new_RAW,5,run_00246|run_00247|run_00248|run_00249|run_00250
ebyte_e79_ch9340,RADIO_EBYTE_E79_CC1352P,rx,64,1,"{""rf_profile"": ""GFSK200"", ""tx_power_dbm"": 13}",3300,module radio\ESP32-C3_Radio\power_profiler\results\20260724_221207_radio_ebyte_e79_cc1352p_rx,power_profiler\comparisons\ebyte_e79_400dm2005s_20260724\e79_rx.csv,RX_fixed_window_reanalysis_requires_new_RAW,5,run_00251|run_00252|run_00253|run_00254|run_00255
ebyte_e79_ch9340,RADIO_EBYTE_E79_CC1352P,rx,128,2,"{""rf_profile"": ""GFSK200"", ""tx_power_dbm"": 13}",3300,module radio\ESP32-C3_Radio\power_profiler\results\20260724_221207_radio_ebyte_e79_cc1352p_rx,power_profiler\comparisons\ebyte_e79_400dm2005s_20260724\e79_rx.csv,RX_fixed_window_reanalysis_requires_new_RAW,5,run_00256|run_00257|run_00258|run_00259|run_00260
ebyte_e79_ch9340,RADIO_EBYTE_E79_CC1352P,rx,512,8,"{""rf_profile"": ""GFSK200"", ""tx_power_dbm"": 13}",3300,module radio\ESP32-C3_Radio\power_profiler\results\20260724_221207_radio_ebyte_e79_cc1352p_rx,power_profiler\comparisons\ebyte_e79_400dm2005s_20260724\e79_rx.csv,RX_fixed_window_reanalysis_requires_new_RAW,5,run_00261|run_00262|run_00263|run_00264|run_00265
ebyte_e79_ch9340,RADIO_EBYTE_E79_CC1352P,rx,1024,16,"{""rf_profile"": ""GFSK200"", ""tx_power_dbm"": 13}",3300,module radio\ESP32-C3_Radio\power_profiler\results\20260724_221207_radio_ebyte_e79_cc1352p_rx,power_profiler\comparisons\ebyte_e79_400dm2005s_20260724\e79_rx.csv,RX_fixed_window_reanalysis_requires_new_RAW,5,run_00266|run_00267|run_00268|run_00269|run_00270
ebyte_e79_ch9340,RADIO_EBYTE_E79_CC1352P,rx,8,1,"{""rf_profile"": ""SLR2K5"", ""tx_power_dbm"": -20}",3300,module radio\ESP32-C3_Radio\power_profiler\results\20260724_221207_radio_ebyte_e79_cc1352p_rx,power_profiler\comparisons\ebyte_e79_400dm2005s_20260724\e79_rx.csv,RX_fixed_window_reanalysis_requires_new_RAW,5,run_00271|run_00272|run_00273|run_00274|run_00275
ebyte_e79_ch9340,RADIO_EBYTE_E79_CC1352P,rx,32,1,"{""rf_profile"": ""SLR2K5"", ""tx_power_dbm"": -20}",3300,module radio\ESP32-C3_Radio\power_profiler\results\20260724_221207_radio_ebyte_e79_cc1352p_rx,power_profiler\comparisons\ebyte_e79_400dm2005s_20260724\e79_rx.csv,RX_fixed_window_reanalysis_requires_new_RAW,5,run_00276|run_00277|run_00278|run_00279|run_00280
ebyte_e79_ch9340,RADIO_EBYTE_E79_CC1352P,rx,64,1,"{""rf_profile"": ""SLR2K5"", ""tx_power_dbm"": -20}",3300,module radio\ESP32-C3_Radio\power_profiler\results\20260724_221207_radio_ebyte_e79_cc1352p_rx,power_profiler\comparisons\ebyte_e79_400dm2005s_20260724\e79_rx.csv,RX_fixed_window_reanalysis_requires_new_RAW,5,run_00281|run_00282|run_00283|run_00284|run_00285
ebyte_e79_ch9340,RADIO_EBYTE_E79_CC1352P,rx,128,2,"{""rf_profile"": ""SLR2K5"", ""tx_power_dbm"": -20}",3300,module radio\ESP32-C3_Radio\power_profiler\results\20260724_221207_radio_ebyte_e79_cc1352p_rx,power_profiler\comparisons\ebyte_e79_400dm2005s_20260724\e79_rx.csv,RX_fixed_window_reanalysis_requires_new_RAW,5,run_00286|run_00287|run_00288|run_00289|run_00290
ebyte_e79_ch9340,RADIO_EBYTE_E79_CC1352P,rx,512,8,"{""rf_profile"": ""SLR2K5"", ""tx_power_dbm"": -20}",3300,module radio\ESP32-C3_Radio\power_profiler\results\20260724_221207_radio_ebyte_e79_cc1352p_rx,power_profiler\comparisons\ebyte_e79_400dm2005s_20260724\e79_rx.csv,RX_fixed_window_reanalysis_requires_new_RAW,5,run_00291|run_00292|run_00293|run_00294|run_00295
ebyte_e79_ch9340,RADIO_EBYTE_E79_CC1352P,rx,1024,16,"{""rf_profile"": ""SLR2K5"", ""tx_power_dbm"": -20}",3300,module radio\ESP32-C3_Radio\power_profiler\results\20260724_221207_radio_ebyte_e79_cc1352p_rx,power_profiler\comparisons\ebyte_e79_400dm2005s_20260724\e79_rx.csv,RX_fixed_window_reanalysis_requires_new_RAW,5,run_00296|run_00297|run_00298|run_00299|run_00300
ebyte_e79_ch9340,RADIO_EBYTE_E79_CC1352P,rx,8,1,"{""rf_profile"": ""SLR2K5"", ""tx_power_dbm"": 0}",3300,module radio\ESP32-C3_Radio\power_profiler\results\20260724_221207_radio_ebyte_e79_cc1352p_rx,power_profiler\comparisons\ebyte_e79_400dm2005s_20260724\e79_rx.csv,RX_fixed_window_reanalysis_requires_new_RAW,5,run_00301|run_00302|run_00303|run_00304|run_00305
ebyte_e79_ch9340,RADIO_EBYTE_E79_CC1352P,rx,32,1,"{""rf_profile"": ""SLR2K5"", ""tx_power_dbm"": 0}",3300,module radio\ESP32-C3_Radio\power_profiler\results\20260724_221207_radio_ebyte_e79_cc1352p_rx,power_profiler\comparisons\ebyte_e79_400dm2005s_20260724\e79_rx.csv,RX_fixed_window_reanalysis_requires_new_RAW,5,run_00306|run_00307|run_00308|run_00309|run_00310
ebyte_e79_ch9340,RADIO_EBYTE_E79_CC1352P,rx,64,1,"{""rf_profile"": ""SLR2K5"", ""tx_power_dbm"": 0}",3300,module radio\ESP32-C3_Radio\power_profiler\results\20260724_221207_radio_ebyte_e79_cc1352p_rx,power_profiler\comparisons\ebyte_e79_400dm2005s_20260724\e79_rx.csv,RX_fixed_window_reanalysis_requires_new_RAW,5,run_00311|run_00312|run_00313|run_00314|run_00315
ebyte_e79_ch9340,RADIO_EBYTE_E79_CC1352P,rx,128,2,"{""rf_profile"": ""SLR2K5"", ""tx_power_dbm"": 0}",3300,module radio\ESP32-C3_Radio\power_profiler\results\20260724_221207_radio_ebyte_e79_cc1352p_rx,power_profiler\comparisons\ebyte_e79_400dm2005s_20260724\e79_rx.csv,RX_fixed_window_reanalysis_requires_new_RAW,5,run_00316|run_00317|run_00318|run_00319|run_00320
ebyte_e79_ch9340,RADIO_EBYTE_E79_CC1352P,rx,512,8,"{""rf_profile"": ""SLR2K5"", ""tx_power_dbm"": 0}",3300,module radio\ESP32-C3_Radio\power_profiler\results\20260724_221207_radio_ebyte_e79_cc1352p_rx,power_profiler\comparisons\ebyte_e79_400dm2005s_20260724\e79_rx.csv,RX_fixed_window_reanalysis_requires_new_RAW,5,run_00321|run_00322|run_00323|run_00324|run_00325
ebyte_e79_ch9340,RADIO_EBYTE_E79_CC1352P,rx,1024,16,"{""rf_profile"": ""SLR2K5"", ""tx_power_dbm"": 0}",3300,module radio\ESP32-C3_Radio\power_profiler\results\20260724_221207_radio_ebyte_e79_cc1352p_rx,power_profiler\comparisons\ebyte_e79_400dm2005s_20260724\e79_rx.csv,RX_fixed_window_reanalysis_requires_new_RAW,5,run_00326|run_00327|run_00328|run_00329|run_00330
ebyte_e79_ch9340,RADIO_EBYTE_E79_CC1352P,rx,8,1,"{""rf_profile"": ""SLR2K5"", ""tx_power_dbm"": 13}",3300,module radio\ESP32-C3_Radio\power_profiler\results\20260724_221207_radio_ebyte_e79_cc1352p_rx,power_profiler\comparisons\ebyte_e79_400dm2005s_20260724\e79_rx.csv,RX_fixed_window_reanalysis_requires_new_RAW,5,run_00331|run_00332|run_00333|run_00334|run_00335
ebyte_e79_ch9340,RADIO_EBYTE_E79_CC1352P,rx,32,1,"{""rf_profile"": ""SLR2K5"", ""tx_power_dbm"": 13}",3300,module radio\ESP32-C3_Radio\power_profiler\results\20260724_221207_radio_ebyte_e79_cc1352p_rx,power_profiler\comparisons\ebyte_e79_400dm2005s_20260724\e79_rx.csv,RX_fixed_window_reanalysis_requires_new_RAW,5,run_00336|run_00337|run_00338|run_00339|run_00340
ebyte_e79_ch9340,RADIO_EBYTE_E79_CC1352P,rx,64,1,"{""rf_profile"": ""SLR2K5"", ""tx_power_dbm"": 13}",3300,module radio\ESP32-C3_Radio\power_profiler\results\20260724_221207_radio_ebyte_e79_cc1352p_rx,power_profiler\comparisons\ebyte_e79_400dm2005s_20260724\e79_rx.csv,RX_fixed_window_reanalysis_requires_new_RAW,5,run_00341|run_00342|run_00343|run_00344|run_00345
ebyte_e79_ch9340,RADIO_EBYTE_E79_CC1352P,rx,128,2,"{""rf_profile"": ""SLR2K5"", ""tx_power_dbm"": 13}",3300,module radio\ESP32-C3_Radio\power_profiler\results\20260724_221207_radio_ebyte_e79_cc1352p_rx,power_profiler\comparisons\ebyte_e79_400dm2005s_20260724\e79_rx.csv,RX_fixed_window_reanalysis_requires_new_RAW,5,run_00346|run_00347|run_00348|run_00349|run_00350
ebyte_e79_ch9340,RADIO_EBYTE_E79_CC1352P,rx,512,8,"{""rf_profile"": ""SLR2K5"", ""tx_power_dbm"": 13}",3300,module radio\ESP32-C3_Radio\power_profiler\results\20260724_221207_radio_ebyte_e79_cc1352p_rx,power_profiler\comparisons\ebyte_e79_400dm2005s_20260724\e79_rx.csv,RX_fixed_window_reanalysis_requires_new_RAW,5,run_00351|run_00352|run_00353|run_00354|run_00355
ebyte_e79_ch9340,RADIO_EBYTE_E79_CC1352P,rx,1024,16,"{""rf_profile"": ""SLR2K5"", ""tx_power_dbm"": 13}",3300,module radio\ESP32-C3_Radio\power_profiler\results\20260724_221207_radio_ebyte_e79_cc1352p_rx,power_profiler\comparisons\ebyte_e79_400dm2005s_20260724\e79_rx.csv,RX_fixed_window_reanalysis_requires_new_RAW,5,run_00356|run_00357|run_00358|run_00359|run_00360
ebyte_e79_ch9340,RADIO_EBYTE_E79_CC1352P,rx,8,1,"{""rf_profile"": ""SLR5"", ""tx_power_dbm"": -20}",3300,module radio\ESP32-C3_Radio\power_profiler\results\20260724_221207_radio_ebyte_e79_cc1352p_rx,power_profiler\comparisons\ebyte_e79_400dm2005s_20260724\e79_rx.csv,RX_fixed_window_reanalysis_requires_new_RAW,5,run_00361|run_00362|run_00363|run_00364|run_00365
ebyte_e79_ch9340,RADIO_EBYTE_E79_CC1352P,rx,32,1,"{""rf_profile"": ""SLR5"", ""tx_power_dbm"": -20}",3300,module radio\ESP32-C3_Radio\power_profiler\results\20260724_221207_radio_ebyte_e79_cc1352p_rx,power_profiler\comparisons\ebyte_e79_400dm2005s_20260724\e79_rx.csv,RX_fixed_window_reanalysis_requires_new_RAW,5,run_00366|run_00367|run_00368|run_00369|run_00370
ebyte_e79_ch9340,RADIO_EBYTE_E79_CC1352P,rx,64,1,"{""rf_profile"": ""SLR5"", ""tx_power_dbm"": -20}",3300,module radio\ESP32-C3_Radio\power_profiler\results\20260724_221207_radio_ebyte_e79_cc1352p_rx,power_profiler\comparisons\ebyte_e79_400dm2005s_20260724\e79_rx.csv,RX_fixed_window_reanalysis_requires_new_RAW,5,run_00371|run_00372|run_00373|run_00374|run_00375
ebyte_e79_ch9340,RADIO_EBYTE_E79_CC1352P,rx,128,2,"{""rf_profile"": ""SLR5"", ""tx_power_dbm"": -20}",3300,module radio\ESP32-C3_Radio\power_profiler\results\20260724_221207_radio_ebyte_e79_cc1352p_rx,power_profiler\comparisons\ebyte_e79_400dm2005s_20260724\e79_rx.csv,RX_fixed_window_reanalysis_requires_new_RAW,5,run_00376|run_00377|run_00378|run_00379|run_00380
ebyte_e79_ch9340,RADIO_EBYTE_E79_CC1352P,rx,512,8,"{""rf_profile"": ""SLR5"", ""tx_power_dbm"": -20}",3300,module radio\ESP32-C3_Radio\power_profiler\results\20260724_221207_radio_ebyte_e79_cc1352p_rx,power_profiler\comparisons\ebyte_e79_400dm2005s_20260724\e79_rx.csv,RX_fixed_window_reanalysis_requires_new_RAW,5,run_00381|run_00382|run_00383|run_00384|run_00385
ebyte_e79_ch9340,RADIO_EBYTE_E79_CC1352P,rx,1024,16,"{""rf_profile"": ""SLR5"", ""tx_power_dbm"": -20}",3300,module radio\ESP32-C3_Radio\power_profiler\results\20260724_221207_radio_ebyte_e79_cc1352p_rx,power_profiler\comparisons\ebyte_e79_400dm2005s_20260724\e79_rx.csv,RX_fixed_window_reanalysis_requires_new_RAW,5,run_00386|run_00387|run_00388|run_00389|run_00390
ebyte_e79_ch9340,RADIO_EBYTE_E79_CC1352P,rx,8,1,"{""rf_profile"": ""SLR5"", ""tx_power_dbm"": 0}",3300,module radio\ESP32-C3_Radio\power_profiler\results\20260724_221207_radio_ebyte_e79_cc1352p_rx,power_profiler\comparisons\ebyte_e79_400dm2005s_20260724\e79_rx.csv,RX_fixed_window_reanalysis_requires_new_RAW,5,run_00391|run_00392|run_00393|run_00394|run_00395
ebyte_e79_ch9340,RADIO_EBYTE_E79_CC1352P,rx,32,1,"{""rf_profile"": ""SLR5"", ""tx_power_dbm"": 0}",3300,module radio\ESP32-C3_Radio\power_profiler\results\20260724_221207_radio_ebyte_e79_cc1352p_rx,power_profiler\comparisons\ebyte_e79_400dm2005s_20260724\e79_rx.csv,RX_fixed_window_reanalysis_requires_new_RAW,5,run_00396|run_00397|run_00398|run_00399|run_00400
ebyte_e79_ch9340,RADIO_EBYTE_E79_CC1352P,rx,64,1,"{""rf_profile"": ""SLR5"", ""tx_power_dbm"": 0}",3300,module radio\ESP32-C3_Radio\power_profiler\results\20260724_221207_radio_ebyte_e79_cc1352p_rx,power_profiler\comparisons\ebyte_e79_400dm2005s_20260724\e79_rx.csv,RX_fixed_window_reanalysis_requires_new_RAW,5,run_00401|run_00402|run_00403|run_00404|run_00405
ebyte_e79_ch9340,RADIO_EBYTE_E79_CC1352P,rx,128,2,"{""rf_profile"": ""SLR5"", ""tx_power_dbm"": 0}",3300,module radio\ESP32-C3_Radio\power_profiler\results\20260724_221207_radio_ebyte_e79_cc1352p_rx,power_profiler\comparisons\ebyte_e79_400dm2005s_20260724\e79_rx.csv,RX_fixed_window_reanalysis_requires_new_RAW,5,run_00406|run_00407|run_00408|run_00409|run_00410
ebyte_e79_ch9340,RADIO_EBYTE_E79_CC1352P,rx,512,8,"{""rf_profile"": ""SLR5"", ""tx_power_dbm"": 0}",3300,module radio\ESP32-C3_Radio\power_profiler\results\20260724_221207_radio_ebyte_e79_cc1352p_rx,power_profiler\comparisons\ebyte_e79_400dm2005s_20260724\e79_rx.csv,RX_fixed_window_reanalysis_requires_new_RAW,5,run_00411|run_00412|run_00413|run_00414|run_00415
ebyte_e79_ch9340,RADIO_EBYTE_E79_CC1352P,rx,1024,16,"{""rf_profile"": ""SLR5"", ""tx_power_dbm"": 0}",3300,module radio\ESP32-C3_Radio\power_profiler\results\20260724_221207_radio_ebyte_e79_cc1352p_rx,power_profiler\comparisons\ebyte_e79_400dm2005s_20260724\e79_rx.csv,RX_fixed_window_reanalysis_requires_new_RAW,5,run_00416|run_00417|run_00418|run_00419|run_00420
ebyte_e79_ch9340,RADIO_EBYTE_E79_CC1352P,rx,8,1,"{""rf_profile"": ""SLR5"", ""tx_power_dbm"": 13}",3300,module radio\ESP32-C3_Radio\power_profiler\results\20260724_221207_radio_ebyte_e79_cc1352p_rx,power_profiler\comparisons\ebyte_e79_400dm2005s_20260724\e79_rx.csv,RX_fixed_window_reanalysis_requires_new_RAW,5,run_00421|run_00422|run_00423|run_00424|run_00425
ebyte_e79_ch9340,RADIO_EBYTE_E79_CC1352P,rx,32,1,"{""rf_profile"": ""SLR5"", ""tx_power_dbm"": 13}",3300,module radio\ESP32-C3_Radio\power_profiler\results\20260724_221207_radio_ebyte_e79_cc1352p_rx,power_profiler\comparisons\ebyte_e79_400dm2005s_20260724\e79_rx.csv,RX_fixed_window_reanalysis_requires_new_RAW,5,run_00426|run_00427|run_00428|run_00429|run_00430
ebyte_e79_ch9340,RADIO_EBYTE_E79_CC1352P,rx,64,1,"{""rf_profile"": ""SLR5"", ""tx_power_dbm"": 13}",3300,module radio\ESP32-C3_Radio\power_profiler\results\20260724_221207_radio_ebyte_e79_cc1352p_rx,power_profiler\comparisons\ebyte_e79_400dm2005s_20260724\e79_rx.csv,RX_fixed_window_reanalysis_requires_new_RAW,5,run_00431|run_00432|run_00433|run_00434|run_00435
ebyte_e79_ch9340,RADIO_EBYTE_E79_CC1352P,rx,128,2,"{""rf_profile"": ""SLR5"", ""tx_power_dbm"": 13}",3300,module radio\ESP32-C3_Radio\power_profiler\results\20260724_221207_radio_ebyte_e79_cc1352p_rx,power_profiler\comparisons\ebyte_e79_400dm2005s_20260724\e79_rx.csv,RX_fixed_window_reanalysis_requires_new_RAW,5,run_00436|run_00437|run_00438|run_00439|run_00440
ebyte_e79_ch9340,RADIO_EBYTE_E79_CC1352P,rx,512,8,"{""rf_profile"": ""SLR5"", ""tx_power_dbm"": 13}",3300,module radio\ESP32-C3_Radio\power_profiler\results\20260724_221207_radio_ebyte_e79_cc1352p_rx,power_profiler\comparisons\ebyte_e79_400dm2005s_20260724\e79_rx.csv,RX_fixed_window_reanalysis_requires_new_RAW,5,run_00441|run_00442|run_00443|run_00444|run_00445
ebyte_e79_ch9340,RADIO_EBYTE_E79_CC1352P,rx,1024,16,"{""rf_profile"": ""SLR5"", ""tx_power_dbm"": 13}",3300,module radio\ESP32-C3_Radio\power_profiler\results\20260724_221207_radio_ebyte_e79_cc1352p_rx,power_profiler\comparisons\ebyte_e79_400dm2005s_20260724\e79_rx.csv,RX_fixed_window_reanalysis_requires_new_RAW,5,run_00446|run_00447|run_00448|run_00449|run_00450
ebyte_e79_ch9340,RADIO_EBYTE_E79_CC1352P,rx,8,1,"{""rf_profile"": ""OOK4K8"", ""tx_power_dbm"": -20}",3300,module radio\ESP32-C3_Radio\power_profiler\results\20260724_221207_radio_ebyte_e79_cc1352p_rx,power_profiler\comparisons\ebyte_e79_400dm2005s_20260724\e79_rx.csv,RX_fixed_window_reanalysis_requires_new_RAW,5,run_00451|run_00452|run_00453|run_00454|run_00455
ebyte_e79_ch9340,RADIO_EBYTE_E79_CC1352P,rx,32,1,"{""rf_profile"": ""OOK4K8"", ""tx_power_dbm"": -20}",3300,module radio\ESP32-C3_Radio\power_profiler\results\20260724_221207_radio_ebyte_e79_cc1352p_rx,power_profiler\comparisons\ebyte_e79_400dm2005s_20260724\e79_rx.csv,RX_fixed_window_reanalysis_requires_new_RAW,5,run_00456|run_00457|run_00458|run_00459|run_00460
ebyte_e79_ch9340,RADIO_EBYTE_E79_CC1352P,rx,64,1,"{""rf_profile"": ""OOK4K8"", ""tx_power_dbm"": -20}",3300,module radio\ESP32-C3_Radio\power_profiler\results\20260724_221207_radio_ebyte_e79_cc1352p_rx,power_profiler\comparisons\ebyte_e79_400dm2005s_20260724\e79_rx.csv,RX_fixed_window_reanalysis_requires_new_RAW,5,run_00461|run_00462|run_00463|run_00464|run_00465
ebyte_e79_ch9340,RADIO_EBYTE_E79_CC1352P,rx,128,2,"{""rf_profile"": ""OOK4K8"", ""tx_power_dbm"": -20}",3300,module radio\ESP32-C3_Radio\power_profiler\results\20260724_221207_radio_ebyte_e79_cc1352p_rx,power_profiler\comparisons\ebyte_e79_400dm2005s_20260724\e79_rx.csv,RX_fixed_window_reanalysis_requires_new_RAW,5,run_00466|run_00467|run_00468|run_00469|run_00470
ebyte_e79_ch9340,RADIO_EBYTE_E79_CC1352P,rx,512,8,"{""rf_profile"": ""OOK4K8"", ""tx_power_dbm"": -20}",3300,module radio\ESP32-C3_Radio\power_profiler\results\20260724_221207_radio_ebyte_e79_cc1352p_rx,power_profiler\comparisons\ebyte_e79_400dm2005s_20260724\e79_rx.csv,RX_fixed_window_reanalysis_requires_new_RAW,5,run_00471|run_00472|run_00473|run_00474|run_00475
ebyte_e79_ch9340,RADIO_EBYTE_E79_CC1352P,rx,1024,16,"{""rf_profile"": ""OOK4K8"", ""tx_power_dbm"": -20}",3300,module radio\ESP32-C3_Radio\power_profiler\results\20260724_221207_radio_ebyte_e79_cc1352p_rx,power_profiler\comparisons\ebyte_e79_400dm2005s_20260724\e79_rx.csv,RX_fixed_window_reanalysis_requires_new_RAW,5,run_00476|run_00477|run_00478|run_00479|run_00480
ebyte_e79_ch9340,RADIO_EBYTE_E79_CC1352P,rx,8,1,"{""rf_profile"": ""OOK4K8"", ""tx_power_dbm"": 0}",3300,module radio\ESP32-C3_Radio\power_profiler\results\20260724_221207_radio_ebyte_e79_cc1352p_rx,power_profiler\comparisons\ebyte_e79_400dm2005s_20260724\e79_rx.csv,RX_fixed_window_reanalysis_requires_new_RAW,5,run_00481|run_00482|run_00483|run_00484|run_00485
ebyte_e79_ch9340,RADIO_EBYTE_E79_CC1352P,rx,32,1,"{""rf_profile"": ""OOK4K8"", ""tx_power_dbm"": 0}",3300,module radio\ESP32-C3_Radio\power_profiler\results\20260724_221207_radio_ebyte_e79_cc1352p_rx,power_profiler\comparisons\ebyte_e79_400dm2005s_20260724\e79_rx.csv,RX_fixed_window_reanalysis_requires_new_RAW,5,run_00486|run_00487|run_00488|run_00489|run_00490
ebyte_e79_ch9340,RADIO_EBYTE_E79_CC1352P,rx,64,1,"{""rf_profile"": ""OOK4K8"", ""tx_power_dbm"": 0}",3300,module radio\ESP32-C3_Radio\power_profiler\results\20260724_221207_radio_ebyte_e79_cc1352p_rx,power_profiler\comparisons\ebyte_e79_400dm2005s_20260724\e79_rx.csv,RX_fixed_window_reanalysis_requires_new_RAW,5,run_00491|run_00492|run_00493|run_00494|run_00495
ebyte_e79_ch9340,RADIO_EBYTE_E79_CC1352P,rx,128,2,"{""rf_profile"": ""OOK4K8"", ""tx_power_dbm"": 0}",3300,module radio\ESP32-C3_Radio\power_profiler\results\20260724_221207_radio_ebyte_e79_cc1352p_rx,power_profiler\comparisons\ebyte_e79_400dm2005s_20260724\e79_rx.csv,RX_fixed_window_reanalysis_requires_new_RAW,5,run_00496|run_00497|run_00498|run_00499|run_00500
ebyte_e79_ch9340,RADIO_EBYTE_E79_CC1352P,rx,512,8,"{""rf_profile"": ""OOK4K8"", ""tx_power_dbm"": 0}",3300,module radio\ESP32-C3_Radio\power_profiler\results\20260724_221207_radio_ebyte_e79_cc1352p_rx,power_profiler\comparisons\ebyte_e79_400dm2005s_20260724\e79_rx.csv,RX_fixed_window_reanalysis_requires_new_RAW,5,run_00501|run_00502|run_00503|run_00504|run_00505
ebyte_e79_ch9340,RADIO_EBYTE_E79_CC1352P,rx,1024,16,"{""rf_profile"": ""OOK4K8"", ""tx_power_dbm"": 0}",3300,module radio\ESP32-C3_Radio\power_profiler\results\20260724_221207_radio_ebyte_e79_cc1352p_rx,power_profiler\comparisons\ebyte_e79_400dm2005s_20260724\e79_rx.csv,RX_fixed_window_reanalysis_requires_new_RAW,5,run_00506|run_00507|run_00508|run_00509|run_00510
ebyte_e79_ch9340,RADIO_EBYTE_E79_CC1352P,rx,8,1,"{""rf_profile"": ""OOK4K8"", ""tx_power_dbm"": 13}",3300,module radio\ESP32-C3_Radio\power_profiler\results\20260724_221207_radio_ebyte_e79_cc1352p_rx,power_profiler\comparisons\ebyte_e79_400dm2005s_20260724\e79_rx.csv,RX_fixed_window_reanalysis_requires_new_RAW,5,run_00511|run_00512|run_00513|run_00514|run_00515
ebyte_e79_ch9340,RADIO_EBYTE_E79_CC1352P,rx,32,1,"{""rf_profile"": ""OOK4K8"", ""tx_power_dbm"": 13}",3300,module radio\ESP32-C3_Radio\power_profiler\results\20260724_221207_radio_ebyte_e79_cc1352p_rx,power_profiler\comparisons\ebyte_e79_400dm2005s_20260724\e79_rx.csv,RX_fixed_window_reanalysis_requires_new_RAW,5,run_00516|run_00517|run_00518|run_00519|run_00520
ebyte_e79_ch9340,RADIO_EBYTE_E79_CC1352P,rx,64,1,"{""rf_profile"": ""OOK4K8"", ""tx_power_dbm"": 13}",3300,module radio\ESP32-C3_Radio\power_profiler\results\20260724_221207_radio_ebyte_e79_cc1352p_rx,power_profiler\comparisons\ebyte_e79_400dm2005s_20260724\e79_rx.csv,RX_fixed_window_reanalysis_requires_new_RAW,5,run_00521|run_00522|run_00523|run_00524|run_00525
ebyte_e79_ch9340,RADIO_EBYTE_E79_CC1352P,rx,128,2,"{""rf_profile"": ""OOK4K8"", ""tx_power_dbm"": 13}",3300,module radio\ESP32-C3_Radio\power_profiler\results\20260724_221207_radio_ebyte_e79_cc1352p_rx,power_profiler\comparisons\ebyte_e79_400dm2005s_20260724\e79_rx.csv,RX_fixed_window_reanalysis_requires_new_RAW,5,run_00526|run_00527|run_00528|run_00529|run_00530
ebyte_e79_ch9340,RADIO_EBYTE_E79_CC1352P,rx,512,8,"{""rf_profile"": ""OOK4K8"", ""tx_power_dbm"": 13}",3300,module radio\ESP32-C3_Radio\power_profiler\results\20260724_221207_radio_ebyte_e79_cc1352p_rx,power_profiler\comparisons\ebyte_e79_400dm2005s_20260724\e79_rx.csv,RX_fixed_window_reanalysis_requires_new_RAW,5,run_00531|run_00532|run_00533|run_00534|run_00535
ebyte_e79_ch9340,RADIO_EBYTE_E79_CC1352P,rx,1024,16,"{""rf_profile"": ""OOK4K8"", ""tx_power_dbm"": 13}",3300,module radio\ESP32-C3_Radio\power_profiler\results\20260724_221207_radio_ebyte_e79_cc1352p_rx,power_profiler\comparisons\ebyte_e79_400dm2005s_20260724\e79_rx.csv,RX_fixed_window_reanalysis_requires_new_RAW,5,run_00536|run_00537|run_00538|run_00539|run_00540
ebyte_e79_ch9340,RADIO_EBYTE_E79_CC1352P,rx,8,1,"{""rf_profile"": ""IEEE154G50"", ""tx_power_dbm"": -20}",3300,module radio\ESP32-C3_Radio\power_profiler\results\20260724_221207_radio_ebyte_e79_cc1352p_rx,power_profiler\comparisons\ebyte_e79_400dm2005s_20260724\e79_rx.csv,RX_fixed_window_reanalysis_requires_new_RAW,5,run_00541|run_00542|run_00543|run_00544|run_00545
ebyte_e79_ch9340,RADIO_EBYTE_E79_CC1352P,rx,32,1,"{""rf_profile"": ""IEEE154G50"", ""tx_power_dbm"": -20}",3300,module radio\ESP32-C3_Radio\power_profiler\results\20260724_221207_radio_ebyte_e79_cc1352p_rx,power_profiler\comparisons\ebyte_e79_400dm2005s_20260724\e79_rx.csv,RX_fixed_window_reanalysis_requires_new_RAW,5,run_00546|run_00547|run_00548|run_00549|run_00550
ebyte_e79_ch9340,RADIO_EBYTE_E79_CC1352P,rx,64,1,"{""rf_profile"": ""IEEE154G50"", ""tx_power_dbm"": -20}",3300,module radio\ESP32-C3_Radio\power_profiler\results\20260724_221207_radio_ebyte_e79_cc1352p_rx,power_profiler\comparisons\ebyte_e79_400dm2005s_20260724\e79_rx.csv,RX_fixed_window_reanalysis_requires_new_RAW,5,run_00551|run_00552|run_00553|run_00554|run_00555
ebyte_e79_ch9340,RADIO_EBYTE_E79_CC1352P,rx,128,2,"{""rf_profile"": ""IEEE154G50"", ""tx_power_dbm"": -20}",3300,module radio\ESP32-C3_Radio\power_profiler\results\20260724_221207_radio_ebyte_e79_cc1352p_rx,power_profiler\comparisons\ebyte_e79_400dm2005s_20260724\e79_rx.csv,RX_fixed_window_reanalysis_requires_new_RAW,5,run_00556|run_00557|run_00558|run_00559|run_00560
ebyte_e79_ch9340,RADIO_EBYTE_E79_CC1352P,rx,512,8,"{""rf_profile"": ""IEEE154G50"", ""tx_power_dbm"": -20}",3300,module radio\ESP32-C3_Radio\power_profiler\results\20260724_221207_radio_ebyte_e79_cc1352p_rx,power_profiler\comparisons\ebyte_e79_400dm2005s_20260724\e79_rx.csv,RX_fixed_window_reanalysis_requires_new_RAW,5,run_00561|run_00562|run_00563|run_00564|run_00565
ebyte_e79_ch9340,RADIO_EBYTE_E79_CC1352P,rx,1024,16,"{""rf_profile"": ""IEEE154G50"", ""tx_power_dbm"": -20}",3300,module radio\ESP32-C3_Radio\power_profiler\results\20260724_221207_radio_ebyte_e79_cc1352p_rx,power_profiler\comparisons\ebyte_e79_400dm2005s_20260724\e79_rx.csv,RX_fixed_window_reanalysis_requires_new_RAW,5,run_00566|run_00567|run_00568|run_00569|run_00570
ebyte_e79_ch9340,RADIO_EBYTE_E79_CC1352P,rx,8,1,"{""rf_profile"": ""IEEE154G50"", ""tx_power_dbm"": 0}",3300,module radio\ESP32-C3_Radio\power_profiler\results\20260724_221207_radio_ebyte_e79_cc1352p_rx,power_profiler\comparisons\ebyte_e79_400dm2005s_20260724\e79_rx.csv,RX_fixed_window_reanalysis_requires_new_RAW,5,run_00571|run_00572|run_00573|run_00574|run_00575
ebyte_e79_ch9340,RADIO_EBYTE_E79_CC1352P,rx,32,1,"{""rf_profile"": ""IEEE154G50"", ""tx_power_dbm"": 0}",3300,module radio\ESP32-C3_Radio\power_profiler\results\20260724_221207_radio_ebyte_e79_cc1352p_rx,power_profiler\comparisons\ebyte_e79_400dm2005s_20260724\e79_rx.csv,RX_fixed_window_reanalysis_requires_new_RAW,5,run_00576|run_00577|run_00578|run_00579|run_00580
ebyte_e79_ch9340,RADIO_EBYTE_E79_CC1352P,rx,64,1,"{""rf_profile"": ""IEEE154G50"", ""tx_power_dbm"": 0}",3300,module radio\ESP32-C3_Radio\power_profiler\results\20260724_221207_radio_ebyte_e79_cc1352p_rx,power_profiler\comparisons\ebyte_e79_400dm2005s_20260724\e79_rx.csv,RX_fixed_window_reanalysis_requires_new_RAW,5,run_00581|run_00582|run_00583|run_00584|run_00585
ebyte_e79_ch9340,RADIO_EBYTE_E79_CC1352P,rx,128,2,"{""rf_profile"": ""IEEE154G50"", ""tx_power_dbm"": 0}",3300,module radio\ESP32-C3_Radio\power_profiler\results\20260724_221207_radio_ebyte_e79_cc1352p_rx,power_profiler\comparisons\ebyte_e79_400dm2005s_20260724\e79_rx.csv,RX_fixed_window_reanalysis_requires_new_RAW,5,run_00586|run_00587|run_00588|run_00589|run_00590
ebyte_e79_ch9340,RADIO_EBYTE_E79_CC1352P,rx,512,8,"{""rf_profile"": ""IEEE154G50"", ""tx_power_dbm"": 0}",3300,module radio\ESP32-C3_Radio\power_profiler\results\20260724_221207_radio_ebyte_e79_cc1352p_rx,power_profiler\comparisons\ebyte_e79_400dm2005s_20260724\e79_rx.csv,RX_fixed_window_reanalysis_requires_new_RAW,5,run_00591|run_00592|run_00593|run_00594|run_00595
ebyte_e79_ch9340,RADIO_EBYTE_E79_CC1352P,rx,1024,16,"{""rf_profile"": ""IEEE154G50"", ""tx_power_dbm"": 0}",3300,module radio\ESP32-C3_Radio\power_profiler\results\20260724_221207_radio_ebyte_e79_cc1352p_rx,power_profiler\comparisons\ebyte_e79_400dm2005s_20260724\e79_rx.csv,RX_fixed_window_reanalysis_requires_new_RAW,5,run_00596|run_00597|run_00598|run_00599|run_00600
ebyte_e79_ch9340,RADIO_EBYTE_E79_CC1352P,rx,8,1,"{""rf_profile"": ""IEEE154G50"", ""tx_power_dbm"": 13}",3300,module radio\ESP32-C3_Radio\power_profiler\results\20260724_221207_radio_ebyte_e79_cc1352p_rx,power_profiler\comparisons\ebyte_e79_400dm2005s_20260724\e79_rx.csv,RX_fixed_window_reanalysis_requires_new_RAW,5,run_00601|run_00602|run_00603|run_00604|run_00605
ebyte_e79_ch9340,RADIO_EBYTE_E79_CC1352P,rx,32,1,"{""rf_profile"": ""IEEE154G50"", ""tx_power_dbm"": 13}",3300,module radio\ESP32-C3_Radio\power_profiler\results\20260724_221207_radio_ebyte_e79_cc1352p_rx,power_profiler\comparisons\ebyte_e79_400dm2005s_20260724\e79_rx.csv,RX_fixed_window_reanalysis_requires_new_RAW,5,run_00606|run_00607|run_00608|run_00609|run_00610
ebyte_e79_ch9340,RADIO_EBYTE_E79_CC1352P,rx,64,1,"{""rf_profile"": ""IEEE154G50"", ""tx_power_dbm"": 13}",3300,module radio\ESP32-C3_Radio\power_profiler\results\20260724_221207_radio_ebyte_e79_cc1352p_rx,power_profiler\comparisons\ebyte_e79_400dm2005s_20260724\e79_rx.csv,RX_fixed_window_reanalysis_requires_new_RAW,5,run_00611|run_00612|run_00613|run_00614|run_00615
ebyte_e79_ch9340,RADIO_EBYTE_E79_CC1352P,rx,128,2,"{""rf_profile"": ""IEEE154G50"", ""tx_power_dbm"": 13}",3300,module radio\ESP32-C3_Radio\power_profiler\results\20260724_221207_radio_ebyte_e79_cc1352p_rx,power_profiler\comparisons\ebyte_e79_400dm2005s_20260724\e79_rx.csv,RX_fixed_window_reanalysis_requires_new_RAW,5,run_00616|run_00617|run_00618|run_00619|run_00620
ebyte_e79_ch9340,RADIO_EBYTE_E79_CC1352P,rx,512,8,"{""rf_profile"": ""IEEE154G50"", ""tx_power_dbm"": 13}",3300,module radio\ESP32-C3_Radio\power_profiler\results\20260724_221207_radio_ebyte_e79_cc1352p_rx,power_profiler\comparisons\ebyte_e79_400dm2005s_20260724\e79_rx.csv,RX_fixed_window_reanalysis_requires_new_RAW,5,run_00621|run_00622|run_00623|run_00624|run_00625
ebyte_e79_ch9340,RADIO_EBYTE_E79_CC1352P,rx,1024,16,"{""rf_profile"": ""IEEE154G50"", ""tx_power_dbm"": 13}",3300,module radio\ESP32-C3_Radio\power_profiler\results\20260724_221207_radio_ebyte_e79_cc1352p_rx,power_profiler\comparisons\ebyte_e79_400dm2005s_20260724\e79_rx.csv,RX_fixed_window_reanalysis_requires_new_RAW,5,run_00626|run_00627|run_00628|run_00629|run_00630
ra09_stm32wle5,RA09_STM32WLE5,tx,8,1,"{""bandwidth_hz"": 125000, ""spreading_factor"": 7, ""tx_power_dbm"": -9}",3300,module radio\ESP32-C3_Radio\power_profiler\results\20260725_023012_ra09_stm32wle5,power_profiler\comparisons\ai_thinker_ra09_20260725\ra09_tx.csv,archive_completeness_only_no_invalidity_proven,5,run_00001|run_00002|run_00003|run_00004|run_00005
ra09_stm32wle5,RA09_STM32WLE5,tx,32,1,"{""bandwidth_hz"": 125000, ""spreading_factor"": 7, ""tx_power_dbm"": -9}",3300,module radio\ESP32-C3_Radio\power_profiler\results\20260725_023012_ra09_stm32wle5,power_profiler\comparisons\ai_thinker_ra09_20260725\ra09_tx.csv,archive_completeness_only_no_invalidity_proven,5,run_00006|run_00007|run_00008|run_00009|run_00010
ra09_stm32wle5,RA09_STM32WLE5,tx,128,1,"{""bandwidth_hz"": 125000, ""spreading_factor"": 7, ""tx_power_dbm"": -9}",3300,module radio\ESP32-C3_Radio\power_profiler\results\20260725_023012_ra09_stm32wle5,power_profiler\comparisons\ai_thinker_ra09_20260725\ra09_tx.csv,archive_completeness_only_no_invalidity_proven,5,run_00011|run_00012|run_00013|run_00014|run_00015
ra09_stm32wle5,RA09_STM32WLE5,tx,8,1,"{""bandwidth_hz"": 125000, ""spreading_factor"": 9, ""tx_power_dbm"": -9}",3300,module radio\ESP32-C3_Radio\power_profiler\results\20260725_023012_ra09_stm32wle5,power_profiler\comparisons\ai_thinker_ra09_20260725\ra09_tx.csv,archive_completeness_only_no_invalidity_proven,5,run_00016|run_00017|run_00018|run_00019|run_00020
ra09_stm32wle5,RA09_STM32WLE5,tx,32,1,"{""bandwidth_hz"": 125000, ""spreading_factor"": 9, ""tx_power_dbm"": -9}",3300,module radio\ESP32-C3_Radio\power_profiler\results\20260725_023012_ra09_stm32wle5,power_profiler\comparisons\ai_thinker_ra09_20260725\ra09_tx.csv,archive_completeness_only_no_invalidity_proven,5,run_00021|run_00022|run_00023|run_00024|run_00025
ra09_stm32wle5,RA09_STM32WLE5,tx,128,1,"{""bandwidth_hz"": 125000, ""spreading_factor"": 9, ""tx_power_dbm"": -9}",3300,module radio\ESP32-C3_Radio\power_profiler\results\20260725_023012_ra09_stm32wle5,power_profiler\comparisons\ai_thinker_ra09_20260725\ra09_tx.csv,archive_completeness_only_no_invalidity_proven,5,run_00026|run_00027|run_00028|run_00029|run_00030
ra09_stm32wle5,RA09_STM32WLE5,tx,8,1,"{""bandwidth_hz"": 125000, ""spreading_factor"": 12, ""tx_power_dbm"": -9}",3300,module radio\ESP32-C3_Radio\power_profiler\results\20260725_023012_ra09_stm32wle5,power_profiler\comparisons\ai_thinker_ra09_20260725\ra09_tx.csv,archive_completeness_only_no_invalidity_proven,5,run_00031|run_00032|run_00033|run_00034|run_00035
ra09_stm32wle5,RA09_STM32WLE5,tx,32,1,"{""bandwidth_hz"": 125000, ""spreading_factor"": 12, ""tx_power_dbm"": -9}",3300,module radio\ESP32-C3_Radio\power_profiler\results\20260725_023012_ra09_stm32wle5,power_profiler\comparisons\ai_thinker_ra09_20260725\ra09_tx.csv,archive_completeness_only_no_invalidity_proven,5,run_00036|run_00037|run_00038|run_00039|run_00040
ra09_stm32wle5,RA09_STM32WLE5,tx,128,1,"{""bandwidth_hz"": 125000, ""spreading_factor"": 12, ""tx_power_dbm"": -9}",3300,module radio\ESP32-C3_Radio\power_profiler\results\20260725_023012_ra09_stm32wle5,power_profiler\comparisons\ai_thinker_ra09_20260725\ra09_tx.csv,archive_completeness_only_no_invalidity_proven,5,run_00041|run_00042|run_00043|run_00044|run_00045
ra09_stm32wle5,RA09_STM32WLE5,tx,8,1,"{""bandwidth_hz"": 125000, ""spreading_factor"": 7, ""tx_power_dbm"": 10}",3300,module radio\ESP32-C3_Radio\power_profiler\results\20260725_023012_ra09_stm32wle5,power_profiler\comparisons\ai_thinker_ra09_20260725\ra09_tx.csv,archive_completeness_only_no_invalidity_proven,5,run_00046|run_00047|run_00048|run_00049|run_00050
ra09_stm32wle5,RA09_STM32WLE5,tx,32,1,"{""bandwidth_hz"": 125000, ""spreading_factor"": 7, ""tx_power_dbm"": 10}",3300,module radio\ESP32-C3_Radio\power_profiler\results\20260725_023012_ra09_stm32wle5,power_profiler\comparisons\ai_thinker_ra09_20260725\ra09_tx.csv,archive_completeness_only_no_invalidity_proven,5,run_00051|run_00052|run_00053|run_00054|run_00055
ra09_stm32wle5,RA09_STM32WLE5,tx,128,1,"{""bandwidth_hz"": 125000, ""spreading_factor"": 7, ""tx_power_dbm"": 10}",3300,module radio\ESP32-C3_Radio\power_profiler\results\20260725_023012_ra09_stm32wle5,power_profiler\comparisons\ai_thinker_ra09_20260725\ra09_tx.csv,archive_completeness_only_no_invalidity_proven,5,run_00056|run_00057|run_00058|run_00059|run_00060
ra09_stm32wle5,RA09_STM32WLE5,tx,8,1,"{""bandwidth_hz"": 125000, ""spreading_factor"": 9, ""tx_power_dbm"": 10}",3300,module radio\ESP32-C3_Radio\power_profiler\results\20260725_023012_ra09_stm32wle5,power_profiler\comparisons\ai_thinker_ra09_20260725\ra09_tx.csv,archive_completeness_only_no_invalidity_proven,5,run_00061|run_00062|run_00063|run_00064|run_00065
ra09_stm32wle5,RA09_STM32WLE5,tx,32,1,"{""bandwidth_hz"": 125000, ""spreading_factor"": 9, ""tx_power_dbm"": 10}",3300,module radio\ESP32-C3_Radio\power_profiler\results\20260725_023012_ra09_stm32wle5,power_profiler\comparisons\ai_thinker_ra09_20260725\ra09_tx.csv,archive_completeness_only_no_invalidity_proven,5,run_00066|run_00067|run_00068|run_00069|run_00070
ra09_stm32wle5,RA09_STM32WLE5,tx,128,1,"{""bandwidth_hz"": 125000, ""spreading_factor"": 9, ""tx_power_dbm"": 10}",3300,module radio\ESP32-C3_Radio\power_profiler\results\20260725_023012_ra09_stm32wle5,power_profiler\comparisons\ai_thinker_ra09_20260725\ra09_tx.csv,archive_completeness_only_no_invalidity_proven,5,run_00071|run_00072|run_00073|run_00074|run_00075
ra09_stm32wle5,RA09_STM32WLE5,tx,8,1,"{""bandwidth_hz"": 125000, ""spreading_factor"": 12, ""tx_power_dbm"": 10}",3300,module radio\ESP32-C3_Radio\power_profiler\results\20260725_023012_ra09_stm32wle5,power_profiler\comparisons\ai_thinker_ra09_20260725\ra09_tx.csv,archive_completeness_only_no_invalidity_proven,5,run_00076|run_00077|run_00078|run_00079|run_00080
ra09_stm32wle5,RA09_STM32WLE5,tx,32,1,"{""bandwidth_hz"": 125000, ""spreading_factor"": 12, ""tx_power_dbm"": 10}",3300,module radio\ESP32-C3_Radio\power_profiler\results\20260725_023012_ra09_stm32wle5,power_profiler\comparisons\ai_thinker_ra09_20260725\ra09_tx.csv,archive_completeness_only_no_invalidity_proven,5,run_00081|run_00082|run_00083|run_00084|run_00085
ra09_stm32wle5,RA09_STM32WLE5,tx,128,1,"{""bandwidth_hz"": 125000, ""spreading_factor"": 12, ""tx_power_dbm"": 10}",3300,module radio\ESP32-C3_Radio\power_profiler\results\20260725_023012_ra09_stm32wle5,power_profiler\comparisons\ai_thinker_ra09_20260725\ra09_tx.csv,archive_completeness_only_no_invalidity_proven,5,run_00086|run_00087|run_00088|run_00089|run_00090
ra09_stm32wle5,RA09_STM32WLE5,tx,8,1,"{""bandwidth_hz"": 125000, ""spreading_factor"": 7, ""tx_power_dbm"": 22}",3300,module radio\ESP32-C3_Radio\power_profiler\results\20260725_023012_ra09_stm32wle5,power_profiler\comparisons\ai_thinker_ra09_20260725\ra09_tx.csv,archive_completeness_only_no_invalidity_proven,5,run_00091|run_00092|run_00093|run_00094|run_00095
ra09_stm32wle5,RA09_STM32WLE5,tx,32,1,"{""bandwidth_hz"": 125000, ""spreading_factor"": 7, ""tx_power_dbm"": 22}",3300,module radio\ESP32-C3_Radio\power_profiler\results\20260725_023012_ra09_stm32wle5,power_profiler\comparisons\ai_thinker_ra09_20260725\ra09_tx.csv,archive_completeness_only_no_invalidity_proven,5,run_00096|run_00097|run_00098|run_00099|run_00100
ra09_stm32wle5,RA09_STM32WLE5,tx,128,1,"{""bandwidth_hz"": 125000, ""spreading_factor"": 7, ""tx_power_dbm"": 22}",3300,module radio\ESP32-C3_Radio\power_profiler\results\20260725_023012_ra09_stm32wle5,power_profiler\comparisons\ai_thinker_ra09_20260725\ra09_tx.csv,archive_completeness_only_no_invalidity_proven,5,run_00101|run_00102|run_00103|run_00104|run_00105
ra09_stm32wle5,RA09_STM32WLE5,tx,8,1,"{""bandwidth_hz"": 125000, ""spreading_factor"": 9, ""tx_power_dbm"": 22}",3300,module radio\ESP32-C3_Radio\power_profiler\results\20260725_023012_ra09_stm32wle5,power_profiler\comparisons\ai_thinker_ra09_20260725\ra09_tx.csv,archive_completeness_only_no_invalidity_proven,5,run_00106|run_00107|run_00108|run_00109|run_00110
ra09_stm32wle5,RA09_STM32WLE5,tx,32,1,"{""bandwidth_hz"": 125000, ""spreading_factor"": 9, ""tx_power_dbm"": 22}",3300,module radio\ESP32-C3_Radio\power_profiler\results\20260725_023012_ra09_stm32wle5,power_profiler\comparisons\ai_thinker_ra09_20260725\ra09_tx.csv,archive_completeness_only_no_invalidity_proven,5,run_00111|run_00112|run_00113|run_00114|run_00115
ra09_stm32wle5,RA09_STM32WLE5,tx,128,1,"{""bandwidth_hz"": 125000, ""spreading_factor"": 9, ""tx_power_dbm"": 22}",3300,module radio\ESP32-C3_Radio\power_profiler\results\20260725_023012_ra09_stm32wle5,power_profiler\comparisons\ai_thinker_ra09_20260725\ra09_tx.csv,archive_completeness_only_no_invalidity_proven,5,run_00116|run_00117|run_00118|run_00119|run_00120
ra09_stm32wle5,RA09_STM32WLE5,tx,8,1,"{""bandwidth_hz"": 125000, ""spreading_factor"": 12, ""tx_power_dbm"": 22}",3300,module radio\ESP32-C3_Radio\power_profiler\results\20260725_023012_ra09_stm32wle5,power_profiler\comparisons\ai_thinker_ra09_20260725\ra09_tx.csv,archive_completeness_only_no_invalidity_proven,5,run_00121|run_00122|run_00123|run_00124|run_00125
ra09_stm32wle5,RA09_STM32WLE5,tx,32,1,"{""bandwidth_hz"": 125000, ""spreading_factor"": 12, ""tx_power_dbm"": 22}",3300,module radio\ESP32-C3_Radio\power_profiler\results\20260725_023012_ra09_stm32wle5,power_profiler\comparisons\ai_thinker_ra09_20260725\ra09_tx.csv,archive_completeness_only_no_invalidity_proven,5,run_00126|run_00127|run_00128|run_00129|run_00130
ra09_stm32wle5,RA09_STM32WLE5,tx,128,1,"{""bandwidth_hz"": 125000, ""spreading_factor"": 12, ""tx_power_dbm"": 22}",3300,module radio\ESP32-C3_Radio\power_profiler\results\20260725_023012_ra09_stm32wle5,power_profiler\comparisons\ai_thinker_ra09_20260725\ra09_tx.csv,archive_completeness_only_no_invalidity_proven,5,run_00131|run_00132|run_00133|run_00134|run_00135
ra09_stm32wle5,RA09_STM32WLE5,rx,8,1,"{""bandwidth_hz"": 125000, ""spreading_factor"": 7, ""tx_power_dbm"": -9}",3300,module radio\ESP32-C3_Radio\power_profiler\results\20260725_023839_ra09_stm32wle5_rx,power_profiler\comparisons\ai_thinker_ra09_20260725\ra09_rx.csv,RX_fixed_window_reanalysis_requires_new_RAW,5,run_00001|run_00002|run_00003|run_00004|run_00005
ra09_stm32wle5,RA09_STM32WLE5,rx,32,1,"{""bandwidth_hz"": 125000, ""spreading_factor"": 7, ""tx_power_dbm"": -9}",3300,module radio\ESP32-C3_Radio\power_profiler\results\20260725_023839_ra09_stm32wle5_rx,power_profiler\comparisons\ai_thinker_ra09_20260725\ra09_rx.csv,RX_fixed_window_reanalysis_requires_new_RAW,5,run_00006|run_00007|run_00008|run_00009|run_00010
ra09_stm32wle5,RA09_STM32WLE5,rx,128,1,"{""bandwidth_hz"": 125000, ""spreading_factor"": 7, ""tx_power_dbm"": -9}",3300,module radio\ESP32-C3_Radio\power_profiler\results\20260725_023839_ra09_stm32wle5_rx,power_profiler\comparisons\ai_thinker_ra09_20260725\ra09_rx.csv,RX_fixed_window_reanalysis_requires_new_RAW,5,run_00011|run_00012|run_00013|run_00014|run_00015
ra09_stm32wle5,RA09_STM32WLE5,rx,8,1,"{""bandwidth_hz"": 125000, ""spreading_factor"": 9, ""tx_power_dbm"": -9}",3300,module radio\ESP32-C3_Radio\power_profiler\results\20260725_023839_ra09_stm32wle5_rx,power_profiler\comparisons\ai_thinker_ra09_20260725\ra09_rx.csv,RX_fixed_window_reanalysis_requires_new_RAW,5,run_00016|run_00017|run_00018|run_00019|run_00020
ra09_stm32wle5,RA09_STM32WLE5,rx,32,1,"{""bandwidth_hz"": 125000, ""spreading_factor"": 9, ""tx_power_dbm"": -9}",3300,module radio\ESP32-C3_Radio\power_profiler\results\20260725_023839_ra09_stm32wle5_rx,power_profiler\comparisons\ai_thinker_ra09_20260725\ra09_rx.csv,RX_fixed_window_reanalysis_requires_new_RAW,5,run_00021|run_00022|run_00023|run_00024|run_00025
ra09_stm32wle5,RA09_STM32WLE5,rx,128,1,"{""bandwidth_hz"": 125000, ""spreading_factor"": 9, ""tx_power_dbm"": -9}",3300,module radio\ESP32-C3_Radio\power_profiler\results\20260725_023839_ra09_stm32wle5_rx,power_profiler\comparisons\ai_thinker_ra09_20260725\ra09_rx.csv,RX_fixed_window_reanalysis_requires_new_RAW,5,run_00026|run_00027|run_00028|run_00029|run_00030
ra09_stm32wle5,RA09_STM32WLE5,rx,8,1,"{""bandwidth_hz"": 125000, ""spreading_factor"": 12, ""tx_power_dbm"": -9}",3300,module radio\ESP32-C3_Radio\power_profiler\results\20260725_023839_ra09_stm32wle5_rx,power_profiler\comparisons\ai_thinker_ra09_20260725\ra09_rx.csv,RX_fixed_window_reanalysis_requires_new_RAW,5,run_00031|run_00032|run_00033|run_00034|run_00035
ra09_stm32wle5,RA09_STM32WLE5,rx,32,1,"{""bandwidth_hz"": 125000, ""spreading_factor"": 12, ""tx_power_dbm"": -9}",3300,module radio\ESP32-C3_Radio\power_profiler\results\20260725_023839_ra09_stm32wle5_rx,power_profiler\comparisons\ai_thinker_ra09_20260725\ra09_rx.csv,RX_fixed_window_reanalysis_requires_new_RAW,5,run_00036|run_00037|run_00038|run_00039|run_00040
ra09_stm32wle5,RA09_STM32WLE5,rx,128,1,"{""bandwidth_hz"": 125000, ""spreading_factor"": 12, ""tx_power_dbm"": -9}",3300,module radio\ESP32-C3_Radio\power_profiler\results\20260725_023839_ra09_stm32wle5_rx,power_profiler\comparisons\ai_thinker_ra09_20260725\ra09_rx.csv,RX_fixed_window_reanalysis_requires_new_RAW,5,run_00041|run_00042|run_00043|run_00044|run_00045
ra09_stm32wle5,RA09_STM32WLE5,rx,8,1,"{""bandwidth_hz"": 125000, ""spreading_factor"": 7, ""tx_power_dbm"": 10}",3300,module radio\ESP32-C3_Radio\power_profiler\results\20260725_023839_ra09_stm32wle5_rx,power_profiler\comparisons\ai_thinker_ra09_20260725\ra09_rx.csv,RX_fixed_window_reanalysis_requires_new_RAW,5,run_00046|run_00047|run_00048|run_00049|run_00050
ra09_stm32wle5,RA09_STM32WLE5,rx,32,1,"{""bandwidth_hz"": 125000, ""spreading_factor"": 7, ""tx_power_dbm"": 10}",3300,module radio\ESP32-C3_Radio\power_profiler\results\20260725_023839_ra09_stm32wle5_rx,power_profiler\comparisons\ai_thinker_ra09_20260725\ra09_rx.csv,RX_fixed_window_reanalysis_requires_new_RAW,5,run_00051|run_00052|run_00053|run_00054|run_00055
ra09_stm32wle5,RA09_STM32WLE5,rx,128,1,"{""bandwidth_hz"": 125000, ""spreading_factor"": 7, ""tx_power_dbm"": 10}",3300,module radio\ESP32-C3_Radio\power_profiler\results\20260725_023839_ra09_stm32wle5_rx,power_profiler\comparisons\ai_thinker_ra09_20260725\ra09_rx.csv,RX_fixed_window_reanalysis_requires_new_RAW,5,run_00056|run_00057|run_00058|run_00059|run_00060
ra09_stm32wle5,RA09_STM32WLE5,rx,8,1,"{""bandwidth_hz"": 125000, ""spreading_factor"": 9, ""tx_power_dbm"": 10}",3300,module radio\ESP32-C3_Radio\power_profiler\results\20260725_023839_ra09_stm32wle5_rx,power_profiler\comparisons\ai_thinker_ra09_20260725\ra09_rx.csv,RX_fixed_window_reanalysis_requires_new_RAW,5,run_00061|run_00062|run_00063|run_00064|run_00065
ra09_stm32wle5,RA09_STM32WLE5,rx,32,1,"{""bandwidth_hz"": 125000, ""spreading_factor"": 9, ""tx_power_dbm"": 10}",3300,module radio\ESP32-C3_Radio\power_profiler\results\20260725_023839_ra09_stm32wle5_rx,power_profiler\comparisons\ai_thinker_ra09_20260725\ra09_rx.csv,RX_fixed_window_reanalysis_requires_new_RAW,5,run_00066|run_00067|run_00068|run_00069|run_00070
ra09_stm32wle5,RA09_STM32WLE5,rx,128,1,"{""bandwidth_hz"": 125000, ""spreading_factor"": 9, ""tx_power_dbm"": 10}",3300,module radio\ESP32-C3_Radio\power_profiler\results\20260725_023839_ra09_stm32wle5_rx,power_profiler\comparisons\ai_thinker_ra09_20260725\ra09_rx.csv,RX_fixed_window_reanalysis_requires_new_RAW,5,run_00071|run_00072|run_00073|run_00074|run_00075
ra09_stm32wle5,RA09_STM32WLE5,rx,8,1,"{""bandwidth_hz"": 125000, ""spreading_factor"": 12, ""tx_power_dbm"": 10}",3300,module radio\ESP32-C3_Radio\power_profiler\results\20260725_023839_ra09_stm32wle5_rx,power_profiler\comparisons\ai_thinker_ra09_20260725\ra09_rx.csv,RX_fixed_window_reanalysis_requires_new_RAW,5,run_00076|run_00077|run_00078|run_00079|run_00080
ra09_stm32wle5,RA09_STM32WLE5,rx,32,1,"{""bandwidth_hz"": 125000, ""spreading_factor"": 12, ""tx_power_dbm"": 10}",3300,module radio\ESP32-C3_Radio\power_profiler\results\20260725_023839_ra09_stm32wle5_rx,power_profiler\comparisons\ai_thinker_ra09_20260725\ra09_rx.csv,RX_fixed_window_reanalysis_requires_new_RAW,5,run_00081|run_00082|run_00083|run_00084|run_00085
ra09_stm32wle5,RA09_STM32WLE5,rx,128,1,"{""bandwidth_hz"": 125000, ""spreading_factor"": 12, ""tx_power_dbm"": 10}",3300,module radio\ESP32-C3_Radio\power_profiler\results\20260725_023839_ra09_stm32wle5_rx,power_profiler\comparisons\ai_thinker_ra09_20260725\ra09_rx.csv,RX_fixed_window_reanalysis_requires_new_RAW,5,run_00086|run_00087|run_00088|run_00089|run_00090
ra09_stm32wle5,RA09_STM32WLE5,rx,8,1,"{""bandwidth_hz"": 125000, ""spreading_factor"": 7, ""tx_power_dbm"": 22}",3300,module radio\ESP32-C3_Radio\power_profiler\results\20260725_023839_ra09_stm32wle5_rx,power_profiler\comparisons\ai_thinker_ra09_20260725\ra09_rx.csv,RX_fixed_window_reanalysis_requires_new_RAW,5,run_00091|run_00092|run_00093|run_00094|run_00095
ra09_stm32wle5,RA09_STM32WLE5,rx,32,1,"{""bandwidth_hz"": 125000, ""spreading_factor"": 7, ""tx_power_dbm"": 22}",3300,module radio\ESP32-C3_Radio\power_profiler\results\20260725_023839_ra09_stm32wle5_rx,power_profiler\comparisons\ai_thinker_ra09_20260725\ra09_rx.csv,RX_fixed_window_reanalysis_requires_new_RAW,5,run_00096|run_00097|run_00098|run_00099|run_00100
ra09_stm32wle5,RA09_STM32WLE5,rx,128,1,"{""bandwidth_hz"": 125000, ""spreading_factor"": 7, ""tx_power_dbm"": 22}",3300,module radio\ESP32-C3_Radio\power_profiler\results\20260725_023839_ra09_stm32wle5_rx,power_profiler\comparisons\ai_thinker_ra09_20260725\ra09_rx.csv,RX_fixed_window_reanalysis_requires_new_RAW,5,run_00101|run_00102|run_00103|run_00104|run_00105
ra09_stm32wle5,RA09_STM32WLE5,rx,8,1,"{""bandwidth_hz"": 125000, ""spreading_factor"": 9, ""tx_power_dbm"": 22}",3300,module radio\ESP32-C3_Radio\power_profiler\results\20260725_023839_ra09_stm32wle5_rx,power_profiler\comparisons\ai_thinker_ra09_20260725\ra09_rx.csv,RX_fixed_window_reanalysis_requires_new_RAW,5,run_00106|run_00107|run_00108|run_00109|run_00110
ra09_stm32wle5,RA09_STM32WLE5,rx,32,1,"{""bandwidth_hz"": 125000, ""spreading_factor"": 9, ""tx_power_dbm"": 22}",3300,module radio\ESP32-C3_Radio\power_profiler\results\20260725_023839_ra09_stm32wle5_rx,power_profiler\comparisons\ai_thinker_ra09_20260725\ra09_rx.csv,RX_fixed_window_reanalysis_requires_new_RAW,5,run_00111|run_00112|run_00113|run_00114|run_00115
ra09_stm32wle5,RA09_STM32WLE5,rx,128,1,"{""bandwidth_hz"": 125000, ""spreading_factor"": 9, ""tx_power_dbm"": 22}",3300,module radio\ESP32-C3_Radio\power_profiler\results\20260725_023839_ra09_stm32wle5_rx,power_profiler\comparisons\ai_thinker_ra09_20260725\ra09_rx.csv,RX_fixed_window_reanalysis_requires_new_RAW,5,run_00116|run_00117|run_00118|run_00119|run_00120
ra09_stm32wle5,RA09_STM32WLE5,rx,8,1,"{""bandwidth_hz"": 125000, ""spreading_factor"": 12, ""tx_power_dbm"": 22}",3300,module radio\ESP32-C3_Radio\power_profiler\results\20260725_023839_ra09_stm32wle5_rx,power_profiler\comparisons\ai_thinker_ra09_20260725\ra09_rx.csv,RX_fixed_window_reanalysis_requires_new_RAW,5,run_00121|run_00122|run_00123|run_00124|run_00125
ra09_stm32wle5,RA09_STM32WLE5,rx,32,1,"{""bandwidth_hz"": 125000, ""spreading_factor"": 12, ""tx_power_dbm"": 22}",3300,module radio\ESP32-C3_Radio\power_profiler\results\20260725_023839_ra09_stm32wle5_rx,power_profiler\comparisons\ai_thinker_ra09_20260725\ra09_rx.csv,RX_fixed_window_reanalysis_requires_new_RAW,5,run_00126|run_00127|run_00128|run_00129|run_00130
ra09_stm32wle5,RA09_STM32WLE5,rx,128,1,"{""bandwidth_hz"": 125000, ""spreading_factor"": 12, ""tx_power_dbm"": 22}",3300,module radio\ESP32-C3_Radio\power_profiler\results\20260725_023839_ra09_stm32wle5_rx,power_profiler\comparisons\ai_thinker_ra09_20260725\ra09_rx.csv,RX_fixed_window_reanalysis_requires_new_RAW,5,run_00131|run_00132|run_00133|run_00134|run_00135
