source_directory,run_id,raw_sha256,rf_profile,tx_power_dbm,payload_bytes,repetition,status,sample_loss_percent,captured_samples,expected_frames,archived_energy_total_uJ,archived_energy_excess_uJ,total_reproduction_error_uJ,excess_reproduction_error_uJ,windows_equal,current_analysis_error,current_energy_total_uJ,current_energy_difference_percent,primary_detected_frames,source_relative_directory
20260929_185646_radio_ebyte_e79_cc1352p,run_00001,f182ecdb732dce30b093af9827b52c02bbaf9bdca0bf4eef03bb89f67d6ab2ce,GFSK200,-20,128,1,ok,0.0,95232,2,286.13257765612786,119.36842857464185,0.0,0.0,True,,286.1325776561275,-1.2212453270876722e-13,2,lot45_gfsk200_consensus/20260929_185646_radio_ebyte_e79_cc1352p
20260929_185646_radio_ebyte_e79_cc1352p,run_00002,26d4e35950a37867f6a7c2b7638d5fd8f713de8574b77a360e39114d69f983df,GFSK200,-20,128,2,ok,0.8336842105263158,94208,2,290.4524878065568,122.59170998974453,0.0,0.0,True,,290.4524878065564,-1.3322676295501878e-13,2,lot45_gfsk200_consensus/20260929_185646_radio_ebyte_e79_cc1352p
20260929_185646_radio_ebyte_e79_cc1352p,run_00003,698e4feaa7fd5958438a62dc1370def65e8e8ea7957c314f8dad391e70b66865,GFSK200,-20,128,3,ok,0.8336842105263158,94208,2,285.5475061497516,118.69064202369093,0.0,0.0,True,,285.54750614975137,-7.771561172376096e-14,2,lot45_gfsk200_consensus/20260929_185646_radio_ebyte_e79_cc1352p
20260929_185646_radio_ebyte_e79_cc1352p,run_00004,7261a8d2cf27884ccb0e760bc8184e9d73f8db06a2dd0b93849e39c364d7ce30,GFSK200,-20,128,4,ok,0.8336842105263158,94208,2,280.31673628201446,111.48584456130288,0.0,0.0,True,,280.3167362820143,-5.551115123125783e-14,2,lot45_gfsk200_consensus/20260929_185646_radio_ebyte_e79_cc1352p
20260929_185646_radio_ebyte_e79_cc1352p,run_00005,02003b2a76b1dcb7f361b046b79c3d9b80cdc0e84104d047c96866a822c50cb3,GFSK200,-20,128,5,ok,0.8336842105263158,94208,2,279.9036683519195,111.50011032800133,0.0,0.0,True,,279.903668351919,-1.7763568394002505e-13,2,lot45_gfsk200_consensus/20260929_185646_radio_ebyte_e79_cc1352p
20260929_185646_radio_ebyte_e79_cc1352p,run_00006,9c650f038ccbcf00f7bec3d7fc1521f2c8e833b57ccee5c4acd438d3cdf1f8fe,GFSK200,-20,512,1,ok,0.8336842105263158,94208,8,1137.7804838126651,464.1011858288065,0.0,0.0,True,,1137.7804838126672,1.7763568394002505e-13,8,lot45_gfsk200_consensus/20260929_185646_radio_ebyte_e79_cc1352p
20260929_185646_radio_ebyte_e79_cc1352p,run_00007,6ce3a2d9e3a07688d048823b698bb45cc693585ab7fe5c5c21267829f646eb64,GFSK200,-20,512,2,ok,0.8336842105263158,94208,8,1082.0913488221972,402.4116219899012,0.0,0.0,True,,1082.0913488221959,-1.2212453270876722e-13,8,lot45_gfsk200_consensus/20260929_185646_radio_ebyte_e79_cc1352p
20260929_185646_radio_ebyte_e79_cc1352p,run_00008,ebecb1ddf063d7759f7cc4fda09ad50717794b38a431918f38b87329d42f0751,GFSK200,-20,512,3,ok,0.8336842105263158,94208,8,1099.6454981226207,424.6137833863377,0.0,0.0,True,,1099.645498122623,1.9984014443252818e-13,8,lot45_gfsk200_consensus/20260929_185646_radio_ebyte_e79_cc1352p
20260929_185646_radio_ebyte_e79_cc1352p,run_00009,5787b39bf2d4ba673a063ae5485c47797ac086f5f6476b2a70af30ccbbaaac55,GFSK200,-20,512,4,ok,0.8336842105263158,94208,8,1100.1855834113126,424.8779121716734,0.0,0.0,True,,1100.185583411314,1.3322676295501878e-13,8,lot45_gfsk200_consensus/20260929_185646_radio_ebyte_e79_cc1352p
20260929_185646_radio_ebyte_e79_cc1352p,run_00010,341c6084807a5ceec5a888478fa8679754a23b536a4554656098632b4c619bda,GFSK200,-20,512,5,ok,0.8336842105263158,94208,8,1093.5788770593845,418.46840470262424,0.0,0.0,True,,1093.5788770593856,1.1102230246251565e-13,8,lot45_gfsk200_consensus/20260929_185646_radio_ebyte_e79_cc1352p
20260929_185646_radio_ebyte_e79_cc1352p,run_00011,37db0c991c38746543a2fc89f52fcc21cca26ace20cc46d1a883be667721f231,GFSK200,-20,1024,1,ok,0.8336842105263158,94208,16,2217.4955809462026,871.6130745451363,0.0,0.0,True,,2217.495580946212,4.218847493575595e-13,16,lot45_gfsk200_consensus/20260929_185646_radio_ebyte_e79_cc1352p
20260929_185646_radio_ebyte_e79_cc1352p,run_00012,2d25f66fba139ed2b602139a9651d95ea3b2a4fcea7c026bf800193b01970d14,GFSK200,-20,1024,2,rx_missing,0.8336842105263158,94208,16,2207.9098682109875,855.4185780417769,0.0,0.0,True,,2207.909868210988,2.220446049250313e-14,16,lot45_gfsk200_consensus/20260929_185646_radio_ebyte_e79_cc1352p
20260929_185646_radio_ebyte_e79_cc1352p,run_00013,9e5ec943f6de20d549a006834f39c3e88afba021d8c5289827ea39339bf97b58,GFSK200,-20,1024,3,rx_missing,0.8336842105263158,94208,16,2207.60556577342,857.7519444452583,0.0,0.0,True,,2207.6055657734255,2.4424906541753444e-13,16,lot45_gfsk200_consensus/20260929_185646_radio_ebyte_e79_cc1352p
20260929_185646_radio_ebyte_e79_cc1352p,run_00014,acf9e5653c7558a03d152b4bc86ccfd32d273295e9d88086391b5ea803a648a2,GFSK200,-20,1024,4,ok,0.8336842105263158,94208,16,2213.0204676068083,863.2419926195724,0.0,0.0,True,,2213.020467606827,8.43769498715119e-13,16,lot45_gfsk200_consensus/20260929_185646_radio_ebyte_e79_cc1352p
20260929_185646_radio_ebyte_e79_cc1352p,run_00015,6d1113ee5ee6d7adbe102c4a7de379b75dcb682bab37b47d6ac1dde7380b0e0e,GFSK200,-20,1024,5,rx_missing,0.8336842105263158,94208,16,2228.208081060429,880.7922854890662,0.0,0.0,True,,2228.2080810604257,-1.4432899320127035e-13,16,lot45_gfsk200_consensus/20260929_185646_radio_ebyte_e79_cc1352p
20260929_185646_radio_ebyte_e79_cc1352p,run_00016,63a1cb65d4d6b92e3b0463fb9d064312a6beef72b6923465d3ac7c6ad643674b,GFSK200,0,128,1,ok,0.8336842105263158,94208,2,288.64256088966613,113.0774845099923,0.0,0.0,True,,288.6425608896657,-1.5543122344752192e-13,2,lot45_gfsk200_consensus/20260929_185646_radio_ebyte_e79_cc1352p
20260929_185646_radio_ebyte_e79_cc1352p,run_00017,751c8efb377506f1175edfe4d17a994be912b347c61f74ca8ecf43dedcd5dc24,GFSK200,0,128,2,ok,0.8336842105263158,94208,2,290.1421947080637,115.11183253733981,0.0,0.0,True,,290.1421947080633,-1.3322676295501878e-13,2,lot45_gfsk200_consensus/20260929_185646_radio_ebyte_e79_cc1352p
20260929_185646_radio_ebyte_e79_cc1352p,run_00018,10dabb0a7daa1552abeee2f8db082d586e2de8bf45c7d67843265bb24ad57495,GFSK200,0,128,3,ok,0.8336842105263158,94208,2,286.8702146914856,111.3704899206711,0.0,0.0,True,,286.8702146914852,-1.3322676295501878e-13,2,lot45_gfsk200_consensus/20260929_185646_radio_ebyte_e79_cc1352p
20260929_185646_radio_ebyte_e79_cc1352p,run_00019,b4fdf5a07fcc06f8fb709e91a47a4aba693305469ff010a2bf7dd5e325eb56c2,GFSK200,0,128,4,rx_missing,0.8336842105263158,94208,2,296.6163885126819,122.1523678842348,0.0,0.0,True,,296.6163885126819,0.0,2,lot45_gfsk200_consensus/20260929_185646_radio_ebyte_e79_cc1352p
20260929_185646_radio_ebyte_e79_cc1352p,run_00020,ac9253d0b4523a081dac72950ef582a8fbb927fa5ac155561bafa1ded7bd8e1c,GFSK200,0,128,5,ok,0.8336842105263158,94208,2,291.8608865595554,116.45319181323993,0.0,0.0,True,,291.86088655955524,-5.551115123125783e-14,2,lot45_gfsk200_consensus/20260929_185646_radio_ebyte_e79_cc1352p
20260929_185646_radio_ebyte_e79_cc1352p,run_00021,0be4138a49b995b6db0f41c802ff602531bdf0636a1d115bea8fa487039d0541,GFSK200,0,512,1,ok,0.8336842105263158,94208,8,1138.2636451178705,429.8956420525773,0.0,0.0,True,,1138.2636451178726,1.7763568394002505e-13,8,lot45_gfsk200_consensus/20260929_185646_radio_ebyte_e79_cc1352p
20260929_185646_radio_ebyte_e79_cc1352p,run_00022,5d609c4ae736c01988a2fd606e22ab0495cd0b28edcfab3882753f170ca92467,GFSK200,0,512,2,ok,0.8336842105263158,94208,8,1151.7655497788376,451.1954408873396,0.0,0.0,True,,1151.7655497788396,1.7763568394002505e-13,8,lot45_gfsk200_consensus/20260929_185646_radio_ebyte_e79_cc1352p
20260929_185646_radio_ebyte_e79_cc1352p,run_00023,539d030127aaea07abebc7423d753c9b3436009adfe6ed468834563092c5237d,GFSK200,0,512,3,ok,0.8336842105263158,94208,8,1152.4917765994983,449.51662240373764,0.0,0.0,True,,1152.491776599503,4.218847493575595e-13,8,lot45_gfsk200_consensus/20260929_185646_radio_ebyte_e79_cc1352p
20260929_185646_radio_ebyte_e79_cc1352p,run_00024,09cd2ff7bae035d7ddb1df6462e3026d031415ece9d88d2d24c1e678e6aa5eb8,GFSK200,0,512,4,ok,0.8336842105263158,94208,8,1144.5218609886263,440.86160181883986,0.0,0.0,True,,1144.5218609886267,4.440892098500626e-14,8,lot45_gfsk200_consensus/20260929_185646_radio_ebyte_e79_cc1352p
20260929_185646_radio_ebyte_e79_cc1352p,run_00025,9de80e7c60c2aaa9db622a29f9f6909f2b4d1423d0c749c55ed83d62ca311fb6,GFSK200,0,512,5,ok,0.8336842105263158,94208,8,1136.0695984591002,430.02946773509046,0.0,0.0,True,,1136.0695984591061,5.10702591327572e-13,8,lot45_gfsk200_consensus/20260929_185646_radio_ebyte_e79_cc1352p
20260929_185646_radio_ebyte_e79_cc1352p,run_00026,f1b877bf56f1a885b84cd15445d6ba85a48445d9ad0c380268b483c6447a122b,GFSK200,0,1024,1,ok,0.8336842105263158,94208,16,2322.4384156909737,919.1365926026423,0.0,0.0,True,,2322.4384156909764,1.1102230246251565e-13,16,lot45_gfsk200_consensus/20260929_185646_radio_ebyte_e79_cc1352p
20260929_185646_radio_ebyte_e79_cc1352p,run_00027,16b53ea7d19a614b71eda1ea5495cc83c5cafd63fcf9cbd881370b20f8636213,GFSK200,0,1024,2,ok,0.8336842105263158,94208,16,2327.385295091048,924.237361478864,0.0,0.0,True,,2327.385295091057,3.774758283725532e-13,16,lot45_gfsk200_consensus/20260929_185646_radio_ebyte_e79_cc1352p
20260929_185646_radio_ebyte_e79_cc1352p,run_00028,630e5a1247645a774ffe51d37a043f9d65cf1c5b58fdff0c7abc8b40ef068a1b,GFSK200,0,1024,3,ok,0.8336842105263158,94208,16,2301.7852432132418,893.5711834366111,0.0,0.0,True,,2301.7852432132513,4.218847493575595e-13,16,lot45_gfsk200_consensus/20260929_185646_radio_ebyte_e79_cc1352p
20260929_185646_radio_ebyte_e79_cc1352p,run_00029,59260aab06aa2f12241f29a3a5a6402bd2b1fca97ef5b720438a68a1e3420edc,GFSK200,0,1024,4,rx_missing,0.8336842105263158,94208,16,2323.505605585817,922.2533785249016,0.0,0.0,True,,2323.505605585825,3.3306690738754696e-13,16,lot45_gfsk200_consensus/20260929_185646_radio_ebyte_e79_cc1352p
20260929_185646_radio_ebyte_e79_cc1352p,run_00030,67ebf25f27e7c97b54a8836f70bc2f32334a6c66c3d007df241aa041211ce25b,GFSK200,0,1024,5,ok,0.8336842105263158,94208,16,2279.6129499624085,868.376491974774,0.0,0.0,True,,2279.6129499624103,8.881784197001252e-14,16,lot45_gfsk200_consensus/20260929_185646_radio_ebyte_e79_cc1352p
20260929_185646_radio_ebyte_e79_cc1352p,run_00031,cdbf3daae627aa732820a683063c2961ccc5d4b980e1ff396c2b9afdb2493844,GFSK200,13,128,1,ok,0.8336842105263158,94208,2,331.6108266614658,156.30133598434142,0.0,0.0,True,,331.61082666146575,-2.220446049250313e-14,2,lot45_gfsk200_consensus/20260929_185646_radio_ebyte_e79_cc1352p
20260929_185646_radio_ebyte_e79_cc1352p,run_00032,d460d8b43a59919016b1987f4ee89f80b869aa37e93110e86f673572343e477f,GFSK200,13,128,2,ok,0.0,95232,2,324.2347659929755,148.40635530573576,0.0,0.0,True,,324.2347659929746,-2.7755575615628914e-13,2,lot45_gfsk200_consensus/20260929_185646_radio_ebyte_e79_cc1352p
20260929_185646_radio_ebyte_e79_cc1352p,run_00033,a354a9e2f03056288ac81d1d960b23e04987c7dba22d392cae6cecc9bb21b6c1,GFSK200,13,128,3,rx_missing,0.8336842105263158,94208,2,331.2909418974562,156.96880217636547,0.0,0.0,True,,331.2909418974551,-3.219646771412954e-13,2,lot45_gfsk200_consensus/20260929_185646_radio_ebyte_e79_cc1352p
20260929_185646_radio_ebyte_e79_cc1352p,run_00034,a83f9b9e929cf9f76f022a142d274d9034ea280445b97f71e2ad800d5b487b7a,GFSK200,13,128,4,ok,0.8336842105263158,94208,2,317.27621626452026,140.8288469534221,0.0,0.0,True,,317.27621626451884,-4.440892098500626e-13,2,lot45_gfsk200_consensus/20260929_185646_radio_ebyte_e79_cc1352p
20260929_185646_radio_ebyte_e79_cc1352p,run_00035,49ebb4271429099661d7096f0c6222b7a76516a0088fc155fdeb3c80f66f9d03,GFSK200,13,128,5,ok,0.8336842105263158,94208,2,327.5167467656369,151.18257621904345,0.0,0.0,True,,327.5167467656361,-2.4424906541753444e-13,2,lot45_gfsk200_consensus/20260929_185646_radio_ebyte_e79_cc1352p
20260929_185646_radio_ebyte_e79_cc1352p,run_00036,06217248b47803ffcecd9c377d1dbb1dfbf4f35a7b9e391451c13a3ea44a70e4,GFSK200,13,512,1,ok,0.8336842105263158,94208,8,1335.8372442511525,633.8897553477854,0.0,0.0,True,,1335.8372442511588,4.662936703425657e-13,8,lot45_gfsk200_consensus/20260929_185646_radio_ebyte_e79_cc1352p
20260929_185646_radio_ebyte_e79_cc1352p,run_00037,e2fead00178a0818e1440bdccb974f277c40b69ae779de7909afb0a1894a8045,GFSK200,13,512,2,ok,0.8336842105263158,94208,8,1319.9523743638874,620.6258569466105,0.0,0.0,True,,1319.9523743638906,2.4424906541753444e-13,8,lot45_gfsk200_consensus/20260929_185646_radio_ebyte_e79_cc1352p
20260929_185646_radio_ebyte_e79_cc1352p,run_00038,e9cd79d3d35d03d759894b24f691421657e2fee22cca667cd939968b576e3c38,GFSK200,13,512,3,ok,0.8336842105263158,94208,8,1305.617814075564,603.7248091996855,0.0,0.0,True,,1305.6178140755696,4.440892098500626e-13,8,lot45_gfsk200_consensus/20260929_185646_radio_ebyte_e79_cc1352p
20260929_185646_radio_ebyte_e79_cc1352p,run_00039,c0a4090e3c943eba43e403132842b87f8c0536be5a0e994a43008bd880a4ebdc,GFSK200,13,512,4,ok,0.8336842105263158,94208,8,1314.5469234799968,611.4183895129464,0.0,0.0,True,,1314.5469234800032,4.884981308350689e-13,8,lot45_gfsk200_consensus/20260929_185646_radio_ebyte_e79_cc1352p
20260929_185646_radio_ebyte_e79_cc1352p,run_00040,78ae1e05a6cd8fb8af332774f03cd361d549631e12374339dc0589b7437720b5,GFSK200,13,512,5,ok,0.8336842105263158,94208,8,1334.6920470997125,632.6894822888585,0.0,0.0,True,,1334.6920470997202,5.773159728050814e-13,8,lot45_gfsk200_consensus/20260929_185646_radio_ebyte_e79_cc1352p
20260929_185646_radio_ebyte_e79_cc1352p,run_00041,3421963527aff8c0322b55fcf04b245057fdc6a99f310648f5fb5a213e012d69,GFSK200,13,1024,1,ok,0.8336842105263158,94208,16,2637.4330247127587,1233.8062797770942,0.0,0.0,True,,2637.4330247127778,7.327471962526033e-13,16,lot45_gfsk200_consensus/20260929_185646_radio_ebyte_e79_cc1352p
20260929_185646_radio_ebyte_e79_cc1352p,run_00042,6ba582d9ef6ab0024dce72f2cae2402821dafa34d4df06e5f30b447d1e1e13ec,GFSK200,13,1024,2,rx_missing,0.8336842105263158,94208,16,2643.644911657141,1237.4648671856107,0.0,0.0,True,,2643.6449116571566,5.773159728050814e-13,16,lot45_gfsk200_consensus/20260929_185646_radio_ebyte_e79_cc1352p
20260929_185646_radio_ebyte_e79_cc1352p,run_00043,099d13c84e14490c116988ed306c419822b46f72c1dbbe70d88af217424a5851,GFSK200,13,1024,3,ok,0.8336842105263158,94208,16,2599.738583840234,1188.421726199115,0.0,0.0,True,,2599.7385838402547,7.993605777301127e-13,16,lot45_gfsk200_consensus/20260929_185646_radio_ebyte_e79_cc1352p
20260929_185646_radio_ebyte_e79_cc1352p,run_00044,7b7fc8df3458e6d89a9e3c2e857a8938658a6acadb4c4389258e04c40ea7c543,GFSK200,13,1024,4,rx_missing,0.8336842105263158,94208,16,2635.1974047596614,1229.3914250664768,0.0,0.0,True,,2635.1974047596823,7.993605777301127e-13,16,lot45_gfsk200_consensus/20260929_185646_radio_ebyte_e79_cc1352p
20260929_185646_radio_ebyte_e79_cc1352p,run_00045,87b4f39f2840f80665fea415e9c00a22ced2e0efac5f279a8effb969c07cc7b6,GFSK200,13,1024,5,ok,0.8336842105263158,94208,16,2632.8646744676826,1228.7593471421872,0.0,0.0,True,,2632.8646744677044,8.215650382226158e-13,16,lot45_gfsk200_consensus/20260929_185646_radio_ebyte_e79_cc1352p
20260929_193856_radio_ebyte_e79_cc1352p,run_00001,d485ed3a60e1446a7d3852d23d89ae2aa0064a46563d04badcf94a4e1f82d2d8,GFSK4K8,-20,128,1,ok,0.0,95232,2,5911.843459494905,2080.14719745812,0.0,0.0,True,,5911.843459494932,4.662936703425657e-13,2,lot270_other_profiles_final_candidate2/20260929_193856_radio_ebyte_e79_cc1352p
20260929_193856_radio_ebyte_e79_cc1352p,run_00002,09e542b4cc3255bbc255493bb5506656c9b3f63d38fd97aeceb5667cca6c1280,GFSK4K8,-20,128,2,rx_missing,0.8336842105263158,94208,2,6112.120291333233,2309.7634956250286,0.0,0.0,True,,6112.120291333291,9.547918011776346e-13,2,lot270_other_profiles_final_candidate2/20260929_193856_radio_ebyte_e79_cc1352p
20260929_193856_radio_ebyte_e79_cc1352p,run_00003,b847c72afe57def53c8d2b1429a524b86882ec67ec12aff54ac3f1162fece761,GFSK4K8,-20,128,3,ok,0.8336842105263158,94208,2,5851.120260403671,1995.503301363676,0.0,0.0,True,,5851.120260403724,9.103828801926284e-13,2,lot270_other_profiles_final_candidate2/20260929_193856_radio_ebyte_e79_cc1352p
20260929_193856_radio_ebyte_e79_cc1352p,run_00004,9ee0907f4bc234b045c64ea56808e99a7596739b2817d9a7496d460dafe8fa7f,GFSK4K8,-20,128,4,rx_missing,0.8336842105263158,94208,2,6136.758697452591,2323.472439444759,0.0,0.0,True,,6136.758697452614,3.774758283725532e-13,2,lot270_other_profiles_final_candidate2/20260929_193856_radio_ebyte_e79_cc1352p
20260929_193856_radio_ebyte_e79_cc1352p,run_00005,961cd92ca0b6df9204360d23beeab3026da0486698c80b0f23bc0acd058e1649,GFSK4K8,-20,128,5,ok,0.8336842105263158,94208,2,5839.6976374858505,1970.983327518309,0.0,0.0,True,,5839.697637485862,1.9984014443252818e-13,2,lot270_other_profiles_final_candidate2/20260929_193856_radio_ebyte_e79_cc1352p
20260929_193856_radio_ebyte_e79_cc1352p,run_00006,00bcdda951d0da6233224870a848a36b6d83ce2a937a1d67e0aab13243c3f49c,GFSK4K8,-20,512,1,ok,0.2461033634126333,194560,8,23500.389434858243,8108.620455408566,0.0,0.0,True,,23500.389434859233,4.218847493575595e-12,8,lot270_other_profiles_final_candidate2/20260929_193856_radio_ebyte_e79_cc1352p
20260929_193856_radio_ebyte_e79_cc1352p,run_00007,e6589e2b1379e3e615576f01395d93427302b99d5d952ce9dea7e342f958a972,GFSK4K8,-20,512,2,ok,0.2461033634126333,194560,8,23535.3306437458,7999.138848027692,0.0,0.0,True,,23535.33064374592,5.10702591327572e-13,8,lot270_other_profiles_final_candidate2/20260929_193856_radio_ebyte_e79_cc1352p
20260929_193856_radio_ebyte_e79_cc1352p,run_00008,4c6379147e5859a8c60cc7d8a717354448677c96a18b565bc7cdc8ec2907e481,GFSK4K8,-20,512,3,ok,0.2461033634126333,194560,8,23082.136069799726,7455.573594503935,0.0,0.0,True,,23082.13606979988,6.661338147750939e-13,8,lot270_other_profiles_final_candidate2/20260929_193856_radio_ebyte_e79_cc1352p
20260929_193856_radio_ebyte_e79_cc1352p,run_00009,9456affb0e1abd0a83f04945ce446c983b2c56debd5a7457a84375540c339f97,GFSK4K8,-20,512,4,ok,0.2461033634126333,194560,8,23123.941714735327,7607.9044050251405,0.0,0.0,True,,23123.94171473558,1.1102230246251565e-12,8,lot270_other_profiles_final_candidate2/20260929_193856_radio_ebyte_e79_cc1352p
20260929_193856_radio_ebyte_e79_cc1352p,run_00010,e94c2d24fbd0a00b366ed8490633c94163dc58d3a3eff915c4796c5b86d1f15e,GFSK4K8,-20,512,5,ok,0.2461033634126333,194560,8,23897.563854154483,8609.855006818963,0.0,0.0,True,,23897.563854154552,2.886579864025407e-13,8,lot270_other_profiles_final_candidate2/20260929_193856_radio_ebyte_e79_cc1352p
20260929_193856_radio_ebyte_e79_cc1352p,run_00011,1732145b6754dce0a380436e30d96434d68320e253bdda40a34e752b51bae268,GFSK4K8,-20,1024,1,ok,0.06923719708726274,334848,16,46529.0539046553,15302.689883205801,0.0,0.0,True,,46529.05390465323,-4.451994328746878e-12,16,lot270_other_profiles_final_candidate2/20260929_193856_radio_ebyte_e79_cc1352p
20260929_193856_radio_ebyte_e79_cc1352p,run_00012,1863e979974f70fdff876cc20bab729235627be97b64530234bc29fa9f44844c,GFSK4K8,-20,1024,2,rx_missing,0.06923719708726274,334848,16,47110.90163798591,16108.989178721724,0.0,0.0,True,,47110.90163798485,-2.2537527399890678e-12,12,lot270_other_profiles_final_candidate2/20260929_193856_radio_ebyte_e79_cc1352p
20260929_193856_radio_ebyte_e79_cc1352p,run_00013,1f87ada9f13cd8ad6b606c6d6d6c5b08774af8da1e56212bf035692f5fa1eb81,GFSK4K8,-20,1024,3,rx_missing,0.06923719708726274,334848,16,46917.93298559736,16055.720788938967,0.0,0.0,True,,46917.93298559461,-5.8619775700208265e-12,16,lot270_other_profiles_final_candidate2/20260929_193856_radio_ebyte_e79_cc1352p
20260929_193856_radio_ebyte_e79_cc1352p,run_00014,0ca87c3cf37e95a5a53eb2eecf3ecdbb44eca91db91827d0c744c346429dae45,GFSK4K8,-20,1024,4,rx_missing,0.06923719708726274,334848,16,46470.85642328009,15289.801054387604,0.0,0.0,True,,46470.856423276804,-7.072120666862247e-12,16,lot270_other_profiles_final_candidate2/20260929_193856_radio_ebyte_e79_cc1352p
20260929_193856_radio_ebyte_e79_cc1352p,run_00015,bc55e982f7e931eddeae5acbd983c667e517cc948105c8abd2e9252569840bca,GFSK4K8,-20,1024,5,ok,0.06923719708726274,334848,16,47065.734302264165,15955.99037199978,0.0,0.0,True,,47065.73430226192,-4.773959005888173e-12,16,lot270_other_profiles_final_candidate2/20260929_193856_radio_ebyte_e79_cc1352p
20260929_193856_radio_ebyte_e79_cc1352p,run_00016,d802a65cc23cc7c4cfcc2c5f207727b34639a40ba559908415a75f3ba9dcf7ba,GFSK4K8,0,128,1,ok,0.8336842105263158,94208,2,6858.439951665342,2755.7850714575325,0.0,0.0,True,,6858.439951665633,4.241051954068098e-12,2,lot270_other_profiles_final_candidate2/20260929_193856_radio_ebyte_e79_cc1352p
20260929_193856_radio_ebyte_e79_cc1352p,run_00017,b7cc79fc60b175ab9bd267f636ecc8ee93a51441b1062c41c2d24386448c9bce,GFSK4K8,0,128,2,ok,0.8336842105263158,94208,2,6864.1623541294,2750.7143220596745,0.0,0.0,True,,6864.162354129636,3.4416913763379853e-12,2,lot270_other_profiles_final_candidate2/20260929_193856_radio_ebyte_e79_cc1352p
20260929_193856_radio_ebyte_e79_cc1352p,run_00018,e3cdbb3c75b918c5ba41aa92be646b0ea7f08972c1c035a3d1e3527b0c3f97c4,GFSK4K8,0,128,3,ok,0.8336842105263158,94208,2,6846.126804329552,2694.181904373326,0.0,0.0,True,,6846.126804329746,2.8199664825478976e-12,2,lot270_other_profiles_final_candidate2/20260929_193856_radio_ebyte_e79_cc1352p
20260929_193856_radio_ebyte_e79_cc1352p,run_00019,e93e26707e859b34ecc053118bd599cb5c69f28afa2ee880ceebffe3f74c1cd9,GFSK4K8,0,128,4,ok,0.8336842105263158,94208,2,6843.616598416576,2728.325966431154,0.0,0.0,True,,6843.616598416793,3.1530333899354446e-12,2,lot270_other_profiles_final_candidate2/20260929_193856_radio_ebyte_e79_cc1352p
20260929_193856_radio_ebyte_e79_cc1352p,run_00020,d2292947a4d98729d09733839bd589259c8d2c11540c57ac16777d7021c57f7d,GFSK4K8,0,128,5,ok,0.8336842105263158,94208,2,6852.8919154490995,2700.4399444283154,0.0,0.0,True,,6852.8919154492705,2.4868995751603507e-12,2,lot270_other_profiles_final_candidate2/20260929_193856_radio_ebyte_e79_cc1352p
20260929_193856_radio_ebyte_e79_cc1352p,run_00021,d0720d800e8415202f85f867a3eb8dbaa3581123aeb85c88ac68f7f3af8e8bd2,GFSK4K8,0,512,1,rx_missing,0.2461033634126333,194560,8,27457.923915855423,10901.97451138282,0.0,0.0,True,,27457.923915859905,1.63202784619898e-11,8,lot270_other_profiles_final_candidate2/20260929_193856_radio_ebyte_e79_cc1352p
20260929_193856_radio_ebyte_e79_cc1352p,run_00022,c830d92b3bc54be517d4d16b786e8128eb027ba71e0a90fcae73bf1957a6787e,GFSK4K8,0,512,2,rx_missing,0.2461033634126333,194560,8,27418.758870329442,11005.381156647512,0.0,0.0,True,,27418.758870334106,1.7008616737257398e-11,8,lot270_other_profiles_final_candidate2/20260929_193856_radio_ebyte_e79_cc1352p
20260929_193856_radio_ebyte_e79_cc1352p,run_00023,284a3af75029fb45b1288b6e13841126e4b319fa95a0680ba319f31eaba438e2,GFSK4K8,0,512,3,rx_missing,0.2461033634126333,194560,8,27464.224131757204,10923.13993047561,0.0,0.0,True,,27464.224131761675,1.6275869541004795e-11,8,lot270_other_profiles_final_candidate2/20260929_193856_radio_ebyte_e79_cc1352p
20260929_193856_radio_ebyte_e79_cc1352p,run_00024,75a33cff068f68a4acbbe157483fe7abb977ebaaefac73078d0f4b7760ca8bd2,GFSK4K8,0,512,4,rx_missing,0.2461033634126333,194560,8,27442.739817048863,10969.80883261856,0.0,0.0,True,,27442.739817052945,1.4876988529977098e-11,8,lot270_other_profiles_final_candidate2/20260929_193856_radio_ebyte_e79_cc1352p
20260929_193856_radio_ebyte_e79_cc1352p,run_00025,0b149f75b34b24014ff9570064d6f9e96e080cee2ddc0e518ffe8985d3cdec19,GFSK4K8,0,512,5,rx_missing,0.2461033634126333,194560,8,27462.43438516363,10972.330036699035,0.0,0.0,True,,27462.43438516841,1.7408297026122455e-11,8,lot270_other_profiles_final_candidate2/20260929_193856_radio_ebyte_e79_cc1352p
20260929_193856_radio_ebyte_e79_cc1352p,run_00026,378574ebb8755948a7f6456eb52addc85282b59cb48f19538b5fc71553d0052c,GFSK4K8,0,1024,1,ok,0.06923719708726274,334848,16,54866.14734012712,22150.103698337716,0.0,0.0,True,,54866.1473401384,2.05613304160579e-11,16,lot270_other_profiles_final_candidate2/20260929_193856_radio_ebyte_e79_cc1352p
20260929_193856_radio_ebyte_e79_cc1352p,run_00027,f3fda627cdb1a01a0d7a238548d3ef45012336b13261740e9f3f180dc2a7ce9a,GFSK4K8,0,1024,2,ok,0.06923719708726274,334848,16,54834.40954422705,21651.578167003096,0.0,0.0,True,,54834.40954423881,2.1449508835758024e-11,16,lot270_other_profiles_final_candidate2/20260929_193856_radio_ebyte_e79_cc1352p
20260929_193856_radio_ebyte_e79_cc1352p,run_00028,f4aed499677199830d65ecada2dfe8191809a3037fe3c8f41b2a238da39aad56,GFSK4K8,0,1024,3,ok,0.06923719708726274,334848,16,54837.14829025124,22219.032185632914,0.0,0.0,True,,54837.14829026249,2.0516921495072893e-11,16,lot270_other_profiles_final_candidate2/20260929_193856_radio_ebyte_e79_cc1352p
20260929_193856_radio_ebyte_e79_cc1352p,run_00029,bb8368aac234c0e3709eb0e2f124872266e585a1477197dfc047d475450794ff,GFSK4K8,0,1024,4,rx_missing,0.06923719708726274,334848,16,54938.1826077746,21656.314044218616,0.0,0.0,True,,54938.18260778457,1.8141044222375058e-11,16,lot270_other_profiles_final_candidate2/20260929_193856_radio_ebyte_e79_cc1352p
20260929_193856_radio_ebyte_e79_cc1352p,run_00030,6434d50db9ebe4d80543292681ceab75878a8270c8cafaef90e098d837c6347c,GFSK4K8,0,1024,5,ok,0.06923719708726274,334848,16,54908.568848536095,22094.941191491114,0.0,0.0,True,,54908.56884854736,2.0516921495072893e-11,16,lot270_other_profiles_final_candidate2/20260929_193856_radio_ebyte_e79_cc1352p
20260929_193856_radio_ebyte_e79_cc1352p,run_00031,92805bf1670ba839ba0583939c44daa7570f260e093c6285733bd789141dff31,GFSK4K8,13,128,1,ok,0.8336842105263158,94208,2,8664.720497285403,4578.8361771379605,0.0,0.0,True,,8664.720497285316,-1.0103029524088925e-12,2,lot270_other_profiles_final_candidate2/20260929_193856_radio_ebyte_e79_cc1352p
20260929_193856_radio_ebyte_e79_cc1352p,run_00032,d7482f8283889f8bb69012129e05c020b5af07f18e807860f5cbad44dca00212,GFSK4K8,13,128,2,ok,0.8336842105263158,94208,2,8670.31943693897,4544.0029298194595,0.0,0.0,True,,8670.319436938884,-9.880984919163893e-13,2,lot270_other_profiles_final_candidate2/20260929_193856_radio_ebyte_e79_cc1352p
20260929_193856_radio_ebyte_e79_cc1352p,run_00033,fa9ca2fa032532331b03871ca3617c006ba0a5d50bf56732d1be293bf314ca54,GFSK4K8,13,128,3,ok,0.8336842105263158,94208,2,8666.278114534194,4546.409703196088,0.0,0.0,True,,8666.278114534103,-1.0547118733938987e-12,2,lot270_other_profiles_final_candidate2/20260929_193856_radio_ebyte_e79_cc1352p
20260929_193856_radio_ebyte_e79_cc1352p,run_00034,fd40eac12f13791a15acf4e2d5058bfe1c00a3c6c631d346dc863841aa8c21e1,GFSK4K8,13,128,4,ok,0.8336842105263158,94208,2,8677.342583737709,4550.8725760706675,0.0,0.0,True,,8677.342583737658,-5.88418203051333e-13,2,lot270_other_profiles_final_candidate2/20260929_193856_radio_ebyte_e79_cc1352p
20260929_193856_radio_ebyte_e79_cc1352p,run_00035,dc7b6924153358c3af53eb428f7cb52003212b5efc7162a323327aa8961a3ec9,GFSK4K8,13,128,5,ok,0.8336842105263158,94208,2,8679.781940948007,4578.546192396864,0.0,0.0,True,,8679.781940947927,-9.2148511043888e-13,2,lot270_other_profiles_final_candidate2/20260929_193856_radio_ebyte_e79_cc1352p
20260929_193856_radio_ebyte_e79_cc1352p,run_00036,3072cbcd7cf027ba43b3e35fa2ef36e41a53eb4d5ef598915e3ff30839f2a00c,GFSK4K8,13,512,1,ok,0.2461033634126333,194560,8,34667.47500708203,18158.22182460264,0.0,0.0,True,,34667.47500708445,6.994405055138486e-12,8,lot270_other_profiles_final_candidate2/20260929_193856_radio_ebyte_e79_cc1352p
20260929_193856_radio_ebyte_e79_cc1352p,run_00037,aba52b93dcefc6b66e8e7cdf48dcce27bf26940818f70579db1a45fe399023bd,GFSK4K8,13,512,2,ok,0.2461033634126333,194560,8,34685.287370964485,18210.642167473627,0.0,0.0,True,,34685.28737096673,6.483702463810914e-12,8,lot270_other_profiles_final_candidate2/20260929_193856_radio_ebyte_e79_cc1352p
20260929_193856_radio_ebyte_e79_cc1352p,run_00038,98fe9ab7d46430f774be63d9531dd4f2efe0875145020b5d0a767724cb214f0b,GFSK4K8,13,512,3,ok,0.2461033634126333,194560,8,34737.58606564513,18212.63214451691,0.0,0.0,True,,34737.58606564729,6.1950444774083735e-12,8,lot270_other_profiles_final_candidate2/20260929_193856_radio_ebyte_e79_cc1352p
20260929_193856_radio_ebyte_e79_cc1352p,run_00039,281eddfed05dea738e27dc6e394b1bdf2f4e7ea272d1896874a128a117c7cda2,GFSK4K8,13,512,4,rx_missing,0.2461033634126333,194560,8,34719.43181763553,18210.509907278443,0.0,0.0,True,,34719.43181763751,5.706546346573305e-12,8,lot270_other_profiles_final_candidate2/20260929_193856_radio_ebyte_e79_cc1352p
20260929_193856_radio_ebyte_e79_cc1352p,run_00040,afb645e711aa6483690d674cd2016834555c2ca5562ec34bdc078db5fc492a95,GFSK4K8,13,512,5,rx_missing,0.2461033634126333,194560,8,34675.34891128149,18149.014608881567,0.0,0.0,True,,34675.34891128369,6.328271240363392e-12,8,lot270_other_profiles_final_candidate2/20260929_193856_radio_ebyte_e79_cc1352p
20260929_193856_radio_ebyte_e79_cc1352p,run_00041,516f6e3572151d603a1a5303ca1d00fc7c990955eabad84744fcbcf5b4fc10bf,GFSK4K8,13,1024,1,rx_missing,0.06923719708726274,334848,16,69375.08405731698,36494.01563999674,0.0,0.0,True,,69375.08405730761,-1.3511414209688155e-11,16,lot270_other_profiles_final_candidate2/20260929_193856_radio_ebyte_e79_cc1352p
20260929_193856_radio_ebyte_e79_cc1352p,run_00042,4d1858b4782b97278474e365caefec43e4c4723670e6b9e056320c772d0f99a9,GFSK4K8,13,1024,2,ok,0.06923719708726274,334848,16,69398.23958919969,36354.51239349741,0.0,0.0,True,,69398.23958918898,-1.5432100042289676e-11,16,lot270_other_profiles_final_candidate2/20260929_193856_radio_ebyte_e79_cc1352p
20260929_193856_radio_ebyte_e79_cc1352p,run_00043,5dbc1b8161862ab8c496dae3d236fa3756454cfd191e77f5b507003f8dc0f696,GFSK4K8,13,1024,3,rx_missing,0.06923719708726274,334848,16,69358.56434718541,36338.957151500195,0.0,0.0,True,,69358.56434717633,-1.3089529460330596e-11,16,lot270_other_profiles_final_candidate2/20260929_193856_radio_ebyte_e79_cc1352p
20260929_193856_radio_ebyte_e79_cc1352p,run_00044,41650a933f08c89bae60fd4a37eb5eafc1fa62fb3a593e53f79c9f2249d05508,GFSK4K8,13,1024,4,rx_missing,0.06923719708726274,334848,16,69386.03689728818,36534.50466058307,0.0,0.0,True,,69386.03689727724,-1.5776269179923474e-11,16,lot270_other_profiles_final_candidate2/20260929_193856_radio_ebyte_e79_cc1352p
20260929_193856_radio_ebyte_e79_cc1352p,run_00045,c012063e04e04afb0283618654e262e27ee3423c2b665aebaa390e2034c0ad9a,GFSK4K8,13,1024,5,ok,0.06923719708726274,334848,16,69412.58125919111,36363.25477920263,0.0,0.0,True,,69412.5812591811,-1.4421797089880783e-11,16,lot270_other_profiles_final_candidate2/20260929_193856_radio_ebyte_e79_cc1352p
20260929_193856_radio_ebyte_e79_cc1352p,run_00046,116fd381b7be27a5525070aad0d22d2b4489ea06802cd670a074e92b298684c0,GFSK50,-20,128,1,ok,0.8336842105263158,94208,2,695.0410180395236,270.3345456109712,0.0,0.0,True,,695.041018039524,6.661338147750939e-14,2,lot270_other_profiles_final_candidate2/20260929_193856_radio_ebyte_e79_cc1352p
20260929_193856_radio_ebyte_e79_cc1352p,run_00047,c0b46b1904d31438bf29ef5106e71e558eec4a6f93509800bd09d79e3c25bacd,GFSK50,-20,128,2,ok,0.8336842105263158,94208,2,699.9827472917611,275.1071320950468,0.0,0.0,True,,699.9827472917618,8.881784197001252e-14,2,lot270_other_profiles_final_candidate2/20260929_193856_radio_ebyte_e79_cc1352p
20260929_193856_radio_ebyte_e79_cc1352p,run_00048,49fabe59352a6affd2f963bbee0cbdf3c41fc401bfde56df99c638cbfe6f32a7,GFSK50,-20,128,3,ok,0.8336842105263158,94208,2,689.6656859722609,266.5836573989258,0.0,0.0,True,,689.6656859722613,4.440892098500626e-14,2,lot270_other_profiles_final_candidate2/20260929_193856_radio_ebyte_e79_cc1352p
20260929_193856_radio_ebyte_e79_cc1352p,run_00049,55c137d3401fbf1d230982b9dece6e6a8267a91622b6b9589f268610a51f97ee,GFSK50,-20,128,4,ok,0.0,95232,2,706.9728401093502,285.2399428906519,0.0,0.0,True,,706.9728401093518,2.220446049250313e-13,2,lot270_other_profiles_final_candidate2/20260929_193856_radio_ebyte_e79_cc1352p
20260929_193856_radio_ebyte_e79_cc1352p,run_00050,c0db6897820ec79bf14272bdef6e706164eabc1d2d498c6bea9dd839df0e952f,GFSK50,-20,128,5,ok,0.8336842105263158,94208,2,683.3753971562681,260.0670885334905,0.0,0.0,True,,683.3753971562692,1.5543122344752192e-13,2,lot270_other_profiles_final_candidate2/20260929_193856_radio_ebyte_e79_cc1352p
20260929_193856_radio_ebyte_e79_cc1352p,run_00051,90bf8e267d6e48836a8ec3198ff2108f36b4ee6202fea27160874c6a6797e856,GFSK50,-20,512,1,rx_missing,0.8336842105263158,94208,8,2777.5272379317657,1078.1362903553486,0.0,0.0,True,,2777.5272379317685,8.881784197001252e-14,8,lot270_other_profiles_final_candidate2/20260929_193856_radio_ebyte_e79_cc1352p
20260929_193856_radio_ebyte_e79_cc1352p,run_00052,60ae9a0e99518a3e7bd062079387de969e5e6c85bd60cd77c0f7a7523c11e27b,GFSK50,-20,512,2,ok,0.8336842105263158,94208,8,2769.0832678423094,1070.1964352696734,0.0,0.0,True,,2769.0832678423103,2.220446049250313e-14,8,lot270_other_profiles_final_candidate2/20260929_193856_radio_ebyte_e79_cc1352p
20260929_193856_radio_ebyte_e79_cc1352p,run_00053,8008981b0565470681a0342ea9e49e02a5c8fb1bf28d684e1c9da505b796dfbc,GFSK50,-20,512,3,ok,0.8336842105263158,94208,8,2814.631513994441,1121.4865208639274,0.0,0.0,True,,2814.631513994457,5.551115123125783e-13,8,lot270_other_profiles_final_candidate2/20260929_193856_radio_ebyte_e79_cc1352p
20260929_193856_radio_ebyte_e79_cc1352p,run_00054,905173caad3422f30cc67fa9a5c00cf873c0640c4a7975da7c7df4ab3c259d75,GFSK50,-20,512,4,rx_missing,0.8336842105263158,94208,8,2808.0410857132483,1113.0204021353193,0.0,0.0,True,,2808.0410857132556,2.6645352591003757e-13,8,lot270_other_profiles_final_candidate2/20260929_193856_radio_ebyte_e79_cc1352p
20260929_193856_radio_ebyte_e79_cc1352p,run_00055,0d0cab231880c72b1e10016fcc591fdd1b8f0e82b50ae52d816a00232e665891,GFSK50,-20,512,5,ok,0.8336842105263158,94208,8,2776.307328179463,1080.815654684428,0.0,0.0,True,,2776.3073281794823,6.883382752675971e-13,8,lot270_other_profiles_final_candidate2/20260929_193856_radio_ebyte_e79_cc1352p
20260929_193856_radio_ebyte_e79_cc1352p,run_00056,cb5fb2d579d1f0cd02a4c3c2c5e732a4b11d85a6b5fe48c69e8656da3e3280a9,GFSK50,-20,1024,1,rx_missing,0.8336842105263158,94208,16,5554.447221385666,2168.967119701343,0.0,0.0,True,,5554.447221385679,2.220446049250313e-13,16,lot270_other_profiles_final_candidate2/20260929_193856_radio_ebyte_e79_cc1352p
20260929_193856_radio_ebyte_e79_cc1352p,run_00057,74a2bf141ace0d3f5fb66d77cca13fe3504e55dd8149872e926941480236b4b7,GFSK50,-20,1024,2,ok,0.8336842105263158,94208,16,5596.448928734241,2212.7927160709696,0.0,0.0,True,,5596.448928734281,7.105427357601002e-13,16,lot270_other_profiles_final_candidate2/20260929_193856_radio_ebyte_e79_cc1352p
20260929_193856_radio_ebyte_e79_cc1352p,run_00058,8053edc49e569189e9db47333aac8ef5cf3f97f4b1f8f6e6e27618be9a4f67b0,GFSK50,-20,1024,3,ok,0.8336842105263158,94208,16,5596.793851652078,2215.994912035272,0.0,0.0,True,,5596.793851652067,-1.9984014443252818e-13,16,lot270_other_profiles_final_candidate2/20260929_193856_radio_ebyte_e79_cc1352p
20260929_193856_radio_ebyte_e79_cc1352p,run_00059,6a13dbadb25c6bb7f46e3e0b2bd05d6e91b531ba8a43b68dc188d989de448d46,GFSK50,-20,1024,4,rx_missing,0.8336842105263158,94208,16,5601.071186825531,2206.8902957292353,0.0,0.0,True,,5601.071186825498,-5.88418203051333e-13,16,lot270_other_profiles_final_candidate2/20260929_193856_radio_ebyte_e79_cc1352p
20260929_193856_radio_ebyte_e79_cc1352p,run_00060,c9d367df0f7dd78ea792a5ac281feeb1b1b67020a80c33ec9b21e9ff45b58aa4,GFSK50,-20,1024,5,ok,0.8336842105263158,94208,16,5591.994199014241,2205.518330579577,0.0,0.0,True,,5591.994199014259,3.3306690738754696e-13,16,lot270_other_profiles_final_candidate2/20260929_193856_radio_ebyte_e79_cc1352p
20260929_193856_radio_ebyte_e79_cc1352p,run_00061,cfb928d565ba94a91134cfdac720328b90ef23a2cdeff25dc3f73e4071c8d5b5,GFSK50,0,128,1,ok,0.8336842105263158,94208,2,745.33952305036,293.7956352197315,0.0,0.0,True,,745.3395230503639,5.329070518200751e-13,2,lot270_other_profiles_final_candidate2/20260929_193856_radio_ebyte_e79_cc1352p
20260929_193856_radio_ebyte_e79_cc1352p,run_00062,14e25e170773128667cf7aa5fcd2fc989a5738bfea2bf3013bcae3c28afad16a,GFSK50,0,128,2,ok,0.8336842105263158,94208,2,744.0780149621258,291.4559724550009,0.0,0.0,True,,744.0780149621288,3.9968028886505635e-13,2,lot270_other_profiles_final_candidate2/20260929_193856_radio_ebyte_e79_cc1352p
20260929_193856_radio_ebyte_e79_cc1352p,run_00063,b95ae6632ed941159a40aba5e3346671a5114538592131bc2a058572a7ab745c,GFSK50,0,128,3,ok,0.8336842105263158,94208,2,745.0544014628322,293.83612437094274,0.0,0.0,True,,745.054401462836,5.10702591327572e-13,2,lot270_other_profiles_final_candidate2/20260929_193856_radio_ebyte_e79_cc1352p
20260929_193856_radio_ebyte_e79_cc1352p,run_00064,a8bbfe8cfb3b2bfa1e09e1d880205934c169260c6c9bdd02ac33b61d376e660e,GFSK50,0,128,4,ok,0.8336842105263158,94208,2,740.625467745804,288.3750699789401,0.0,0.0,True,,740.6254677458054,1.7763568394002505e-13,2,lot270_other_profiles_final_candidate2/20260929_193856_radio_ebyte_e79_cc1352p
20260929_193856_radio_ebyte_e79_cc1352p,run_00065,d89113ff78543fcaed0e0854a27c2b3b7c1088d09681ede5ba895efcca2fde19,GFSK50,0,128,5,ok,0.8336842105263158,94208,2,744.9118147740295,292.35768822816976,0.0,0.0,True,,744.9118147740313,2.4424906541753444e-13,2,lot270_other_profiles_final_candidate2/20260929_193856_radio_ebyte_e79_cc1352p
20260929_193856_radio_ebyte_e79_cc1352p,run_00066,efd7262de90b67e772aa680e5a774a0c9f560858f37f3c2b2bc7a8a90c8e8537,GFSK50,0,512,1,ok,0.8336842105263158,94208,8,2977.753953494592,1170.8069351487202,0.0,0.0,True,,2977.7539534946395,1.5987211554602254e-12,8,lot270_other_profiles_final_candidate2/20260929_193856_radio_ebyte_e79_cc1352p
20260929_193856_radio_ebyte_e79_cc1352p,run_00067,c0c664b152a351a33c421d2853629b438fddf6e6feeaea2084f2ecb2f3518417,GFSK50,0,512,2,ok,0.8336842105263158,94208,8,2988.7451431670006,1184.34857373692,0.0,0.0,True,,2988.7451431670415,1.3766765505351941e-12,8,lot270_other_profiles_final_candidate2/20260929_193856_radio_ebyte_e79_cc1352p
20260929_193856_radio_ebyte_e79_cc1352p,run_00068,24c2443b1d8d3cd5b1a22032b3e40d69f23116a82920e8d40e57b32f0f21d5f2,GFSK50,0,512,3,rx_missing,0.8336842105263158,94208,8,2973.2318099271715,1164.3649955911155,0.0,0.0,True,,2973.231809927222,1.687538997430238e-12,8,lot270_other_profiles_final_candidate2/20260929_193856_radio_ebyte_e79_cc1352p
20260929_193856_radio_ebyte_e79_cc1352p,run_00069,e9df349989c565a7385a3ef41340332fc8205115c00ec1f2583ea6d1968b8636,GFSK50,0,512,4,rx_missing,0.8336842105263158,94208,8,2979.2508918412145,1170.7249355163967,0.0,0.0,True,,2979.2508918412605,1.532107773982716e-12,8,lot270_other_profiles_final_candidate2/20260929_193856_radio_ebyte_e79_cc1352p
20260929_193856_radio_ebyte_e79_cc1352p,run_00070,3e4477ec24c3ff9eca61c7bef7a9d53fb14537691dfe47a99eae59d0e6a7e485,GFSK50,0,512,5,ok,0.8336842105263158,94208,8,2979.3322343704685,1172.055218446821,0.0,0.0,True,,2979.332234370505,1.2212453270876722e-12,8,lot270_other_profiles_final_candidate2/20260929_193856_radio_ebyte_e79_cc1352p
20260929_193856_radio_ebyte_e79_cc1352p,run_00071,527bb1979db6047a449c11cb17c792939b12e9314a129a66f3faacf85d203e7b,GFSK50,0,1024,1,ok,0.8336842105263158,94208,16,5976.0880119206695,2367.2126477677157,0.0,0.0,True,,5976.088011920867,3.3084646133829665e-12,16,lot270_other_profiles_final_candidate2/20260929_193856_radio_ebyte_e79_cc1352p
20260929_193856_radio_ebyte_e79_cc1352p,run_00072,4408a4a3c90d2fc5ecbbf9743cad770f13ea5a4c955c9e8ddbcbca36839f751b,GFSK50,0,1024,2,ok,0.8336842105263158,94208,16,5974.81521434186,2362.9910632215883,0.0,0.0,True,,5974.81521434208,3.68594044175552e-12,16,lot270_other_profiles_final_candidate2/20260929_193856_radio_ebyte_e79_cc1352p
20260929_193856_radio_ebyte_e79_cc1352p,run_00073,531c53df9b2bb851f23a67c96711bc2628d5f6bb5d3a21baa7a0f6211c46c8f1,GFSK50,0,1024,3,ok,0.8336842105263158,94208,16,5969.77428691723,2356.242132992237,0.0,0.0,True,,5969.774286917404,2.9309887850104133e-12,16,lot270_other_profiles_final_candidate2/20260929_193856_radio_ebyte_e79_cc1352p
20260929_193856_radio_ebyte_e79_cc1352p,run_00074,473a181fd8792901d331ed9c9edc3cf9f0f51a7f4ba536b33a003592582c4c9c,GFSK50,0,1024,4,rx_missing,0.8336842105263158,94208,16,6011.563435194039,2406.9454194660884,0.0,0.0,True,,6011.563435194237,3.3084646133829665e-12,16,lot270_other_profiles_final_candidate2/20260929_193856_radio_ebyte_e79_cc1352p
20260929_193856_radio_ebyte_e79_cc1352p,run_00075,6309d2297c1d5c50c85d5fbb6289df324201fd5db1b7f6e219529d07ecc0bf6d,GFSK50,0,1024,5,ok,0.8336842105263158,94208,16,5968.3782520188015,2354.009730825746,0.0,0.0,True,,5968.378252019006,3.419486915845482e-12,16,lot270_other_profiles_final_candidate2/20260929_193856_radio_ebyte_e79_cc1352p
20260929_193856_radio_ebyte_e79_cc1352p,run_00076,de4d52f5a1cede16a965b8fe36a19b277dcb0f49b0ffe49b6f1be2a1c3f8a38c,GFSK50,13,128,1,ok,0.8336842105263158,94208,2,917.8040774180004,465.770426419881,0.0,0.0,True,,917.8040774180034,3.3306690738754696e-13,2,lot270_other_profiles_final_candidate2/20260929_193856_radio_ebyte_e79_cc1352p
20260929_193856_radio_ebyte_e79_cc1352p,run_00077,cce94d134e825f99e41ee4965604d40a84085f5343b5cb0ad54b5946e317a18a,GFSK50,13,128,2,ok,0.0,95232,2,914.4226184289986,462.36512068241484,0.0,0.0,True,,914.422618429002,3.774758283725532e-13,2,lot270_other_profiles_final_candidate2/20260929_193856_radio_ebyte_e79_cc1352p
20260929_193856_radio_ebyte_e79_cc1352p,run_00078,14d7e4469a47032d6f5ae2e3557f72ee7f807348e84882a9d75358fbf2ef0a32,GFSK50,13,128,3,ok,0.8336842105263158,94208,2,920.6103703462782,469.21556461848525,0.0,0.0,True,,920.6103703462828,5.10702591327572e-13,2,lot270_other_profiles_final_candidate2/20260929_193856_radio_ebyte_e79_cc1352p
20260929_193856_radio_ebyte_e79_cc1352p,run_00079,c6e3890af118ab69b097b4a8c022f01a9402078e5797ed1f9042c4fed51aa30b,GFSK50,13,128,4,rx_missing,0.8336842105263158,94208,2,912.4463389758845,459.3932594367488,0.0,0.0,True,,912.4463389758865,2.220446049250313e-13,2,lot270_other_profiles_final_candidate2/20260929_193856_radio_ebyte_e79_cc1352p
20260929_193856_radio_ebyte_e79_cc1352p,run_00080,757ed7030946dae9e6de9076fdd35965c5dc8582831f1764078ebb1f55a583e1,GFSK50,13,128,5,ok,0.8336842105263158,94208,2,919.7600142781712,467.05042600421143,0.0,0.0,True,,919.7600142781756,4.884981308350689e-13,2,lot270_other_profiles_final_candidate2/20260929_193856_radio_ebyte_e79_cc1352p
20260929_193856_radio_ebyte_e79_cc1352p,run_00081,fe994eab4214fdeb63642ba34ffdd69ade4f5c71fdfbfc7597e4af45f88623b2,GFSK50,13,512,1,ok,0.8336842105263158,94208,8,3678.1032760575395,1871.2849210342472,0.0,0.0,True,,3678.1032760575786,1.0658141036401503e-12,8,lot270_other_profiles_final_candidate2/20260929_193856_radio_ebyte_e79_cc1352p
20260929_193856_radio_ebyte_e79_cc1352p,run_00082,2153ebf718d64e8204ffde23434f23e9b4a3b85755debf023d4123ed009a4c27,GFSK50,13,512,2,ok,0.8336842105263158,94208,8,3678.144179411562,1869.6866007669664,0.0,0.0,True,,3678.144179411597,9.547918011776346e-13,8,lot270_other_profiles_final_candidate2/20260929_193856_radio_ebyte_e79_cc1352p
20260929_193856_radio_ebyte_e79_cc1352p,run_00083,aa42aaa1fdebde540749d8cd163a6ef3c8b08029a74aaf1e321ad23cab00f890,GFSK50,13,512,3,ok,0.8336842105263158,94208,8,3674.1895472551437,1864.8973374555706,0.0,0.0,True,,3674.1895472552014,1.5765166949677223e-12,8,lot270_other_profiles_final_candidate2/20260929_193856_radio_ebyte_e79_cc1352p
20260929_193856_radio_ebyte_e79_cc1352p,run_00084,6e1917309d244de66b895f882b56920e443a7f89c87250079c27952c7ee80c11,GFSK50,13,512,4,ok,0.8336842105263158,94208,8,3668.2263822644118,1861.0505191870386,0.0,0.0,True,,3668.2263822644595,1.3100631690576847e-12,8,lot270_other_profiles_final_candidate2/20260929_193856_radio_ebyte_e79_cc1352p
20260929_193856_radio_ebyte_e79_cc1352p,run_00085,27decd613d74a641d23a4491bf60f74a3d36282e71768686fb8a570a84c77fc0,GFSK50,13,512,5,ok,0.0,95232,8,3666.625027793927,1858.9216489062296,0.0,0.0,True,,3666.6250277939525,6.883382752675971e-13,8,lot270_other_profiles_final_candidate2/20260929_193856_radio_ebyte_e79_cc1352p
20260929_193856_radio_ebyte_e79_cc1352p,run_00086,83d2b78517c15c79f854406611a9fe62b21cbcc47e16fbaefc5d1e10f56aa229,GFSK50,13,1024,1,ok,0.0,95232,16,7336.765953208705,3723.0183642555703,0.0,0.0,True,,7336.765953208818,1.5543122344752192e-12,16,lot270_other_profiles_final_candidate2/20260929_193856_radio_ebyte_e79_cc1352p
20260929_193856_radio_ebyte_e79_cc1352p,run_00087,69f0aabc154455155842cdeb55332f74864e8472b2c3dfa08b1eca1ab647bfba,GFSK50,13,1024,2,rx_missing,0.8336842105263158,94208,16,7356.528650517731,3741.1211931370335,0.0,0.0,True,,7356.528650517844,1.532107773982716e-12,16,lot270_other_profiles_final_candidate2/20260929_193856_radio_ebyte_e79_cc1352p
20260929_193856_radio_ebyte_e79_cc1352p,run_00088,d31fc58fa792eeeef2063dc89ab5d8fbcbd2a3ddfc2e5718327338c285ed5117,GFSK50,13,1024,3,rx_missing,0.8336842105263158,94208,16,7310.9666904012665,3694.2763400877643,0.0,0.0,True,,7310.966690401424,2.1538326677728037e-12,16,lot270_other_profiles_final_candidate2/20260929_193856_radio_ebyte_e79_cc1352p
20260929_193856_radio_ebyte_e79_cc1352p,run_00089,dcb7e6c9ffa72c8c1784396fe04e7f5c8cb3fc5d17924916104808de313be41e,GFSK50,13,1024,4,ok,0.8336842105263158,94208,16,7341.62707149261,3728.9910221747127,0.0,0.0,True,,7341.627071492804,2.6423307986078726e-12,16,lot270_other_profiles_final_candidate2/20260929_193856_radio_ebyte_e79_cc1352p
20260929_193856_radio_ebyte_e79_cc1352p,run_00090,1289893f03ab663421248872ff185d22bb18249c4b3ac9a850819df35cc720af,GFSK50,13,1024,5,ok,0.8336842105263158,94208,16,7325.793044373774,3715.09164827173,0.0,0.0,True,,7325.7930443739815,2.8199664825478976e-12,16,lot270_other_profiles_final_candidate2/20260929_193856_radio_ebyte_e79_cc1352p
20260929_193856_radio_ebyte_e79_cc1352p,run_00091,145b547b50ee6f558e18fc718639cbad2a855f24e61d8c5c41e7778bc35c484c,SLR2K5,-20,128,1,ok,0.5285081581243722,120832,2,11179.784934852605,4349.893531541128,0.0,0.0,True,,11179.784934852432,-1.5432100042289676e-12,2,lot270_other_profiles_final_candidate2/20260929_193856_radio_ebyte_e79_cc1352p
20260929_193856_radio_ebyte_e79_cc1352p,run_00092,9fa32e90cf34aca3771a44d0545cc6f3f243fdcfc0e2b98ec4d9a620409d4e0f,SLR2K5,-20,128,2,ok,0.5285081581243722,120832,2,11201.247320224415,4362.6139806496285,0.0,0.0,True,,11201.247320224025,-3.47499806707674e-12,2,lot270_other_profiles_final_candidate2/20260929_193856_radio_ebyte_e79_cc1352p
20260929_193856_radio_ebyte_e79_cc1352p,run_00093,28d1ffd6906938b68a6ffbd25418f7c93ac6133c48c0e664a0ae98ec0a0f901f,SLR2K5,-20,128,3,ok,0.5285081581243722,120832,2,11141.178661906617,4301.269098248296,0.0,0.0,True,,11141.178661906411,-1.84297022087776e-12,2,lot270_other_profiles_final_candidate2/20260929_193856_radio_ebyte_e79_cc1352p
20260929_193856_radio_ebyte_e79_cc1352p,run_00094,a96d154fda120ecf5a0ab186dc25a973a1835c6e37a10ebbf3a807400b4abb61,SLR2K5,-20,128,4,ok,0.5285081581243722,120832,2,11158.105848061667,4314.649822455931,0.0,0.0,True,,11158.105848061408,-2.320366121466577e-12,2,lot270_other_profiles_final_candidate2/20260929_193856_radio_ebyte_e79_cc1352p
20260929_193856_radio_ebyte_e79_cc1352p,run_00095,c17ae5d8e1ab1f8ce025ccd07f98fd15b6bf02e5e080422cf1dd4fc107cdbc1e,SLR2K5,-20,128,5,ok,0.5285081581243722,120832,2,11284.047268173998,4440.600425629553,0.0,0.0,True,,11284.047268173765,-2.065014825802791e-12,2,lot270_other_profiles_final_candidate2/20260929_193856_radio_ebyte_e79_cc1352p
20260929_193856_radio_ebyte_e79_cc1352p,run_00096,111e7393e9e9ea213fa8f268ad92d5c6ab364120cd493aecb7ba51714e2997c2,SLR2K5,-20,512,1,ok,0.11966493817311527,320512,8,44881.34118784052,17521.56046362696,0.0,0.0,True,,44881.34118783889,-3.630429290524262e-12,8,lot270_other_profiles_final_candidate2/20260929_193856_radio_ebyte_e79_cc1352p
20260929_193856_radio_ebyte_e79_cc1352p,run_00097,eaf39c36208766303f334185622f2d7f9f810086a458b6fb1eb14932365ccaee,SLR2K5,-20,512,2,ok,0.11966493817311527,320512,8,44932.63323891619,17598.790759955205,0.0,0.0,True,,44932.633238914386,-4.019007349143067e-12,8,lot270_other_profiles_final_candidate2/20260929_193856_radio_ebyte_e79_cc1352p
20260929_193856_radio_ebyte_e79_cc1352p,run_00098,71c044b7470753a0fb7f951bb34a18034d14d28997dda07fb84a31f06bf3cbe8,SLR2K5,-20,512,3,ok,0.11966493817311527,320512,8,44863.79951454963,17482.21353515429,0.0,0.0,True,,44863.79951454689,-6.1173288656846125e-12,8,lot270_other_profiles_final_candidate2/20260929_193856_radio_ebyte_e79_cc1352p
20260929_193856_radio_ebyte_e79_cc1352p,run_00099,10352bf7416e9565fb38cb0ed4ceae1b4b7d0b325af5711388ebd1e4727ebf2e,SLR2K5,-20,512,4,ok,0.11966493817311527,320512,8,44809.68956558453,17439.166701640013,0.0,0.0,True,,44809.6895655823,-4.973799150320701e-12,8,lot270_other_profiles_final_candidate2/20260929_193856_radio_ebyte_e79_cc1352p
20260929_193856_radio_ebyte_e79_cc1352p,run_00100,cae204a41a25f16c9e9427585df10c905ed2ad0abee3268a1ab0c4f02650754e,SLR2K5,-20,512,5,ok,0.11966493817311527,320512,8,44899.775790264895,17549.473984087694,0.0,0.0,True,,44899.775790262596,-5.118128143521972e-12,8,lot270_other_profiles_final_candidate2/20260929_193856_radio_ebyte_e79_cc1352p
20260929_193856_radio_ebyte_e79_cc1352p,run_00101,cc9ae42649e8448b20f788ed40dd8edaa1460b14f20a5b04a171bc2912395ea2,SLR2K5,-20,1024,1,rx_missing,0.006816725517730303,586752,16,89526.96648472434,34829.72591883492,0.0,0.0,True,,89526.96648473159,8.104628079763643e-12,16,lot270_other_profiles_final_candidate2/20260929_193856_radio_ebyte_e79_cc1352p
20260929_193856_radio_ebyte_e79_cc1352p,run_00102,c84ee27aae4eb026c54bdc774b455c6b900e27e4e9e3d7d5e00a629d15f9be29,SLR2K5,-20,1024,2,ok,0.006816725517730303,586752,16,89859.23703414273,35219.14241472392,0.0,0.0,True,,89859.23703414967,7.72715225139109e-12,16,lot270_other_profiles_final_candidate2/20260929_193856_radio_ebyte_e79_cc1352p
20260929_193856_radio_ebyte_e79_cc1352p,run_00103,e7c9ae52814d46a755a691f997ae6d8ad845e0af67e13f71cfe1aa6ea2f3258d,SLR2K5,-20,1024,3,rx_missing,0.006816725517730303,586752,16,89368.26368377752,34617.66234743071,0.0,0.0,True,,89368.26368378813,1.1879386363489175e-11,16,lot270_other_profiles_final_candidate2/20260929_193856_radio_ebyte_e79_cc1352p
20260929_193856_radio_ebyte_e79_cc1352p,run_00104,1f7798d39d0bcfec448d9c7be8570632cc7d62c366a9dd4bad0be890fb8f8160,SLR2K5,-20,1024,4,rx_missing,0.006816725517730303,586752,16,89677.45232924644,34937.29038546517,0.0,0.0,True,,89677.4523292559,1.0547118733938987e-11,16,lot270_other_profiles_final_candidate2/20260929_193856_radio_ebyte_e79_cc1352p
20260929_193856_radio_ebyte_e79_cc1352p,run_00105,cc0368af17f283d7006f9f904a2a234dab4c9b866ff55b9c92ba65da7dfa8160,SLR2K5,-20,1024,5,rx_missing,0.006816725517730303,586752,16,89706.03205106856,34985.74556494394,0.0,0.0,True,,89706.03205107687,9.259260025373806e-12,16,lot270_other_profiles_final_candidate2/20260929_193856_radio_ebyte_e79_cc1352p
20260929_193856_radio_ebyte_e79_cc1352p,run_00106,e09a07a0101ff9056e1fc2670c04cb2f2e87b3e0dca9621536e0d78703d6efa2,SLR2K5,0,128,1,ok,0.5285081581243722,120832,2,12177.76639641353,4806.705937078036,0.0,0.0,True,,12177.76639641146,-1.6997514507011147e-11,2,lot270_other_profiles_final_candidate2/20260929_193856_radio_ebyte_e79_cc1352p
20260929_193856_radio_ebyte_e79_cc1352p,run_00107,6f2d901f63f50767ad75728412f2f0870cffee64c2a476122cd7335975113276,SLR2K5,0,128,2,ok,0.5285081581243722,120832,2,12182.68073313825,4819.393824705597,0.0,0.0,True,,12182.680733136183,-1.6964207816272392e-11,2,lot270_other_profiles_final_candidate2/20260929_193856_radio_ebyte_e79_cc1352p
20260929_193856_radio_ebyte_e79_cc1352p,run_00108,1eef04041481bb7fef6013f566faec676799319d3892173072f191705785be7c,SLR2K5,0,128,3,ok,0.5285081581243722,120832,2,12168.745505013274,4803.882280864286,0.0,0.0,True,,12168.74550501112,-1.7696955012524995e-11,2,lot270_other_profiles_final_candidate2/20260929_193856_radio_ebyte_e79_cc1352p
20260929_193856_radio_ebyte_e79_cc1352p,run_00109,cecb03d989e1539dcd881f6c554247fca60b26d69abd9d74898a6ff8ab24e374,SLR2K5,0,128,4,ok,0.5285081581243722,120832,2,12176.68065574548,4804.797726634813,0.0,0.0,True,,12176.680655743383,-1.7219559111936178e-11,2,lot270_other_profiles_final_candidate2/20260929_193856_radio_ebyte_e79_cc1352p
20260929_193856_radio_ebyte_e79_cc1352p,run_00110,e9b280b5ff6ecab3768c7d03154baf17bbd06e1ccb163b57a0c8966aba938aad,SLR2K5,0,128,5,ok,0.5285081581243722,120832,2,12179.034122408559,4800.390552451039,0.0,0.0,True,,12179.03412240652,-1.674216321134736e-11,2,lot270_other_profiles_final_candidate2/20260929_193856_radio_ebyte_e79_cc1352p
20260929_193856_radio_ebyte_e79_cc1352p,run_00111,a731ffd441125274d5685e4fa4cc6df9fc235c193302eab0d3c58dfeea49f890,SLR2K5,0,512,1,ok,0.11966493817311527,320512,8,48711.5394466136,19224.247709311767,0.0,0.0,True,,48711.539446626055,2.5579538487363607e-11,8,lot270_other_profiles_final_candidate2/20260929_193856_radio_ebyte_e79_cc1352p
20260929_193856_radio_ebyte_e79_cc1352p,run_00112,92f73d8bd637fdcef989795f33f57124a693cc4f8c08a370b5fe11da083d7246,SLR2K5,0,512,2,ok,0.11966493817311527,320512,8,48717.75552357317,19234.45260089411,0.0,0.0,True,,48717.75552358458,2.3425705819590803e-11,8,lot270_other_profiles_final_candidate2/20260929_193856_radio_ebyte_e79_cc1352p
20260929_193856_radio_ebyte_e79_cc1352p,run_00113,8ef523a9898680cbb0af4f8073714908bfbe7bd5540311fb3138fa62b6a9ecd2,SLR2K5,0,512,3,rx_missing,0.11966493817311527,320512,8,48681.9760114243,19165.43016079023,0.0,0.0,True,,48681.97601143627,2.4580337765200966e-11,8,lot270_other_profiles_final_candidate2/20260929_193856_radio_ebyte_e79_cc1352p
20260929_193856_radio_ebyte_e79_cc1352p,run_00114,c0b8c338b8070d6a304f729e0ba6502e99321b3dbba3d0e82a7451d121e5e503,SLR2K5,0,512,4,ok,0.11966493817311527,320512,8,48700.80792706966,19209.2019577026,0.0,0.0,True,,48700.80792708136,2.4025226252888388e-11,8,lot270_other_profiles_final_candidate2/20260929_193856_radio_ebyte_e79_cc1352p
20260929_193856_radio_ebyte_e79_cc1352p,run_00115,6cb3919f7e09b2a9a1484ebb8055318dde3e2cb6de27b8613ce5208e27e7b0f0,SLR2K5,0,512,5,rx_missing,0.11966493817311527,320512,8,48702.6592464553,19215.60630944601,0.0,0.0,True,,48702.659246468094,2.6267876762631204e-11,8,lot270_other_profiles_final_candidate2/20260929_193856_radio_ebyte_e79_cc1352p
20260929_193856_radio_ebyte_e79_cc1352p,run_00116,47fe928d8d60070874ff9b0573a4a7e1d63ea2fe660218122ee913b34037b819,SLR2K5,0,1024,1,ok,0.006816725517730303,586752,16,97372.01856304197,38517.045364273574,0.0,0.0,True,,97372.0185631046,6.432632204678157e-11,16,lot270_other_profiles_final_candidate2/20260929_193856_radio_ebyte_e79_cc1352p
20260929_193856_radio_ebyte_e79_cc1352p,run_00117,6c566c2515f16e8e97f316225bf64a96597c3396c23df64c97aff42ed54236a2,SLR2K5,0,1024,2,rx_missing,0.006816725517730303,586752,16,97424.7203899927,38439.667721983584,0.0,0.0,True,,97424.72039005895,6.801226248853709e-11,16,lot270_other_profiles_final_candidate2/20260929_193856_radio_ebyte_e79_cc1352p
20260929_193856_radio_ebyte_e79_cc1352p,run_00118,55603da0d2e9b512306fa4d8fe32ab64375d3bc07fcd7cf85927b3121dcc75db,SLR2K5,0,1024,3,ok,0.006816725517730303,586752,16,97331.45206823746,38351.88032064571,0.0,0.0,True,,97331.45206830518,6.958877918350481e-11,16,lot270_other_profiles_final_candidate2/20260929_193856_radio_ebyte_e79_cc1352p
20260929_193856_radio_ebyte_e79_cc1352p,run_00119,293b2456c6fffbde500b515a22684d35b80a1dece6c88743015b65d19de228d6,SLR2K5,0,1024,4,rx_missing,0.006816725517730303,586752,16,97422.28520569946,38448.81366210619,0.0,0.0,True,,97422.28520576777,7.012168623532489e-11,16,lot270_other_profiles_final_candidate2/20260929_193856_radio_ebyte_e79_cc1352p
20260929_193856_radio_ebyte_e79_cc1352p,run_00120,2c0fd24fba94ecf71f47a9555b86febee35c0eca485f7dc65268538f77e2f9c4,SLR2K5,0,1024,5,ok,0.006816725517730303,586752,16,97438.532557751,38395.866774217575,0.0,0.0,True,,97438.53255781444,6.510347816401918e-11,16,lot270_other_profiles_final_candidate2/20260929_193856_radio_ebyte_e79_cc1352p
20260929_193856_radio_ebyte_e79_cc1352p,run_00121,78b48a868d32753c599d8117dc7247ada35d384a7fb0ac12a8cec0daac15a4ce,SLR2K5,13,128,1,ok,0.5285081581243722,120832,2,15404.56218444308,8072.355727575746,0.0,0.0,True,,15404.562184441671,-9.14823772291129e-12,2,lot270_other_profiles_final_candidate2/20260929_193856_radio_ebyte_e79_cc1352p
20260929_193856_radio_ebyte_e79_cc1352p,run_00122,161fcd4fab13a2466ba5d8a87783806335deab7e5f0b2bfd1ed070981ffe3130,SLR2K5,13,128,2,ok,0.5285081581243722,120832,2,15405.806499216626,8079.122114078576,0.0,0.0,True,,15405.80649921526,-8.870681966755e-12,2,lot270_other_profiles_final_candidate2/20260929_193856_radio_ebyte_e79_cc1352p
20260929_193856_radio_ebyte_e79_cc1352p,run_00123,cf46069b02ae731a68e734b2689f0f6ec8e5674645f32111c4a43a0950f3b32a,SLR2K5,13,128,3,ok,0.5285081581243722,120832,2,15408.211031334975,8068.934905277461,0.0,0.0,True,,15408.211031333747,-7.971401316808624e-12,2,lot270_other_profiles_final_candidate2/20260929_193856_radio_ebyte_e79_cc1352p
20260929_193856_radio_ebyte_e79_cc1352p,run_00124,839fe7c18bfe22b701be192fe660b073ead6a21ea2d7576a586210c6cfbf47de,SLR2K5,13,128,4,rx_missing,0.5285081581243722,120832,2,15379.687045654802,8039.188794798354,0.0,0.0,True,,15379.687045653736,-6.927791673660977e-12,2,lot270_other_profiles_final_candidate2/20260929_193856_radio_ebyte_e79_cc1352p
20260929_193856_radio_ebyte_e79_cc1352p,run_00125,f3c6a33507fb478eb643880baef107973e5acf723e2a97d639ae2536c796a9a4,SLR2K5,13,128,5,ok,0.5285081581243722,120832,2,15383.96121378978,8042.307184116494,0.0,0.0,True,,15383.961213788667,-7.238654120556021e-12,2,lot270_other_profiles_final_candidate2/20260929_193856_radio_ebyte_e79_cc1352p
20260929_193856_radio_ebyte_e79_cc1352p,run_00126,d309a297d18559b419a27d854114c8449ba8426feb8269f81ed852f1c3d6bd04,SLR2K5,13,512,1,ok,0.11966493817311527,320512,8,61631.7876707985,32408.76535229323,0.0,0.0,True,,61631.7876707917,-1.1024514634527804e-11,8,lot270_other_profiles_final_candidate2/20260929_193856_radio_ebyte_e79_cc1352p
20260929_193856_radio_ebyte_e79_cc1352p,run_00127,fe2fece63ef341c65dcce8cecd00053fa28511e878a42a632b0dbf3c2ebc2996,SLR2K5,13,512,2,rx_missing,0.11966493817311527,320512,8,61563.153626018626,32224.32149566744,0.0,0.0,True,,61563.15362601189,-1.0946799022804043e-11,8,lot270_other_profiles_final_candidate2/20260929_193856_radio_ebyte_e79_cc1352p
20260929_193856_radio_ebyte_e79_cc1352p,run_00128,42d19406fa853a290f1172e6aaf19ace4e3904a2631dc1bb5dfce3fc644e6c39,SLR2K5,13,512,3,ok,0.11966493817311527,320512,8,61661.78880672405,32296.87543519707,0.0,0.0,True,,61661.78880671832,-9.281464485866309e-12,8,lot270_other_profiles_final_candidate2/20260929_193856_radio_ebyte_e79_cc1352p
20260929_193856_radio_ebyte_e79_cc1352p,run_00129,30ea8035281adf7b2c9bbdb3650e8caaee73e11accaa38e56269c215c544fcc7,SLR2K5,13,512,4,ok,0.11966493817311527,320512,8,61645.351256765854,32325.911209578695,0.0,0.0,True,,61645.3512567593,-1.0635936575909e-11,8,lot270_other_profiles_final_candidate2/20260929_193856_radio_ebyte_e79_cc1352p
20260929_193856_radio_ebyte_e79_cc1352p,run_00130,6638feb828d06d340485c792fea4efe88987c95e9b0ca48d90db4cb654c444da,SLR2K5,13,512,5,rx_missing,0.11966493817311527,320512,8,61677.82665262267,32279.106656859276,0.0,0.0,True,,61677.82665261633,-1.0291767438275201e-11,8,lot270_other_profiles_final_candidate2/20260929_193856_radio_ebyte_e79_cc1352p
20260929_193856_radio_ebyte_e79_cc1352p,run_00131,2eb6fdaacd7f5a2a863b398004a31cbf6a032f692593fd42cdc4b53b208ece1c,SLR2K5,13,1024,1,rx_missing,0.006816725517730303,586752,16,123326.904371829,64539.31302829734,0.0,0.0,True,,123326.904371799,-2.432498646953718e-11,16,lot270_other_profiles_final_candidate2/20260929_193856_radio_ebyte_e79_cc1352p
20260929_193856_radio_ebyte_e79_cc1352p,run_00132,ceb4d606587dd10aeee2d354e10e6ecf734419ba92fca93eaf813563149c8e0a,SLR2K5,13,1024,2,ok,0.006816725517730303,586752,16,123219.90769267398,64606.07360576298,0.0,0.0,True,,123219.9076926527,-1.7263968032921184e-11,16,lot270_other_profiles_final_candidate2/20260929_193856_radio_ebyte_e79_cc1352p
20260929_193856_radio_ebyte_e79_cc1352p,run_00133,41eb1e5ca60fd45d6e43882373a8d2febf4472f7d08b35ce7f31d8fe38644647,SLR2K5,13,1024,3,rx_missing,0.006816725517730303,586752,16,123273.57404927506,64537.428920665974,0.0,0.0,True,,123273.57404925642,-1.5121237595394632e-11,16,lot270_other_profiles_final_candidate2/20260929_193856_radio_ebyte_e79_cc1352p
20260929_193856_radio_ebyte_e79_cc1352p,run_00134,52100f75b2a3efc3c089a0be6432c108977e97b39c3da6a78cfd6d23e9a6b16c,SLR2K5,13,1024,4,rx_missing,0.006816725517730303,586752,16,123366.60817373486,64763.04760481108,0.0,0.0,True,,123366.608173728,-5.551115123125783e-12,16,lot270_other_profiles_final_candidate2/20260929_193856_radio_ebyte_e79_cc1352p
20260929_193856_radio_ebyte_e79_cc1352p,run_00135,301e3cb67b66610841d391639b5a26604a80d9dd64ffceb4ca005de0862e70f8,SLR2K5,13,1024,5,ok,0.006816725517730303,586752,16,123357.19606227483,64681.55149531353,0.0,0.0,True,,123357.19606225137,-1.901812041182893e-11,16,lot270_other_profiles_final_candidate2/20260929_193856_radio_ebyte_e79_cc1352p
20260929_193856_radio_ebyte_e79_cc1352p,run_00136,def7c60d8b8c287145900bae238bc2e1c63d15f52febd8c581d1ff77ac3689c6,SLR5,-20,128,1,ok,0.8336842105263158,94208,2,5684.986067662921,2226.247849063862,0.0,0.0,True,,5684.986067662885,-6.439293542825908e-13,2,lot270_other_profiles_final_candidate2/20260929_193856_radio_ebyte_e79_cc1352p
20260929_193856_radio_ebyte_e79_cc1352p,run_00137,215b26fb4f968949e289433423783005f276422840315712589dba2ad118ec0b,SLR5,-20,128,2,ok,0.8336842105263158,94208,2,5713.559364384868,2257.0313492792257,0.0,0.0,True,,5713.559364384913,7.993605777301127e-13,2,lot270_other_profiles_final_candidate2/20260929_193856_radio_ebyte_e79_cc1352p
20260929_193856_radio_ebyte_e79_cc1352p,run_00138,d304ae6acbb8e3d1ae279b2545763cc38c244c16de4c73ee1f4f3dc21afef3d5,SLR5,-20,128,3,ok,0.8336842105263158,94208,2,5711.960434374212,2254.964164206188,0.0,0.0,True,,5711.960434374212,0.0,2,lot270_other_profiles_final_candidate2/20260929_193856_radio_ebyte_e79_cc1352p
20260929_193856_radio_ebyte_e79_cc1352p,run_00139,b39e0e9d8f2c92433c4a39059eefb27683504c5ec7dc648af078c905093cd5e9,SLR5,-20,128,4,ok,0.8336842105263158,94208,2,5752.813101918266,2298.701335752796,0.0,0.0,True,,5752.813101918258,-1.2212453270876722e-13,2,lot270_other_profiles_final_candidate2/20260929_193856_radio_ebyte_e79_cc1352p
20260929_193856_radio_ebyte_e79_cc1352p,run_00140,fd92e02e4df437d22e9f5cab843117a0166f89dbf4a6c744dac149a2f66fc7ba,SLR5,-20,128,5,ok,0.8336842105263158,94208,2,5681.3233041319745,2227.946691154141,0.0,0.0,True,,5681.323304131896,-1.3766765505351941e-12,2,lot270_other_profiles_final_candidate2/20260929_193856_radio_ebyte_e79_cc1352p
20260929_193856_radio_ebyte_e79_cc1352p,run_00141,c2751bf63f195931ec4fb9a78be29b8d835ff312ec13d57aca15d78879e1e2a2,SLR5,-20,512,1,ok,0.0675219446320054,189440,8,22889.79725616601,9066.260208593058,0.0,0.0,True,,22889.797256164897,-4.862776847858186e-12,8,lot270_other_profiles_final_candidate2/20260929_193856_radio_ebyte_e79_cc1352p
20260929_193856_radio_ebyte_e79_cc1352p,run_00142,a09a88e6d3840a0b37f19b82a38a2c91cf51b55f815eb1f36ecb5664a3b4d3c7,SLR5,-20,512,2,ok,0.0675219446320054,189440,8,22819.547490347326,8993.409329440718,0.0,0.0,True,,22819.5474903469,-1.865174681370263e-12,8,lot270_other_profiles_final_candidate2/20260929_193856_radio_ebyte_e79_cc1352p
20260929_193856_radio_ebyte_e79_cc1352p,run_00143,d41cf47946a0240cf71ce6b4e151d0a280891f02f1b5b4a2d8a9df8e17382071,SLR5,-20,512,3,ok,0.0675219446320054,189440,8,22800.996373046528,8985.854536257943,0.0,0.0,True,,22800.996373046193,-1.4654943925052066e-12,8,lot270_other_profiles_final_candidate2/20260929_193856_radio_ebyte_e79_cc1352p
20260929_193856_radio_ebyte_e79_cc1352p,run_00144,bcc99261aa893d202f8d03f7e356878791cc59b1f7277ab527d3e1e15ff9ab02,SLR5,-20,512,4,rx_missing,0.0675219446320054,189440,8,22932.571773202144,9130.20527504307,0.0,0.0,True,,22932.571773201682,-2.0095036745715333e-12,8,lot270_other_profiles_final_candidate2/20260929_193856_radio_ebyte_e79_cc1352p
20260929_193856_radio_ebyte_e79_cc1352p,run_00145,11ab4cac0cd9d80a769536a3e585fac24b22cf95ea19e681642aa959aac267e5,SLR5,-20,512,5,ok,0.0675219446320054,189440,8,22861.216385308195,9045.754479576184,0.0,0.0,True,,22861.2163853079,-1.2878587085651816e-12,8,lot270_other_profiles_final_candidate2/20260929_193856_radio_ebyte_e79_cc1352p
20260929_193856_radio_ebyte_e79_cc1352p,run_00146,cef826e04a479ddebfd23367141235cb5a501af7f401d56e197a59734c95fd69,SLR5,-20,1024,1,rx_missing,0.17029888688698572,323584,16,45730.27910226886,18101.77819929913,0.0,0.0,True,,45730.27910226725,-3.5194069880617462e-12,16,lot270_other_profiles_final_candidate2/20260929_193856_radio_ebyte_e79_cc1352p
20260929_193856_radio_ebyte_e79_cc1352p,run_00147,7c8b57fdca1189c89882ada5783fe54b357fdd7b5e6d6d1b5b98d6cc0657fc47,SLR5,-20,1024,2,ok,0.17029888688698572,323584,16,45655.02538271094,18027.715378841236,0.0,0.0,True,,45655.02538270869,-4.929390229335695e-12,16,lot270_other_profiles_final_candidate2/20260929_193856_radio_ebyte_e79_cc1352p
20260929_193856_radio_ebyte_e79_cc1352p,run_00148,2a1f06c3c31552394d0ab895efeb201f93e42f2014402b9f39bec61605549335,SLR5,-20,1024,3,rx_missing,0.17029888688698572,323584,16,45617.76189480811,18026.327093505188,0.0,0.0,True,,45617.76189480626,-4.052314039881821e-12,16,lot270_other_profiles_final_candidate2/20260929_193856_radio_ebyte_e79_cc1352p
20260929_193856_radio_ebyte_e79_cc1352p,run_00149,0491bd4f07c3386a3285cbf64cb0a38538f9eef3d7e918489f0bc498644782b4,SLR5,-20,1024,4,rx_missing,0.17029888688698572,323584,16,45728.890087157815,18093.047900107747,0.0,0.0,True,,45728.89008715497,-6.217248937900877e-12,16,lot270_other_profiles_final_candidate2/20260929_193856_radio_ebyte_e79_cc1352p
20260929_193856_radio_ebyte_e79_cc1352p,run_00150,21fa0434c776c01ceffc1c496a659c22bfdb9b0bfbe507a82d56b8e13d4942cd,SLR5,-20,1024,5,ok,0.17029888688698572,323584,16,45669.318535880506,18035.41278565059,0.0,0.0,True,,45669.31853587817,-5.118128143521972e-12,16,lot270_other_profiles_final_candidate2/20260929_193856_radio_ebyte_e79_cc1352p
20260929_193856_radio_ebyte_e79_cc1352p,run_00151,74cab607ed74e272976d666dc74c67211a0e152e6cc5d17c6bc4c0ac824fb0bc,SLR5,0,128,1,ok,0.8336842105263158,94208,2,6228.55915393122,2501.3594435771124,0.0,0.0,True,,6228.559153931422,3.241851231905457e-12,2,lot270_other_profiles_final_candidate2/20260929_193856_radio_ebyte_e79_cc1352p
20260929_193856_radio_ebyte_e79_cc1352p,run_00152,6c27e52c8c0fb7a9763c6134d0fdf0dd536f9af2748c2180a15a9b18a80fefb0,SLR5,0,128,2,ok,0.8336842105263158,94208,2,6245.84682255399,2510.7901689050864,0.0,0.0,True,,6245.8468225541965,3.3084646133829665e-12,2,lot270_other_profiles_final_candidate2/20260929_193856_radio_ebyte_e79_cc1352p
20260929_193856_radio_ebyte_e79_cc1352p,run_00153,bdda65ebe43594b579d56674e58b832e8ea8ea5ce44e8adc8bcccc6d36af664e,SLR5,0,128,3,ok,0.8336842105263158,94208,2,6234.609807528198,2498.426727325213,0.0,0.0,True,,6234.6098075284435,3.930189507173054e-12,2,lot270_other_profiles_final_candidate2/20260929_193856_radio_ebyte_e79_cc1352p
20260929_193856_radio_ebyte_e79_cc1352p,run_00154,4706d511e64ceb85b2acf7acb5977c99f4a7e9a3530110b0f6e37f6f246473f4,SLR5,0,128,4,ok,0.8336842105263158,94208,2,6231.782948198202,2500.4573234533195,0.0,0.0,True,,6231.78294819844,3.8191672047105385e-12,2,lot270_other_profiles_final_candidate2/20260929_193856_radio_ebyte_e79_cc1352p
20260929_193856_radio_ebyte_e79_cc1352p,run_00155,216c75838080f9424e2f6c531af68b600ccad7cc480e7022c62f0a5eaf19e40e,SLR5,0,128,5,ok,0.8336842105263158,94208,2,6242.256359799289,2508.924494797322,0.0,0.0,True,,6242.256359799527,3.796962744218035e-12,2,lot270_other_profiles_final_candidate2/20260929_193856_radio_ebyte_e79_cc1352p
20260929_193856_radio_ebyte_e79_cc1352p,run_00156,ed8203a259fda893b6631523bba19b1d00fc0b874509dd9fee32953e760bde13,SLR5,0,512,1,ok,0.0675219446320054,189440,8,24973.883918264153,10036.339216815835,0.0,0.0,True,,24973.883918265838,6.750155989720952e-12,8,lot270_other_profiles_final_candidate2/20260929_193856_radio_ebyte_e79_cc1352p
20260929_193856_radio_ebyte_e79_cc1352p,run_00157,f50c709a6e0619a4b146a33fae0c08a6c380f34e1874b4603114dbd886c9542d,SLR5,0,512,2,ok,0.0675219446320054,189440,8,24954.551776303233,10046.567704856254,0.0,0.0,True,,24954.551776304725,5.972999872483342e-12,8,lot270_other_profiles_final_candidate2/20260929_193856_radio_ebyte_e79_cc1352p
20260929_193856_radio_ebyte_e79_cc1352p,run_00158,5680c5648056b1f8103d0e1f423b66af4cf83344278b629366761c4196845b38,SLR5,0,512,3,ok,0.0675219446320054,189440,8,24914.624776139844,9989.944865538371,0.0,0.0,True,,24914.62477614145,6.439293542825908e-12,8,lot270_other_profiles_final_candidate2/20260929_193856_radio_ebyte_e79_cc1352p
20260929_193856_radio_ebyte_e79_cc1352p,run_00159,024b101654b716c53105103f9ba48b575249a0a0a2ff830a6b8e42d0959b6f99,SLR5,0,512,4,ok,0.0675219446320054,189440,8,24954.106801465146,10012.058318201129,0.0,0.0,True,,24954.106801466587,5.773159728050814e-12,8,lot270_other_profiles_final_candidate2/20260929_193856_radio_ebyte_e79_cc1352p
20260929_193856_radio_ebyte_e79_cc1352p,run_00160,249a85e7967ccf0ddecf9836a8faf3adc225f32bbd892fd82192e251c3b7479b,SLR5,0,512,5,ok,0.0675219446320054,189440,8,24966.50830499241,10042.181277482043,0.0,0.0,True,,24966.508304993524,4.463096558993129e-12,8,lot270_other_profiles_final_candidate2/20260929_193856_radio_ebyte_e79_cc1352p
20260929_193856_radio_ebyte_e79_cc1352p,run_00161,144f16621ca8cd3e680bfd4bc785cd75c22c4c7e9752c65f699291abe257cf21,SLR5,0,1024,1,ok,0.17029888688698572,323584,16,49941.65362427729,20058.551868329905,0.0,0.0,True,,49941.65362428984,2.511324481702104e-11,16,lot270_other_profiles_final_candidate2/20260929_193856_radio_ebyte_e79_cc1352p
20260929_193856_radio_ebyte_e79_cc1352p,run_00162,5d0b862e1a865ea11a5591d891cff1cadaa5234f979d259805cd7e0333870259,SLR5,0,1024,2,ok,0.17029888688698572,323584,16,49871.981559943146,20020.35128596543,0.0,0.0,True,,49871.98155995563,2.502442697505103e-11,16,lot270_other_profiles_final_candidate2/20260929_193856_radio_ebyte_e79_cc1352p
20260929_193856_radio_ebyte_e79_cc1352p,run_00163,67aebdccb248922a6701688dcdb9b7e07ebf8a0a56620c992329d37d7f3d8efe,SLR5,0,1024,3,ok,0.17029888688698572,323584,16,49857.00160467312,20003.276886169395,0.0,0.0,True,,49857.0016046847,2.3225865675158275e-11,16,lot270_other_profiles_final_candidate2/20260929_193856_radio_ebyte_e79_cc1352p
20260929_193856_radio_ebyte_e79_cc1352p,run_00164,e89b9acc4ea75c0d3d49d1f3f90675dcee03af0295ca525a323596fb41b43d1d,SLR5,0,1024,4,rx_missing,0.17029888688698572,323584,16,49913.265156741945,20028.000285792503,0.0,0.0,True,,49913.26515675367,2.3492319201068312e-11,16,lot270_other_profiles_final_candidate2/20260929_193856_radio_ebyte_e79_cc1352p
20260929_193856_radio_ebyte_e79_cc1352p,run_00165,ba8f7ce9125ba021087890620eb94cea6dec75ec2ef1763393fe54a9db1cea73,SLR5,0,1024,5,rx_missing,0.17029888688698572,323584,16,49876.20952114976,19993.47362019869,0.0,0.0,True,,49876.20952116346,2.7466917629226373e-11,16,lot270_other_profiles_final_candidate2/20260929_193856_radio_ebyte_e79_cc1352p
20260929_193856_radio_ebyte_e79_cc1352p,run_00166,7251cfff7f7d139cf3fb5a259f6fc7076b4292576bb962dc4863a44f104d23d5,SLR5,13,128,1,ok,0.8336842105263158,94208,2,7929.882788872333,4198.244109524406,0.0,0.0,True,,7929.882788872575,3.042011087472929e-12,2,lot270_other_profiles_final_candidate2/20260929_193856_radio_ebyte_e79_cc1352p
20260929_193856_radio_ebyte_e79_cc1352p,run_00167,51309ff098d849c208522bf9bf8d0df3bef1bb287d0c7ffecb38e804670ccfdb,SLR5,13,128,2,ok,0.0,95232,2,7923.982959318245,4200.052603726363,0.0,0.0,True,,7923.982959318488,3.064215547965432e-12,2,lot270_other_profiles_final_candidate2/20260929_193856_radio_ebyte_e79_cc1352p
20260929_193856_radio_ebyte_e79_cc1352p,run_00168,84f4532f15889197d1b9c5d09754623327eeff0285a1810922e6ff343b9da7a7,SLR5,13,128,3,ok,0.8336842105263158,94208,2,7931.325625216574,4201.971275003996,0.0,0.0,True,,7931.325625216836,3.3084646133829665e-12,2,lot270_other_profiles_final_candidate2/20260929_193856_radio_ebyte_e79_cc1352p
20260929_193856_radio_ebyte_e79_cc1352p,run_00169,7d80a76d87c0d4d95d80d76e154f2211234c62206e5c80b23a2b9c8bbc23d6cd,SLR5,13,128,4,ok,0.8336842105263158,94208,2,7921.701559597954,4197.328673584069,0.0,0.0,True,,7921.701559598151,2.4868995751603507e-12,2,lot270_other_profiles_final_candidate2/20260929_193856_radio_ebyte_e79_cc1352p
20260929_193856_radio_ebyte_e79_cc1352p,run_00170,5ae94251d4a789baf9bfa05c89ac69fa3686a47a08d6c480a08b4be6e7d5f98c,SLR5,13,128,5,ok,0.8336842105263158,94208,2,7928.251128627628,4195.973149710083,0.0,0.0,True,,7928.251128627858,2.90878432451791e-12,2,lot270_other_profiles_final_candidate2/20260929_193856_radio_ebyte_e79_cc1352p
20260929_193856_radio_ebyte_e79_cc1352p,run_00171,4e80afc68181c52372c9fcac0ccd228c662e63ba9e67308cacd7553dc56c64e3,SLR5,13,512,1,ok,0.0675219446320054,189440,8,31712.918563082192,16785.512101464745,0.0,0.0,True,,31712.918563082458,8.43769498715119e-13,8,lot270_other_profiles_final_candidate2/20260929_193856_radio_ebyte_e79_cc1352p
20260929_193856_radio_ebyte_e79_cc1352p,run_00172,188c3d6ff31e11f113efff21753f254296b303814ab2fe387807d8e27f59cd55,SLR5,13,512,2,ok,0.0675219446320054,189440,8,31704.173843787165,16778.30293438969,0.0,0.0,True,,31704.173843787663,1.5765166949677223e-12,8,lot270_other_profiles_final_candidate2/20260929_193856_radio_ebyte_e79_cc1352p
20260929_193856_radio_ebyte_e79_cc1352p,run_00173,8bf11ff56d3e6bf6cd9d311e6eace670cb5f3b43efc970bc01fd550bf9399984,SLR5,13,512,3,rx_missing,0.0675219446320054,189440,8,31733.508865112322,16807.240120119815,0.0,0.0,True,,31733.508865112854,1.6653345369377348e-12,8,lot270_other_profiles_final_candidate2/20260929_193856_radio_ebyte_e79_cc1352p
20260929_193856_radio_ebyte_e79_cc1352p,run_00174,0fb2bbf91d50ba5a8447245364269e6543aeff92f4d801196673e7eafe98a48b,SLR5,13,512,4,rx_missing,0.0675219446320054,189440,8,31715.70439857963,16807.033904535274,0.0,0.0,True,,31715.704398580052,1.3322676295501878e-12,8,lot270_other_profiles_final_candidate2/20260929_193856_radio_ebyte_e79_cc1352p
20260929_193856_radio_ebyte_e79_cc1352p,run_00175,9b006becb8eef806d7f335777846f2c19b351fe1cd5b8ce47430c9bdb3c7dae5,SLR5,13,512,5,ok,0.0675219446320054,189440,8,31725.484021790126,16800.78475700887,0.0,0.0,True,,31725.48402179027,4.662936703425657e-13,8,lot270_other_profiles_final_candidate2/20260929_193856_radio_ebyte_e79_cc1352p
20260929_193856_radio_ebyte_e79_cc1352p,run_00176,3b2e1bb33d8b4a2a34212fe09bceb731d4e020f2b6d47586dc99c59b0575001f,SLR5,13,1024,1,ok,0.17029888688698572,323584,16,63433.21439490903,33577.03511949286,0.0,0.0,True,,63433.21439490473,-6.7834626804597065e-12,16,lot270_other_profiles_final_candidate2/20260929_193856_radio_ebyte_e79_cc1352p
20260929_193856_radio_ebyte_e79_cc1352p,run_00177,c79c4f0db5752b1bb35d1671c137ccb185b124ff9e4d4e1cb35726d91420ec3d,SLR5,13,1024,2,ok,0.17029888688698572,323584,16,63440.37157101065,33617.02326834587,0.0,0.0,True,,63440.37157100582,-7.616129948928574e-12,16,lot270_other_profiles_final_candidate2/20260929_193856_radio_ebyte_e79_cc1352p
20260929_193856_radio_ebyte_e79_cc1352p,run_00178,72be188a4b8c92ad675a6e86370d4c4750a4bad33bcabf2f406a6636ab289486,SLR5,13,1024,3,ok,0.17029888688698572,323584,16,63416.64103727735,33622.83113060595,0.0,0.0,True,,63416.641037274174,-5.0182080713057076e-12,16,lot270_other_profiles_final_candidate2/20260929_193856_radio_ebyte_e79_cc1352p
20260929_193856_radio_ebyte_e79_cc1352p,run_00179,0ff4d8306706c82081b6c0a426fec383aa818f2e3534c9f55d623399b33413ae,SLR5,13,1024,4,ok,0.17029888688698572,323584,16,63445.46038232897,33626.12475404457,0.0,0.0,True,,63445.46038232373,-8.271161533457416e-12,16,lot270_other_profiles_final_candidate2/20260929_193856_radio_ebyte_e79_cc1352p
20260929_193856_radio_ebyte_e79_cc1352p,run_00180,76b3cc09999cd412a35971808136738d9ce1f9f8d359b718b41f56716f0e3664,SLR5,13,1024,5,ok,0.17029888688698572,323584,16,63408.70465848603,33586.92284072056,0.0,0.0,True,,63408.70465848144,-7.238654120556021e-12,16,lot270_other_profiles_final_candidate2/20260929_193856_radio_ebyte_e79_cc1352p
20260929_193856_radio_ebyte_e79_cc1352p,run_00181,2df732a3afa1038d8de223187d6bdbf2842a775152414fd42c3d94ee29c2afcf,OOK4K8,-20,128,1,ok,0.8336842105263158,94208,2,5508.720613257746,1929.4779079252407,0.0,0.0,True,,5508.720613257739,-1.1102230246251565e-13,2,lot270_other_profiles_final_candidate2/20260929_193856_radio_ebyte_e79_cc1352p
20260929_193856_radio_ebyte_e79_cc1352p,run_00182,21760ae78d970ac4c0757bce3bfa9a674892338cac90ec0045c766fe28016048,OOK4K8,-20,128,2,ok,0.8336842105263158,94208,2,5486.767415545807,1899.7021493439502,0.0,0.0,True,,5486.7674155458135,1.1102230246251565e-13,2,lot270_other_profiles_final_candidate2/20260929_193856_radio_ebyte_e79_cc1352p
20260929_193856_radio_ebyte_e79_cc1352p,run_00183,399f6553f28cc0d5799e2d80373f322f4f17bd5b76d1d85a93a5d99cd62e8025,OOK4K8,-20,128,3,ok,0.8336842105263158,94208,2,5512.553518746499,1930.0336248159704,0.0,0.0,True,,5512.553518746459,-7.216449660063518e-13,2,lot270_other_profiles_final_candidate2/20260929_193856_radio_ebyte_e79_cc1352p
20260929_193856_radio_ebyte_e79_cc1352p,run_00184,99f6d3c275192e288256f6d3b0ec9890158d5b2b4e870276eab55690d03e9ce7,OOK4K8,-20,128,4,ok,0.8336842105263158,94208,2,5502.71941769254,1910.168872652615,0.0,0.0,True,,5502.719417692548,1.3322676295501878e-13,2,lot270_other_profiles_final_candidate2/20260929_193856_radio_ebyte_e79_cc1352p
20260929_193856_radio_ebyte_e79_cc1352p,run_00185,15cf6bd60b8589f775978c2d44227b54e8fc91984599dd0959f862387e359f8d,OOK4K8,-20,128,5,ok,0.8336842105263158,94208,2,5486.928612478714,1893.0942892573423,0.0,0.0,True,,5486.928612478746,5.773159728050814e-13,2,lot270_other_profiles_final_candidate2/20260929_193856_radio_ebyte_e79_cc1352p
20260929_193856_radio_ebyte_e79_cc1352p,run_00186,8a5e9bbbbe9f0617e58d025d69b83312244d701e21c4e0247ca96dcf4fd40aca,OOK4K8,-20,512,1,ok,0.2461033634126333,194560,8,21772.47553439399,7379.938558282239,0.0,0.0,True,,21772.475534393525,-2.142730437526552e-12,8,lot270_other_profiles_final_candidate2/20260929_193856_radio_ebyte_e79_cc1352p
20260929_193856_radio_ebyte_e79_cc1352p,run_00187,fae03ed2ea607501f96af8080f48cc7b5d3abd417f55cff900cfd2cb2f90f5f3,OOK4K8,-20,512,2,ok,0.2461033634126333,194560,8,21801.02800414491,7411.043582119687,0.0,0.0,True,,21801.028004144806,-4.884981308350689e-13,8,lot270_other_profiles_final_candidate2/20260929_193856_radio_ebyte_e79_cc1352p
20260929_193856_radio_ebyte_e79_cc1352p,run_00188,a9b0514eff051529d7b783d802b1de11725e9f81c63260f7b40264b27b3a91f7,OOK4K8,-20,512,3,ok,0.2461033634126333,194560,8,21704.266495049007,7308.714423465279,0.0,0.0,True,,21704.26649504868,-1.5099033134902129e-12,8,lot270_other_profiles_final_candidate2/20260929_193856_radio_ebyte_e79_cc1352p
20260929_193856_radio_ebyte_e79_cc1352p,run_00189,72410b0db2b91ca5707825818cb60fed31a529188eeeba3a17066f0c2d93f142,OOK4K8,-20,512,4,ok,0.2461033634126333,194560,8,21777.066918327586,7391.66333185177,0.0,0.0,True,,21777.066918327324,-1.199040866595169e-12,8,lot270_other_profiles_final_candidate2/20260929_193856_radio_ebyte_e79_cc1352p
20260929_193856_radio_ebyte_e79_cc1352p,run_00190,0424351f58e0affdc2477843edf0d1aaf0f002d7c0d0f13d4f772ea344ba9af7,OOK4K8,-20,512,5,ok,0.2461033634126333,194560,8,21891.32897162494,7514.70647930984,0.0,0.0,True,,21891.328971624378,-2.5646151868841116e-12,8,lot270_other_profiles_final_candidate2/20260929_193856_radio_ebyte_e79_cc1352p
20260929_193856_radio_ebyte_e79_cc1352p,run_00191,9cd8dfad9ca60a08aa79b7c9e5b854ad41cbb0375204ebcdd01386530e72fe32,OOK4K8,-20,1024,1,ok,0.06923719708726274,334848,16,43646.47876176485,14876.38666724886,0.0,0.0,True,,43646.478761762985,-4.263256414560601e-12,16,lot270_other_profiles_final_candidate2/20260929_193856_radio_ebyte_e79_cc1352p
20260929_193856_radio_ebyte_e79_cc1352p,run_00192,d55a8d066d918d27e4f9bdde9edfacf301c806e29b044f9046f1fbadfbc6221a,OOK4K8,-20,1024,2,ok,0.06923719708726274,334848,16,43507.97065032779,14722.518912389916,0.0,0.0,True,,43507.97065032535,-5.617728504603292e-12,16,lot270_other_profiles_final_candidate2/20260929_193856_radio_ebyte_e79_cc1352p
20260929_193856_radio_ebyte_e79_cc1352p,run_00193,19ef02e08329fb158d5fc9c27e9e48408bb6c8c68922cafa524deccac3158fb5,OOK4K8,-20,1024,3,rx_missing,0.06923719708726274,334848,16,43581.29836521126,14788.326325887367,0.0,0.0,True,,43581.29836520982,-3.3084646133829665e-12,16,lot270_other_profiles_final_candidate2/20260929_193856_radio_ebyte_e79_cc1352p
20260929_193856_radio_ebyte_e79_cc1352p,run_00194,f07846043d34454381c438163ac45b83395a5bd02f26bc915da6d52963d08c84,OOK4K8,-20,1024,4,rx_missing,0.06923719708726274,334848,16,43754.06344013136,15012.238262086854,0.0,0.0,True,,43754.063440129976,-3.164135620181696e-12,16,lot270_other_profiles_final_candidate2/20260929_193856_radio_ebyte_e79_cc1352p
20260929_193856_radio_ebyte_e79_cc1352p,run_00195,e376e97eae0385aea09fbb80dcc3d3953630988a1f3e5353973e5e8de51b9267,OOK4K8,-20,1024,5,ok,0.06923719708726274,334848,16,43504.70351973214,14730.188051985106,0.0,0.0,True,,43504.70351973038,-4.052314039881821e-12,16,lot270_other_profiles_final_candidate2/20260929_193856_radio_ebyte_e79_cc1352p
20260929_193856_radio_ebyte_e79_cc1352p,run_00196,748bafcf5dd3c86f88e6d75afdaa12ec6e2e7baa53fa2755e7346900142dcd03,OOK4K8,0,128,1,ok,0.8336842105263158,94208,2,5770.153061081784,2077.417843914701,0.0,0.0,True,,5770.153061081843,1.021405182655144e-12,2,lot270_other_profiles_final_candidate2/20260929_193856_radio_ebyte_e79_cc1352p
20260929_193856_radio_ebyte_e79_cc1352p,run_00197,cd560857d5f3d5421f20e2a29da059ca2c9641b7ab1cb44da53affb9e5375768,OOK4K8,0,128,2,ok,0.8336842105263158,94208,2,5761.033599421605,2064.6417055874085,0.0,0.0,True,,5761.033599421653,8.43769498715119e-13,2,lot270_other_profiles_final_candidate2/20260929_193856_radio_ebyte_e79_cc1352p
20260929_193856_radio_ebyte_e79_cc1352p,run_00198,4af17fcd2b760e9f8a8eaf9d06621432fa4bfdf43f5a8bcd66cd32794c3e12e5,OOK4K8,0,128,3,ok,0.8336842105263158,94208,2,5755.869943352831,2055.0246810011945,0.0,0.0,True,,5755.869943352893,1.0658141036401503e-12,2,lot270_other_profiles_final_candidate2/20260929_193856_radio_ebyte_e79_cc1352p
20260929_193856_radio_ebyte_e79_cc1352p,run_00199,e57a2d7d2fe2a82e16029c4548875fc12a05f3b3d99ed53ceec2f665b05ce8a1,OOK4K8,0,128,4,ok,0.8336842105263158,94208,2,5762.5119999563785,2067.77988122718,0.0,0.0,True,,5762.511999956446,1.176836406102666e-12,2,lot270_other_profiles_final_candidate2/20260929_193856_radio_ebyte_e79_cc1352p
20260929_193856_radio_ebyte_e79_cc1352p,run_00200,73811d8156f641ec1eade528bb04cbcd179cf5eeb5229b0136a37323f9256a43,OOK4K8,0,128,5,ok,0.8336842105263158,94208,2,5726.8832948231275,2026.068657048359,0.0,0.0,True,,5726.883294823188,1.0658141036401503e-12,2,lot270_other_profiles_final_candidate2/20260929_193856_radio_ebyte_e79_cc1352p
20260929_193856_radio_ebyte_e79_cc1352p,run_00201,09aadb9d777bf8d5c0087b2695e4fe863b70ea17ee60620bf388f33149b2456b,OOK4K8,0,512,1,ok,0.2461033634126333,194560,8,22872.258673707558,8060.431079717815,0.0,0.0,True,,22872.258673706547,-4.418687638008123e-12,8,lot270_other_profiles_final_candidate2/20260929_193856_radio_ebyte_e79_cc1352p
20260929_193856_radio_ebyte_e79_cc1352p,run_00202,57770a82e6d7a33304bde95ad8cc177b99883f7d7809417046179d4d58e6b443,OOK4K8,0,512,2,ok,0.2461033634126333,194560,8,22941.60995126341,8116.242303059016,0.0,0.0,True,,22941.609951262297,-4.851674617611934e-12,8,lot270_other_profiles_final_candidate2/20260929_193856_radio_ebyte_e79_cc1352p
20260929_193856_radio_ebyte_e79_cc1352p,run_00203,695af5e8c6a1bd4368645f465293fb43264747038cf66d23b3f5bb9a00d1ffc2,OOK4K8,0,512,3,ok,0.2461033634126333,194560,8,22995.258015253763,8180.329108661502,0.0,0.0,True,,22995.258015252894,-3.785860513971784e-12,8,lot270_other_profiles_final_candidate2/20260929_193856_radio_ebyte_e79_cc1352p
20260929_193856_radio_ebyte_e79_cc1352p,run_00204,e3f2cf23c9cee69e40b45b5b31849385b639f6bf768818a5c7848e1f0fae9a95,OOK4K8,0,512,4,rx_missing,0.2461033634126333,194560,8,22914.867598991856,8100.19760263531,0.0,0.0,True,,22914.867598990746,-4.8405723873656825e-12,8,lot270_other_profiles_final_candidate2/20260929_193856_radio_ebyte_e79_cc1352p
20260929_193856_radio_ebyte_e79_cc1352p,run_00205,7de920943884ccc9af45e523abe5519ef252ac7b772d12170801df85e0decb7f,OOK4K8,0,512,5,ok,0.2461033634126333,194560,8,23016.705727356988,8204.874283853518,0.0,0.0,True,,23016.705727356242,-3.241851231905457e-12,8,lot270_other_profiles_final_candidate2/20260929_193856_radio_ebyte_e79_cc1352p
20260929_193856_radio_ebyte_e79_cc1352p,run_00206,b3d74629447d6e8e710d28703afc5d112d2f72e33cf875025512e070e587eb62,OOK4K8,0,1024,1,rx_missing,0.06923719708726274,334848,16,45930.35609061927,16277.877762618049,0.0,0.0,True,,45930.35609062365,9.525713551283843e-12,16,lot270_other_profiles_final_candidate2/20260929_193856_radio_ebyte_e79_cc1352p
20260929_193856_radio_ebyte_e79_cc1352p,run_00207,cda6f4cb9d51473a882d62ffd493e0f3097efff1a6a68715c4f9792667f16f3b,OOK4K8,0,1024,2,ok,0.06923719708726274,334848,16,45990.99686452506,16386.703575341962,0.0,0.0,True,,45990.99686452962,9.903189379656396e-12,16,lot270_other_profiles_final_candidate2/20260929_193856_radio_ebyte_e79_cc1352p
20260929_193856_radio_ebyte_e79_cc1352p,run_00208,054a717a6ad38e3f1ed8da06292b1935cc582b989b990ff96527f7e26c77c14c,OOK4K8,0,1024,3,ok,0.06923719708726274,334848,16,45972.28500346739,16333.855120540398,0.0,0.0,True,,45972.28500347121,8.304468224196171e-12,16,lot270_other_profiles_final_candidate2/20260929_193856_radio_ebyte_e79_cc1352p
20260929_193856_radio_ebyte_e79_cc1352p,run_00209,e04b21c46a3d495074555be20a5d7ef191ed2778338c3b2c91f3cab063e277b3,OOK4K8,0,1024,4,rx_missing,0.06923719708726274,334848,16,46003.667864261035,16361.089241612199,0.0,0.0,True,,46003.66786426475,8.08242361927114e-12,16,lot270_other_profiles_final_candidate2/20260929_193856_radio_ebyte_e79_cc1352p
20260929_193856_radio_ebyte_e79_cc1352p,run_00210,6a633d21002bc2ee44bf634b05c77b62c23ee4592c1a702628cb7997c92c9f0b,OOK4K8,0,1024,5,ok,0.06923719708726274,334848,16,45922.655257184175,16273.802468074102,0.0,0.0,True,,45922.65525718853,9.481304630298837e-12,16,lot270_other_profiles_final_candidate2/20260929_193856_radio_ebyte_e79_cc1352p
20260929_193856_radio_ebyte_e79_cc1352p,run_00211,59511ff9ef9360862b9fadc47697eb42f1083dd50c7734787cc00dc7f201c7ac,OOK4K8,13,128,1,ok,0.0,95232,2,6585.7804599445735,2874.0621638334546,0.0,0.0,True,,6585.780459944595,3.3306690738754696e-13,2,lot270_other_profiles_final_candidate2/20260929_193856_radio_ebyte_e79_cc1352p
20260929_193856_radio_ebyte_e79_cc1352p,run_00212,d45da404d391467777f1e46481220a938a8f680c3de3b60d4659a269200bc56f,OOK4K8,13,128,2,ok,0.8336842105263158,94208,2,6568.3327178611125,2854.6635071238065,0.0,0.0,True,,6568.332717861168,8.43769498715119e-13,2,lot270_other_profiles_final_candidate2/20260929_193856_radio_ebyte_e79_cc1352p
20260929_193856_radio_ebyte_e79_cc1352p,run_00213,f7697552f031dc228e39e1d5a491b6e24178c2ff06543928eda22b390cb1cc9a,OOK4K8,13,128,3,ok,0.8336842105263158,94208,2,6552.908708955314,2835.3942518399704,0.0,0.0,True,,6552.908708955421,1.6431300764452317e-12,2,lot270_other_profiles_final_candidate2/20260929_193856_radio_ebyte_e79_cc1352p
20260929_193856_radio_ebyte_e79_cc1352p,run_00214,9098586f18decd08246c357774377d31a56f7775a1c045e85894e6e9e0c18eae,OOK4K8,13,128,4,ok,0.8336842105263158,94208,2,6569.324559902862,2853.8811381147148,0.0,0.0,True,,6569.324559902955,1.4210854715202004e-12,2,lot270_other_profiles_final_candidate2/20260929_193856_radio_ebyte_e79_cc1352p
20260929_193856_radio_ebyte_e79_cc1352p,run_00215,5190e0a67ba232169b788a5b9f7b9fb76c1869cc400b0d5bf06ae69f8beca089,OOK4K8,13,128,5,ok,0.8336842105263158,94208,2,6590.262358448548,2881.820240169907,0.0,0.0,True,,6590.262358448611,9.547918011776346e-13,2,lot270_other_profiles_final_candidate2/20260929_193856_radio_ebyte_e79_cc1352p
20260929_193856_radio_ebyte_e79_cc1352p,run_00216,eba9bc7d21ee3fb2ead763c95069951b162f99c64855290a9ea7d4d0b655c9c2,OOK4K8,13,512,1,ok,0.2461033634126333,194560,8,26272.340385479354,11429.151757709426,0.0,0.0,True,,26272.340385478983,-1.4099832412739488e-12,8,lot270_other_profiles_final_candidate2/20260929_193856_radio_ebyte_e79_cc1352p
20260929_193856_radio_ebyte_e79_cc1352p,run_00217,893a93f4d8caa16b19dacffa2cb0d5fef146c878982375d37e2980f6f3a3a4d0,OOK4K8,13,512,2,ok,0.2461033634126333,194560,8,26289.587167425077,11447.84775709596,0.0,0.0,True,,26289.587167424677,-1.5210055437364645e-12,8,lot270_other_profiles_final_candidate2/20260929_193856_radio_ebyte_e79_cc1352p
20260929_193856_radio_ebyte_e79_cc1352p,run_00218,c5cd61c084bdb650c608ec0a0fec5baffe1d01369a35d79e70bc03c7e0f23359,OOK4K8,13,512,3,ok,0.2461033634126333,194560,8,26290.191135579258,11447.224307991612,0.0,0.0,True,,26290.191135578654,-2.298161660974074e-12,8,lot270_other_profiles_final_candidate2/20260929_193856_radio_ebyte_e79_cc1352p
20260929_193856_radio_ebyte_e79_cc1352p,run_00219,e0f010d332120e9f661c54a35a47f658023e4027715c995d3602ee59d9508959,OOK4K8,13,512,4,ok,0.2461033634126333,194560,8,26320.89643645252,11483.851316387134,0.0,0.0,True,,26320.89643645211,-1.5654144647214707e-12,8,lot270_other_profiles_final_candidate2/20260929_193856_radio_ebyte_e79_cc1352p
20260929_193856_radio_ebyte_e79_cc1352p,run_00220,fb9f7f8036f09f0c1af50954d4c572eef1d561c10a65af3d7f09d09b9586d739,OOK4K8,13,512,5,rx_missing,0.2461033634126333,194560,8,26289.798431494775,11456.045433223106,0.0,0.0,True,,26289.79843149435,-1.6209256159527285e-12,8,lot270_other_profiles_final_candidate2/20260929_193856_radio_ebyte_e79_cc1352p
20260929_193856_radio_ebyte_e79_cc1352p,run_00221,0aee14d0351b1bcc2dfe4b6b6681dc9d1a82f7535ce1adda867e83a012a29726,OOK4K8,13,1024,1,ok,0.06923719708726274,334848,16,52596.971671622894,22943.645832017868,0.0,0.0,True,,52596.97167162023,-5.062616992290714e-12,16,lot270_other_profiles_final_candidate2/20260929_193856_radio_ebyte_e79_cc1352p
20260929_193856_radio_ebyte_e79_cc1352p,run_00222,55b3533016552d81f32e499a163f6905252323b094e65d75b0a79aaf5602c323,OOK4K8,13,1024,2,rx_missing,0.06923719708726274,334848,16,52568.16724797125,22914.80967922355,0.0,0.0,True,,52568.167247968035,-6.1173288656846125e-12,16,lot270_other_profiles_final_candidate2/20260929_193856_radio_ebyte_e79_cc1352p
20260929_193856_radio_ebyte_e79_cc1352p,run_00223,4b319646ef21881c66d7b91023b6bd50c1638363198af7114e05c8398a003b27,OOK4K8,13,1024,3,ok,0.06923719708726274,334848,16,52607.12632201097,22961.316299685936,0.0,0.0,True,,52607.1263220079,-5.839773109528323e-12,16,lot270_other_profiles_final_candidate2/20260929_193856_radio_ebyte_e79_cc1352p
20260929_193856_radio_ebyte_e79_cc1352p,run_00224,c72c0c508dac224e68298d2e94a4e84c90772f15e05dfb763038e86d3da6a9bd,OOK4K8,13,1024,4,ok,0.06923719708726274,334848,16,52694.72437071342,23056.444957802047,0.0,0.0,True,,52694.724370709235,-7.93809462606987e-12,16,lot270_other_profiles_final_candidate2/20260929_193856_radio_ebyte_e79_cc1352p
20260929_193856_radio_ebyte_e79_cc1352p,run_00225,8d6c59962793a15f093a956a5ee1ad950198dc35e6667438dbafa1b6e417bd0f,OOK4K8,13,1024,5,rx_missing,0.06923719708726274,334848,16,52612.52448063586,22928.630162701935,0.0,0.0,True,,52612.52448063311,-5.229150445984487e-12,16,lot270_other_profiles_final_candidate2/20260929_193856_radio_ebyte_e79_cc1352p
20260929_193856_radio_ebyte_e79_cc1352p,run_00226,534aacf3e1df744095a979b255df8576dca86b9c9fb17e2ad613619bd7393327,IEEE154G50,-20,128,1,ok,0.8336842105263158,94208,2,707.3047318149607,273.65476654791604,0.0,0.0,True,,707.3047318149625,2.4424906541753444e-13,2,lot270_other_profiles_final_candidate2/20260929_193856_radio_ebyte_e79_cc1352p
20260929_193856_radio_ebyte_e79_cc1352p,run_00227,a24381811d621804b37fcfcd693719a16d48a7ec09c524d6612773685df66346,IEEE154G50,-20,128,2,ok,0.8336842105263158,94208,2,698.1862049835051,264.32010536897263,0.0,0.0,True,,698.1862049835071,2.6645352591003757e-13,2,lot270_other_profiles_final_candidate2/20260929_193856_radio_ebyte_e79_cc1352p
20260929_193856_radio_ebyte_e79_cc1352p,run_00228,93e38be94157f7e31e3cf74c6d4e57c976292e1114f2aeaf41e4fe59488264f2,IEEE154G50,-20,128,3,ok,0.8336842105263158,94208,2,708.7949000960159,274.7533447605507,0.0,0.0,True,,708.7949000960157,-3.3306690738754696e-14,2,lot270_other_profiles_final_candidate2/20260929_193856_radio_ebyte_e79_cc1352p
20260929_193856_radio_ebyte_e79_cc1352p,run_00229,55575bfacc051b998b0a8e7fb38c7281ba28fa71cf3ba8df4a610a5d4ff433e9,IEEE154G50,-20,128,4,ok,0.8336842105263158,94208,2,697.515100412406,263.5317497033382,0.0,0.0,True,,697.5151004124057,-4.440892098500626e-14,2,lot270_other_profiles_final_candidate2/20260929_193856_radio_ebyte_e79_cc1352p
20260929_193856_radio_ebyte_e79_cc1352p,run_00230,fe1b8cb9e7e3c93333c218a17d17a2b259cf303bc8ad12b2408cefb3ec5a6cc5,IEEE154G50,-20,128,5,ok,0.8336842105263158,94208,2,692.3513054949328,256.01076193175,0.0,0.0,True,,692.3513054949346,2.6645352591003757e-13,2,lot270_other_profiles_final_candidate2/20260929_193856_radio_ebyte_e79_cc1352p
20260929_193856_radio_ebyte_e79_cc1352p,run_00231,bcf5933c1f2157d16705c3b89d353fc6d044c05fdcab2addef305d82db0e67d4,IEEE154G50,-20,512,1,ok,0.8336842105263158,94208,8,2796.3655129870212,1058.5026987758397,0.0,0.0,True,,2796.365512987042,7.549516567451064e-13,8,lot270_other_profiles_final_candidate2/20260929_193856_radio_ebyte_e79_cc1352p
20260929_193856_radio_ebyte_e79_cc1352p,run_00232,4051b9d271b1bcb07de452c42800da82c7df65a35662ace4e5df691ea2760803,IEEE154G50,-20,512,2,ok,0.8336842105263158,94208,8,2818.834930056659,1085.389162101399,0.0,0.0,True,,2818.834930056674,5.329070518200751e-13,8,lot270_other_profiles_final_candidate2/20260929_193856_radio_ebyte_e79_cc1352p
20260929_193856_radio_ebyte_e79_cc1352p,run_00233,b21dcfde368bc72b5a9f73220466de5001c73631f832f7487a25a8ab4f8e48ec,IEEE154G50,-20,512,3,ok,0.8336842105263158,94208,8,2799.2774523726353,1061.8987007690102,0.0,0.0,True,,2799.277452372639,1.3322676295501878e-13,8,lot270_other_profiles_final_candidate2/20260929_193856_radio_ebyte_e79_cc1352p
20260929_193856_radio_ebyte_e79_cc1352p,run_00234,ee30100346cace05cb96791b884cfedfa40a987f9a9a1bf08cc532a1d95b990b,IEEE154G50,-20,512,4,ok,0.8336842105263158,94208,8,2815.178745473391,1082.0079166906926,0.0,0.0,True,,2815.1787454733962,1.9984014443252818e-13,8,lot270_other_profiles_final_candidate2/20260929_193856_radio_ebyte_e79_cc1352p
20260929_193856_radio_ebyte_e79_cc1352p,run_00235,42a9f4e263b002d1ddc800d7c46e62ba3d0da34fc366298568d6236a84963c6d,IEEE154G50,-20,512,5,rx_missing,0.8336842105263158,94208,8,2781.623153075761,1042.9583191876613,0.0,0.0,True,,2781.623153075759,-6.661338147750939e-14,8,lot270_other_profiles_final_candidate2/20260929_193856_radio_ebyte_e79_cc1352p
20260929_193856_radio_ebyte_e79_cc1352p,run_00236,08f0156312bd05376e9e14972c0813b24e7b9f707b8abce793e598ae704f93cc,IEEE154G50,-20,1024,1,ok,0.8336842105263158,94208,16,5577.67078983833,2103.2700542966563,0.0,0.0,True,,5577.670789838319,-1.9984014443252818e-13,16,lot270_other_profiles_final_candidate2/20260929_193856_radio_ebyte_e79_cc1352p
20260929_193856_radio_ebyte_e79_cc1352p,run_00237,160c5f1529c6a02557f73aa38bc13547ca6a4c354ffebc257d7422ea578156d8,IEEE154G50,-20,1024,2,ok,0.8336842105263158,94208,16,5594.661157011224,2123.446876025686,0.0,0.0,True,,5594.661157011227,6.661338147750939e-14,16,lot270_other_profiles_final_candidate2/20260929_193856_radio_ebyte_e79_cc1352p
20260929_193856_radio_ebyte_e79_cc1352p,run_00238,8b0d02fefd07bf6be37c5544b9047ef21accbfd7d58c5f8e5df646f6f29270dc,IEEE154G50,-20,1024,3,ok,0.8336842105263158,94208,16,5634.980326887348,2166.2786522448155,0.0,0.0,True,,5634.980326887365,2.886579864025407e-13,16,lot270_other_profiles_final_candidate2/20260929_193856_radio_ebyte_e79_cc1352p
20260929_193856_radio_ebyte_e79_cc1352p,run_00239,f7b4e1276d188f1176b958c8d38c9fed75f8b68c5304af15430f337ac5c69c83,IEEE154G50,-20,1024,4,ok,0.8336842105263158,94208,16,5587.837400776891,2115.518283693677,0.0,0.0,True,,5587.837400776931,7.105427357601002e-13,16,lot270_other_profiles_final_candidate2/20260929_193856_radio_ebyte_e79_cc1352p
20260929_193856_radio_ebyte_e79_cc1352p,run_00240,c11764283920df9ebff2b0aef1120b3bccd707ae23e5af2e93886dc896f078be,IEEE154G50,-20,1024,5,rx_missing,0.8336842105263158,94208,16,5598.704436759498,2121.5931382740655,0.0,0.0,True,,5598.704436759517,3.3306690738754696e-13,16,lot270_other_profiles_final_candidate2/20260929_193856_radio_ebyte_e79_cc1352p
20260929_193856_radio_ebyte_e79_cc1352p,run_00241,c6224715c85363bb5366760b2b205c059ae9f4036d052b1e73a5bf8bf69b2cd0,IEEE154G50,0,128,1,ok,0.8336842105263158,94208,2,763.2573202089087,305.2171035057248,0.0,0.0,True,,763.2573202089136,6.439293542825908e-13,2,lot270_other_profiles_final_candidate2/20260929_193856_radio_ebyte_e79_cc1352p
20260929_193856_radio_ebyte_e79_cc1352p,run_00242,1f1f162bb07161e824e5c02165208680e6b5bf808b036ee0e665da340106707e,IEEE154G50,0,128,2,ok,0.8336842105263158,94208,2,762.0957548780482,302.4883928325491,0.0,0.0,True,,762.0957548780515,4.218847493575595e-13,2,lot270_other_profiles_final_candidate2/20260929_193856_radio_ebyte_e79_cc1352p
20260929_193856_radio_ebyte_e79_cc1352p,run_00243,81e5456cd6319e47380315e4f57b8cbf2f569c160deb49b1b4883ac9490e9103,IEEE154G50,0,128,3,ok,0.8336842105263158,94208,2,761.1982414520472,301.1946730386649,0.0,0.0,True,,761.1982414520521,6.439293542825908e-13,2,lot270_other_profiles_final_candidate2/20260929_193856_radio_ebyte_e79_cc1352p
20260929_193856_radio_ebyte_e79_cc1352p,run_00244,47ff43200331412dc1c1985b114c74b5b3b60d936eb2257497589223e5d561c4,IEEE154G50,0,128,4,ok,0.8336842105263158,94208,2,768.3345263325539,308.9160510420271,0.0,0.0,True,,768.3345263325585,5.995204332975845e-13,2,lot270_other_profiles_final_candidate2/20260929_193856_radio_ebyte_e79_cc1352p
20260929_193856_radio_ebyte_e79_cc1352p,run_00245,aa228541d712fe7d9e6b949e74ac21b866743323302c8d6f75802a4bf3e60fc2,IEEE154G50,0,128,5,ok,0.8336842105263158,94208,2,766.0970538434956,306.1245128755833,0.0,0.0,True,,766.0970538434982,3.3306690738754696e-13,2,lot270_other_profiles_final_candidate2/20260929_193856_radio_ebyte_e79_cc1352p
20260929_193856_radio_ebyte_e79_cc1352p,run_00246,7ec9ccc387862cfbb5b64082bd4b2958e65ad62ddaf20076907617ea7891387e,IEEE154G50,0,512,1,ok,0.8336842105263158,94208,8,3043.8385817244202,1205.042451232177,0.0,0.0,True,,3043.83858172448,1.9539925233402755e-12,8,lot270_other_profiles_final_candidate2/20260929_193856_radio_ebyte_e79_cc1352p
20260929_193856_radio_ebyte_e79_cc1352p,run_00247,2849a82a7836770b982850f25da034bf8b079604fe871783f6b01941a2e62e43,IEEE154G50,0,512,2,ok,0.8336842105263158,94208,8,3042.477283204036,1204.3123162548743,0.0,0.0,True,,3042.4772832040767,1.3322676295501878e-12,8,lot270_other_profiles_final_candidate2/20260929_193856_radio_ebyte_e79_cc1352p
20260929_193856_radio_ebyte_e79_cc1352p,run_00248,0734ad8266235f7bc918c38ee10d556ea351ec60e5bd640a4e7998e8a2efc904,IEEE154G50,0,512,3,ok,0.8336842105263158,94208,8,3052.554221897979,1215.1590790119901,0.0,0.0,True,,3052.554221898034,1.7985612998927536e-12,8,lot270_other_profiles_final_candidate2/20260929_193856_radio_ebyte_e79_cc1352p
20260929_193856_radio_ebyte_e79_cc1352p,run_00249,09c4d0f40cd1ca34d69cd456a077a29f1c73e6c3c82b3a93437cde401a5a90c1,IEEE154G50,0,512,4,ok,0.8336842105263158,94208,8,3050.585396942511,1213.1725871277952,0.0,0.0,True,,3050.585396942554,1.3988810110276972e-12,8,lot270_other_profiles_final_candidate2/20260929_193856_radio_ebyte_e79_cc1352p
20260929_193856_radio_ebyte_e79_cc1352p,run_00250,a4317f64bf42438966f0e54abe6d7bcf04d1a25a32f2c15239f91c825a134adc,IEEE154G50,0,512,5,ok,0.8336842105263158,94208,8,3060.345520827799,1226.16202803753,0.0,0.0,True,,3060.345520827873,2.398081733190338e-12,8,lot270_other_profiles_final_candidate2/20260929_193856_radio_ebyte_e79_cc1352p
20260929_193856_radio_ebyte_e79_cc1352p,run_00251,9402e219445434b8d2aa2f3a685c6d5396690dfd08bd2ecbf07598c32f8c6c0f,IEEE154G50,0,1024,1,rx_missing,0.8336842105263158,94208,16,6091.452236136174,2415.4659538304113,0.0,0.0,True,,6091.452236136389,3.530509218307998e-12,16,lot270_other_profiles_final_candidate2/20260929_193856_radio_ebyte_e79_cc1352p
20260929_193856_radio_ebyte_e79_cc1352p,run_00252,567e1d8154b7ec722f37021861493c08e799ed2f0e483185129181fe28ec1581,IEEE154G50,0,1024,2,ok,0.8336842105263158,94208,16,6116.2196645767635,2441.322522978601,0.0,0.0,True,,6116.219664576979,3.530509218307998e-12,16,lot270_other_profiles_final_candidate2/20260929_193856_radio_ebyte_e79_cc1352p
20260929_193856_radio_ebyte_e79_cc1352p,run_00253,57a281f2afd449fdb6305e5f196d48fde9cfede21292c6ff957286a60bde43a0,IEEE154G50,0,1024,3,rx_missing,0.8336842105263158,94208,16,6111.261443197589,2435.1746985902237,0.0,0.0,True,,6111.26144319781,3.6193270602780103e-12,16,lot270_other_profiles_final_candidate2/20260929_193856_radio_ebyte_e79_cc1352p
20260929_193856_radio_ebyte_e79_cc1352p,run_00254,8fca3365cb3876abf388255c4edcd6d1a5b24ac2cac07f310bb7c491b2d3e121,IEEE154G50,0,1024,4,ok,0.8336842105263158,94208,16,6121.808109730429,2444.052309886939,0.0,0.0,True,,6121.80810973063,3.2862601528904634e-12,16,lot270_other_profiles_final_candidate2/20260929_193856_radio_ebyte_e79_cc1352p
20260929_193856_radio_ebyte_e79_cc1352p,run_00255,0b6748465566e8284a0e32f960abc4cc978adb3fb4742e1e3bb3db31ef156302,IEEE154G50,0,1024,5,ok,0.8336842105263158,94208,16,6114.12221029365,2434.4286014213476,0.0,0.0,True,,6114.1222102938655,3.530509218307998e-12,16,lot270_other_profiles_final_candidate2/20260929_193856_radio_ebyte_e79_cc1352p
20260929_193856_radio_ebyte_e79_cc1352p,run_00256,966df2a9cc5cea95aa571856e12bd3fd27e7b34fb84acebf76a3639c25cc6961,IEEE154G50,13,128,1,ok,0.8336842105263158,94208,2,942.030038611749,481.3427256305033,0.0,0.0,True,,942.0300386117533,4.662936703425657e-13,2,lot270_other_profiles_final_candidate2/20260929_193856_radio_ebyte_e79_cc1352p
20260929_193856_radio_ebyte_e79_cc1352p,run_00257,8d7b68c5f6cc856f8e286df272f172a5d059f95f2adbb388c0d55cfef6a99df2,IEEE154G50,13,128,2,ok,0.8336842105263158,94208,2,942.3062316931954,481.7909375978491,0.0,0.0,True,,942.3062316932028,7.771561172376096e-13,2,lot270_other_profiles_final_candidate2/20260929_193856_radio_ebyte_e79_cc1352p
20260929_193856_radio_ebyte_e79_cc1352p,run_00258,26f93267a4adbb07afdb2ccb3e155d3571477034cd5ca3fa43dcfd63c7e475d8,IEEE154G50,13,128,3,ok,0.0,95232,2,936.4216719163992,475.9093464838228,0.0,0.0,True,,936.4216719164041,5.329070518200751e-13,2,lot270_other_profiles_final_candidate2/20260929_193856_radio_ebyte_e79_cc1352p
20260929_193856_radio_ebyte_e79_cc1352p,run_00259,044ee0b716a917066d6654c68f4da5f53add2f3551d07f53fce4d51dea670ddb,IEEE154G50,13,128,4,ok,0.8336842105263158,94208,2,943.9762990776976,484.3206140950184,0.0,0.0,True,,943.9762990777032,5.995204332975845e-13,2,lot270_other_profiles_final_candidate2/20260929_193856_radio_ebyte_e79_cc1352p
20260929_193856_radio_ebyte_e79_cc1352p,run_00260,d75ea2fe6afa1a64ec73622c17732aca1201267ae161cffc721fb37c2f7afb0d,IEEE154G50,13,128,5,ok,0.8336842105263158,94208,2,942.2208386303342,480.6835531328728,0.0,0.0,True,,942.2208386303363,2.220446049250313e-13,2,lot270_other_profiles_final_candidate2/20260929_193856_radio_ebyte_e79_cc1352p
20260929_193856_radio_ebyte_e79_cc1352p,run_00261,f062fc414d3dab7cec7dfc0f2aef4d9161acd5a517796ee77ff29044de9d131b,IEEE154G50,13,512,1,ok,0.8336842105263158,94208,8,3768.175052725318,1926.8045496196823,0.0,0.0,True,,3768.1750527253594,1.0880185641326534e-12,8,lot270_other_profiles_final_candidate2/20260929_193856_radio_ebyte_e79_cc1352p
20260929_193856_radio_ebyte_e79_cc1352p,run_00262,54cc8d456b896f4553592033b3e5eb7f74a5aaba7584e77762c5ded40e43535b,IEEE154G50,13,512,2,ok,0.8336842105263158,94208,8,3775.211034074491,1933.5980556926088,0.0,0.0,True,,3775.2110340745216,7.993605777301127e-13,8,lot270_other_profiles_final_candidate2/20260929_193856_radio_ebyte_e79_cc1352p
20260929_193856_radio_ebyte_e79_cc1352p,run_00263,dd09a33af4e5ee9cf08cd5da5cf9cb54c9dfee4b8fad448af5b0958d66d9ea42,IEEE154G50,13,512,3,ok,0.0,95232,8,3786.7123870173755,1946.8450338878943,0.0,0.0,True,,3786.7123870174078,8.43769498715119e-13,8,lot270_other_profiles_final_candidate2/20260929_193856_radio_ebyte_e79_cc1352p
20260929_193856_radio_ebyte_e79_cc1352p,run_00264,720a8f9e9fb4e480e0ad7b0ec4b8b34f8483370059411eb3c339e13b539e5382,IEEE154G50,13,512,4,ok,0.8336842105263158,94208,8,3781.294855917269,1938.966891875936,0.0,0.0,True,,3781.2948559172933,6.439293542825908e-13,8,lot270_other_profiles_final_candidate2/20260929_193856_radio_ebyte_e79_cc1352p
20260929_193856_radio_ebyte_e79_cc1352p,run_00265,83068a13154266c5a555ac4ca403a93cff7e64b88e1dde1b2c6f3f42da7e15da,IEEE154G50,13,512,5,ok,0.8336842105263158,94208,8,3778.672091067377,1936.9036277593605,0.0,0.0,True,,3778.6720910674153,1.021405182655144e-12,8,lot270_other_profiles_final_candidate2/20260929_193856_radio_ebyte_e79_cc1352p
20260929_193856_radio_ebyte_e79_cc1352p,run_00266,4fdbc4fdab319a525ce12809fbfe101a54306426756b140aa7f2bfe43ba681e1,IEEE154G50,13,1024,1,rx_missing,0.8336842105263158,94208,16,7544.394019056834,3860.818713644714,0.0,0.0,True,,7544.394019057042,2.7533531010703882e-12,16,lot270_other_profiles_final_candidate2/20260929_193856_radio_ebyte_e79_cc1352p
20260929_193856_radio_ebyte_e79_cc1352p,run_00267,6070eb06c3c838c5f72c84aa2040cdaa813f22aef0a37b93fbfce8702fc3e750,IEEE154G50,13,1024,2,ok,0.8336842105263158,94208,16,7531.827273003156,3854.447804361712,0.0,0.0,True,,7531.827273003342,2.4646951146678475e-12,16,lot270_other_profiles_final_candidate2/20260929_193856_radio_ebyte_e79_cc1352p
20260929_193856_radio_ebyte_e79_cc1352p,run_00268,377264bd4249444c1b274ba9f6ca59e0c2151970ae3de2c4c0b1b5e648c74fa1,IEEE154G50,13,1024,3,ok,0.8336842105263158,94208,16,7557.925024935307,3873.612789646707,0.0,0.0,True,,7557.925024935511,2.686739719592879e-12,16,lot270_other_profiles_final_candidate2/20260929_193856_radio_ebyte_e79_cc1352p
20260929_193856_radio_ebyte_e79_cc1352p,run_00269,7b20ba76e58813e7c1fb45f33b1703b6610cb27601c685cce31954c2a7221880,IEEE154G50,13,1024,4,ok,0.8336842105263158,94208,16,7568.04175984989,3882.2796168751743,0.0,0.0,True,,7568.041759850074,2.4424906541753444e-12,16,lot270_other_profiles_final_candidate2/20260929_193856_radio_ebyte_e79_cc1352p
20260929_193856_radio_ebyte_e79_cc1352p,run_00270,cb0937e27a1b20a81020c39b674f733cde83df7d05b778ca0e793439f56b46c1,IEEE154G50,13,1024,5,rx_missing,0.8336842105263158,94208,16,7551.74451012987,3866.2958480334537,0.0,0.0,True,,7551.74451013008,2.7755575615628914e-12,16,lot270_other_profiles_final_candidate2/20260929_193856_radio_ebyte_e79_cc1352p
