raw_relative_path,step_id,run_id,rf_profile,tx_power_dbm,payload_bytes,repetition,quality,reasons,mode,supporting_multipliers,outlier_multipliers,primary_4_MAD_reasons,sha256_match,expected_frames,reported_primary_detected_frames,selected_detected_frames,published_windows_ms,current_windows_ms,windows_identical,total_energy_published_uJ,total_energy_current_uJ,excess_energy_published_uJ,excess_energy_current_uJ,total_delta_uJ,total_delta_percent,total_energy_matches_tolerance,excess_delta_uJ,excess_delta_percent,excess_energy_matches_tolerance,maximum_window_endpoint_shift_ms
web_sessions/20260719_003026_campaign_radio_ebyte_e79_cc1352p/packet_tx/20260719_003150_radio_ebyte_e79_cc1352p/raw/run_00001.csv.gz,tx_p-20_rf_profile-GFSK4K8_s128,run_00001,GFSK4K8,-20,128,1,model_window_reanalysis,,primary_4_MAD,"[4.0, 3.0, 5.0]",[],[],True,2,2,2,"[[27.7, 157.37], [180.38, 310.04]]","[[27.7, 157.37], [180.38, 310.04]]",True,5143.869757695213,5143.869757695213,1003.3472533768805,1003.3472533768805,0.0,0.0,True,0.0,0.0,True,0.0
web_sessions/20260719_003026_campaign_radio_ebyte_e79_cc1352p/packet_tx/20260719_003150_radio_ebyte_e79_cc1352p/raw/run_00002.csv.gz,tx_p-20_rf_profile-GFSK4K8_s128,run_00002,GFSK4K8,-20,128,2,model_window_reanalysis,,primary_4_MAD,"[4.0, 3.0, 5.0]",[],[],True,2,2,2,"[[27.14, 156.81], [181.84, 311.5]]","[[27.14, 156.81], [181.84, 311.5]]",True,5113.545655557276,5113.545655557276,988.0326647624788,988.0326647624788,0.0,0.0,True,0.0,0.0,True,0.0
web_sessions/20260719_003026_campaign_radio_ebyte_e79_cc1352p/packet_tx/20260719_003150_radio_ebyte_e79_cc1352p/raw/run_00003.csv.gz,tx_p-20_rf_profile-GFSK4K8_s128,run_00003,GFSK4K8,-20,128,3,model_window_reanalysis,,primary_4_MAD,"[4.0, 3.0, 5.0]",[],[],True,2,2,2,"[[27.77, 157.44], [180.28, 309.94]]","[[27.77, 157.44], [180.28, 309.94]]",True,5116.851622173138,5116.851622173138,992.7158691102607,992.7158691102607,0.0,0.0,True,0.0,0.0,True,0.0
web_sessions/20260719_003026_campaign_radio_ebyte_e79_cc1352p/packet_tx/20260719_003150_radio_ebyte_e79_cc1352p/raw/run_00004.csv.gz,tx_p-20_rf_profile-GFSK4K8_s128,run_00004,GFSK4K8,-20,128,4,model_window_reanalysis,,primary_4_MAD,"[4.0, 3.0, 5.0]",[],[],True,2,2,2,"[[27.87, 157.54], [182.86, 312.52]]","[[27.87, 157.54], [182.86, 312.52]]",True,5109.860553701197,5109.860553701197,992.676823828492,992.676823828492,0.0,0.0,True,0.0,0.0,True,0.0
web_sessions/20260719_003026_campaign_radio_ebyte_e79_cc1352p/packet_tx/20260719_003150_radio_ebyte_e79_cc1352p/raw/run_00005.csv.gz,tx_p-20_rf_profile-GFSK4K8_s128,run_00005,GFSK4K8,-20,128,5,model_window_reanalysis,,primary_4_MAD,"[4.0, 3.0, 5.0]",[],[],True,2,2,2,"[[27.47, 157.14], [180.78, 310.44]]","[[27.47, 157.14], [180.78, 310.44]]",True,5108.1041164580665,5108.1041164580665,982.7768498040031,982.7768498040031,0.0,0.0,True,0.0,0.0,True,0.0
web_sessions/20260719_003026_campaign_radio_ebyte_e79_cc1352p/packet_tx/20260719_003219_radio_ebyte_e79_cc1352p/raw/run_00001.csv.gz,tx_p-20_rf_profile-GFSK4K8_s512,run_00001,GFSK4K8,-20,512,1,model_window_reanalysis,,primary_4_MAD,"[4.0, 3.0, 5.0]",[],[],True,8,8,8,"[[28.56, 158.23], [183.54, 313.21], [338.3, 467.97], [493.32, 622.99], [647.91, 777.58], [802.54, 932.2], [956.99, 1086.65], [1111.46, 1241.12]]","[[28.56, 158.23], [183.54, 313.21], [338.3, 467.97], [493.32, 622.99], [647.91, 777.58], [802.54, 932.2], [956.99, 1086.65], [1111.46, 1241.12]]",True,20435.478200755537,20435.478200755537,3913.2109453015564,3913.2109453015564,0.0,0.0,True,0.0,0.0,True,0.0
web_sessions/20260719_003026_campaign_radio_ebyte_e79_cc1352p/packet_tx/20260719_003219_radio_ebyte_e79_cc1352p/raw/run_00002.csv.gz,tx_p-20_rf_profile-GFSK4K8_s512,run_00002,GFSK4K8,-20,512,2,model_window_reanalysis,,primary_4_MAD,"[4.0, 3.0, 5.0]",[],[],True,8,8,8,"[[26.84, 156.51], [179.39, 309.06], [333.59, 463.26], [488.31, 617.98], [642.93, 772.6], [796.36, 926.02], [952.39, 1082.05], [1105.78, 1235.44]]","[[26.84, 156.51], [179.39, 309.06], [333.59, 463.26], [488.31, 617.98], [642.93, 772.6], [796.36, 926.02], [952.39, 1082.05], [1105.78, 1235.44]]",True,20422.46951286795,20422.46951286795,3915.4986645310823,3915.4986645310823,0.0,0.0,True,0.0,0.0,True,0.0
web_sessions/20260719_003026_campaign_radio_ebyte_e79_cc1352p/packet_tx/20260719_003219_radio_ebyte_e79_cc1352p/raw/run_00003.csv.gz,tx_p-20_rf_profile-GFSK4K8_s512,run_00003,GFSK4K8,-20,512,3,model_window_reanalysis,,primary_4_MAD,"[4.0, 3.0, 5.0]",[],[],True,8,8,8,"[[26.83, 156.5], [180.95, 310.62], [334.64, 464.31], [492.29, 621.96], [646.78, 776.45], [798.69, 928.35], [951.77, 1081.43], [1103.54, 1233.2]]","[[26.83, 156.5], [180.95, 310.62], [334.64, 464.31], [492.29, 621.96], [646.78, 776.45], [798.69, 928.35], [951.77, 1081.43], [1103.54, 1233.2]]",True,20381.78596434306,20381.78596434306,3882.238594790535,3882.238594790535,0.0,0.0,True,0.0,0.0,True,0.0
web_sessions/20260719_003026_campaign_radio_ebyte_e79_cc1352p/packet_tx/20260719_003219_radio_ebyte_e79_cc1352p/raw/run_00004.csv.gz,tx_p-20_rf_profile-GFSK4K8_s512,run_00004,GFSK4K8,-20,512,4,model_window_reanalysis,,primary_4_MAD,"[4.0, 3.0, 5.0]",[],[],True,8,8,8,"[[27.12, 156.79], [177.8, 307.47], [332.33, 462.0], [485.49, 615.16], [639.93, 769.6], [794.57, 924.23], [947.87, 1077.53], [1101.46, 1231.12]]","[[27.12, 156.79], [177.8, 307.47], [332.33, 462.0], [485.49, 615.16], [639.93, 769.6], [794.57, 924.23], [947.87, 1077.53], [1101.46, 1231.12]]",True,20361.65872543566,20361.65872543566,3849.189177942174,3849.189177942174,0.0,0.0,True,0.0,0.0,True,0.0
web_sessions/20260719_003026_campaign_radio_ebyte_e79_cc1352p/packet_tx/20260719_003219_radio_ebyte_e79_cc1352p/raw/run_00005.csv.gz,tx_p-20_rf_profile-GFSK4K8_s512,run_00005,GFSK4K8,-20,512,5,model_window_reanalysis,,primary_4_MAD,"[4.0, 3.0, 5.0]",[],[],True,8,8,8,"[[26.93, 156.6], [180.39, 310.06], [337.02, 466.69], [490.48, 620.15], [646.47, 776.14], [799.97, 929.63], [950.64, 1080.3], [1106.46, 1236.12]]","[[26.93, 156.6], [180.39, 310.06], [337.02, 466.69], [490.48, 620.15], [646.47, 776.14], [799.97, 929.63], [950.64, 1080.3], [1106.46, 1236.12]]",True,20432.781268155853,20432.781268155853,3913.2453473822584,3913.2453473822584,0.0,0.0,True,0.0,0.0,True,0.0
web_sessions/20260719_003026_campaign_radio_ebyte_e79_cc1352p/packet_tx/20260719_003257_radio_ebyte_e79_cc1352p/raw/run_00001.csv.gz,tx_p-20_rf_profile-GFSK4K8_s1024,run_00001,GFSK4K8,-20,1024,1,model_window_reanalysis,,primary_4_MAD,"[4.0, 3.0, 5.0]",[],[],True,16,16,16,"[[28.97, 158.64], [183.83, 313.5], [338.69, 468.36], [493.28, 622.95], [649.0, 778.67], [799.68, 929.35], [953.28, 1082.95], [1107.53, 1237.2], [1261.73, 1391.4], [1417.45, 1547.12], [1572.0, 1701.66], [1726.24, 1855.9], [1884.4, 2014.06], [2039.38, 2169.04], [2191.72, 2321.38], [2346.61, 2476.27]]","[[28.97, 158.64], [183.83, 313.5], [338.69, 468.36], [493.28, 622.95], [649.0, 778.67], [799.68, 929.35], [953.28, 1082.95], [1107.53, 1237.2], [1261.73, 1391.4], [1417.45, 1547.12], [1572.0, 1701.66], [1726.24, 1855.9], [1884.4, 2014.06], [2039.38, 2169.04], [2191.72, 2321.38], [2346.61, 2476.27]]",True,40817.941221144065,40817.941221144065,7746.196529111134,7746.196529111134,0.0,0.0,True,0.0,0.0,True,0.0
web_sessions/20260719_003026_campaign_radio_ebyte_e79_cc1352p/packet_tx/20260719_003257_radio_ebyte_e79_cc1352p/raw/run_00002.csv.gz,tx_p-20_rf_profile-GFSK4K8_s1024,run_00002,GFSK4K8,-20,1024,2,model_window_reanalysis,,primary_4_MAD,"[4.0, 3.0, 5.0]",[],[],True,16,16,16,"[[27.51, 157.18], [183.23, 312.9], [339.62, 469.29], [490.25, 619.92], [644.12, 773.79], [798.73, 928.4], [954.4, 1084.07], [1109.18, 1238.85], [1263.89, 1393.56], [1419.36, 1549.03], [1574.02, 1703.68], [1730.35, 1860.01], [1885.88, 2015.54], [2038.25, 2167.91], [2193.92, 2323.58], [2347.5, 2477.16]]","[[27.51, 157.18], [183.23, 312.9], [339.62, 469.29], [490.25, 619.92], [644.12, 773.79], [798.73, 928.4], [954.4, 1084.07], [1109.18, 1238.85], [1263.89, 1393.56], [1419.36, 1549.03], [1574.02, 1703.68], [1730.35, 1860.01], [1885.88, 2015.54], [2038.25, 2167.91], [2193.92, 2323.58], [2347.5, 2477.16]]",True,40703.51320209667,40703.51320209667,7704.755124126647,7704.755124126647,0.0,0.0,True,0.0,0.0,True,0.0
web_sessions/20260719_003026_campaign_radio_ebyte_e79_cc1352p/packet_tx/20260719_003257_radio_ebyte_e79_cc1352p/raw/run_00003.csv.gz,tx_p-20_rf_profile-GFSK4K8_s1024,run_00003,GFSK4K8,-20,1024,3,model_window_reanalysis,,primary_4_MAD,"[4.0, 3.0, 5.0]",[],[],True,16,16,16,"[[27.39, 157.06], [183.14, 312.81], [338.22, 467.89], [493.93, 623.6], [647.42, 777.09], [802.14, 931.81], [954.83, 1084.5], [1109.18, 1238.85], [1262.43, 1392.1], [1417.94, 1547.61], [1571.14, 1700.8], [1727.85, 1857.51], [1881.01, 2010.67], [2032.47, 2162.13], [2186.05, 2315.71], [2337.66, 2467.32]]","[[27.39, 157.06], [183.14, 312.81], [338.22, 467.89], [493.93, 623.6], [647.42, 777.09], [802.14, 931.81], [954.83, 1084.5], [1109.18, 1238.85], [1262.43, 1392.1], [1417.94, 1547.61], [1571.14, 1700.8], [1727.85, 1857.51], [1881.01, 2010.67], [2032.47, 2162.13], [2186.05, 2315.71], [2337.66, 2467.32]]",True,40649.188798275805,40649.188798275805,7656.424671278493,7656.424671278493,0.0,0.0,True,0.0,0.0,True,0.0
web_sessions/20260719_003026_campaign_radio_ebyte_e79_cc1352p/packet_tx/20260719_003257_radio_ebyte_e79_cc1352p/raw/run_00004.csv.gz,tx_p-20_rf_profile-GFSK4K8_s1024,run_00004,GFSK4K8,-20,1024,4,model_window_reanalysis,,primary_4_MAD,"[4.0, 3.0, 5.0]",[],[],True,16,16,16,"[[27.69, 157.36], [181.18, 310.85], [336.89, 466.56], [489.52, 619.19], [644.16, 773.83], [797.1, 926.77], [954.17, 1083.84], [1107.59, 1237.26], [1260.26, 1389.93], [1413.02, 1542.69], [1567.73, 1697.39], [1722.49, 1852.15], [1878.03, 2007.69], [2034.43, 2164.09], [2189.45, 2319.11], [2344.53, 2474.19]]","[[27.69, 157.36], [181.18, 310.85], [336.89, 466.56], [489.52, 619.19], [644.16, 773.83], [797.1, 926.77], [954.17, 1083.84], [1107.59, 1237.26], [1260.26, 1389.93], [1413.02, 1542.69], [1567.73, 1697.39], [1722.49, 1852.15], [1878.03, 2007.69], [2034.43, 2164.09], [2189.45, 2319.11], [2344.53, 2474.19]]",True,40652.48506373963,40652.48506373963,7638.5011163004865,7638.5011163004865,0.0,0.0,True,0.0,0.0,True,0.0
web_sessions/20260719_003026_campaign_radio_ebyte_e79_cc1352p/packet_tx/20260719_003257_radio_ebyte_e79_cc1352p/raw/run_00005.csv.gz,tx_p-20_rf_profile-GFSK4K8_s1024,run_00005,GFSK4K8,-20,1024,5,model_window_reanalysis,,primary_4_MAD,"[4.0, 3.0, 5.0]",[],[],True,16,16,16,"[[26.91, 156.58], [180.06, 309.73], [331.65, 461.32], [484.98, 614.65], [640.34, 770.01], [795.94, 925.61], [949.33, 1079.0], [1104.06, 1233.73], [1258.8, 1388.47], [1413.82, 1543.49], [1565.51, 1695.17], [1720.84, 1850.5], [1875.6, 2005.26], [2030.04, 2159.7], [2184.61, 2314.27], [2336.44, 2466.1]]","[[26.91, 156.58], [180.06, 309.73], [331.65, 461.32], [484.98, 614.65], [640.34, 770.01], [795.94, 925.61], [949.33, 1079.0], [1104.06, 1233.73], [1258.8, 1388.47], [1413.82, 1543.49], [1565.51, 1695.17], [1720.84, 1850.5], [1875.6, 2005.26], [2030.04, 2159.7], [2184.61, 2314.27], [2336.44, 2466.1]]",True,40644.15096270895,40644.15096270895,7656.504924668396,7656.504924668396,0.0,0.0,True,0.0,0.0,True,0.0
web_sessions/20260719_003026_campaign_radio_ebyte_e79_cc1352p/packet_tx/20260719_003513_radio_ebyte_e79_cc1352p/raw/run_00001.csv.gz,tx_p-20_rf_profile-GFSK50_s128,run_00001,GFSK50,-20,128,1,model_window_reanalysis,,primary_4_MAD,"[4.0, 3.0, 5.0]",[],[],True,2,2,2,"[[30.08, 45.24], [67.3, 82.46]]","[[30.08, 45.24], [67.3, 82.46]]",True,582.7377285237538,582.7377285237538,157.62927200847557,157.62927200847557,0.0,0.0,True,0.0,0.0,True,0.0
web_sessions/20260719_003026_campaign_radio_ebyte_e79_cc1352p/packet_tx/20260719_003513_radio_ebyte_e79_cc1352p/raw/run_00002.csv.gz,tx_p-20_rf_profile-GFSK50_s128,run_00002,GFSK50,-20,128,2,model_window_reanalysis,,primary_4_MAD,"[4.0, 3.0, 5.0]",[],[],True,2,2,2,"[[27.38, 42.54], [65.77, 80.93]]","[[27.38, 42.54], [65.77, 80.93]]",True,570.8310059464483,570.8310059464483,144.27781819321527,144.27781819321527,0.0,0.0,True,0.0,0.0,True,0.0
web_sessions/20260719_003026_campaign_radio_ebyte_e79_cc1352p/packet_tx/20260719_003513_radio_ebyte_e79_cc1352p/raw/run_00003.csv.gz,tx_p-20_rf_profile-GFSK50_s128,run_00003,GFSK50,-20,128,3,model_window_reanalysis,,primary_4_MAD,"[4.0, 3.0, 5.0]",[],[],True,2,2,2,"[[26.68, 41.84], [63.93, 79.09]]","[[26.68, 41.84], [63.93, 79.09]]",True,563.6352417122425,563.6352417122425,136.90802158163422,136.90802158163422,0.0,0.0,True,0.0,0.0,True,0.0
web_sessions/20260719_003026_campaign_radio_ebyte_e79_cc1352p/packet_tx/20260719_003513_radio_ebyte_e79_cc1352p/raw/run_00004.csv.gz,tx_p-20_rf_profile-GFSK50_s128,run_00004,GFSK50,-20,128,4,model_window_reanalysis,,primary_4_MAD,"[4.0, 3.0, 5.0]",[],[],True,2,2,2,"[[27.25, 42.41], [65.29, 80.45]]","[[27.25, 42.41], [65.29, 80.45]]",True,573.4136325144801,573.4136325144801,148.70629642732194,148.70629642732194,0.0,0.0,True,0.0,0.0,True,0.0
web_sessions/20260719_003026_campaign_radio_ebyte_e79_cc1352p/packet_tx/20260719_003513_radio_ebyte_e79_cc1352p/raw/run_00005.csv.gz,tx_p-20_rf_profile-GFSK50_s128,run_00005,GFSK50,-20,128,5,model_window_reanalysis,,primary_4_MAD,"[4.0, 3.0, 5.0]",[],[],True,2,2,2,"[[27.09, 42.25], [64.37, 79.53]]","[[27.09, 42.25], [64.37, 79.53]]",True,561.8340243518489,561.8340243518489,135.69670889195908,135.69670889195908,0.0,0.0,True,0.0,0.0,True,0.0
web_sessions/20260719_003026_campaign_radio_ebyte_e79_cc1352p/packet_tx/20260719_003541_radio_ebyte_e79_cc1352p/raw/run_00001.csv.gz,tx_p-20_rf_profile-GFSK50_s512,run_00001,GFSK50,-20,512,1,model_window_reanalysis,,primary_4_MAD,"[4.0, 3.0, 5.0]",[],[],True,8,8,8,"[[27.18, 42.34], [65.56, 80.72], [103.66, 118.82], [140.87, 156.03], [178.94, 194.1], [217.27, 232.43], [254.27, 269.43], [293.3, 308.46]]","[[27.18, 42.34], [65.56, 80.72], [103.66, 118.82], [140.87, 156.03], [178.94, 194.1], [217.27, 232.43], [254.27, 269.43], [293.3, 308.46]]",True,2264.43226409077,2264.43226409077,554.5139369124041,554.5139369124041,0.0,0.0,True,0.0,0.0,True,0.0
web_sessions/20260719_003026_campaign_radio_ebyte_e79_cc1352p/packet_tx/20260719_003541_radio_ebyte_e79_cc1352p/raw/run_00002.csv.gz,tx_p-20_rf_profile-GFSK50_s512,run_00002,GFSK50,-20,512,2,model_window_reanalysis,,primary_4_MAD,"[4.0, 3.0, 5.0]",[],[],True,8,8,8,"[[26.09, 41.25], [63.39, 78.55], [100.59, 115.75], [138.81, 153.97], [175.71, 190.87], [213.52, 228.68], [251.58, 266.74], [288.53, 303.69]]","[[26.09, 41.25], [63.39, 78.55], [100.59, 115.75], [138.81, 153.97], [175.71, 190.87], [213.52, 228.68], [251.58, 266.74], [288.53, 303.69]]",True,2263.45851292299,2263.45851292299,557.7087596095191,557.7087596095191,0.0,0.0,True,0.0,0.0,True,0.0
web_sessions/20260719_003026_campaign_radio_ebyte_e79_cc1352p/packet_tx/20260719_003541_radio_ebyte_e79_cc1352p/raw/run_00003.csv.gz,tx_p-20_rf_profile-GFSK50_s512,run_00003,GFSK50,-20,512,3,model_window_reanalysis,,primary_4_MAD,"[4.0, 3.0, 5.0]",[],[],True,8,8,8,"[[27.21, 42.37], [64.81, 79.97], [103.01, 118.17], [139.75, 154.91], [178.55, 193.71], [215.74, 230.9], [254.44, 269.6], [292.23, 307.39]]","[[27.21, 42.37], [64.81, 79.97], [103.01, 118.17], [139.75, 154.91], [178.55, 193.71], [215.74, 230.9], [254.44, 269.6], [292.23, 307.39]]",True,2272.0085043287804,2272.0085043287804,570.1516365637118,570.1516365637118,0.0,0.0,True,0.0,0.0,True,0.0
web_sessions/20260719_003026_campaign_radio_ebyte_e79_cc1352p/packet_tx/20260719_003541_radio_ebyte_e79_cc1352p/raw/run_00004.csv.gz,tx_p-20_rf_profile-GFSK50_s512,run_00004,GFSK50,-20,512,4,model_window_reanalysis,,primary_4_MAD,"[4.0, 3.0, 5.0]",[],[],True,8,8,8,"[[26.96, 42.12], [63.89, 79.05], [102.1, 117.26], [139.35, 154.51], [177.63, 192.79], [216.84, 232.0], [254.05, 269.21], [295.96, 311.12]]","[[26.96, 42.12], [63.89, 79.05], [102.1, 117.26], [139.35, 154.51], [177.63, 192.79], [216.84, 232.0], [254.05, 269.21], [295.96, 311.12]]",True,2276.1329911642188,2276.1329911642188,572.355701969592,572.355701969592,0.0,0.0,True,0.0,0.0,True,0.0
web_sessions/20260719_003026_campaign_radio_ebyte_e79_cc1352p/packet_tx/20260719_003541_radio_ebyte_e79_cc1352p/raw/run_00005.csv.gz,tx_p-20_rf_profile-GFSK50_s512,run_00005,GFSK50,-20,512,5,model_window_reanalysis,,primary_4_MAD,"[4.0, 3.0, 5.0]",[],[],True,8,8,8,"[[27.34, 42.5], [64.45, 79.61], [101.81, 116.97], [138.74, 153.9], [176.02, 191.18], [213.37, 228.53], [252.19, 267.35], [290.3, 305.46]]","[[27.34, 42.5], [64.45, 79.61], [101.81, 116.97], [138.74, 153.9], [176.02, 191.18], [213.37, 228.53], [252.19, 267.35], [290.3, 305.46]]",True,2265.0660179215533,2265.0660179215533,560.2343779709586,560.2343779709586,0.0,0.0,True,0.0,0.0,True,0.0
web_sessions/20260719_003026_campaign_radio_ebyte_e79_cc1352p/packet_tx/20260719_003609_radio_ebyte_e79_cc1352p/raw/run_00001.csv.gz,tx_p-20_rf_profile-GFSK50_s1024,run_00001,GFSK50,-20,1024,1,model_window_reanalysis,,primary_4_MAD,"[4.0, 3.0, 5.0]",[],[],True,16,16,16,"[[28.82, 43.98], [66.8, 81.96], [104.26, 119.42], [142.25, 157.41], [179.37, 194.53], [217.15, 232.31], [253.87, 269.03], [291.04, 306.2], [328.75, 343.91], [367.17, 382.33], [405.75, 420.91], [443.87, 459.03], [482.97, 498.13], [522.09, 537.25], [560.11, 575.27], [598.01, 613.17]]","[[28.82, 43.98], [66.8, 81.96], [104.26, 119.42], [142.25, 157.41], [179.37, 194.53], [217.15, 232.31], [253.87, 269.03], [291.04, 306.2], [328.75, 343.91], [367.17, 382.33], [405.75, 420.91], [443.87, 459.03], [482.97, 498.13], [522.09, 537.25], [560.11, 575.27], [598.01, 613.17]]",True,4512.526695484884,4512.526695484884,1095.6871806030106,1095.6871806030106,0.0,0.0,True,0.0,0.0,True,0.0
web_sessions/20260719_003026_campaign_radio_ebyte_e79_cc1352p/packet_tx/20260719_003609_radio_ebyte_e79_cc1352p/raw/run_00002.csv.gz,tx_p-20_rf_profile-GFSK50_s1024,run_00002,GFSK50,-20,1024,2,model_window_reanalysis,,primary_4_MAD,"[4.0, 3.0, 5.0]",[],[],True,16,16,16,"[[28.01, 43.17], [64.87, 80.03], [102.42, 117.58], [141.1, 156.26], [179.16, 194.32], [217.5, 232.66], [255.53, 270.69], [293.53, 308.69], [330.94, 346.1], [368.03, 383.19], [406.29, 421.45], [444.34, 459.5], [482.18, 497.34], [519.89, 535.05], [557.26, 572.42], [594.17, 609.33]]","[[28.01, 43.17], [64.87, 80.03], [102.42, 117.58], [141.1, 156.26], [179.16, 194.32], [217.5, 232.66], [255.53, 270.69], [293.53, 308.69], [330.94, 346.1], [368.03, 383.19], [406.29, 421.45], [444.34, 459.5], [482.18, 497.34], [519.89, 535.05], [557.26, 572.42], [594.17, 609.33]]",True,4526.604719611253,4526.604719611253,1120.1041184617304,1120.1041184617304,0.0,0.0,True,0.0,0.0,True,0.0
web_sessions/20260719_003026_campaign_radio_ebyte_e79_cc1352p/packet_tx/20260719_003609_radio_ebyte_e79_cc1352p/raw/run_00003.csv.gz,tx_p-20_rf_profile-GFSK50_s1024,run_00003,GFSK50,-20,1024,3,model_window_reanalysis,,primary_4_MAD,"[4.0, 3.0, 5.0]",[],[],True,16,16,16,"[[28.05, 43.21], [65.14, 80.3], [104.28, 119.44], [143.1, 158.26], [181.24, 196.4], [218.75, 233.91], [257.17, 272.33], [295.29, 310.45], [333.86, 349.02], [370.75, 385.91], [408.52, 423.68], [445.65, 460.81], [483.65, 498.81], [523.14, 538.3], [560.33, 575.49], [598.47, 613.63]]","[[28.05, 43.21], [65.14, 80.3], [104.28, 119.44], [143.1, 158.26], [181.24, 196.4], [218.75, 233.91], [257.17, 272.33], [295.29, 310.45], [333.86, 349.02], [370.75, 385.91], [408.52, 423.68], [445.65, 460.81], [483.65, 498.81], [523.14, 538.3], [560.33, 575.49], [598.47, 613.63]]",True,4527.963741895869,4527.963741895869,1118.6732050665953,1118.6732050665953,0.0,0.0,True,0.0,0.0,True,0.0
web_sessions/20260719_003026_campaign_radio_ebyte_e79_cc1352p/packet_tx/20260719_003609_radio_ebyte_e79_cc1352p/raw/run_00004.csv.gz,tx_p-20_rf_profile-GFSK50_s1024,run_00004,GFSK50,-20,1024,4,model_window_reanalysis,,primary_4_MAD,"[4.0, 3.0, 5.0]",[],[],True,16,16,16,"[[27.24, 42.4], [65.28, 80.44], [104.33, 119.49], [142.38, 157.54], [180.59, 195.75], [223.04, 238.2], [265.75, 280.91], [308.13, 323.29], [344.32, 359.48], [382.32, 397.48], [420.23, 435.39], [458.68, 473.84], [496.15, 511.31], [533.89, 549.05], [570.96, 586.12], [610.16, 625.32]]","[[27.24, 42.4], [65.28, 80.44], [104.33, 119.49], [142.38, 157.54], [180.59, 195.75], [223.04, 238.2], [265.75, 280.91], [308.13, 323.29], [344.32, 359.48], [382.32, 397.48], [420.23, 435.39], [458.68, 473.84], [496.15, 511.31], [533.89, 549.05], [570.96, 586.12], [610.16, 625.32]]",True,4521.881655864821,4521.881655864821,1110.6804493741934,1110.6804493741934,0.0,0.0,True,0.0,0.0,True,0.0
web_sessions/20260719_003026_campaign_radio_ebyte_e79_cc1352p/packet_tx/20260719_003609_radio_ebyte_e79_cc1352p/raw/run_00005.csv.gz,tx_p-20_rf_profile-GFSK50_s1024,run_00005,GFSK50,-20,1024,5,model_window_reanalysis,,primary_4_MAD,"[4.0, 3.0, 5.0]",[],[],True,16,16,16,"[[27.64, 42.8], [64.84, 80.0], [101.94, 117.1], [139.78, 154.94], [177.93, 193.09], [215.71, 230.87], [252.56, 267.72], [290.37, 305.53], [328.67, 343.83], [366.41, 381.57], [404.41, 419.57], [443.1, 458.26], [480.91, 496.07], [518.11, 533.27], [556.0, 571.16], [593.93, 609.09]]","[[27.64, 42.8], [64.84, 80.0], [101.94, 117.1], [139.78, 154.94], [177.93, 193.09], [215.71, 230.87], [252.56, 267.72], [290.37, 305.53], [328.67, 343.83], [366.41, 381.57], [404.41, 419.57], [443.1, 458.26], [480.91, 496.07], [518.11, 533.27], [556.0, 571.16], [593.93, 609.09]]",True,4527.200919162745,4527.200919162745,1119.2397770942644,1119.2397770942644,0.0,0.0,True,0.0,0.0,True,0.0
web_sessions/20260719_003026_campaign_radio_ebyte_e79_cc1352p/packet_tx/20260719_003802_radio_ebyte_e79_cc1352p/raw/run_00001.csv.gz,tx_p-20_rf_profile-GFSK200_s128,run_00001,GFSK200,-20,128,1,model_window_reanalysis,,primary_4_MAD,"[4.0, 3.0, 5.0]",[],[],True,2,2,2,"[[28.21, 34.25], [60.45, 66.49]]","[[28.21, 34.25], [60.45, 66.49]]",True,232.32180079319622,232.32180079319622,55.427509822609565,55.427509822609565,0.0,0.0,True,0.0,0.0,True,0.0
web_sessions/20260719_003026_campaign_radio_ebyte_e79_cc1352p/packet_tx/20260719_003802_radio_ebyte_e79_cc1352p/raw/run_00002.csv.gz,tx_p-20_rf_profile-GFSK200_s128,run_00002,GFSK200,-20,128,2,model_window_reanalysis,,primary_4_MAD,"[4.0, 3.0, 5.0]",[],[],True,2,2,2,"[[26.81, 32.85], [59.07, 65.11]]","[[26.81, 32.85], [59.07, 65.11]]",True,230.59047364884344,230.59047364884344,54.382217957831344,54.382217957831344,0.0,0.0,True,0.0,0.0,True,0.0
web_sessions/20260719_003026_campaign_radio_ebyte_e79_cc1352p/packet_tx/20260719_003802_radio_ebyte_e79_cc1352p/raw/run_00003.csv.gz,tx_p-20_rf_profile-GFSK200_s128,run_00003,GFSK200,-20,128,3,model_window_reanalysis,,primary_4_MAD,"[4.0, 3.0, 5.0]",[],[],True,2,2,2,"[[26.82, 32.86], [58.87, 64.91]]","[[26.82, 32.86], [58.87, 64.91]]",True,233.33181850158357,233.33181850158357,57.383173912641126,57.383173912641126,0.0,0.0,True,0.0,0.0,True,0.0
web_sessions/20260719_003026_campaign_radio_ebyte_e79_cc1352p/packet_tx/20260719_003802_radio_ebyte_e79_cc1352p/raw/run_00004.csv.gz,tx_p-20_rf_profile-GFSK200_s128,run_00004,GFSK200,-20,128,4,model_window_reanalysis,,primary_4_MAD,"[4.0, 3.0, 5.0]",[],[],True,2,2,2,"[[27.51, 33.55], [59.69, 65.73]]","[[27.51, 33.55], [59.69, 65.73]]",True,233.57609435591263,233.57609435591263,57.7233287394545,57.7233287394545,0.0,0.0,True,0.0,0.0,True,0.0
web_sessions/20260719_003026_campaign_radio_ebyte_e79_cc1352p/packet_tx/20260719_003802_radio_ebyte_e79_cc1352p/raw/run_00005.csv.gz,tx_p-20_rf_profile-GFSK200_s128,run_00005,GFSK200,-20,128,5,model_window_reanalysis,,primary_4_MAD,"[4.0, 3.0, 5.0]",[],[],True,2,2,2,"[[28.38, 34.42], [61.2, 67.24]]","[[28.38, 34.42], [61.2, 67.24]]",True,234.62287826338846,234.62287826338846,59.12522767216429,59.12522767216429,0.0,0.0,True,0.0,0.0,True,0.0
web_sessions/20260719_003026_campaign_radio_ebyte_e79_cc1352p/packet_tx/20260719_003829_radio_ebyte_e79_cc1352p/raw/run_00001.csv.gz,tx_p-20_rf_profile-GFSK200_s512,run_00001,GFSK200,-20,512,1,model_window_reanalysis,,primary_4_MAD,"[4.0, 3.0, 5.0]",[],[],True,8,8,8,"[[29.52, 35.56], [60.61, 66.65], [93.68, 99.72], [125.14, 131.18], [157.25, 163.29], [189.05, 195.09], [220.95, 226.99], [252.45, 258.49]]","[[29.52, 35.56], [60.61, 66.65], [93.68, 99.72], [125.14, 131.18], [157.25, 163.29], [189.05, 195.09], [220.95, 226.99], [252.45, 258.49]]",True,929.97175671087,929.97175671087,221.6750956846178,221.6750956846178,0.0,0.0,True,0.0,0.0,True,0.0
web_sessions/20260719_003026_campaign_radio_ebyte_e79_cc1352p/packet_tx/20260719_003829_radio_ebyte_e79_cc1352p/raw/run_00002.csv.gz,tx_p-20_rf_profile-GFSK200_s512,run_00002,GFSK200,-20,512,2,model_window_reanalysis,,primary_4_MAD,"[4.0, 3.0, 5.0]",[],[],True,8,8,8,"[[27.17, 33.21], [59.72, 65.76], [91.79, 97.83], [124.94, 130.98], [156.1, 162.14], [188.53, 194.57], [220.58, 226.62], [253.5, 259.54]]","[[27.17, 33.21], [59.72, 65.76], [91.79, 97.83], [124.94, 130.98], [156.1, 162.14], [188.53, 194.57], [220.58, 226.62], [253.5, 259.54]]",True,929.4861683813095,929.4861683813095,222.30314881524964,222.30314881524964,0.0,0.0,True,0.0,0.0,True,0.0
web_sessions/20260719_003026_campaign_radio_ebyte_e79_cc1352p/packet_tx/20260719_003829_radio_ebyte_e79_cc1352p/raw/run_00003.csv.gz,tx_p-20_rf_profile-GFSK200_s512,run_00003,GFSK200,-20,512,3,model_window_reanalysis,,primary_4_MAD,"[4.0, 3.0, 5.0]",[],[],True,8,8,8,"[[26.29, 32.33], [59.17, 65.21], [92.11, 98.15], [124.42, 130.46], [156.35, 162.39], [188.45, 194.49], [220.53, 226.57], [254.65, 260.69]]","[[26.29, 32.33], [59.17, 65.21], [92.11, 98.15], [124.42, 130.46], [156.35, 162.39], [188.45, 194.49], [220.53, 226.57], [254.65, 260.69]]",True,930.0955229236167,930.0955229236167,220.83700163631175,220.83700163631175,0.0,0.0,True,0.0,0.0,True,0.0
web_sessions/20260719_003026_campaign_radio_ebyte_e79_cc1352p/packet_tx/20260719_003829_radio_ebyte_e79_cc1352p/raw/run_00004.csv.gz,tx_p-20_rf_profile-GFSK200_s512,run_00004,GFSK200,-20,512,4,model_window_reanalysis,,primary_4_MAD,"[4.0, 3.0, 5.0]",[],[],True,8,8,8,"[[27.2, 33.24], [59.29, 65.33], [90.66, 96.7], [123.6, 129.64], [154.93, 160.97], [187.5, 193.54], [220.43, 226.47], [253.35, 259.39]]","[[27.2, 33.24], [59.29, 65.33], [90.66, 96.7], [123.6, 129.64], [154.93, 160.97], [187.5, 193.54], [220.43, 226.47], [253.35, 259.39]]",True,930.1055706068483,930.1055706068483,222.43275345035144,222.43275345035144,0.0,0.0,True,0.0,0.0,True,0.0
web_sessions/20260719_003026_campaign_radio_ebyte_e79_cc1352p/packet_tx/20260719_003829_radio_ebyte_e79_cc1352p/raw/run_00005.csv.gz,tx_p-20_rf_profile-GFSK200_s512,run_00005,GFSK200,-20,512,5,model_window_reanalysis,,primary_4_MAD,"[4.0, 3.0, 5.0]",[],[],True,8,8,8,"[[26.14, 32.18], [58.22, 64.26], [90.95, 96.99], [122.6, 128.64], [155.72, 161.76], [188.38, 194.42], [220.64, 226.68], [252.4, 258.44]]","[[26.14, 32.18], [58.22, 64.26], [90.95, 96.99], [122.6, 128.64], [155.72, 161.76], [188.38, 194.42], [220.64, 226.68], [252.4, 258.44]]",True,925.4990663247443,925.4990663247443,215.05502768004015,215.05502768004015,0.0,0.0,True,0.0,0.0,True,0.0
web_sessions/20260719_003026_campaign_radio_ebyte_e79_cc1352p/packet_tx/20260719_003858_radio_ebyte_e79_cc1352p/raw/run_00001.csv.gz,tx_p-20_rf_profile-GFSK200_s1024,run_00001,GFSK200,-20,1024,1,model_window_reanalysis,,primary_4_MAD,"[4.0, 3.0, 5.0]",[],[],True,16,16,16,"[[28.68, 34.72], [61.4, 67.44], [94.51, 100.55], [127.04, 133.08], [159.09, 165.13], [192.22, 198.26], [223.64, 229.68], [256.73, 262.77], [287.5, 293.54], [320.01, 326.05], [352.92, 358.96], [385.57, 391.61], [418.72, 424.76], [446.16, 452.2], [479.62, 485.66], [512.14, 518.18]]","[[28.68, 34.72], [61.4, 67.44], [94.51, 100.55], [127.04, 133.08], [159.09, 165.13], [192.22, 198.26], [223.64, 229.68], [256.73, 262.77], [287.5, 293.54], [320.01, 326.05], [352.92, 358.96], [385.57, 391.61], [418.72, 424.76], [446.16, 452.2], [479.62, 485.66], [512.14, 518.18]]",True,1856.3914300428235,1856.3914300428235,440.47878880440464,440.47878880440464,0.0,0.0,True,0.0,0.0,True,0.0
web_sessions/20260719_003026_campaign_radio_ebyte_e79_cc1352p/packet_tx/20260719_003858_radio_ebyte_e79_cc1352p/raw/run_00002.csv.gz,tx_p-20_rf_profile-GFSK200_s1024,run_00002,GFSK200,-20,1024,2,model_window_reanalysis,,primary_4_MAD,"[4.0, 3.0, 5.0]",[],[],True,16,16,16,"[[26.76, 32.8], [58.88, 64.92], [91.63, 97.67], [123.96, 130.0], [156.41, 162.45], [189.51, 195.55], [221.63, 227.67], [254.92, 260.96], [286.82, 292.86], [319.94, 325.98], [352.03, 358.07], [384.43, 390.47], [417.52, 423.56], [449.09, 455.13], [482.71, 488.75], [514.18, 520.22]]","[[26.76, 32.8], [58.88, 64.92], [91.63, 97.67], [123.96, 130.0], [156.41, 162.45], [189.51, 195.55], [221.63, 227.67], [254.92, 260.96], [286.82, 292.86], [319.94, 325.98], [352.03, 358.07], [384.43, 390.47], [417.52, 423.56], [449.09, 455.13], [482.71, 488.75], [514.18, 520.22]]",True,1853.7613424748126,1853.7613424748126,442.4398164362674,442.4398164362674,0.0,0.0,True,0.0,0.0,True,0.0
web_sessions/20260719_003026_campaign_radio_ebyte_e79_cc1352p/packet_tx/20260719_003858_radio_ebyte_e79_cc1352p/raw/run_00003.csv.gz,tx_p-20_rf_profile-GFSK200_s1024,run_00003,GFSK200,-20,1024,3,model_window_reanalysis,,primary_4_MAD,"[4.0, 3.0, 5.0]",[],[],True,16,16,16,"[[27.68, 33.72], [60.31, 66.35], [92.94, 98.98], [125.3, 131.34], [157.07, 163.11], [190.07, 196.11], [222.61, 228.65], [254.54, 260.58], [286.64, 292.68], [317.76, 323.8], [349.85, 355.89], [382.55, 388.59], [414.92, 420.96], [446.38, 452.42], [478.88, 484.92], [511.77, 517.81]]","[[27.68, 33.72], [60.31, 66.35], [92.94, 98.98], [125.3, 131.34], [157.07, 163.11], [190.07, 196.11], [222.61, 228.65], [254.54, 260.58], [286.64, 292.68], [317.76, 323.8], [349.85, 355.89], [382.55, 388.59], [414.92, 420.96], [446.38, 452.42], [478.88, 484.92], [511.77, 517.81]]",True,1856.4451469740477,1856.4451469740477,443.21779701097233,443.21779701097233,0.0,0.0,True,0.0,0.0,True,0.0
web_sessions/20260719_003026_campaign_radio_ebyte_e79_cc1352p/packet_tx/20260719_003858_radio_ebyte_e79_cc1352p/raw/run_00004.csv.gz,tx_p-20_rf_profile-GFSK200_s1024,run_00004,GFSK200,-20,1024,4,model_window_reanalysis,,primary_4_MAD,"[4.0, 3.0, 5.0]",[],[],True,16,16,16,"[[28.26, 34.3], [61.31, 67.35], [94.29, 100.33], [126.76, 132.8], [159.81, 165.85], [191.59, 197.63], [224.56, 230.6], [257.97, 264.01], [290.68, 296.72], [323.23, 329.27], [356.35, 362.39], [388.33, 394.37], [421.37, 427.41], [453.14, 459.18], [485.96, 492.0], [519.05, 525.09]]","[[28.26, 34.3], [61.31, 67.35], [94.29, 100.33], [126.76, 132.8], [159.81, 165.85], [191.59, 197.63], [224.56, 230.6], [257.97, 264.01], [290.68, 296.72], [323.23, 329.27], [356.35, 362.39], [388.33, 394.37], [421.37, 427.41], [453.14, 459.18], [485.96, 492.0], [519.05, 525.09]]",True,1853.3402636182311,1853.3402636182311,440.24977263953605,440.24977263953605,0.0,0.0,True,0.0,0.0,True,0.0
web_sessions/20260719_003026_campaign_radio_ebyte_e79_cc1352p/packet_tx/20260719_003858_radio_ebyte_e79_cc1352p/raw/run_00005.csv.gz,tx_p-20_rf_profile-GFSK200_s1024,run_00005,GFSK200,-20,1024,5,model_window_reanalysis,,primary_4_MAD,"[4.0, 3.0, 5.0]",[],[],True,16,16,16,"[[27.77, 33.81], [60.25, 66.29], [93.2, 99.24], [125.29, 131.33], [157.42, 163.46], [190.5, 196.54], [222.24, 228.28], [255.23, 261.27], [286.62, 292.66], [318.92, 324.96], [352.0, 358.04], [383.41, 389.45], [416.18, 422.22], [447.79, 453.83], [481.03, 487.07], [513.12, 519.16]]","[[27.77, 33.81], [60.25, 66.29], [93.2, 99.24], [125.29, 131.33], [157.42, 163.46], [190.5, 196.54], [222.24, 228.28], [255.23, 261.27], [286.62, 292.66], [318.92, 324.96], [352.0, 358.04], [383.41, 389.45], [416.18, 422.22], [447.79, 453.83], [481.03, 487.07], [513.12, 519.16]]",True,1856.163578825789,1856.163578825789,443.411440912029,443.411440912029,0.0,0.0,True,0.0,0.0,True,0.0
web_sessions/20260719_003026_campaign_radio_ebyte_e79_cc1352p/packet_tx/20260719_004051_radio_ebyte_e79_cc1352p/raw/run_00001.csv.gz,tx_p-20_rf_profile-SLR2K5_s128,run_00001,SLR2K5,-20,128,1,model_window_reanalysis,,primary_4_MAD,"[4.0, 3.0, 5.0]",[],[],True,2,2,2,"[[23.24, 269.44], [275.72, 521.92]]","[[23.24, 269.44], [275.72, 521.92]]",True,9176.114462660287,9176.114462660287,2026.9835957059295,2026.9835957059295,0.0,0.0,True,0.0,0.0,True,0.0
web_sessions/20260719_003026_campaign_radio_ebyte_e79_cc1352p/packet_tx/20260719_004051_radio_ebyte_e79_cc1352p/raw/run_00002.csv.gz,tx_p-20_rf_profile-SLR2K5_s128,run_00002,SLR2K5,-20,128,2,model_window_reanalysis,,primary_4_MAD,"[4.0, 3.0, 5.0]",[],[],True,2,2,2,"[[22.33, 268.53], [270.34, 516.54]]","[[22.33, 268.53], [270.34, 516.54]]",True,9182.004806248202,9182.004806248202,2054.9735599481915,2054.9735599481915,0.0,0.0,True,0.0,0.0,True,0.0
web_sessions/20260719_003026_campaign_radio_ebyte_e79_cc1352p/packet_tx/20260719_004051_radio_ebyte_e79_cc1352p/raw/run_00003.csv.gz,tx_p-20_rf_profile-SLR2K5_s128,run_00003,SLR2K5,-20,128,3,model_window_reanalysis,,primary_4_MAD,"[4.0, 3.0, 5.0]",[],[],True,2,2,2,"[[12.99, 259.19], [276.75, 522.95]]","[[12.99, 259.19], [276.75, 522.95]]",True,9177.474741371316,9177.474741371316,2045.0990858195794,2045.0990858195794,0.0,0.0,True,0.0,0.0,True,0.0
web_sessions/20260719_003026_campaign_radio_ebyte_e79_cc1352p/packet_tx/20260719_004051_radio_ebyte_e79_cc1352p/raw/run_00004.csv.gz,tx_p-20_rf_profile-SLR2K5_s128,run_00004,SLR2K5,-20,128,4,model_window_reanalysis,,primary_4_MAD,"[4.0, 3.0, 5.0]",[],[],True,2,2,2,"[[15.9, 262.1], [271.17, 517.37]]","[[15.9, 262.1], [271.17, 517.37]]",True,9169.722553675658,9169.722553675658,2040.2761988527038,2040.2761988527038,0.0,0.0,True,0.0,0.0,True,0.0
web_sessions/20260719_003026_campaign_radio_ebyte_e79_cc1352p/packet_tx/20260719_004051_radio_ebyte_e79_cc1352p/raw/run_00005.csv.gz,tx_p-20_rf_profile-SLR2K5_s128,run_00005,SLR2K5,-20,128,5,model_window_reanalysis,,primary_4_MAD,"[4.0, 3.0, 5.0]",[],[],True,2,2,2,"[[21.37, 267.57], [270.45, 516.65]]","[[21.37, 267.57], [270.45, 516.65]]",True,9206.45403716749,9206.45403716749,2072.026011441178,2072.026011441178,0.0,0.0,True,0.0,0.0,True,0.0
web_sessions/20260719_003026_campaign_radio_ebyte_e79_cc1352p/packet_tx/20260719_004122_radio_ebyte_e79_cc1352p/raw/run_00001.csv.gz,tx_p-20_rf_profile-SLR2K5_s512,run_00001,SLR2K5,-20,512,1,model_window_reanalysis,,primary_4_MAD,"[4.0, 3.0, 5.0]",[],[],True,8,8,8,"[[24.88, 271.08], [271.62, 517.82], [527.13, 773.33], [789.43, 1035.63], [1043.99, 1290.19], [1294.03, 1540.23], [1548.73, 1794.93], [1808.9, 2055.1]]","[[24.88, 271.08], [272.0, 518.2], [527.13, 773.33], [789.43, 1035.63], [1043.99, 1290.19], [1294.03, 1540.23], [1548.73, 1794.93], [1808.9, 2055.1]]",False,36611.25631993259,36610.764947315925,8152.598401086039,8152.55960202786,-0.49137261666328413,-0.0013421353595943764,False,-0.03879905817939289,-0.00047591033276450645,False,0.37999999999999545
web_sessions/20260719_003026_campaign_radio_ebyte_e79_cc1352p/packet_tx/20260719_004122_radio_ebyte_e79_cc1352p/raw/run_00002.csv.gz,tx_p-20_rf_profile-SLR2K5_s512,run_00002,SLR2K5,-20,512,2,model_window_reanalysis,,primary_4_MAD,"[4.0, 3.0, 5.0]",[],[],True,8,8,8,"[[23.61, 269.81], [278.4, 524.6], [534.51, 780.71], [781.23, 1027.43], [1040.85, 1287.05], [1292.94, 1539.14], [1555.73, 1801.93], [1813.67, 2059.87]]","[[23.61, 269.81], [278.4, 524.6], [534.51, 780.71], [781.23, 1027.43], [1040.85, 1287.05], [1292.94, 1539.14], [1555.73, 1801.93], [1813.67, 2059.87]]",True,36592.26005365005,36592.26005365005,8134.039127567389,8134.039127567389,0.0,0.0,True,0.0,0.0,True,0.0
web_sessions/20260719_003026_campaign_radio_ebyte_e79_cc1352p/packet_tx/20260719_004122_radio_ebyte_e79_cc1352p/raw/run_00003.csv.gz,tx_p-20_rf_profile-SLR2K5_s512,run_00003,SLR2K5,-20,512,3,model_window_reanalysis,,primary_4_MAD,"[4.0, 3.0, 5.0]",[],[],True,8,8,8,"[[14.91, 261.11], [275.03, 521.23], [525.1, 771.3], [782.03, 1028.23], [1042.37, 1288.57], [1301.23, 1547.43], [1552.29, 1798.49], [1815.35, 2061.55]]","[[14.91, 261.11], [275.03, 521.23], [525.1, 771.3], [782.03, 1028.23], [1042.37, 1288.57], [1301.23, 1547.43], [1552.29, 1798.49], [1815.35, 2061.55]]",True,36535.36515190923,36535.36515190923,8065.978306542827,8065.978306542827,0.0,0.0,True,0.0,0.0,True,0.0
web_sessions/20260719_003026_campaign_radio_ebyte_e79_cc1352p/packet_tx/20260719_004122_radio_ebyte_e79_cc1352p/raw/run_00004.csv.gz,tx_p-20_rf_profile-SLR2K5_s512,run_00004,SLR2K5,-20,512,4,model_window_reanalysis,,primary_4_MAD,"[4.0, 3.0, 5.0]",[],[],True,8,8,8,"[[20.49, 266.69], [279.62, 525.82], [530.77, 776.97], [782.65, 1028.85], [1044.24, 1290.44], [1297.9, 1544.1], [1557.69, 1803.89], [1813.86, 2060.06]]","[[20.49, 266.69], [279.62, 525.82], [530.77, 776.97], [783.66, 1029.86], [1044.24, 1290.44], [1297.9, 1544.1], [1557.69, 1803.89], [1813.86, 2060.06]]",False,36565.7417839654,36565.64777427165,8064.673682791488,8064.484900721022,-0.09400969374837587,-0.00025709773454618556,False,-0.18878207046600437,-0.0023408519413403717,False,1.009999999999991
web_sessions/20260719_003026_campaign_radio_ebyte_e79_cc1352p/packet_tx/20260719_004122_radio_ebyte_e79_cc1352p/raw/run_00005.csv.gz,tx_p-20_rf_profile-SLR2K5_s512,run_00005,SLR2K5,-20,512,5,model_window_reanalysis,,primary_4_MAD,"[4.0, 3.0, 5.0]",[],[],True,8,8,8,"[[13.14, 259.34], [271.24, 517.44], [527.67, 773.87], [783.58, 1029.78], [1040.13, 1286.33], [1289.12, 1535.32], [1553.95, 1800.15], [1811.18, 2057.38]]","[[13.14, 259.34], [271.24, 517.44], [527.67, 773.87], [783.58, 1029.78], [1040.13, 1286.33], [1289.12, 1535.32], [1553.95, 1800.15], [1811.18, 2057.38]]",True,36595.526639242686,36595.526639242686,8108.256008091741,8108.256008091741,0.0,0.0,True,0.0,0.0,True,0.0
web_sessions/20260719_003026_campaign_radio_ebyte_e79_cc1352p/packet_tx/20260719_004212_radio_ebyte_e79_cc1352p/raw/run_00001.csv.gz,tx_p-20_rf_profile-SLR2K5_s1024,run_00001,SLR2K5,-20,1024,1,model_window_reanalysis,,primary_4_MAD,"[4.0, 3.0, 5.0]",[],[],True,16,16,16,"[[16.36, 262.56], [276.45, 522.65], [523.77, 769.97], [782.06, 1028.26], [1040.22, 1286.42], [1288.54, 1534.74], [1547.66, 1793.86], [1807.82, 2054.02], [2055.66, 2301.86], [2314.84, 2561.04], [2565.0, 2811.2], [2822.65, 3068.85], [3073.66, 3319.86], [3330.14, 3576.34], [3584.44, 3830.64], [3846.36, 4092.56]]","[[16.36, 262.56], [276.45, 522.65], [523.0, 769.2], [782.06, 1028.26], [1040.22, 1286.42], [1296.08, 1542.28], [1547.66, 1793.86], [1807.82, 2054.02], [2055.0, 2301.2], [2314.84, 2561.04], [2565.0, 2811.2], [2822.65, 3068.85], [3073.66, 3319.86], [3330.14, 3576.34], [3584.44, 3830.64], [3846.36, 4092.56]]",False,72082.23173831799,72082.85544115651,16972.214703389167,16971.76713332611,0.6237028385221492,0.0008652657159435861,False,-0.4475700630573556,-0.0026370751895377076,False,7.539999999999964
web_sessions/20260719_003026_campaign_radio_ebyte_e79_cc1352p/packet_tx/20260719_004212_radio_ebyte_e79_cc1352p/raw/run_00002.csv.gz,tx_p-20_rf_profile-SLR2K5_s1024,run_00002,SLR2K5,-20,1024,2,model_window_reanalysis,,primary_4_MAD,"[4.0, 3.0, 5.0]",[],[],True,16,16,16,"[[24.31, 270.51], [273.07, 519.27], [532.74, 778.94], [788.04, 1034.24], [1046.31, 1292.51], [1295.04, 1541.24], [1556.61, 1802.81], [1806.96, 2053.16], [2065.55, 2311.75], [2325.72, 2571.92], [2579.02, 2825.22], [2826.17, 3072.37], [3081.09, 3327.29], [3343.93, 3590.13], [3595.9, 3842.1], [3857.07, 4103.27]]","[[24.31, 270.51], [273.07, 519.27], [532.74, 778.94], [788.04, 1034.24], [1046.31, 1292.51], [1295.04, 1541.24], [1556.61, 1802.81], [1806.96, 2053.16], [2065.55, 2311.75], [2325.72, 2571.92], [2578.02, 2824.22], [2825.01, 3071.21], [3081.09, 3327.29], [3343.93, 3590.13], [3595.9, 3842.1], [3857.07, 4103.27]]",False,72112.91180823342,72112.70578007249,16944.2637990837,16944.35988683129,-0.20602816093014553,-0.00028570217976975343,False,0.0960877475918096,0.0005670812773583833,False,1.1599999999998545
web_sessions/20260719_003026_campaign_radio_ebyte_e79_cc1352p/packet_tx/20260719_004212_radio_ebyte_e79_cc1352p/raw/run_00003.csv.gz,tx_p-20_rf_profile-SLR2K5_s1024,run_00003,SLR2K5,-20,1024,3,model_window_reanalysis,,primary_4_MAD,"[4.0, 3.0, 5.0]",[],[],True,16,16,16,"[[11.13, 257.33], [268.1, 514.3], [531.22, 777.42], [778.08, 1024.28], [1037.32, 1283.52], [1286.36, 1532.56], [1540.43, 1786.63], [1799.49, 2045.69], [2050.72, 2296.92], [2302.87, 2549.07], [2558.92, 2805.12], [2823.1, 3069.3], [3079.26, 3325.46], [3330.26, 3576.46], [3587.14, 3833.34], [3847.68, 4093.88]]","[[11.13, 257.33], [268.1, 514.3], [531.22, 777.42], [778.08, 1024.28], [1037.32, 1283.52], [1286.36, 1532.56], [1540.43, 1786.63], [1799.49, 2045.69], [2050.72, 2296.92], [2303.88, 2550.08], [2558.92, 2805.12], [2823.1, 3069.3], [3079.26, 3325.46], [3330.26, 3576.46], [3587.14, 3833.34], [3847.68, 4093.88]]",False,72270.36273084179,72269.85295039785,17127.573748702598,17127.117281155883,-0.5097804439428728,-0.0007053796669653778,False,-0.4564675467154302,-0.0026651033789848455,False,1.0100000000002183
web_sessions/20260719_003026_campaign_radio_ebyte_e79_cc1352p/packet_tx/20260719_004212_radio_ebyte_e79_cc1352p/raw/run_00004.csv.gz,tx_p-20_rf_profile-SLR2K5_s1024,run_00004,SLR2K5,-20,1024,4,model_window_reanalysis,,primary_4_MAD,"[4.0, 3.0, 5.0]",[],[],True,16,16,16,"[[22.85, 269.05], [270.92, 517.12], [533.05, 779.25], [787.1, 1033.3], [1036.92, 1283.12], [1300.58, 1546.78], [1551.66, 1797.86], [1803.75, 2049.95], [2060.45, 2306.65], [2321.83, 2568.03], [2572.62, 2818.82], [2825.69, 3071.89], [3085.65, 3331.85], [3336.95, 3583.15], [3599.12, 3845.32], [3851.95, 4098.15]]","[[22.85, 269.05], [270.92, 517.12], [533.05, 779.25], [787.1, 1033.3], [1036.92, 1283.12], [1300.58, 1546.78], [1557.7, 1803.9], [1804.76, 2050.96], [2060.45, 2306.65], [2321.83, 2568.03], [2572.62, 2818.82], [2825.69, 3071.89], [3085.65, 3331.85], [3336.95, 3583.15], [3599.12, 3845.32], [3851.95, 4098.15]]",False,72209.75368319996,72210.41126069035,17125.889931387752,17125.7087863485,0.6575774903903948,0.0009106491254184945,False,-0.18114503925244207,-0.001057726284459104,False,6.040000000000191
web_sessions/20260719_003026_campaign_radio_ebyte_e79_cc1352p/packet_tx/20260719_004212_radio_ebyte_e79_cc1352p/raw/run_00005.csv.gz,tx_p-20_rf_profile-SLR2K5_s1024,run_00005,SLR2K5,-20,1024,5,model_window_reanalysis,,primary_4_MAD,"[4.0, 3.0, 5.0]",[],[],True,16,16,16,"[[10.52, 256.72], [270.77, 516.97], [528.45, 774.65], [780.15, 1026.35], [1035.0, 1281.2], [1293.53, 1539.73], [1547.27, 1793.47], [1804.22, 2050.42], [2056.91, 2303.11], [2307.85, 2554.05], [2559.8, 2806.0], [2814.82, 3061.02], [3068.32, 3314.52], [3334.76, 3580.96], [3584.04, 3830.24], [3843.18, 4089.38]]","[[10.52, 256.72], [270.77, 516.97], [528.45, 774.65], [780.15, 1026.35], [1035.0, 1281.2], [1293.53, 1539.73], [1547.27, 1793.47], [1804.22, 2050.42], [2056.91, 2303.11], [2307.85, 2554.05], [2559.8, 2806.0], [2814.82, 3061.02], [3068.32, 3314.52], [3334.76, 3580.96], [3584.04, 3830.24], [3843.18, 4089.38]]",True,72029.58205956609,72029.58205956609,16806.10160093386,16806.10160093386,0.0,0.0,True,0.0,0.0,True,0.0
web_sessions/20260719_003026_campaign_radio_ebyte_e79_cc1352p/packet_tx/20260719_004453_radio_ebyte_e79_cc1352p/raw/run_00001.csv.gz,tx_p-20_rf_profile-SLR5_s128,run_00001,SLR5,-20,128,1,model_window_reanalysis,,primary_4_MAD,"[4.0, 3.0, 5.0]",[],[],True,2,2,2,"[[27.68, 152.28], [170.88, 295.48]]","[[27.68, 152.28], [170.88, 295.48]]",True,4687.712529785927,4687.712529785927,1073.7471145210513,1073.7471145210513,0.0,0.0,True,0.0,0.0,True,0.0
web_sessions/20260719_003026_campaign_radio_ebyte_e79_cc1352p/packet_tx/20260719_004453_radio_ebyte_e79_cc1352p/raw/run_00002.csv.gz,tx_p-20_rf_profile-SLR5_s128,run_00002,SLR5,-20,128,2,model_window_reanalysis,,primary_4_MAD,"[4.0, 3.0, 5.0]",[],[],True,2,2,2,"[[25.33, 149.93], [169.12, 293.72]]","[[25.33, 149.93], [169.12, 293.72]]",True,4665.418223028296,4665.418223028296,1060.1805257513056,1060.1805257513056,0.0,0.0,True,0.0,0.0,True,0.0
web_sessions/20260719_003026_campaign_radio_ebyte_e79_cc1352p/packet_tx/20260719_004453_radio_ebyte_e79_cc1352p/raw/run_00003.csv.gz,tx_p-20_rf_profile-SLR5_s128,run_00003,SLR5,-20,128,3,model_window_reanalysis,,primary_4_MAD,"[4.0, 3.0, 5.0]",[],[],True,2,2,2,"[[26.09, 150.69], [170.57, 295.17]]","[[26.09, 150.69], [170.57, 295.17]]",True,4696.104241400126,4696.104241400126,1097.8407325931794,1097.8407325931794,0.0,0.0,True,0.0,0.0,True,0.0
web_sessions/20260719_003026_campaign_radio_ebyte_e79_cc1352p/packet_tx/20260719_004453_radio_ebyte_e79_cc1352p/raw/run_00004.csv.gz,tx_p-20_rf_profile-SLR5_s128,run_00004,SLR5,-20,128,4,model_window_reanalysis,,primary_4_MAD,"[4.0, 3.0, 5.0]",[],[],True,2,2,2,"[[27.0, 151.6], [168.51, 293.11]]","[[27.0, 151.6], [168.51, 293.11]]",True,4697.897144677832,4697.897144677832,1096.1992136778813,1096.1992136778813,0.0,0.0,True,0.0,0.0,True,0.0
web_sessions/20260719_003026_campaign_radio_ebyte_e79_cc1352p/packet_tx/20260719_004453_radio_ebyte_e79_cc1352p/raw/run_00005.csv.gz,tx_p-20_rf_profile-SLR5_s128,run_00005,SLR5,-20,128,5,model_window_reanalysis,,primary_4_MAD,"[4.0, 3.0, 5.0]",[],[],True,2,2,2,"[[27.3, 151.9], [170.85, 295.45]]","[[27.3, 151.9], [170.85, 295.45]]",True,4686.0160344337255,4686.0160344337255,1081.7057185486656,1081.7057185486656,0.0,0.0,True,0.0,0.0,True,0.0
web_sessions/20260719_003026_campaign_radio_ebyte_e79_cc1352p/packet_tx/20260719_004521_radio_ebyte_e79_cc1352p/raw/run_00001.csv.gz,tx_p-20_rf_profile-SLR5_s512,run_00001,SLR5,-20,512,1,model_window_reanalysis,,primary_4_MAD,"[4.0, 3.0, 5.0]",[],[],True,8,8,8,"[[24.85, 149.45], [171.78, 296.38], [316.35, 440.95], [459.43, 584.03], [608.75, 733.35], [756.14, 880.74], [902.1, 1026.7], [1052.75, 1177.35]]","[[24.85, 149.45], [171.78, 296.38], [316.35, 440.95], [459.43, 584.03], [608.75, 733.35], [756.14, 880.74], [902.1, 1026.7], [1052.75, 1177.35]]",True,18663.05904226168,18663.05904226168,4214.766615272695,4214.766615272695,0.0,0.0,True,0.0,0.0,True,0.0
web_sessions/20260719_003026_campaign_radio_ebyte_e79_cc1352p/packet_tx/20260719_004521_radio_ebyte_e79_cc1352p/raw/run_00002.csv.gz,tx_p-20_rf_profile-SLR5_s512,run_00002,SLR5,-20,512,2,model_window_reanalysis,,primary_4_MAD,"[4.0, 3.0, 5.0]",[],[],True,8,8,8,"[[27.55, 152.15], [174.82, 299.42], [319.44, 444.04], [461.77, 586.37], [608.9, 733.5], [755.01, 879.61], [904.36, 1028.96], [1046.79, 1171.39]]","[[27.55, 152.15], [174.82, 299.42], [319.44, 444.04], [461.77, 586.37], [608.9, 733.5], [755.01, 879.61], [904.36, 1028.96], [1046.79, 1171.39]]",True,18626.77311977999,18626.77311977999,4208.592012004822,4208.592012004822,0.0,0.0,True,0.0,0.0,True,0.0
web_sessions/20260719_003026_campaign_radio_ebyte_e79_cc1352p/packet_tx/20260719_004521_radio_ebyte_e79_cc1352p/raw/run_00003.csv.gz,tx_p-20_rf_profile-SLR5_s512,run_00003,SLR5,-20,512,3,model_window_reanalysis,,primary_4_MAD,"[4.0, 3.0, 5.0]",[],[],True,8,8,8,"[[24.77, 149.37], [172.36, 296.96], [321.01, 445.61], [470.45, 595.05], [620.7, 745.3], [762.94, 887.54], [910.15, 1034.75], [1055.77, 1180.37]]","[[24.77, 149.37], [172.36, 296.96], [321.01, 445.61], [470.45, 595.05], [620.7, 745.3], [762.94, 887.54], [910.15, 1034.75], [1055.77, 1180.37]]",True,18665.352648791963,18665.352648791963,4230.380723249359,4230.380723249359,0.0,0.0,True,0.0,0.0,True,0.0
web_sessions/20260719_003026_campaign_radio_ebyte_e79_cc1352p/packet_tx/20260719_004521_radio_ebyte_e79_cc1352p/raw/run_00004.csv.gz,tx_p-20_rf_profile-SLR5_s512,run_00004,SLR5,-20,512,4,model_window_reanalysis,,primary_4_MAD,"[4.0, 3.0, 5.0]",[],[],True,8,8,8,"[[27.77, 152.37], [171.27, 295.87], [316.98, 441.58], [466.09, 590.69], [610.1, 734.7], [758.76, 883.36], [903.67, 1028.27], [1051.27, 1175.87]]","[[27.77, 152.37], [171.27, 295.87], [316.98, 441.58], [466.09, 590.69], [610.1, 734.7], [758.76, 883.36], [903.67, 1028.27], [1051.27, 1175.87]]",True,18627.59458616035,18627.59458616035,4188.189393782349,4188.189393782349,0.0,0.0,True,0.0,0.0,True,0.0
web_sessions/20260719_003026_campaign_radio_ebyte_e79_cc1352p/packet_tx/20260719_004521_radio_ebyte_e79_cc1352p/raw/run_00005.csv.gz,tx_p-20_rf_profile-SLR5_s512,run_00005,SLR5,-20,512,5,model_window_reanalysis,,primary_4_MAD,"[4.0, 3.0, 5.0]",[],[],True,8,8,8,"[[27.51, 152.11], [175.11, 299.71], [317.56, 442.16], [464.68, 589.28], [606.83, 731.43], [753.44, 878.04], [900.02, 1024.62], [1050.12, 1174.72]]","[[27.51, 152.11], [175.11, 299.71], [317.56, 442.16], [464.68, 589.28], [606.83, 731.43], [753.44, 878.04], [900.02, 1024.62], [1050.12, 1174.72]]",True,18686.67391558115,18686.67391558115,4261.740367663036,4261.740367663036,0.0,0.0,True,0.0,0.0,True,0.0
web_sessions/20260719_003026_campaign_radio_ebyte_e79_cc1352p/packet_tx/20260719_004559_radio_ebyte_e79_cc1352p/raw/run_00001.csv.gz,tx_p-20_rf_profile-SLR5_s1024,run_00001,SLR5,-20,1024,1,model_window_reanalysis,,primary_4_MAD,"[4.0, 3.0, 5.0]",[],[],True,16,16,16,"[[25.77, 150.37], [171.14, 295.74], [321.94, 446.54], [464.71, 589.31], [607.26, 731.86], [752.63, 877.23], [900.7, 1025.3], [1044.29, 1168.89], [1189.02, 1313.62], [1334.66, 1459.26], [1480.89, 1605.49], [1625.03, 1749.63], [1770.23, 1894.83], [1914.83, 2039.43], [2063.03, 2187.63], [2205.24, 2329.84]]","[[25.77, 150.37], [171.14, 295.74], [321.94, 446.54], [464.71, 589.31], [607.26, 731.86], [752.63, 877.23], [900.7, 1025.3], [1044.29, 1168.89], [1189.02, 1313.62], [1334.66, 1459.26], [1480.89, 1605.49], [1625.03, 1749.63], [1770.23, 1894.83], [1914.83, 2039.43], [2063.03, 2187.63], [2205.24, 2329.84]]",True,36687.22384612395,36687.22384612395,8766.04199193903,8766.04199193903,0.0,0.0,True,0.0,0.0,True,0.0
web_sessions/20260719_003026_campaign_radio_ebyte_e79_cc1352p/packet_tx/20260719_004559_radio_ebyte_e79_cc1352p/raw/run_00002.csv.gz,tx_p-20_rf_profile-SLR5_s1024,run_00002,SLR5,-20,1024,2,model_window_reanalysis,,primary_4_MAD,"[4.0, 3.0, 5.0]",[],[],True,16,16,16,"[[28.07, 152.67], [177.15, 301.75], [321.32, 445.92], [469.92, 594.52], [615.04, 739.64], [756.5, 881.1], [904.96, 1029.56], [1049.1, 1173.7], [1193.16, 1317.76], [1335.75, 1460.35], [1481.6, 1606.2], [1625.23, 1749.83], [1770.35, 1894.95], [1916.5, 2041.1], [2061.68, 2186.28], [2209.2, 2333.8]]","[[28.07, 152.67], [177.15, 301.75], [321.32, 445.92], [469.92, 594.52], [615.04, 739.64], [756.5, 881.1], [904.96, 1029.56], [1049.1, 1173.7], [1193.16, 1317.76], [1335.75, 1460.35], [1481.6, 1606.2], [1625.23, 1749.83], [1770.35, 1894.95], [1916.5, 2041.1], [2061.68, 2186.28], [2209.2, 2333.8]]",True,36676.787322663455,36676.787322663455,8775.043817617228,8775.043817617228,0.0,0.0,True,0.0,0.0,True,0.0
web_sessions/20260719_003026_campaign_radio_ebyte_e79_cc1352p/packet_tx/20260719_004559_radio_ebyte_e79_cc1352p/raw/run_00003.csv.gz,tx_p-20_rf_profile-SLR5_s1024,run_00003,SLR5,-20,1024,3,model_window_reanalysis,,primary_4_MAD,"[4.0, 3.0, 5.0]",[],[],True,16,16,16,"[[25.04, 149.64], [171.91, 296.51], [314.49, 439.09], [461.76, 586.36], [609.31, 733.91], [755.32, 879.92], [905.8, 1030.4], [1051.98, 1176.58], [1199.13, 1323.73], [1343.22, 1467.82], [1485.68, 1610.28], [1632.15, 1756.75], [1779.65, 1904.25], [1928.8, 2053.4], [2078.07, 2202.67], [2222.27, 2346.87]]","[[25.04, 149.64], [171.91, 296.51], [314.49, 439.09], [461.76, 586.36], [609.31, 733.91], [755.32, 879.92], [905.8, 1030.4], [1051.98, 1176.58], [1199.13, 1323.73], [1343.22, 1467.82], [1485.68, 1610.28], [1632.15, 1756.75], [1779.65, 1904.25], [1928.8, 2053.4], [2078.07, 2202.67], [2222.27, 2346.87]]",True,36824.35414562687,36824.35414562687,8942.592601225104,8942.592601225104,0.0,0.0,True,0.0,0.0,True,0.0
web_sessions/20260719_003026_campaign_radio_ebyte_e79_cc1352p/packet_tx/20260719_004559_radio_ebyte_e79_cc1352p/raw/run_00004.csv.gz,tx_p-20_rf_profile-SLR5_s1024,run_00004,SLR5,-20,1024,4,model_window_reanalysis,,primary_4_MAD,"[4.0, 3.0, 5.0]",[],[],True,16,16,16,"[[24.98, 149.58], [174.09, 298.69], [322.2, 446.8], [469.14, 593.74], [619.2, 743.8], [761.86, 886.46], [904.43, 1029.03], [1052.69, 1177.29], [1197.28, 1321.88], [1344.21, 1468.81], [1489.71, 1614.31], [1634.9, 1759.5], [1782.75, 1907.35], [1927.89, 2052.49], [2071.94, 2196.54], [2215.8, 2340.4]]","[[24.98, 149.58], [174.09, 298.69], [322.2, 446.8], [469.14, 593.74], [619.2, 743.8], [761.86, 886.46], [904.43, 1029.03], [1052.69, 1177.29], [1197.28, 1321.88], [1344.21, 1468.81], [1489.71, 1614.31], [1634.9, 1759.5], [1782.75, 1907.35], [1927.89, 2052.49], [2071.94, 2196.54], [2215.8, 2340.4]]",True,36846.76205742785,36846.76205742785,8948.2437718695,8948.2437718695,0.0,0.0,True,0.0,0.0,True,0.0
web_sessions/20260719_003026_campaign_radio_ebyte_e79_cc1352p/packet_tx/20260719_004559_radio_ebyte_e79_cc1352p/raw/run_00005.csv.gz,tx_p-20_rf_profile-SLR5_s1024,run_00005,SLR5,-20,1024,5,model_window_reanalysis,,primary_4_MAD,"[4.0, 3.0, 5.0]",[],[],True,16,16,16,"[[26.72, 151.32], [168.31, 292.91], [315.91, 440.51], [461.71, 586.31], [608.2, 732.8], [755.74, 880.34], [899.9, 1024.5], [1046.14, 1170.74], [1192.28, 1316.88], [1337.92, 1462.52], [1484.5, 1609.1], [1630.78, 1755.38], [1776.2, 1900.8], [1921.09, 2045.69], [2072.92, 2197.52], [2219.02, 2343.62]]","[[26.72, 151.32], [168.31, 292.91], [315.91, 440.51], [461.71, 586.31], [608.2, 732.8], [755.74, 880.34], [899.9, 1024.5], [1046.14, 1170.74], [1192.28, 1316.88], [1337.92, 1462.52], [1484.5, 1609.1], [1630.78, 1755.38], [1776.2, 1900.8], [1921.09, 2045.69], [2072.92, 2197.52], [2219.02, 2343.62]]",True,36820.67217183775,36820.67217183775,8947.055909091989,8947.055909091989,0.0,0.0,True,0.0,0.0,True,0.0
web_sessions/20260719_003026_campaign_radio_ebyte_e79_cc1352p/packet_tx/20260719_004814_radio_ebyte_e79_cc1352p/raw/run_00001.csv.gz,tx_p-20_rf_profile-OOK4K8_s128,run_00001,OOK4K8,-20,128,1,model_window_reanalysis,,primary_4_MAD,"[4.0, 3.0, 5.0]",[],[],True,2,2,2,"[[26.95, 156.62], [183.1, 312.76]]","[[26.95, 156.62], [183.1, 312.76]]",True,4709.436795510337,4709.436795510337,986.575902153089,986.575902153089,0.0,0.0,True,0.0,0.0,True,0.0
web_sessions/20260719_003026_campaign_radio_ebyte_e79_cc1352p/packet_tx/20260719_004814_radio_ebyte_e79_cc1352p/raw/run_00002.csv.gz,tx_p-20_rf_profile-OOK4K8_s128,run_00002,OOK4K8,-20,128,2,model_window_reanalysis,,primary_4_MAD,"[4.0, 3.0, 5.0]",[],[],True,2,2,2,"[[24.41, 154.08], [179.98, 309.64]]","[[24.41, 154.08], [179.98, 309.64]]",True,4690.487040677923,4690.487040677923,969.2879092981372,969.2879092981372,0.0,0.0,True,0.0,0.0,True,0.0
web_sessions/20260719_003026_campaign_radio_ebyte_e79_cc1352p/packet_tx/20260719_004814_radio_ebyte_e79_cc1352p/raw/run_00003.csv.gz,tx_p-20_rf_profile-OOK4K8_s128,run_00003,OOK4K8,-20,128,3,model_window_reanalysis,,primary_4_MAD,"[4.0, 3.0, 5.0]",[],[],True,2,2,2,"[[26.56, 156.23], [181.24, 310.9]]","[[26.56, 156.23], [181.24, 310.9]]",True,4720.043284773122,4720.043284773122,999.4961377891854,999.4961377891854,0.0,0.0,True,0.0,0.0,True,0.0
web_sessions/20260719_003026_campaign_radio_ebyte_e79_cc1352p/packet_tx/20260719_004814_radio_ebyte_e79_cc1352p/raw/run_00004.csv.gz,tx_p-20_rf_profile-OOK4K8_s128,run_00004,OOK4K8,-20,128,4,model_window_reanalysis,,primary_4_MAD,"[4.0, 3.0, 5.0]",[],[],True,2,2,2,"[[26.06, 155.73], [177.73, 307.39]]","[[26.06, 155.73], [177.73, 307.39]]",True,4718.330791946004,4718.330791946004,997.1656374981292,997.1656374981292,0.0,0.0,True,0.0,0.0,True,0.0
web_sessions/20260719_003026_campaign_radio_ebyte_e79_cc1352p/packet_tx/20260719_004814_radio_ebyte_e79_cc1352p/raw/run_00005.csv.gz,tx_p-20_rf_profile-OOK4K8_s128,run_00005,OOK4K8,-20,128,5,model_window_reanalysis,,primary_4_MAD,"[4.0, 3.0, 5.0]",[],[],True,2,2,2,"[[25.05, 154.72], [175.67, 305.33]]","[[25.05, 154.72], [175.67, 305.33]]",True,4708.747164886349,4708.747164886349,986.8831933302133,986.8831933302133,0.0,0.0,True,0.0,0.0,True,0.0
web_sessions/20260719_003026_campaign_radio_ebyte_e79_cc1352p/packet_tx/20260719_004842_radio_ebyte_e79_cc1352p/raw/run_00001.csv.gz,tx_p-20_rf_profile-OOK4K8_s512,run_00001,OOK4K8,-20,512,1,model_window_reanalysis,,primary_4_MAD,"[4.0, 3.0, 5.0]",[],[],True,8,8,8,"[[28.81, 158.48], [181.42, 311.09], [334.13, 463.8], [487.76, 617.43], [636.88, 766.55], [791.2, 920.86], [944.14, 1073.8], [1095.75, 1225.41]]","[[28.81, 158.48], [181.42, 311.09], [334.13, 463.8], [487.76, 617.43], [636.88, 766.55], [791.2, 920.86], [944.14, 1073.8], [1095.75, 1225.41]]",True,18842.833116318805,18842.833116318805,3952.098072603184,3952.098072603184,0.0,0.0,True,0.0,0.0,True,0.0
web_sessions/20260719_003026_campaign_radio_ebyte_e79_cc1352p/packet_tx/20260719_004842_radio_ebyte_e79_cc1352p/raw/run_00002.csv.gz,tx_p-20_rf_profile-OOK4K8_s512,run_00002,OOK4K8,-20,512,2,model_window_reanalysis,,primary_4_MAD,"[4.0, 3.0, 5.0]",[],[],True,8,8,8,"[[28.06, 157.73], [182.93, 312.6], [334.19, 463.86], [488.84, 618.51], [643.45, 773.12], [797.89, 927.55], [952.36, 1082.02], [1101.81, 1231.47]]","[[28.06, 157.73], [182.93, 312.6], [334.19, 463.86], [488.84, 618.51], [643.45, 773.12], [797.89, 927.55], [952.36, 1082.02], [1101.81, 1231.47]]",True,18838.271379783408,18838.271379783408,3966.044985892662,3966.044985892662,0.0,0.0,True,0.0,0.0,True,0.0
web_sessions/20260719_003026_campaign_radio_ebyte_e79_cc1352p/packet_tx/20260719_004842_radio_ebyte_e79_cc1352p/raw/run_00003.csv.gz,tx_p-20_rf_profile-OOK4K8_s512,run_00003,OOK4K8,-20,512,3,model_window_reanalysis,,primary_4_MAD,"[4.0, 3.0, 5.0]",[],[],True,8,8,8,"[[26.78, 156.45], [178.08, 307.75], [334.05, 463.72], [487.01, 616.68], [639.97, 769.64], [795.17, 924.83], [947.65, 1077.31], [1099.34, 1229.0]]","[[26.78, 156.45], [178.08, 307.75], [334.05, 463.72], [487.01, 616.68], [639.97, 769.64], [795.17, 924.83], [947.65, 1077.31], [1099.34, 1229.0]]",True,18831.77095554295,18831.77095554295,3950.283854336943,3950.283854336943,0.0,0.0,True,0.0,0.0,True,0.0
web_sessions/20260719_003026_campaign_radio_ebyte_e79_cc1352p/packet_tx/20260719_004842_radio_ebyte_e79_cc1352p/raw/run_00004.csv.gz,tx_p-20_rf_profile-OOK4K8_s512,run_00004,OOK4K8,-20,512,4,model_window_reanalysis,,primary_4_MAD,"[4.0, 3.0, 5.0]",[],[],True,8,8,8,"[[27.96, 157.63], [178.61, 308.28], [334.58, 464.25], [484.77, 614.44], [635.74, 765.41], [785.27, 914.93], [941.35, 1071.01], [1090.4, 1220.06]]","[[27.96, 157.63], [178.61, 308.28], [334.58, 464.25], [484.77, 614.44], [635.74, 765.41], [785.27, 914.93], [941.35, 1071.01], [1090.4, 1220.06]]",True,18828.233030674208,18828.233030674208,3954.035921197789,3954.035921197789,0.0,0.0,True,0.0,0.0,True,0.0
web_sessions/20260719_003026_campaign_radio_ebyte_e79_cc1352p/packet_tx/20260719_004842_radio_ebyte_e79_cc1352p/raw/run_00005.csv.gz,tx_p-20_rf_profile-OOK4K8_s512,run_00005,OOK4K8,-20,512,5,model_window_reanalysis,,primary_4_MAD,"[4.0, 3.0, 5.0]",[],[],True,8,8,8,"[[27.09, 156.76], [177.8, 307.47], [326.1, 455.77], [481.82, 611.49], [633.71, 763.38], [788.21, 917.87], [940.05, 1069.71], [1091.43, 1221.09]]","[[27.09, 156.76], [177.8, 307.47], [326.1, 455.77], [481.82, 611.49], [633.71, 763.38], [788.21, 917.87], [940.05, 1069.71], [1091.43, 1221.09]]",True,18815.063842144093,18815.063842144093,3940.2206477338127,3940.2206477338127,0.0,0.0,True,0.0,0.0,True,0.0
web_sessions/20260719_003026_campaign_radio_ebyte_e79_cc1352p/packet_tx/20260719_004921_radio_ebyte_e79_cc1352p/raw/run_00001.csv.gz,tx_p-20_rf_profile-OOK4K8_s1024,run_00001,OOK4K8,-20,1024,1,model_window_reanalysis,,primary_4_MAD,"[4.0, 3.0, 5.0]",[],[],True,16,16,16,"[[28.27, 157.94], [182.81, 312.48], [337.02, 466.69], [487.99, 617.66], [643.33, 773.0], [796.86, 926.53], [952.33, 1082.0], [1106.03, 1235.7], [1261.61, 1391.28], [1415.14, 1544.81], [1570.84, 1700.5], [1726.86, 1856.52], [1877.19, 2006.85], [2027.35, 2157.01], [2176.97, 2306.63], [2327.63, 2457.29]]","[[28.27, 157.94], [182.81, 312.48], [337.02, 466.69], [487.99, 617.66], [643.33, 773.0], [796.86, 926.53], [952.33, 1082.0], [1106.03, 1235.7], [1261.61, 1391.28], [1415.14, 1544.81], [1570.84, 1700.5], [1726.86, 1856.52], [1877.19, 2006.85], [2027.35, 2157.01], [2176.97, 2306.63], [2327.63, 2457.29]]",True,37019.32288266157,37019.32288266157,8020.2972018254,8020.2972018254,0.0,0.0,True,0.0,0.0,True,0.0
web_sessions/20260719_003026_campaign_radio_ebyte_e79_cc1352p/packet_tx/20260719_004921_radio_ebyte_e79_cc1352p/raw/run_00002.csv.gz,tx_p-20_rf_profile-OOK4K8_s1024,run_00002,OOK4K8,-20,1024,2,model_window_reanalysis,,primary_4_MAD,"[4.0, 3.0, 5.0]",[],[],True,16,16,16,"[[27.62, 157.29], [176.71, 306.38], [331.34, 461.01], [481.91, 611.58], [635.41, 765.08], [788.69, 918.36], [941.28, 1070.95], [1092.81, 1222.48], [1246.45, 1376.12], [1397.98, 1527.65], [1552.55, 1682.21], [1703.77, 1833.43], [1856.68, 1986.34], [2008.11, 2137.77], [2157.27, 2286.93], [2310.9, 2440.56]]","[[27.62, 157.29], [176.71, 306.38], [331.34, 461.01], [481.91, 611.58], [635.41, 765.08], [788.69, 918.36], [941.28, 1070.95], [1092.81, 1222.48], [1246.45, 1376.12], [1397.98, 1527.65], [1552.55, 1682.21], [1703.77, 1833.43], [1856.68, 1986.34], [2008.11, 2137.77], [2157.27, 2286.93], [2310.9, 2440.56]]",True,36925.9790644578,36925.9790644578,7977.771869160393,7977.771869160393,0.0,0.0,True,0.0,0.0,True,0.0
web_sessions/20260719_003026_campaign_radio_ebyte_e79_cc1352p/packet_tx/20260719_004921_radio_ebyte_e79_cc1352p/raw/run_00003.csv.gz,tx_p-20_rf_profile-OOK4K8_s1024,run_00003,OOK4K8,-20,1024,3,model_window_reanalysis,,primary_4_MAD,"[4.0, 3.0, 5.0]",[],[],True,16,16,16,"[[26.89, 156.56], [180.69, 310.36], [333.32, 462.99], [488.75, 618.42], [639.43, 769.1], [791.57, 921.24], [942.21, 1071.88], [1093.89, 1223.56], [1244.28, 1373.95], [1399.55, 1529.22], [1554.02, 1683.68], [1709.51, 1839.17], [1858.6, 1988.26], [2010.62, 2140.28], [2163.57, 2293.23], [2315.0, 2444.66]]","[[26.89, 156.56], [180.69, 310.36], [333.32, 462.99], [488.75, 618.42], [639.43, 769.1], [791.57, 921.24], [942.21, 1071.88], [1093.89, 1223.56], [1244.28, 1373.95], [1399.55, 1529.22], [1554.02, 1683.68], [1709.51, 1839.17], [1858.6, 1988.26], [2010.62, 2140.28], [2163.57, 2293.23], [2315.0, 2444.66]]",True,36997.86361243002,36997.86361243002,8052.6341441257755,8052.6341441257755,0.0,0.0,True,0.0,0.0,True,0.0
web_sessions/20260719_003026_campaign_radio_ebyte_e79_cc1352p/packet_tx/20260719_004921_radio_ebyte_e79_cc1352p/raw/run_00004.csv.gz,tx_p-20_rf_profile-OOK4K8_s1024,run_00004,OOK4K8,-20,1024,4,model_window_reanalysis,,primary_4_MAD,"[4.0, 3.0, 5.0]",[],[],True,16,16,16,"[[27.9, 157.57], [178.32, 307.99], [329.26, 458.93], [480.61, 610.28], [634.73, 764.4], [785.97, 915.64], [938.33, 1068.0], [1094.95, 1224.62], [1246.04, 1375.71], [1395.2, 1524.87], [1547.41, 1677.07], [1697.27, 1826.93], [1846.75, 1976.41], [2000.7, 2130.36], [2152.89, 2282.55], [2307.33, 2436.99]]","[[27.9, 157.57], [178.32, 307.99], [329.26, 458.93], [480.61, 610.28], [634.73, 764.4], [785.97, 915.64], [938.33, 1068.0], [1094.95, 1224.62], [1246.04, 1375.71], [1395.2, 1524.87], [1547.41, 1677.07], [1697.27, 1826.93], [1846.75, 1976.41], [2000.7, 2130.36], [2152.89, 2282.55], [2307.33, 2436.99]]",True,37014.87848053045,37014.87848053045,8043.84830991508,8043.84830991508,0.0,0.0,True,0.0,0.0,True,0.0
web_sessions/20260719_003026_campaign_radio_ebyte_e79_cc1352p/packet_tx/20260719_004921_radio_ebyte_e79_cc1352p/raw/run_00005.csv.gz,tx_p-20_rf_profile-OOK4K8_s1024,run_00005,OOK4K8,-20,1024,5,model_window_reanalysis,,primary_4_MAD,"[4.0, 3.0, 5.0]",[],[],True,16,16,16,"[[27.2, 156.87], [178.46, 308.13], [328.91, 458.58], [480.49, 610.16], [629.8, 759.47], [785.39, 915.06], [941.05, 1070.72], [1094.05, 1223.72], [1248.27, 1377.94], [1402.85, 1532.52], [1560.49, 1690.15], [1713.53, 1843.19], [1869.13, 1998.79], [2019.79, 2149.45], [2172.35, 2302.01], [2328.46, 2458.12]]","[[27.2, 156.87], [178.46, 308.13], [328.91, 458.58], [480.49, 610.16], [629.8, 759.47], [785.39, 915.06], [941.05, 1070.72], [1094.05, 1223.72], [1248.27, 1377.94], [1402.85, 1532.52], [1560.49, 1690.15], [1713.53, 1843.19], [1869.13, 1998.79], [2019.79, 2149.45], [2172.35, 2302.01], [2328.46, 2458.12]]",True,36953.263589666756,36953.263589666756,8010.5667012608765,8010.5667012608765,0.0,0.0,True,0.0,0.0,True,0.0
web_sessions/20260719_003026_campaign_radio_ebyte_e79_cc1352p/packet_tx/20260719_005136_radio_ebyte_e79_cc1352p/raw/run_00001.csv.gz,tx_p-20_rf_profile-IEEE154G50_s128,run_00001,IEEE154G50,-20,128,1,model_window_reanalysis,,primary_4_MAD,"[4.0, 3.0, 5.0]",[],[],True,2,2,2,"[[29.23, 44.71], [73.18, 88.66]]","[[29.23, 44.71], [73.18, 88.66]]",True,590.0344239926075,590.0344239926075,156.77916532421608,156.77916532421608,0.0,0.0,True,0.0,0.0,True,0.0
web_sessions/20260719_003026_campaign_radio_ebyte_e79_cc1352p/packet_tx/20260719_005136_radio_ebyte_e79_cc1352p/raw/run_00002.csv.gz,tx_p-20_rf_profile-IEEE154G50_s128,run_00002,IEEE154G50,-20,128,2,model_window_reanalysis,,primary_4_MAD,"[4.0, 3.0, 5.0]",[],[],True,2,2,2,"[[27.29, 42.77], [65.19, 80.67]]","[[27.29, 42.77], [65.19, 80.67]]",True,575.7600939165062,575.7600939165062,142.04058335821918,142.04058335821918,0.0,0.0,True,0.0,0.0,True,0.0
web_sessions/20260719_003026_campaign_radio_ebyte_e79_cc1352p/packet_tx/20260719_005136_radio_ebyte_e79_cc1352p/raw/run_00003.csv.gz,tx_p-20_rf_profile-IEEE154G50_s128,run_00003,IEEE154G50,-20,128,3,model_window_reanalysis,,primary_4_MAD,"[4.0, 3.0, 5.0]",[],[],True,2,2,2,"[[26.96, 42.44], [64.52, 80.0]]","[[26.96, 42.44], [64.52, 80.0]]",True,578.3881364579742,578.3881364579742,144.6681594364125,144.6681594364125,0.0,0.0,True,0.0,0.0,True,0.0
web_sessions/20260719_003026_campaign_radio_ebyte_e79_cc1352p/packet_tx/20260719_005136_radio_ebyte_e79_cc1352p/raw/run_00004.csv.gz,tx_p-20_rf_profile-IEEE154G50_s128,run_00004,IEEE154G50,-20,128,4,model_window_reanalysis,,primary_4_MAD,"[4.0, 3.0, 5.0]",[],[],True,2,2,2,"[[27.07, 42.55], [65.84, 81.32]]","[[27.07, 42.55], [65.84, 81.32]]",True,584.5278012434668,584.5278012434668,150.34573026947945,150.34573026947945,0.0,0.0,True,0.0,0.0,True,0.0
web_sessions/20260719_003026_campaign_radio_ebyte_e79_cc1352p/packet_tx/20260719_005136_radio_ebyte_e79_cc1352p/raw/run_00005.csv.gz,tx_p-20_rf_profile-IEEE154G50_s128,run_00005,IEEE154G50,-20,128,5,model_window_reanalysis,,primary_4_MAD,"[4.0, 3.0, 5.0]",[],[],True,2,2,2,"[[28.71, 44.19], [66.77, 82.25]]","[[28.71, 44.19], [66.77, 82.25]]",True,578.9201439389465,578.9201439389465,144.86383963563517,144.86383963563517,0.0,0.0,True,0.0,0.0,True,0.0
web_sessions/20260719_003026_campaign_radio_ebyte_e79_cc1352p/packet_tx/20260719_005204_radio_ebyte_e79_cc1352p/raw/run_00001.csv.gz,tx_p-20_rf_profile-IEEE154G50_s512,run_00001,IEEE154G50,-20,512,1,model_window_reanalysis,,primary_4_MAD,"[4.0, 3.0, 5.0]",[],[],True,8,8,8,"[[28.5, 43.98], [67.33, 82.81], [105.17, 120.65], [147.9, 163.38], [186.42, 201.9], [228.8, 244.28], [271.64, 287.12], [313.84, 329.32]]","[[28.5, 43.98], [67.33, 82.81], [105.17, 120.65], [147.9, 163.38], [186.42, 201.9], [228.8, 244.28], [271.64, 287.12], [313.84, 329.32]]",True,2345.7817039278025,2345.7817039278025,613.3738213401717,613.3738213401717,0.0,0.0,True,0.0,0.0,True,0.0
web_sessions/20260719_003026_campaign_radio_ebyte_e79_cc1352p/packet_tx/20260719_005204_radio_ebyte_e79_cc1352p/raw/run_00002.csv.gz,tx_p-20_rf_profile-IEEE154G50_s512,run_00002,IEEE154G50,-20,512,2,model_window_reanalysis,,primary_4_MAD,"[4.0, 3.0, 5.0]",[],[],True,8,8,8,"[[26.35, 41.83], [64.54, 80.02], [107.2, 122.68], [145.12, 160.6], [183.18, 198.66], [221.22, 236.7], [262.94, 278.42], [300.89, 316.37]]","[[26.35, 41.83], [64.54, 80.02], [107.2, 122.68], [145.12, 160.6], [183.18, 198.66], [221.22, 236.7], [262.94, 278.42], [300.89, 316.37]]",True,2332.1781005619655,2332.1781005619655,596.7465784353225,596.7465784353225,0.0,0.0,True,0.0,0.0,True,0.0
web_sessions/20260719_003026_campaign_radio_ebyte_e79_cc1352p/packet_tx/20260719_005204_radio_ebyte_e79_cc1352p/raw/run_00003.csv.gz,tx_p-20_rf_profile-IEEE154G50_s512,run_00003,IEEE154G50,-20,512,3,model_window_reanalysis,,primary_4_MAD,"[4.0, 3.0, 5.0]",[],[],True,8,8,8,"[[26.22, 41.7], [63.7, 79.18], [100.85, 116.33], [138.75, 154.23], [176.73, 192.21], [214.2, 229.68], [252.23, 267.71], [290.63, 306.11]]","[[26.22, 41.7], [63.7, 79.18], [100.85, 116.33], [138.75, 154.23], [176.73, 192.21], [214.2, 229.68], [252.23, 267.71], [290.63, 306.11]]",True,2315.180000626976,2315.180000626976,575.2444357987025,575.2444357987025,0.0,0.0,True,0.0,0.0,True,0.0
web_sessions/20260719_003026_campaign_radio_ebyte_e79_cc1352p/packet_tx/20260719_005204_radio_ebyte_e79_cc1352p/raw/run_00004.csv.gz,tx_p-20_rf_profile-IEEE154G50_s512,run_00004,IEEE154G50,-20,512,4,model_window_reanalysis,,primary_4_MAD,"[4.0, 3.0, 5.0]",[],[],True,8,8,8,"[[26.94, 42.42], [65.62, 81.1], [107.53, 123.01], [149.71, 165.19], [191.94, 207.42], [234.86, 250.34], [271.83, 287.31], [310.33, 325.81]]","[[26.94, 42.42], [65.62, 81.1], [107.53, 123.01], [149.71, 165.19], [191.94, 207.42], [234.86, 250.34], [271.83, 287.31], [310.33, 325.81]]",True,2335.4917686965705,2335.4917686965705,602.3455481601393,602.3455481601393,0.0,0.0,True,0.0,0.0,True,0.0
web_sessions/20260719_003026_campaign_radio_ebyte_e79_cc1352p/packet_tx/20260719_005204_radio_ebyte_e79_cc1352p/raw/run_00005.csv.gz,tx_p-20_rf_profile-IEEE154G50_s512,run_00005,IEEE154G50,-20,512,5,model_window_reanalysis,,primary_4_MAD,"[4.0, 3.0, 5.0]",[],[],True,8,8,8,"[[27.38, 42.86], [65.4, 80.88], [102.32, 117.8], [140.44, 155.92], [178.01, 193.49], [216.57, 232.05], [254.87, 270.35], [296.69, 312.17]]","[[27.38, 42.86], [65.4, 80.88], [102.32, 117.8], [140.44, 155.92], [178.01, 193.49], [216.57, 232.05], [254.87, 270.35], [296.69, 312.17]]",True,2324.9209082291018,2324.9209082291018,589.8376846245889,589.8376846245889,0.0,0.0,True,0.0,0.0,True,0.0
web_sessions/20260719_003026_campaign_radio_ebyte_e79_cc1352p/packet_tx/20260719_005232_radio_ebyte_e79_cc1352p/raw/run_00001.csv.gz,tx_p-20_rf_profile-IEEE154G50_s1024,run_00001,IEEE154G50,-20,1024,1,model_window_reanalysis,,primary_4_MAD,"[4.0, 3.0, 5.0]",[],[],True,16,16,16,"[[28.01, 43.49], [65.73, 81.21], [108.89, 124.37], [148.73, 164.21], [186.61, 202.09], [226.09, 241.57], [264.04, 279.52], [307.32, 322.8], [344.6, 360.08], [382.48, 397.96], [420.84, 436.32], [457.82, 473.3], [495.52, 511.0], [534.01, 549.49], [571.17, 586.65], [608.65, 624.13]]","[[28.01, 43.49], [65.73, 81.21], [108.89, 124.37], [148.73, 164.21], [186.61, 202.09], [226.09, 241.57], [264.04, 279.52], [307.32, 322.8], [344.6, 360.08], [382.48, 397.96], [420.84, 436.32], [457.82, 473.3], [495.52, 511.0], [534.01, 549.49], [571.17, 586.65], [608.65, 624.13]]",True,4719.714615628235,4719.714615628235,1117.3321581941018,1117.3321581941018,0.0,0.0,True,0.0,0.0,True,0.0
web_sessions/20260719_003026_campaign_radio_ebyte_e79_cc1352p/packet_tx/20260719_005232_radio_ebyte_e79_cc1352p/raw/run_00002.csv.gz,tx_p-20_rf_profile-IEEE154G50_s1024,run_00002,IEEE154G50,-20,1024,2,model_window_reanalysis,,primary_4_MAD,"[4.0, 3.0, 5.0]",[],[],True,16,16,16,"[[27.82, 43.3], [66.84, 82.32], [104.33, 119.81], [141.88, 157.36], [179.5, 194.98], [217.56, 233.04], [255.56, 271.04], [295.12, 310.6], [333.97, 349.45], [376.52, 392.0], [413.66, 429.14], [450.75, 466.23], [488.25, 503.73], [526.34, 541.82], [562.74, 578.22], [605.29, 620.77]]","[[27.82, 43.3], [66.84, 82.32], [104.33, 119.81], [141.88, 157.36], [179.5, 194.98], [217.56, 233.04], [255.56, 271.04], [295.12, 310.6], [333.97, 349.45], [376.52, 392.0], [413.66, 429.14], [450.75, 466.23], [488.25, 503.73], [526.34, 541.82], [562.74, 578.22], [605.29, 620.77]]",True,4704.548568494309,4704.548568494309,1106.3949021454632,1106.3949021454632,0.0,0.0,True,0.0,0.0,True,0.0
web_sessions/20260719_003026_campaign_radio_ebyte_e79_cc1352p/packet_tx/20260719_005232_radio_ebyte_e79_cc1352p/raw/run_00003.csv.gz,tx_p-20_rf_profile-IEEE154G50_s1024,run_00003,IEEE154G50,-20,1024,3,model_window_reanalysis,,primary_4_MAD,"[4.0, 3.0, 5.0]",[],[],True,16,16,16,"[[27.37, 42.85], [64.25, 79.73], [106.03, 121.51], [144.54, 160.02], [182.63, 198.11], [220.17, 235.65], [261.99, 277.47], [299.53, 315.01], [343.03, 358.51], [380.51, 395.99], [423.49, 438.97], [462.01, 477.49], [499.43, 514.91], [541.36, 556.84], [578.77, 594.25], [620.77, 636.25]]","[[27.37, 42.85], [64.25, 79.73], [106.03, 121.51], [144.54, 160.02], [182.63, 198.11], [220.17, 235.65], [261.99, 277.47], [299.53, 315.01], [343.03, 358.51], [380.51, 395.99], [423.49, 438.97], [462.01, 477.49], [499.43, 514.91], [541.36, 556.84], [578.77, 594.25], [620.77, 636.25]]",True,4697.601891874597,4697.601891874597,1099.234184706081,1099.234184706081,0.0,0.0,True,0.0,0.0,True,0.0
web_sessions/20260719_003026_campaign_radio_ebyte_e79_cc1352p/packet_tx/20260719_005232_radio_ebyte_e79_cc1352p/raw/run_00004.csv.gz,tx_p-20_rf_profile-IEEE154G50_s1024,run_00004,IEEE154G50,-20,1024,4,model_window_reanalysis,,primary_4_MAD,"[4.0, 3.0, 5.0]",[],[],True,16,16,16,"[[26.36, 41.84], [63.4, 78.88], [100.85, 116.33], [140.36, 155.84], [177.69, 193.17], [220.03, 235.51], [257.63, 273.11], [301.17, 316.65], [339.23, 354.71], [377.19, 392.67], [414.66, 430.14], [452.11, 467.59], [489.74, 505.22], [528.83, 544.31], [566.52, 582.0], [604.46, 619.94]]","[[26.36, 41.84], [63.4, 78.88], [100.85, 116.33], [140.36, 155.84], [177.69, 193.17], [220.03, 235.51], [257.63, 273.11], [301.17, 316.65], [339.23, 354.71], [377.19, 392.67], [414.66, 430.14], [452.11, 467.59], [489.74, 505.22], [528.83, 544.31], [566.52, 582.0], [604.46, 619.94]]",True,4717.588918530546,4717.588918530546,1119.8627478528329,1119.8627478528329,0.0,0.0,True,0.0,0.0,True,0.0
web_sessions/20260719_003026_campaign_radio_ebyte_e79_cc1352p/packet_tx/20260719_005232_radio_ebyte_e79_cc1352p/raw/run_00005.csv.gz,tx_p-20_rf_profile-IEEE154G50_s1024,run_00005,IEEE154G50,-20,1024,5,model_window_reanalysis,,primary_4_MAD,"[4.0, 3.0, 5.0]",[],[],True,16,16,16,"[[28.35, 43.83], [70.82, 86.3], [108.88, 124.36], [151.76, 167.24], [189.87, 205.35], [227.39, 242.87], [269.48, 284.96], [307.27, 322.75], [345.29, 360.77], [382.99, 398.47], [422.02, 437.5], [459.48, 474.96], [497.6, 513.08], [541.11, 556.59], [583.89, 599.37], [620.92, 636.4]]","[[28.35, 43.83], [70.82, 86.3], [108.88, 124.36], [151.76, 167.24], [189.87, 205.35], [227.39, 242.87], [269.48, 284.96], [307.27, 322.75], [345.29, 360.77], [382.99, 398.47], [422.02, 437.5], [459.48, 474.96], [497.6, 513.08], [541.11, 556.59], [583.89, 599.37], [620.92, 636.4]]",True,4699.398299713757,4699.398299713757,1103.4996418838716,1103.4996418838716,0.0,0.0,True,0.0,0.0,True,0.0
web_sessions/20260719_003026_campaign_radio_ebyte_e79_cc1352p/packet_tx/20260719_005447_radio_ebyte_e79_cc1352p/raw/run_00001.csv.gz,tx_p0_rf_profile-GFSK4K8_s128,run_00001,GFSK4K8,0,128,1,model_window_reanalysis,,primary_4_MAD,"[4.0, 3.0, 5.0]",[],[],True,2,2,2,"[[29.35, 159.02], [182.83, 312.49]]","[[29.35, 159.02], [182.83, 312.49]]",True,6567.271375631723,6567.271375631723,2419.2259576001857,2419.2259576001857,0.0,0.0,True,0.0,0.0,True,0.0
web_sessions/20260719_003026_campaign_radio_ebyte_e79_cc1352p/packet_tx/20260719_005447_radio_ebyte_e79_cc1352p/raw/run_00002.csv.gz,tx_p0_rf_profile-GFSK4K8_s128,run_00002,GFSK4K8,0,128,2,model_window_reanalysis,,primary_4_MAD,"[4.0, 3.0, 5.0]",[],[],True,2,2,2,"[[27.23, 156.9], [181.67, 311.33]]","[[27.23, 156.9], [181.67, 311.33]]",True,6551.984003144868,6551.984003144868,2408.4747274259757,2408.4747274259757,0.0,0.0,True,0.0,0.0,True,0.0
web_sessions/20260719_003026_campaign_radio_ebyte_e79_cc1352p/packet_tx/20260719_005447_radio_ebyte_e79_cc1352p/raw/run_00003.csv.gz,tx_p0_rf_profile-GFSK4K8_s128,run_00003,GFSK4K8,0,128,3,model_window_reanalysis,,primary_4_MAD,"[4.0, 3.0, 5.0]",[],[],True,2,2,2,"[[27.08, 156.75], [183.15, 312.81]]","[[27.08, 156.75], [183.15, 312.81]]",True,6562.874690004894,6562.874690004894,2418.8689949065406,2418.8689949065406,0.0,0.0,True,0.0,0.0,True,0.0
web_sessions/20260719_003026_campaign_radio_ebyte_e79_cc1352p/packet_tx/20260719_005447_radio_ebyte_e79_cc1352p/raw/run_00004.csv.gz,tx_p0_rf_profile-GFSK4K8_s128,run_00004,GFSK4K8,0,128,4,model_window_reanalysis,,primary_4_MAD,"[4.0, 3.0, 5.0]",[],[],True,2,2,2,"[[27.27, 156.94], [181.44, 311.1]]","[[27.27, 156.94], [181.44, 311.1]]",True,6559.034795190993,6559.034795190993,2414.852170157477,2414.852170157477,0.0,0.0,True,0.0,0.0,True,0.0
web_sessions/20260719_003026_campaign_radio_ebyte_e79_cc1352p/packet_tx/20260719_005447_radio_ebyte_e79_cc1352p/raw/run_00005.csv.gz,tx_p0_rf_profile-GFSK4K8_s128,run_00005,GFSK4K8,0,128,5,model_window_reanalysis,,primary_4_MAD,"[4.0, 3.0, 5.0]",[],[],True,2,2,2,"[[26.43, 156.1], [182.82, 312.48]]","[[26.43, 156.1], [182.82, 312.48]]",True,6563.04801405616,6563.04801405616,2418.114915684042,2418.114915684042,0.0,0.0,True,0.0,0.0,True,0.0
web_sessions/20260719_003026_campaign_radio_ebyte_e79_cc1352p/packet_tx/20260719_005516_radio_ebyte_e79_cc1352p/raw/run_00001.csv.gz,tx_p0_rf_profile-GFSK4K8_s512,run_00001,GFSK4K8,0,512,1,model_window_reanalysis,,primary_4_MAD,"[4.0, 3.0, 5.0]",[],[],True,8,8,8,"[[27.57, 157.24], [183.28, 312.95], [336.62, 466.29], [488.94, 618.61], [642.32, 771.99], [796.97, 926.63], [952.21, 1081.87], [1105.93, 1235.59]]","[[27.57, 157.24], [183.28, 312.95], [336.62, 466.29], [488.94, 618.61], [642.32, 771.99], [796.97, 926.63], [952.21, 1081.87], [1105.93, 1235.59]]",True,26127.263334835225,26127.263334835225,9550.916911851282,9550.916911851282,0.0,0.0,True,0.0,0.0,True,0.0
web_sessions/20260719_003026_campaign_radio_ebyte_e79_cc1352p/packet_tx/20260719_005516_radio_ebyte_e79_cc1352p/raw/run_00002.csv.gz,tx_p0_rf_profile-GFSK4K8_s512,run_00002,GFSK4K8,0,512,2,model_window_reanalysis,,primary_4_MAD,"[4.0, 3.0, 5.0]",[],[],True,8,8,8,"[[26.65, 156.32], [181.32, 310.99], [335.04, 464.71], [489.66, 619.33], [646.22, 775.89], [802.46, 932.12], [957.77, 1087.43], [1110.46, 1240.12]]","[[26.65, 156.32], [181.32, 310.99], [335.04, 464.71], [489.66, 619.33], [646.22, 775.89], [802.46, 932.12], [957.77, 1087.43], [1110.46, 1240.12]]",True,26036.452100066177,26036.452100066177,9494.726776172058,9494.726776172058,0.0,0.0,True,0.0,0.0,True,0.0
web_sessions/20260719_003026_campaign_radio_ebyte_e79_cc1352p/packet_tx/20260719_005516_radio_ebyte_e79_cc1352p/raw/run_00003.csv.gz,tx_p0_rf_profile-GFSK4K8_s512,run_00003,GFSK4K8,0,512,3,model_window_reanalysis,,primary_4_MAD,"[4.0, 3.0, 5.0]",[],[],True,8,8,8,"[[27.45, 157.12], [182.76, 312.43], [337.97, 467.64], [494.65, 624.32], [646.82, 776.49], [799.39, 929.05], [954.8, 1084.46], [1110.51, 1240.17]]","[[27.45, 157.12], [182.76, 312.43], [337.97, 467.64], [494.65, 624.32], [646.82, 776.49], [799.39, 929.05], [954.8, 1084.46], [1110.51, 1240.17]]",True,26040.832870663562,26040.832870663562,9482.7105124618,9482.7105124618,0.0,0.0,True,0.0,0.0,True,0.0
web_sessions/20260719_003026_campaign_radio_ebyte_e79_cc1352p/packet_tx/20260719_005516_radio_ebyte_e79_cc1352p/raw/run_00004.csv.gz,tx_p0_rf_profile-GFSK4K8_s512,run_00004,GFSK4K8,0,512,4,model_window_reanalysis,,primary_4_MAD,"[4.0, 3.0, 5.0]",[],[],True,8,8,8,"[[26.88, 156.55], [182.6, 312.27], [337.28, 466.95], [491.93, 621.6], [642.99, 772.66], [796.2, 925.86], [949.92, 1079.58], [1105.61, 1235.27]]","[[26.88, 156.55], [182.6, 312.27], [337.28, 466.95], [491.93, 621.6], [642.99, 772.66], [796.2, 925.86], [949.92, 1079.58], [1105.61, 1235.27]]",True,26036.188691075626,26036.188691075626,9493.351982480748,9493.351982480748,0.0,0.0,True,0.0,0.0,True,0.0
web_sessions/20260719_003026_campaign_radio_ebyte_e79_cc1352p/packet_tx/20260719_005516_radio_ebyte_e79_cc1352p/raw/run_00005.csv.gz,tx_p0_rf_profile-GFSK4K8_s512,run_00005,GFSK4K8,0,512,5,model_window_reanalysis,,primary_4_MAD,"[4.0, 3.0, 5.0]",[],[],True,8,8,8,"[[27.38, 157.05], [182.58, 312.25], [340.27, 469.94], [493.04, 622.71], [645.64, 775.31], [799.23, 928.89], [953.8, 1083.46], [1108.47, 1238.13]]","[[27.38, 157.05], [182.58, 312.25], [340.27, 469.94], [493.04, 622.71], [645.64, 775.31], [799.23, 928.89], [953.8, 1083.46], [1108.47, 1238.13]]",True,26032.258704612446,26032.258704612446,9488.600451518354,9488.600451518354,0.0,0.0,True,0.0,0.0,True,0.0
web_sessions/20260719_003026_campaign_radio_ebyte_e79_cc1352p/packet_tx/20260719_005554_radio_ebyte_e79_cc1352p/raw/run_00001.csv.gz,tx_p0_rf_profile-GFSK4K8_s1024,run_00001,GFSK4K8,0,1024,1,model_window_reanalysis,,primary_4_MAD,"[4.0, 3.0, 5.0]",[],[],True,16,16,16,"[[28.38, 158.05], [179.34, 309.01], [333.58, 463.25], [486.82, 616.49], [639.38, 769.05], [791.92, 921.59], [946.97, 1076.64], [1101.6, 1231.27], [1254.11, 1383.78], [1409.41, 1539.08], [1564.77, 1694.43], [1717.89, 1847.55], [1874.14, 2003.8], [2029.67, 2159.33], [2181.05, 2310.71], [2336.21, 2465.87]]","[[28.38, 158.05], [179.34, 309.01], [333.58, 463.25], [486.82, 616.49], [639.38, 769.05], [791.92, 921.59], [946.97, 1076.64], [1101.6, 1231.27], [1254.11, 1383.78], [1409.41, 1539.08], [1564.77, 1694.43], [1717.89, 1847.55], [1874.14, 2003.8], [2029.67, 2159.33], [2181.05, 2310.71], [2336.21, 2465.87]]",True,52090.11662199485,52090.11662199485,18951.31935531344,18951.31935531344,0.0,0.0,True,0.0,0.0,True,0.0
web_sessions/20260719_003026_campaign_radio_ebyte_e79_cc1352p/packet_tx/20260719_005554_radio_ebyte_e79_cc1352p/raw/run_00002.csv.gz,tx_p0_rf_profile-GFSK4K8_s1024,run_00002,GFSK4K8,0,1024,2,model_window_reanalysis,,primary_4_MAD,"[4.0, 3.0, 5.0]",[],[],True,16,16,16,"[[26.53, 156.2], [180.73, 310.4], [332.39, 462.06], [485.66, 615.33], [641.03, 770.7], [796.18, 925.85], [950.81, 1080.48], [1105.07, 1234.74], [1259.33, 1389.0], [1414.33, 1544.0], [1569.25, 1698.91], [1723.48, 1853.14], [1877.89, 2007.55], [2031.57, 2161.23], [2187.95, 2317.61], [2342.37, 2472.03]]","[[26.53, 156.2], [180.73, 310.4], [332.39, 462.06], [485.66, 615.33], [641.03, 770.7], [796.18, 925.85], [950.81, 1080.48], [1105.07, 1234.74], [1259.33, 1389.0], [1414.33, 1544.0], [1569.25, 1698.91], [1723.48, 1853.14], [1877.89, 2007.55], [2031.57, 2161.23], [2187.95, 2317.61], [2342.37, 2472.03]]",True,52212.98476115627,52212.98476115627,19126.88804431909,19126.88804431909,0.0,0.0,True,0.0,0.0,True,0.0
web_sessions/20260719_003026_campaign_radio_ebyte_e79_cc1352p/packet_tx/20260719_005554_radio_ebyte_e79_cc1352p/raw/run_00003.csv.gz,tx_p0_rf_profile-GFSK4K8_s1024,run_00003,GFSK4K8,0,1024,3,model_window_reanalysis,,primary_4_MAD,"[4.0, 3.0, 5.0]",[],[],True,16,16,16,"[[27.85, 157.52], [182.39, 312.06], [335.66, 465.33], [490.24, 619.91], [644.54, 774.21], [799.96, 929.63], [954.44, 1084.11], [1110.16, 1239.83], [1266.86, 1396.53], [1418.32, 1547.99], [1571.4, 1701.06], [1725.89, 1855.55], [1880.6, 2010.26], [2036.0, 2165.66], [2191.69, 2321.35], [2341.96, 2471.62]]","[[27.85, 157.52], [182.39, 312.06], [335.66, 465.33], [490.24, 619.91], [644.54, 774.21], [799.96, 929.63], [954.44, 1084.11], [1110.16, 1239.83], [1266.86, 1396.53], [1418.32, 1547.99], [1571.4, 1701.06], [1725.89, 1855.55], [1880.6, 2010.26], [2036.0, 2165.66], [2191.69, 2321.35], [2341.96, 2471.62]]",True,52173.19203773137,52173.19203773137,19088.40655061377,19088.40655061377,0.0,0.0,True,0.0,0.0,True,0.0
web_sessions/20260719_003026_campaign_radio_ebyte_e79_cc1352p/packet_tx/20260719_005554_radio_ebyte_e79_cc1352p/raw/run_00004.csv.gz,tx_p0_rf_profile-GFSK4K8_s1024,run_00004,GFSK4K8,0,1024,4,model_window_reanalysis,,primary_4_MAD,"[4.0, 3.0, 5.0]",[],[],True,16,16,16,"[[27.7, 157.37], [183.83, 313.5], [335.18, 464.85], [491.93, 621.6], [646.76, 776.43], [799.3, 928.97], [951.27, 1080.94], [1105.52, 1235.19], [1256.63, 1386.3], [1408.06, 1537.73], [1561.63, 1691.29], [1714.74, 1844.4], [1866.44, 1996.1], [2022.07, 2151.73], [2173.96, 2303.62], [2329.07, 2458.73]]","[[27.7, 157.37], [183.83, 313.5], [335.18, 464.85], [491.93, 621.6], [646.76, 776.43], [799.3, 928.97], [951.27, 1080.94], [1105.52, 1235.19], [1256.63, 1386.3], [1408.06, 1537.73], [1561.63, 1691.29], [1714.74, 1844.4], [1866.44, 1996.1], [2022.07, 2151.73], [2173.96, 2303.62], [2329.07, 2458.73]]",True,52108.39584176662,52108.39584176662,19021.003061091546,19021.003061091546,0.0,0.0,True,0.0,0.0,True,0.0
web_sessions/20260719_003026_campaign_radio_ebyte_e79_cc1352p/packet_tx/20260719_005554_radio_ebyte_e79_cc1352p/raw/run_00005.csv.gz,tx_p0_rf_profile-GFSK4K8_s1024,run_00005,GFSK4K8,0,1024,5,model_window_reanalysis,,primary_4_MAD,"[4.0, 3.0, 5.0]",[],[],True,16,16,16,"[[26.18, 155.85], [180.18, 309.85], [335.53, 465.2], [487.81, 617.48], [638.46, 768.13], [794.58, 924.25], [945.5, 1075.17], [1098.42, 1228.09], [1252.55, 1382.22], [1404.61, 1534.28], [1555.97, 1685.63], [1708.19, 1837.85], [1864.75, 1994.41], [2020.02, 2149.68], [2173.58, 2303.24], [2327.62, 2457.28]]","[[26.18, 155.85], [180.18, 309.85], [335.53, 465.2], [487.81, 617.48], [638.46, 768.13], [794.58, 924.25], [945.5, 1075.17], [1098.42, 1228.09], [1252.55, 1382.22], [1404.61, 1534.28], [1555.97, 1685.63], [1708.19, 1837.85], [1864.75, 1994.41], [2020.02, 2149.68], [2173.58, 2303.24], [2327.62, 2457.28]]",True,52104.55655182473,52104.55655182473,19015.320777128054,19015.320777128054,0.0,0.0,True,0.0,0.0,True,0.0
web_sessions/20260719_003026_campaign_radio_ebyte_e79_cc1352p/packet_tx/20260719_005809_radio_ebyte_e79_cc1352p/raw/run_00001.csv.gz,tx_p0_rf_profile-GFSK50_s128,run_00001,GFSK50,0,128,1,model_window_reanalysis,,primary_4_MAD,"[4.0, 3.0, 5.0]",[],[],True,2,2,2,"[[29.41, 44.57], [66.61, 81.77]]","[[29.41, 44.57], [66.61, 81.77]]",True,701.2851335472958,701.2851335472958,257.54432281486834,257.54432281486834,0.0,0.0,True,0.0,0.0,True,0.0
web_sessions/20260719_003026_campaign_radio_ebyte_e79_cc1352p/packet_tx/20260719_005809_radio_ebyte_e79_cc1352p/raw/run_00002.csv.gz,tx_p0_rf_profile-GFSK50_s128,run_00002,GFSK50,0,128,2,model_window_reanalysis,,primary_4_MAD,"[4.0, 3.0, 5.0]",[],[],True,2,2,2,"[[26.78, 41.94], [63.79, 78.95]]","[[26.78, 41.94], [63.79, 78.95]]",True,709.4148426867498,709.4148426867498,266.74130836187186,266.74130836187186,0.0,0.0,True,0.0,0.0,True,0.0
web_sessions/20260719_003026_campaign_radio_ebyte_e79_cc1352p/packet_tx/20260719_005809_radio_ebyte_e79_cc1352p/raw/run_00003.csv.gz,tx_p0_rf_profile-GFSK50_s128,run_00003,GFSK50,0,128,3,model_window_reanalysis,,primary_4_MAD,"[4.0, 3.0, 5.0]",[],[],True,2,2,2,"[[28.88, 44.04], [70.07, 85.23]]","[[28.88, 44.04], [70.07, 85.23]]",True,703.7331419700794,703.7331419700794,260.89773778170814,260.89773778170814,0.0,0.0,True,0.0,0.0,True,0.0
web_sessions/20260719_003026_campaign_radio_ebyte_e79_cc1352p/packet_tx/20260719_005809_radio_ebyte_e79_cc1352p/raw/run_00004.csv.gz,tx_p0_rf_profile-GFSK50_s128,run_00004,GFSK50,0,128,4,model_window_reanalysis,,primary_4_MAD,"[4.0, 3.0, 5.0]",[],[],True,2,2,2,"[[26.77, 41.93], [69.96, 85.12]]","[[26.77, 41.93], [69.96, 85.12]]",True,703.628858511343,703.628858511343,260.054450931913,260.054450931913,0.0,0.0,True,0.0,0.0,True,0.0
web_sessions/20260719_003026_campaign_radio_ebyte_e79_cc1352p/packet_tx/20260719_005809_radio_ebyte_e79_cc1352p/raw/run_00005.csv.gz,tx_p0_rf_profile-GFSK50_s128,run_00005,GFSK50,0,128,5,model_window_reanalysis,,primary_4_MAD,"[4.0, 3.0, 5.0]",[],[],True,2,2,2,"[[27.71, 42.87], [65.87, 81.03]]","[[27.71, 42.87], [65.87, 81.03]]",True,706.7686322008711,706.7686322008711,263.77459112798357,263.77459112798357,0.0,0.0,True,0.0,0.0,True,0.0
web_sessions/20260719_003026_campaign_radio_ebyte_e79_cc1352p/packet_tx/20260719_005837_radio_ebyte_e79_cc1352p/raw/run_00001.csv.gz,tx_p0_rf_profile-GFSK50_s512,run_00001,GFSK50,0,512,1,model_window_reanalysis,,primary_4_MAD,"[4.0, 3.0, 5.0]",[],[],True,8,8,8,"[[27.4, 42.56], [64.6, 79.76], [103.13, 118.29], [141.27, 156.43], [179.77, 194.93], [216.81, 231.97], [256.21, 271.37], [297.81, 312.97]]","[[27.4, 42.56], [64.6, 79.76], [103.13, 118.29], [141.27, 156.43], [179.77, 194.93], [216.81, 231.97], [256.21, 271.37], [297.81, 312.97]]",True,2822.13774298017,2822.13774298017,1046.5380500991937,1046.5380500991937,0.0,0.0,True,0.0,0.0,True,0.0
web_sessions/20260719_003026_campaign_radio_ebyte_e79_cc1352p/packet_tx/20260719_005837_radio_ebyte_e79_cc1352p/raw/run_00002.csv.gz,tx_p0_rf_profile-GFSK50_s512,run_00002,GFSK50,0,512,2,model_window_reanalysis,,primary_4_MAD,"[4.0, 3.0, 5.0]",[],[],True,8,8,8,"[[27.02, 42.18], [64.79, 79.95], [102.0, 117.16], [139.58, 154.74], [176.74, 191.9], [214.7, 229.86], [252.6, 267.76], [290.64, 305.8]]","[[27.02, 42.18], [64.79, 79.95], [102.0, 117.16], [139.58, 154.74], [176.74, 191.9], [214.7, 229.86], [252.6, 267.76], [290.64, 305.8]]",True,2809.643135566121,2809.643135566121,1034.3803844228644,1034.3803844228644,0.0,0.0,True,0.0,0.0,True,0.0
web_sessions/20260719_003026_campaign_radio_ebyte_e79_cc1352p/packet_tx/20260719_005837_radio_ebyte_e79_cc1352p/raw/run_00003.csv.gz,tx_p0_rf_profile-GFSK50_s512,run_00003,GFSK50,0,512,3,model_window_reanalysis,,primary_4_MAD,"[4.0, 3.0, 5.0]",[],[],True,8,8,8,"[[26.52, 41.68], [64.36, 79.52], [102.33, 117.49], [141.1, 156.26], [180.6, 195.76], [223.5, 238.66], [261.38, 276.54], [298.57, 313.73]]","[[26.52, 41.68], [64.36, 79.52], [102.33, 117.49], [141.1, 156.26], [180.6, 195.76], [223.5, 238.66], [261.38, 276.54], [298.57, 313.73]]",True,2822.573631164056,2822.573631164056,1047.1993880544323,1047.1993880544323,0.0,0.0,True,0.0,0.0,True,0.0
web_sessions/20260719_003026_campaign_radio_ebyte_e79_cc1352p/packet_tx/20260719_005837_radio_ebyte_e79_cc1352p/raw/run_00004.csv.gz,tx_p0_rf_profile-GFSK50_s512,run_00004,GFSK50,0,512,4,model_window_reanalysis,,primary_4_MAD,"[4.0, 3.0, 5.0]",[],[],True,8,8,8,"[[26.73, 41.89], [63.9, 79.06], [101.23, 116.39], [140.99, 156.15], [180.06, 195.22], [217.4, 232.56], [254.83, 269.99], [292.09, 307.25]]","[[26.73, 41.89], [63.9, 79.06], [101.23, 116.39], [140.99, 156.15], [180.06, 195.22], [217.4, 232.56], [254.83, 269.99], [292.09, 307.25]]",True,2812.67316246375,2812.67316246375,1039.4037828989945,1039.4037828989945,0.0,0.0,True,0.0,0.0,True,0.0
web_sessions/20260719_003026_campaign_radio_ebyte_e79_cc1352p/packet_tx/20260719_005837_radio_ebyte_e79_cc1352p/raw/run_00005.csv.gz,tx_p0_rf_profile-GFSK50_s512,run_00005,GFSK50,0,512,5,model_window_reanalysis,,primary_4_MAD,"[4.0, 3.0, 5.0]",[],[],True,8,8,8,"[[27.16, 42.32], [64.72, 79.88], [103.28, 118.44], [140.2, 155.36], [178.39, 193.55], [216.77, 231.93], [253.81, 268.97], [290.68, 305.84]]","[[27.16, 42.32], [64.72, 79.88], [103.28, 118.44], [140.2, 155.36], [178.39, 193.55], [216.77, 231.93], [253.81, 268.97], [290.68, 305.84]]",True,2813.9806985087325,2813.9806985087325,1039.3700247177305,1039.3700247177305,0.0,0.0,True,0.0,0.0,True,0.0
web_sessions/20260719_003026_campaign_radio_ebyte_e79_cc1352p/packet_tx/20260719_005905_radio_ebyte_e79_cc1352p/raw/run_00001.csv.gz,tx_p0_rf_profile-GFSK50_s1024,run_00001,GFSK50,0,1024,1,model_window_reanalysis,,primary_4_MAD,"[4.0, 3.0, 5.0]",[],[],True,16,16,16,"[[27.72, 42.88], [67.3, 82.46], [105.5, 120.66], [143.9, 159.06], [181.61, 196.77], [218.78, 233.94], [256.73, 271.89], [293.91, 309.07], [332.85, 348.01], [370.78, 385.94], [409.32, 424.48], [445.92, 461.08], [483.69, 498.85], [521.65, 536.81], [558.46, 573.62], [595.25, 610.41]]","[[27.72, 42.88], [67.3, 82.46], [105.5, 120.66], [143.9, 159.06], [181.61, 196.77], [218.78, 233.94], [256.73, 271.89], [293.91, 309.07], [332.85, 348.01], [370.78, 385.94], [409.32, 424.48], [445.92, 461.08], [483.69, 498.85], [521.65, 536.81], [558.46, 573.62], [595.25, 610.41]]",True,5635.058250380905,5635.058250380905,2083.8689563173566,2083.8689563173566,0.0,0.0,True,0.0,0.0,True,0.0
web_sessions/20260719_003026_campaign_radio_ebyte_e79_cc1352p/packet_tx/20260719_005905_radio_ebyte_e79_cc1352p/raw/run_00002.csv.gz,tx_p0_rf_profile-GFSK50_s1024,run_00002,GFSK50,0,1024,2,model_window_reanalysis,,primary_4_MAD,"[4.0, 3.0, 5.0]",[],[],True,16,16,16,"[[27.76, 42.92], [64.94, 80.1], [103.28, 118.44], [141.16, 156.32], [179.31, 194.47], [217.55, 232.71], [254.74, 269.9], [294.11, 309.27], [332.86, 348.02], [371.32, 386.48], [408.95, 424.11], [446.6, 461.76], [484.45, 499.61], [523.94, 539.1], [560.75, 575.91], [598.15, 613.31]]","[[27.76, 42.92], [64.94, 80.1], [103.28, 118.44], [141.16, 156.32], [179.31, 194.47], [217.55, 232.71], [254.74, 269.9], [294.11, 309.27], [332.86, 348.02], [371.32, 386.48], [408.95, 424.11], [446.6, 461.76], [484.45, 499.61], [523.94, 539.1], [560.75, 575.91], [598.15, 613.31]]",True,5619.33043996423,5619.33043996423,2067.1022734604644,2067.1022734604644,0.0,0.0,True,0.0,0.0,True,0.0
web_sessions/20260719_003026_campaign_radio_ebyte_e79_cc1352p/packet_tx/20260719_005905_radio_ebyte_e79_cc1352p/raw/run_00003.csv.gz,tx_p0_rf_profile-GFSK50_s1024,run_00003,GFSK50,0,1024,3,model_window_reanalysis,,primary_4_MAD,"[4.0, 3.0, 5.0]",[],[],True,16,16,16,"[[28.08, 43.24], [69.78, 84.94], [107.64, 122.8], [145.85, 161.01], [184.99, 200.15], [224.06, 239.22], [262.02, 277.18], [301.16, 316.32], [338.57, 353.73], [376.05, 391.21], [418.01, 433.17], [456.98, 472.14], [494.56, 509.72], [532.67, 547.83], [571.26, 586.42], [610.05, 625.21]]","[[28.08, 43.24], [69.78, 84.94], [107.64, 122.8], [145.85, 161.01], [184.99, 200.15], [224.06, 239.22], [262.02, 277.18], [301.16, 316.32], [338.57, 353.73], [376.05, 391.21], [418.01, 433.17], [456.98, 472.14], [494.56, 509.72], [532.67, 547.83], [571.26, 586.42], [610.05, 625.21]]",True,5628.2172977422915,5628.2172977422915,2077.2448985772116,2077.2448985772116,0.0,0.0,True,0.0,0.0,True,0.0
web_sessions/20260719_003026_campaign_radio_ebyte_e79_cc1352p/packet_tx/20260719_005905_radio_ebyte_e79_cc1352p/raw/run_00004.csv.gz,tx_p0_rf_profile-GFSK50_s1024,run_00004,GFSK50,0,1024,4,model_window_reanalysis,,primary_4_MAD,"[4.0, 3.0, 5.0]",[],[],True,16,16,16,"[[26.88, 42.04], [64.07, 79.23], [102.25, 117.41], [140.18, 155.34], [178.62, 193.78], [216.15, 231.31], [252.0, 267.16], [290.15, 305.31], [327.7, 342.86], [366.08, 381.24], [408.79, 423.95], [446.96, 462.12], [485.14, 500.3], [522.94, 538.1], [560.05, 575.21], [596.53, 611.69]]","[[26.88, 42.04], [64.07, 79.23], [102.25, 117.41], [140.18, 155.34], [178.62, 193.78], [216.15, 231.31], [252.0, 267.16], [290.15, 305.31], [327.7, 342.86], [366.08, 381.24], [408.79, 423.95], [446.96, 462.12], [485.14, 500.3], [522.94, 538.1], [560.05, 575.21], [596.53, 611.69]]",True,5625.797903360399,5625.797903360399,2075.61586596599,2075.61586596599,0.0,0.0,True,0.0,0.0,True,0.0
web_sessions/20260719_003026_campaign_radio_ebyte_e79_cc1352p/packet_tx/20260719_005905_radio_ebyte_e79_cc1352p/raw/run_00005.csv.gz,tx_p0_rf_profile-GFSK50_s1024,run_00005,GFSK50,0,1024,5,model_window_reanalysis,,primary_4_MAD,"[4.0, 3.0, 5.0]",[],[],True,16,16,16,"[[28.43, 43.59], [67.88, 83.04], [110.34, 125.5], [152.16, 167.32], [189.88, 205.04], [228.71, 243.87], [264.98, 280.14], [302.82, 317.98], [340.6, 355.76], [379.85, 395.01], [421.46, 436.62], [460.9, 476.06], [503.15, 518.31], [541.12, 556.28], [578.31, 593.47], [616.44, 631.6]]","[[28.43, 43.59], [67.88, 83.04], [110.34, 125.5], [152.16, 167.32], [189.88, 205.04], [228.71, 243.87], [264.98, 280.14], [302.82, 317.98], [340.6, 355.76], [379.85, 395.01], [421.46, 436.62], [460.9, 476.06], [503.15, 518.31], [541.12, 556.28], [578.31, 593.47], [616.44, 631.6]]",True,5612.823842799711,5612.823842799711,2066.7239131686733,2066.7239131686733,0.0,0.0,True,0.0,0.0,True,0.0
web_sessions/20260719_003026_campaign_radio_ebyte_e79_cc1352p/packet_tx/20260719_010058_radio_ebyte_e79_cc1352p/raw/run_00001.csv.gz,tx_p0_rf_profile-GFSK200_s128,run_00001,GFSK200,0,128,1,model_window_reanalysis,,primary_4_MAD,"[4.0, 3.0, 5.0]",[],[],True,2,2,2,"[[30.03, 36.07], [61.81, 67.85]]","[[30.03, 36.07], [61.81, 67.85]]",True,260.14389015095395,260.14389015095395,84.64766514566632,84.64766514566632,0.0,0.0,True,0.0,0.0,True,0.0
web_sessions/20260719_003026_campaign_radio_ebyte_e79_cc1352p/packet_tx/20260719_010058_radio_ebyte_e79_cc1352p/raw/run_00002.csv.gz,tx_p0_rf_profile-GFSK200_s128,run_00002,GFSK200,0,128,2,model_window_reanalysis,,primary_4_MAD,"[4.0, 3.0, 5.0]",[],[],True,2,2,2,"[[26.67, 32.71], [59.39, 65.43]]","[[26.67, 32.71], [59.39, 65.43]]",True,262.2583434610213,262.2583434610213,86.19483991217552,86.19483991217552,0.0,0.0,True,0.0,0.0,True,0.0
web_sessions/20260719_003026_campaign_radio_ebyte_e79_cc1352p/packet_tx/20260719_010058_radio_ebyte_e79_cc1352p/raw/run_00003.csv.gz,tx_p0_rf_profile-GFSK200_s128,run_00003,GFSK200,0,128,3,model_window_reanalysis,,primary_4_MAD,"[4.0, 3.0, 5.0]",[],[],True,2,2,2,"[[27.83, 33.87], [59.84, 65.88]]","[[27.83, 33.87], [59.84, 65.88]]",True,262.46576083654617,262.46576083654617,88.03607623781451,88.03607623781451,0.0,0.0,True,0.0,0.0,True,0.0
web_sessions/20260719_003026_campaign_radio_ebyte_e79_cc1352p/packet_tx/20260719_010058_radio_ebyte_e79_cc1352p/raw/run_00004.csv.gz,tx_p0_rf_profile-GFSK200_s128,run_00004,GFSK200,0,128,4,model_window_reanalysis,,primary_4_MAD,"[4.0, 3.0, 5.0]",[],[],True,2,2,2,"[[28.31, 34.35], [60.38, 66.42]]","[[28.31, 34.35], [60.38, 66.42]]",True,263.7708831219132,263.7708831219132,89.03807907380916,89.03807907380916,0.0,0.0,True,0.0,0.0,True,0.0
web_sessions/20260719_003026_campaign_radio_ebyte_e79_cc1352p/packet_tx/20260719_010058_radio_ebyte_e79_cc1352p/raw/run_00005.csv.gz,tx_p0_rf_profile-GFSK200_s128,run_00005,GFSK200,0,128,5,model_window_reanalysis,,primary_4_MAD,"[4.0, 3.0, 5.0]",[],[],True,2,2,2,"[[27.32, 33.36], [59.14, 65.18]]","[[27.32, 33.36], [59.14, 65.18]]",True,262.8824796255485,262.8824796255485,86.97860756741235,86.97860756741235,0.0,0.0,True,0.0,0.0,True,0.0
web_sessions/20260719_003026_campaign_radio_ebyte_e79_cc1352p/packet_tx/20260719_010126_radio_ebyte_e79_cc1352p/raw/run_00001.csv.gz,tx_p0_rf_profile-GFSK200_s512,run_00001,GFSK200,0,512,1,model_window_reanalysis,,primary_4_MAD,"[4.0, 3.0, 5.0]",[],[],True,8,8,8,"[[28.1, 34.14], [60.1, 66.14], [92.88, 98.92], [124.98, 131.02], [157.26, 163.3], [190.37, 196.41], [222.45, 228.49], [254.44, 260.48]]","[[28.1, 34.14], [60.1, 66.14], [92.88, 98.92], [124.98, 131.02], [157.26, 163.3], [190.37, 196.41], [222.45, 228.49], [254.44, 260.48]]",True,1054.918737163111,1054.918737163111,355.2677190018281,355.2677190018281,0.0,0.0,True,0.0,0.0,True,0.0
web_sessions/20260719_003026_campaign_radio_ebyte_e79_cc1352p/packet_tx/20260719_010126_radio_ebyte_e79_cc1352p/raw/run_00002.csv.gz,tx_p0_rf_profile-GFSK200_s512,run_00002,GFSK200,0,512,2,model_window_reanalysis,,primary_4_MAD,"[4.0, 3.0, 5.0]",[],[],True,8,8,8,"[[27.65, 33.69], [59.64, 65.68], [91.98, 98.02], [123.25, 129.29], [154.95, 160.99], [187.83, 193.87], [220.3, 226.34], [252.22, 258.26]]","[[27.65, 33.69], [59.64, 65.68], [91.98, 98.02], [123.25, 129.29], [154.95, 160.99], [187.83, 193.87], [220.3, 226.34], [252.22, 258.26]]",True,1052.031482691511,1052.031482691511,353.978830560044,353.978830560044,0.0,0.0,True,0.0,0.0,True,0.0
web_sessions/20260719_003026_campaign_radio_ebyte_e79_cc1352p/packet_tx/20260719_010126_radio_ebyte_e79_cc1352p/raw/run_00003.csv.gz,tx_p0_rf_profile-GFSK200_s512,run_00003,GFSK200,0,512,3,model_window_reanalysis,,primary_4_MAD,"[4.0, 3.0, 5.0]",[],[],True,8,8,8,"[[28.45, 34.49], [60.86, 66.9], [92.37, 98.41], [125.48, 131.52], [159.03, 165.07], [191.01, 197.05], [223.09, 229.13], [256.29, 262.33]]","[[28.45, 34.49], [60.86, 66.9], [92.37, 98.41], [125.48, 131.52], [159.03, 165.07], [191.01, 197.05], [223.09, 229.13], [256.29, 262.33]]",True,1048.7266526386868,1048.7266526386868,350.95107092560306,350.95107092560306,0.0,0.0,True,0.0,0.0,True,0.0
web_sessions/20260719_003026_campaign_radio_ebyte_e79_cc1352p/packet_tx/20260719_010126_radio_ebyte_e79_cc1352p/raw/run_00004.csv.gz,tx_p0_rf_profile-GFSK200_s512,run_00004,GFSK200,0,512,4,model_window_reanalysis,,primary_4_MAD,"[4.0, 3.0, 5.0]",[],[],True,8,8,8,"[[27.68, 33.72], [60.36, 66.4], [92.26, 98.3], [124.28, 130.32], [156.77, 162.81], [188.56, 194.6], [221.34, 227.38], [253.15, 259.19]]","[[27.68, 33.72], [60.36, 66.4], [92.26, 98.3], [124.28, 130.32], [156.77, 162.81], [188.56, 194.6], [221.34, 227.38], [253.15, 259.19]]",True,1047.3292738930838,1047.3292738930838,348.6598505501453,348.6598505501453,0.0,0.0,True,0.0,0.0,True,0.0
web_sessions/20260719_003026_campaign_radio_ebyte_e79_cc1352p/packet_tx/20260719_010126_radio_ebyte_e79_cc1352p/raw/run_00005.csv.gz,tx_p0_rf_profile-GFSK200_s512,run_00005,GFSK200,0,512,5,model_window_reanalysis,,primary_4_MAD,"[4.0, 3.0, 5.0]",[],[],True,8,8,8,"[[26.49, 32.53], [58.57, 64.61], [90.55, 96.59], [122.96, 129.0], [155.95, 161.99], [188.84, 194.88], [221.93, 227.97], [254.72, 260.76]]","[[26.49, 32.53], [58.57, 64.61], [90.55, 96.59], [122.96, 129.0], [155.95, 161.99], [188.84, 194.88], [221.93, 227.97], [254.72, 260.76]]",True,1048.7928283932529,1048.7928283932529,351.09047762357784,351.09047762357784,0.0,0.0,True,0.0,0.0,True,0.0
web_sessions/20260719_003026_campaign_radio_ebyte_e79_cc1352p/packet_tx/20260719_010154_radio_ebyte_e79_cc1352p/raw/run_00001.csv.gz,tx_p0_rf_profile-GFSK200_s1024,run_00001,GFSK200,0,1024,1,model_window_reanalysis,,primary_4_MAD,"[4.0, 3.0, 5.0]",[],[],True,16,16,16,"[[29.73, 35.77], [62.24, 68.28], [95.08, 101.12], [127.84, 133.88], [159.81, 165.85], [192.29, 198.33], [225.27, 231.31], [258.63, 264.67], [290.79, 296.83], [323.73, 329.77], [356.62, 362.66], [388.53, 394.57], [420.28, 426.32], [453.29, 459.33], [485.73, 491.77], [518.14, 524.18]]","[[29.73, 35.77], [62.24, 68.28], [95.08, 101.12], [127.84, 133.88], [159.81, 165.85], [192.29, 198.33], [225.27, 231.31], [258.63, 264.67], [290.79, 296.83], [323.73, 329.77], [356.62, 362.66], [388.53, 394.57], [420.28, 426.32], [453.29, 459.33], [485.73, 491.77], [518.14, 524.18]]",True,2099.689704105452,2099.689704105452,701.8548166185847,701.8548166185847,0.0,0.0,True,0.0,0.0,True,0.0
web_sessions/20260719_003026_campaign_radio_ebyte_e79_cc1352p/packet_tx/20260719_010154_radio_ebyte_e79_cc1352p/raw/run_00002.csv.gz,tx_p0_rf_profile-GFSK200_s1024,run_00002,GFSK200,0,1024,2,model_window_reanalysis,,primary_4_MAD,"[4.0, 3.0, 5.0]",[],[],True,16,16,16,"[[27.74, 33.78], [59.72, 65.76], [92.62, 98.66], [124.98, 131.02], [157.73, 163.77], [190.6, 196.64], [222.84, 228.88], [254.98, 261.02], [287.96, 294.0], [320.38, 326.42], [353.36, 359.4], [385.43, 391.47], [417.68, 423.72], [450.08, 456.12], [481.48, 487.52], [514.13, 520.17]]","[[27.74, 33.78], [59.72, 65.76], [92.62, 98.66], [124.98, 131.02], [157.73, 163.77], [190.6, 196.64], [222.84, 228.88], [254.98, 261.02], [287.96, 294.0], [320.38, 326.42], [353.36, 359.4], [385.43, 391.47], [417.68, 423.72], [450.08, 456.12], [481.48, 487.52], [514.13, 520.17]]",True,2094.6917487049213,2094.6917487049213,699.1038327299296,699.1038327299296,0.0,0.0,True,0.0,0.0,True,0.0
web_sessions/20260719_003026_campaign_radio_ebyte_e79_cc1352p/packet_tx/20260719_010154_radio_ebyte_e79_cc1352p/raw/run_00003.csv.gz,tx_p0_rf_profile-GFSK200_s1024,run_00003,GFSK200,0,1024,3,model_window_reanalysis,,primary_4_MAD,"[4.0, 3.0, 5.0]",[],[],True,16,16,16,"[[29.09, 35.13], [56.5, 62.54], [88.27, 94.31], [120.1, 126.14], [151.73, 157.77], [185.22, 191.26], [215.73, 221.77], [248.82, 254.86], [281.95, 287.99], [314.91, 320.95], [347.38, 353.42], [378.9, 384.94], [411.36, 417.4], [442.95, 448.99], [474.18, 480.22], [507.29, 513.33]]","[[29.09, 35.13], [56.5, 62.54], [88.27, 94.31], [120.1, 126.14], [151.73, 157.77], [185.22, 191.26], [215.73, 221.77], [248.82, 254.86], [281.95, 287.99], [314.91, 320.95], [347.38, 353.42], [378.9, 384.94], [411.36, 417.4], [442.95, 448.99], [474.18, 480.22], [507.29, 513.33]]",True,2091.754995636653,2091.754995636653,693.650964746139,693.650964746139,0.0,0.0,True,0.0,0.0,True,0.0
web_sessions/20260719_003026_campaign_radio_ebyte_e79_cc1352p/packet_tx/20260719_010154_radio_ebyte_e79_cc1352p/raw/run_00004.csv.gz,tx_p0_rf_profile-GFSK200_s1024,run_00004,GFSK200,0,1024,4,model_window_reanalysis,,primary_4_MAD,"[4.0, 3.0, 5.0]",[],[],True,16,16,16,"[[27.57, 33.61], [58.66, 64.7], [90.89, 96.93], [123.67, 129.71], [155.61, 161.65], [187.39, 193.43], [220.73, 226.77], [253.29, 259.33], [285.5, 291.54], [317.6, 323.64], [350.94, 356.98], [381.33, 387.37], [413.9, 419.94], [445.37, 451.41], [478.76, 484.8], [509.87, 515.91]]","[[27.57, 33.61], [58.66, 64.7], [90.89, 96.93], [123.67, 129.71], [155.61, 161.65], [187.39, 193.43], [220.73, 226.77], [253.29, 259.33], [285.5, 291.54], [317.6, 323.64], [350.94, 356.98], [381.33, 387.37], [413.9, 419.94], [445.37, 451.41], [478.76, 484.8], [509.87, 515.91]]",True,2085.9016739515137,2085.9016739515137,688.7567561897336,688.7567561897336,0.0,0.0,True,0.0,0.0,True,0.0
web_sessions/20260719_003026_campaign_radio_ebyte_e79_cc1352p/packet_tx/20260719_010154_radio_ebyte_e79_cc1352p/raw/run_00005.csv.gz,tx_p0_rf_profile-GFSK200_s1024,run_00005,GFSK200,0,1024,5,model_window_reanalysis,,primary_4_MAD,"[4.0, 3.0, 5.0]",[],[],True,16,16,16,"[[27.49, 33.53], [59.82, 65.86], [90.89, 96.93], [122.83, 128.87], [156.29, 162.33], [189.64, 195.68], [221.09, 227.13], [253.88, 259.92], [285.56, 291.6], [318.62, 324.66], [350.1, 356.14], [382.19, 388.23], [415.38, 421.42], [448.38, 454.42], [480.49, 486.53], [513.96, 520.0]]","[[27.49, 33.53], [59.82, 65.86], [90.89, 96.93], [122.83, 128.87], [156.29, 162.33], [189.64, 195.68], [221.09, 227.13], [253.88, 259.92], [285.56, 291.6], [318.62, 324.66], [350.1, 356.14], [382.19, 388.23], [415.38, 421.42], [448.38, 454.42], [480.49, 486.53], [513.96, 520.0]]",True,2099.0767486894874,2099.0767486894874,702.6202904714792,702.6202904714792,0.0,0.0,True,0.0,0.0,True,0.0
web_sessions/20260719_003026_campaign_radio_ebyte_e79_cc1352p/packet_tx/20260719_010346_radio_ebyte_e79_cc1352p/raw/run_00001.csv.gz,tx_p0_rf_profile-SLR2K5_s128,run_00001,SLR2K5,0,128,1,model_window_reanalysis,,primary_4_MAD,"[4.0, 3.0, 5.0]",[],[],True,2,2,2,"[[17.96, 264.16], [285.69, 531.89]]","[[17.96, 264.16], [285.69, 531.89]]",True,11651.515814306975,11651.515814306975,4428.143955658804,4428.143955658804,0.0,0.0,True,0.0,0.0,True,0.0
web_sessions/20260719_003026_campaign_radio_ebyte_e79_cc1352p/packet_tx/20260719_010346_radio_ebyte_e79_cc1352p/raw/run_00002.csv.gz,tx_p0_rf_profile-SLR2K5_s128,run_00002,SLR2K5,0,128,2,model_window_reanalysis,,primary_4_MAD,"[4.0, 3.0, 5.0]",[],[],True,2,2,2,"[[23.5, 269.7], [283.69, 529.89]]","[[23.5, 269.7], [283.69, 529.89]]",True,11608.677961963764,11608.677961963764,4406.999675744589,4406.999675744589,0.0,0.0,True,0.0,0.0,True,0.0
web_sessions/20260719_003026_campaign_radio_ebyte_e79_cc1352p/packet_tx/20260719_010346_radio_ebyte_e79_cc1352p/raw/run_00003.csv.gz,tx_p0_rf_profile-SLR2K5_s128,run_00003,SLR2K5,0,128,3,model_window_reanalysis,,primary_4_MAD,"[4.0, 3.0, 5.0]",[],[],True,2,2,2,"[[11.46, 257.66], [270.94, 517.14]]","[[11.46, 257.66], [270.94, 517.14]]",True,11591.757492172848,11591.757492172848,4383.968494410439,4383.968494410439,0.0,0.0,True,0.0,0.0,True,0.0
web_sessions/20260719_003026_campaign_radio_ebyte_e79_cc1352p/packet_tx/20260719_010346_radio_ebyte_e79_cc1352p/raw/run_00004.csv.gz,tx_p0_rf_profile-SLR2K5_s128,run_00004,SLR2K5,0,128,4,model_window_reanalysis,,primary_4_MAD,"[4.0, 3.0, 5.0]",[],[],True,2,2,2,"[[18.91, 265.11], [270.0, 516.2]]","[[18.91, 265.11], [270.0, 516.2]]",True,11607.638335025427,11607.638335025427,4406.580059731629,4406.580059731629,0.0,0.0,True,0.0,0.0,True,0.0
web_sessions/20260719_003026_campaign_radio_ebyte_e79_cc1352p/packet_tx/20260719_010346_radio_ebyte_e79_cc1352p/raw/run_00005.csv.gz,tx_p0_rf_profile-SLR2K5_s128,run_00005,SLR2K5,0,128,5,model_window_reanalysis,,primary_4_MAD,"[4.0, 3.0, 5.0]",[],[],True,2,2,2,"[[15.94, 262.14], [281.95, 528.15]]","[[15.94, 262.14], [281.95, 528.15]]",True,11573.766286505692,11573.766286505692,4369.821975318847,4369.821975318847,0.0,0.0,True,0.0,0.0,True,0.0
web_sessions/20260719_003026_campaign_radio_ebyte_e79_cc1352p/packet_tx/20260719_010417_radio_ebyte_e79_cc1352p/raw/run_00001.csv.gz,tx_p0_rf_profile-SLR2K5_s512,run_00001,SLR2K5,0,512,1,model_window_reanalysis,,primary_4_MAD,"[4.0, 3.0, 5.0]",[],[],True,8,8,8,"[[24.54, 270.74], [277.92, 524.12], [531.83, 778.03], [785.73, 1031.93], [1035.48, 1281.68], [1289.69, 1535.89], [1548.09, 1794.29], [1803.61, 2049.81]]","[[24.54, 270.74], [277.92, 524.12], [531.83, 778.03], [788.42, 1034.62], [1035.48, 1281.68], [1289.69, 1535.89], [1548.09, 1794.29], [1803.61, 2049.81]]",False,46228.60517731647,46229.318492987826,17360.83739692576,17361.06653807454,0.7133156713534845,0.0015430179401310085,False,0.2291411487822188,0.0013198738260333798,False,2.689999999999941
web_sessions/20260719_003026_campaign_radio_ebyte_e79_cc1352p/packet_tx/20260719_010417_radio_ebyte_e79_cc1352p/raw/run_00002.csv.gz,tx_p0_rf_profile-SLR2K5_s512,run_00002,SLR2K5,0,512,2,model_window_reanalysis,,primary_4_MAD,"[4.0, 3.0, 5.0]",[],[],True,8,8,8,"[[22.12, 268.32], [274.94, 521.14], [532.49, 778.69], [785.61, 1031.81], [1042.4, 1288.6], [1299.9, 1546.1], [1549.6, 1795.8], [1813.49, 2059.69]]","[[22.12, 268.32], [274.94, 521.14], [532.49, 778.69], [785.61, 1031.81], [1042.4, 1288.6], [1299.9, 1546.1], [1549.6, 1795.8], [1813.49, 2059.69]]",True,46200.52659018193,46200.52659018193,17362.91270598453,17362.91270598453,0.0,0.0,True,0.0,0.0,True,0.0
web_sessions/20260719_003026_campaign_radio_ebyte_e79_cc1352p/packet_tx/20260719_010417_radio_ebyte_e79_cc1352p/raw/run_00003.csv.gz,tx_p0_rf_profile-SLR2K5_s512,run_00003,SLR2K5,0,512,3,model_window_reanalysis,,primary_4_MAD,"[4.0, 3.0, 5.0]",[],[],True,8,8,8,"[[14.33, 260.53], [273.08, 519.28], [535.94, 782.14], [788.79, 1034.99], [1043.3, 1289.5], [1305.42, 1551.62], [1556.89, 1803.09], [1823.1, 2069.3]]","[[14.33, 260.53], [273.08, 519.28], [535.94, 782.14], [788.79, 1034.99], [1043.3, 1289.5], [1305.42, 1551.62], [1556.89, 1803.09], [1823.1, 2069.3]]",True,46279.49536718212,46279.49536718212,17438.58063364986,17438.58063364986,0.0,0.0,True,0.0,0.0,True,0.0
web_sessions/20260719_003026_campaign_radio_ebyte_e79_cc1352p/packet_tx/20260719_010417_radio_ebyte_e79_cc1352p/raw/run_00004.csv.gz,tx_p0_rf_profile-SLR2K5_s512,run_00004,SLR2K5,0,512,4,model_window_reanalysis,,primary_4_MAD,"[4.0, 3.0, 5.0]",[],[],True,8,8,8,"[[11.83, 258.03], [275.94, 522.14], [531.28, 777.48], [781.03, 1027.23], [1042.6, 1288.8], [1293.91, 1540.11], [1556.08, 1802.28], [1808.22, 2054.42]]","[[11.83, 258.03], [275.94, 522.14], [531.28, 777.48], [781.03, 1027.23], [1042.6, 1288.8], [1293.91, 1540.11], [1556.08, 1802.28], [1808.22, 2054.42]]",True,46307.02915209612,46307.02915209612,17463.234312323024,17463.234312323024,0.0,0.0,True,0.0,0.0,True,0.0
web_sessions/20260719_003026_campaign_radio_ebyte_e79_cc1352p/packet_tx/20260719_010417_radio_ebyte_e79_cc1352p/raw/run_00005.csv.gz,tx_p0_rf_profile-SLR2K5_s512,run_00005,SLR2K5,0,512,5,model_window_reanalysis,,primary_4_MAD,"[4.0, 3.0, 5.0]",[],[],True,8,8,8,"[[23.58, 269.78], [273.48, 519.68], [537.26, 783.46], [789.33, 1035.53], [1041.83, 1288.03], [1304.0, 1550.2], [1552.67, 1798.87], [1816.48, 2062.68]]","[[23.58, 269.78], [273.48, 519.68], [537.26, 783.46], [789.33, 1035.53], [1041.83, 1288.03], [1304.0, 1550.2], [1553.09, 1799.29], [1816.48, 2062.68]]",False,46238.00449465456,46237.572889356146,17398.59770641188,17398.58754825303,-0.4316052984140697,-0.0009334427450546912,False,-0.010158158853300847,-5.838492862508815e-05,False,0.42000000000007276
web_sessions/20260719_003026_campaign_radio_ebyte_e79_cc1352p/packet_tx/20260719_010507_radio_ebyte_e79_cc1352p/raw/run_00001.csv.gz,tx_p0_rf_profile-SLR2K5_s1024,run_00001,SLR2K5,0,1024,1,model_window_reanalysis,,primary_4_MAD,"[4.0, 3.0, 5.0]",[],[],True,16,16,16,"[[23.29, 269.49], [278.05, 524.25], [525.74, 771.94], [782.88, 1029.08], [1037.99, 1284.19], [1290.65, 1536.85], [1548.19, 1794.39], [1799.02, 2045.22], [2061.71, 2307.91], [2313.43, 2559.63], [2572.35, 2818.55], [2825.93, 3072.13], [3081.51, 3327.71], [3335.32, 3581.52], [3600.91, 3847.11], [3852.54, 4098.74]]","[[23.29, 269.49], [278.05, 524.25], [525.74, 771.94], [782.88, 1029.08], [1037.99, 1284.19], [1290.65, 1536.85], [1548.19, 1794.39], [1799.02, 2045.22], [2061.71, 2307.91], [2313.43, 2559.63], [2572.35, 2818.55], [2825.93, 3072.13], [3081.51, 3327.71], [3335.32, 3581.52], [3599.01, 3845.21], [3852.54, 4098.74]]",False,92518.47045096122,92518.57021444711,34782.70833298061,34782.56657587526,0.0997634858940728,0.00010783088544297215,False,-0.14175710535346298,-0.0004075505104284005,False,1.900000000000091
web_sessions/20260719_003026_campaign_radio_ebyte_e79_cc1352p/packet_tx/20260719_010507_radio_ebyte_e79_cc1352p/raw/run_00002.csv.gz,tx_p0_rf_profile-SLR2K5_s1024,run_00002,SLR2K5,0,1024,2,model_window_reanalysis,,primary_4_MAD,"[4.0, 3.0, 5.0]",[],[],True,16,16,16,"[[24.17, 270.37], [271.85, 518.05], [537.84, 784.04], [795.37, 1041.57], [1050.13, 1296.33], [1300.44, 1546.64], [1560.38, 1806.58], [1817.96, 2064.16], [2078.77, 2324.97], [2335.37, 2581.57], [2590.32, 2836.52], [2850.54, 3096.74], [3098.97, 3345.17], [3358.89, 3605.09], [3613.29, 3859.49], [3872.23, 4118.43]]","[[24.17, 270.37], [271.85, 518.05], [537.84, 784.04], [795.37, 1041.57], [1050.13, 1296.33], [1300.44, 1546.64], [1560.38, 1806.58], [1817.96, 2064.16], [2078.77, 2324.97], [2335.37, 2581.57], [2590.32, 2836.52], [2850.54, 3096.74], [3098.97, 3345.17], [3358.89, 3605.09], [3613.29, 3859.49], [3872.23, 4118.43]]",True,92525.69517439824,92525.69517439824,34848.585653496506,34848.585653496506,0.0,0.0,True,0.0,0.0,True,0.0
web_sessions/20260719_003026_campaign_radio_ebyte_e79_cc1352p/packet_tx/20260719_010507_radio_ebyte_e79_cc1352p/raw/run_00003.csv.gz,tx_p0_rf_profile-SLR2K5_s1024,run_00003,SLR2K5,0,1024,3,model_window_reanalysis,,primary_4_MAD,"[4.0, 3.0, 5.0]",[],[],True,16,16,16,"[[13.27, 259.47], [271.34, 517.54], [525.23, 771.43], [781.1, 1027.3], [1040.74, 1286.94], [1293.82, 1540.02], [1552.93, 1799.13], [1808.79, 2054.99], [2056.12, 2302.32], [2320.33, 2566.53], [2577.17, 2823.37], [2824.17, 3070.37], [3084.73, 3330.93], [3340.43, 3586.63], [3595.67, 3841.87], [3845.76, 4091.96]]","[[13.27, 259.47], [271.34, 517.54], [525.23, 771.43], [781.1, 1027.3], [1040.74, 1286.94], [1293.82, 1540.02], [1552.93, 1799.13], [1808.79, 2054.99], [2056.12, 2302.32], [2320.33, 2566.53], [2568.1, 2814.3], [2823.13, 3069.33], [3084.73, 3330.93], [3342.39, 3588.59], [3595.67, 3841.87], [3845.76, 4091.96]]",False,92354.67738202297,92355.77112787387,34737.34093676089,34737.47263549917,1.0937458508997224,0.0011842885297319583,False,0.13169873828155687,0.00037912728703126675,False,9.070000000000164
web_sessions/20260719_003026_campaign_radio_ebyte_e79_cc1352p/packet_tx/20260719_010507_radio_ebyte_e79_cc1352p/raw/run_00004.csv.gz,tx_p0_rf_profile-SLR2K5_s1024,run_00004,SLR2K5,0,1024,4,model_window_reanalysis,,primary_4_MAD,"[4.0, 3.0, 5.0]",[],[],True,16,16,16,"[[15.17, 261.37], [275.3, 521.5], [525.82, 772.02], [778.94, 1025.14], [1042.88, 1289.08], [1291.41, 1537.61], [1548.06, 1794.26], [1804.13, 2050.33], [2056.73, 2302.93], [2313.34, 2559.54], [2567.54, 2813.74], [2826.5, 3072.7], [3082.57, 3328.77], [3334.49, 3580.69], [3593.82, 3840.02], [3844.74, 4090.94]]","[[15.17, 261.37], [275.3, 521.5], [525.82, 772.02], [778.94, 1025.14], [1042.8, 1289.0], [1291.41, 1537.61], [1548.06, 1794.26], [1804.13, 2050.33], [2056.73, 2302.93], [2313.34, 2559.54], [2568.37, 2814.57], [2826.5, 3072.7], [3082.57, 3328.77], [3334.49, 3580.69], [3593.82, 3840.02], [3844.74, 4090.94]]",False,92366.13489838045,92366.12594740369,34634.77148881907,34634.38410181569,-0.008950976756750606,-9.690755997660006e-06,False,-0.38738700337853516,-0.0011184915815087848,False,0.830000000000382
web_sessions/20260719_003026_campaign_radio_ebyte_e79_cc1352p/packet_tx/20260719_010507_radio_ebyte_e79_cc1352p/raw/run_00005.csv.gz,tx_p0_rf_profile-SLR2K5_s1024,run_00005,SLR2K5,0,1024,5,model_window_reanalysis,,primary_4_MAD,"[4.0, 3.0, 5.0]",[],[],True,16,16,16,"[[14.8, 261.0], [275.02, 521.22], [528.22, 774.42], [787.42, 1033.62], [1044.51, 1290.71], [1293.48, 1539.68], [1551.78, 1797.98], [1803.0, 2049.2], [2069.6, 2315.8], [2323.35, 2569.55], [2581.49, 2827.69], [2829.61, 3075.81], [3090.05, 3336.25], [3339.83, 3586.03], [3600.69, 3846.89], [3859.44, 4105.64]]","[[14.8, 261.0], [275.02, 521.22], [528.22, 774.42], [789.43, 1035.63], [1044.51, 1290.71], [1293.48, 1539.68], [1551.78, 1797.98], [1803.0, 2049.2], [2069.6, 2315.8], [2323.35, 2569.55], [2581.49, 2827.69], [2829.61, 3075.81], [3090.05, 3336.25], [3339.83, 3586.03], [3602.67, 3848.87], [3859.44, 4105.64]]",False,92364.31821828774,92364.84029449741,34687.883961970714,34688.126185168025,0.5220762096723774,0.0005652358180618933,False,0.24222319731052266,0.0006982933798305169,False,2.0100000000002183
web_sessions/20260719_003026_campaign_radio_ebyte_e79_cc1352p/packet_tx/20260719_010747_radio_ebyte_e79_cc1352p/raw/run_00001.csv.gz,tx_p0_rf_profile-SLR5_s128,run_00001,SLR5,0,128,1,model_window_reanalysis,,primary_4_MAD,"[4.0, 3.0, 5.0]",[],[],True,2,2,2,"[[26.84, 151.44], [176.8, 301.4]]","[[26.84, 151.44], [176.8, 301.4]]",True,5980.432964037337,5980.432964037337,2316.6450166610593,2316.6450166610593,0.0,0.0,True,0.0,0.0,True,0.0
web_sessions/20260719_003026_campaign_radio_ebyte_e79_cc1352p/packet_tx/20260719_010747_radio_ebyte_e79_cc1352p/raw/run_00002.csv.gz,tx_p0_rf_profile-SLR5_s128,run_00002,SLR5,0,128,2,model_window_reanalysis,,primary_4_MAD,"[4.0, 3.0, 5.0]",[],[],True,2,2,2,"[[28.72, 153.32], [173.91, 298.51]]","[[28.72, 153.32], [173.91, 298.51]]",True,5956.731960051357,5956.731960051357,2298.009356437406,2298.009356437406,0.0,0.0,True,0.0,0.0,True,0.0
web_sessions/20260719_003026_campaign_radio_ebyte_e79_cc1352p/packet_tx/20260719_010747_radio_ebyte_e79_cc1352p/raw/run_00003.csv.gz,tx_p0_rf_profile-SLR5_s128,run_00003,SLR5,0,128,3,model_window_reanalysis,,primary_4_MAD,"[4.0, 3.0, 5.0]",[],[],True,2,2,2,"[[27.48, 152.08], [174.56, 299.16]]","[[27.48, 152.08], [174.56, 299.16]]",True,5934.122072692463,5934.122072692463,2282.422716146806,2282.422716146806,0.0,0.0,True,0.0,0.0,True,0.0
web_sessions/20260719_003026_campaign_radio_ebyte_e79_cc1352p/packet_tx/20260719_010747_radio_ebyte_e79_cc1352p/raw/run_00004.csv.gz,tx_p0_rf_profile-SLR5_s128,run_00004,SLR5,0,128,4,model_window_reanalysis,,primary_4_MAD,"[4.0, 3.0, 5.0]",[],[],True,2,2,2,"[[27.46, 152.06], [170.76, 295.36]]","[[27.46, 152.06], [170.76, 295.36]]",True,5944.454401616649,5944.454401616649,2292.583106085648,2292.583106085648,0.0,0.0,True,0.0,0.0,True,0.0
web_sessions/20260719_003026_campaign_radio_ebyte_e79_cc1352p/packet_tx/20260719_010747_radio_ebyte_e79_cc1352p/raw/run_00005.csv.gz,tx_p0_rf_profile-SLR5_s128,run_00005,SLR5,0,128,5,model_window_reanalysis,,primary_4_MAD,"[4.0, 3.0, 5.0]",[],[],True,2,2,2,"[[26.61, 151.21], [169.64, 294.24]]","[[26.61, 151.21], [169.64, 294.24]]",True,5956.7460428829345,5956.7460428829345,2304.600216030229,2304.600216030229,0.0,0.0,True,0.0,0.0,True,0.0
web_sessions/20260719_003026_campaign_radio_ebyte_e79_cc1352p/packet_tx/20260719_010815_radio_ebyte_e79_cc1352p/raw/run_00001.csv.gz,tx_p0_rf_profile-SLR5_s512,run_00001,SLR5,0,512,1,model_window_reanalysis,,primary_4_MAD,"[4.0, 3.0, 5.0]",[],[],True,8,8,8,"[[25.84, 150.44], [175.11, 299.71], [321.1, 445.7], [463.56, 588.16], [610.13, 734.73], [753.25, 877.85], [904.89, 1029.49], [1046.53, 1171.13]]","[[25.84, 150.44], [175.11, 299.71], [321.1, 445.7], [463.56, 588.16], [610.13, 734.73], [753.25, 877.85], [904.89, 1029.49], [1046.53, 1171.13]]",True,23763.003596161045,23763.003596161045,9125.469501011825,9125.469501011825,0.0,0.0,True,0.0,0.0,True,0.0
web_sessions/20260719_003026_campaign_radio_ebyte_e79_cc1352p/packet_tx/20260719_010815_radio_ebyte_e79_cc1352p/raw/run_00002.csv.gz,tx_p0_rf_profile-SLR5_s512,run_00002,SLR5,0,512,2,model_window_reanalysis,,primary_4_MAD,"[4.0, 3.0, 5.0]",[],[],True,8,8,8,"[[24.53, 149.13], [171.42, 296.02], [313.97, 438.57], [462.47, 587.07], [612.06, 736.66], [755.28, 879.88], [899.39, 1023.99], [1047.84, 1172.44]]","[[24.53, 149.13], [171.42, 296.02], [313.97, 438.57], [462.47, 587.07], [612.06, 736.66], [755.28, 879.88], [899.39, 1023.99], [1047.84, 1172.44]]",True,23663.028524094905,23663.028524094905,9071.373407722393,9071.373407722393,0.0,0.0,True,0.0,0.0,True,0.0
web_sessions/20260719_003026_campaign_radio_ebyte_e79_cc1352p/packet_tx/20260719_010815_radio_ebyte_e79_cc1352p/raw/run_00003.csv.gz,tx_p0_rf_profile-SLR5_s512,run_00003,SLR5,0,512,3,model_window_reanalysis,,primary_4_MAD,"[4.0, 3.0, 5.0]",[],[],True,8,8,8,"[[23.87, 148.47], [174.43, 299.03], [321.28, 445.88], [465.55, 590.15], [612.31, 736.91], [759.52, 884.12], [908.4, 1033.0], [1055.67, 1180.27]]","[[23.87, 148.47], [174.43, 299.03], [321.28, 445.88], [465.55, 590.15], [612.31, 736.91], [759.52, 884.12], [908.4, 1033.0], [1055.67, 1180.27]]",True,23672.624036732577,23672.624036732577,9079.826348553423,9079.826348553423,0.0,0.0,True,0.0,0.0,True,0.0
web_sessions/20260719_003026_campaign_radio_ebyte_e79_cc1352p/packet_tx/20260719_010815_radio_ebyte_e79_cc1352p/raw/run_00004.csv.gz,tx_p0_rf_profile-SLR5_s512,run_00004,SLR5,0,512,4,model_window_reanalysis,,primary_4_MAD,"[4.0, 3.0, 5.0]",[],[],True,8,8,8,"[[24.36, 148.96], [169.86, 294.46], [316.98, 441.58], [461.22, 585.82], [607.85, 732.45], [754.19, 878.79], [897.3, 1021.9], [1043.7, 1168.3]]","[[24.36, 148.96], [169.86, 294.46], [316.98, 441.58], [461.22, 585.82], [607.85, 732.45], [754.19, 878.79], [897.3, 1021.9], [1043.7, 1168.3]]",True,23710.79404196788,23710.79404196788,9117.169863333967,9117.169863333967,0.0,0.0,True,0.0,0.0,True,0.0
web_sessions/20260719_003026_campaign_radio_ebyte_e79_cc1352p/packet_tx/20260719_010815_radio_ebyte_e79_cc1352p/raw/run_00005.csv.gz,tx_p0_rf_profile-SLR5_s512,run_00005,SLR5,0,512,5,model_window_reanalysis,,primary_4_MAD,"[4.0, 3.0, 5.0]",[],[],True,8,8,8,"[[24.41, 149.01], [168.65, 293.25], [312.51, 437.11], [457.03, 581.63], [603.57, 728.17], [752.17, 876.77], [896.74, 1021.34], [1038.78, 1163.38]]","[[24.41, 149.01], [168.65, 293.25], [312.51, 437.11], [457.03, 581.63], [603.57, 728.17], [752.17, 876.77], [896.74, 1021.34], [1038.78, 1163.38]]",True,23651.27030191648,23651.27030191648,9030.068376923708,9030.068376923708,0.0,0.0,True,0.0,0.0,True,0.0
web_sessions/20260719_003026_campaign_radio_ebyte_e79_cc1352p/packet_tx/20260719_010852_radio_ebyte_e79_cc1352p/raw/run_00001.csv.gz,tx_p0_rf_profile-SLR5_s1024,run_00001,SLR5,0,1024,1,model_window_reanalysis,,primary_4_MAD,"[4.0, 3.0, 5.0]",[],[],True,16,16,16,"[[26.14, 150.74], [170.35, 294.95], [317.58, 442.18], [459.62, 584.22], [607.34, 731.94], [748.71, 873.31], [895.51, 1020.11], [1041.09, 1165.69], [1190.73, 1315.33], [1338.76, 1463.36], [1482.81, 1607.41], [1632.32, 1756.92], [1773.83, 1898.43], [1923.77, 2048.37], [2072.33, 2196.93], [2220.27, 2344.87]]","[[26.14, 150.74], [170.35, 294.95], [317.58, 442.18], [459.62, 584.22], [607.34, 731.94], [748.71, 873.31], [895.51, 1020.11], [1041.09, 1165.69], [1190.73, 1315.33], [1338.76, 1463.36], [1482.81, 1607.41], [1632.32, 1756.92], [1773.83, 1898.43], [1923.77, 2048.37], [2072.33, 2196.93], [2220.27, 2344.87]]",True,47437.839271094366,47437.839271094366,18163.151443576175,18163.151443576175,0.0,0.0,True,0.0,0.0,True,0.0
web_sessions/20260719_003026_campaign_radio_ebyte_e79_cc1352p/packet_tx/20260719_010852_radio_ebyte_e79_cc1352p/raw/run_00002.csv.gz,tx_p0_rf_profile-SLR5_s1024,run_00002,SLR5,0,1024,2,model_window_reanalysis,,primary_4_MAD,"[4.0, 3.0, 5.0]",[],[],True,16,16,16,"[[24.71, 149.31], [168.55, 293.15], [311.97, 436.57], [461.88, 586.48], [604.49, 729.09], [750.18, 874.78], [899.55, 1024.15], [1042.51, 1167.11], [1193.12, 1317.72], [1335.25, 1459.85], [1482.58, 1607.18], [1626.78, 1751.38], [1773.34, 1897.94], [1921.24, 2045.84], [2066.43, 2191.03], [2210.57, 2335.17]]","[[24.71, 149.31], [168.55, 293.15], [311.97, 436.57], [461.88, 586.48], [604.49, 729.09], [750.18, 874.78], [899.55, 1024.15], [1042.51, 1167.11], [1193.12, 1317.72], [1335.25, 1459.85], [1482.58, 1607.18], [1626.78, 1751.38], [1773.34, 1897.94], [1921.24, 2045.84], [2066.43, 2191.03], [2210.57, 2335.17]]",True,47398.97778764291,47398.97778764291,18123.82979220028,18123.82979220028,0.0,0.0,True,0.0,0.0,True,0.0
web_sessions/20260719_003026_campaign_radio_ebyte_e79_cc1352p/packet_tx/20260719_010852_radio_ebyte_e79_cc1352p/raw/run_00003.csv.gz,tx_p0_rf_profile-SLR5_s1024,run_00003,SLR5,0,1024,3,model_window_reanalysis,,primary_4_MAD,"[4.0, 3.0, 5.0]",[],[],True,16,16,16,"[[27.26, 151.86], [171.3, 295.9], [322.49, 447.09], [469.42, 594.02], [612.87, 737.47], [759.15, 883.75], [904.26, 1028.86], [1055.37, 1179.97], [1201.86, 1326.46], [1349.09, 1473.69], [1490.92, 1615.52], [1642.71, 1767.31], [1783.95, 1908.55], [1929.78, 2054.38], [2078.89, 2203.49], [2226.12, 2350.72]]","[[27.26, 151.86], [171.3, 295.9], [322.49, 447.09], [469.42, 594.02], [612.87, 737.47], [759.15, 883.75], [904.26, 1028.86], [1055.37, 1179.97], [1201.86, 1326.46], [1349.09, 1473.69], [1490.92, 1615.52], [1642.71, 1767.31], [1783.95, 1908.55], [1929.78, 2054.38], [2078.89, 2203.49], [2226.12, 2350.72]]",True,47415.3362032977,47415.3362032977,18142.457628835553,18142.457628835553,0.0,0.0,True,0.0,0.0,True,0.0
web_sessions/20260719_003026_campaign_radio_ebyte_e79_cc1352p/packet_tx/20260719_010852_radio_ebyte_e79_cc1352p/raw/run_00004.csv.gz,tx_p0_rf_profile-SLR5_s1024,run_00004,SLR5,0,1024,4,model_window_reanalysis,,primary_4_MAD,"[4.0, 3.0, 5.0]",[],[],True,16,16,16,"[[25.03, 149.63], [174.49, 299.09], [320.52, 445.12], [467.59, 592.19], [616.92, 741.52], [760.23, 884.83], [907.73, 1032.33], [1054.82, 1179.42], [1202.36, 1326.96], [1347.65, 1472.25], [1493.87, 1618.47], [1634.4, 1759.0], [1781.05, 1905.65], [1927.02, 2051.62], [2069.57, 2194.17], [2216.57, 2341.17]]","[[25.03, 149.63], [174.49, 299.09], [320.52, 445.12], [467.59, 592.19], [616.92, 741.52], [760.23, 884.83], [907.73, 1032.33], [1054.82, 1179.42], [1202.36, 1326.96], [1347.65, 1472.25], [1493.87, 1618.47], [1634.4, 1759.0], [1781.05, 1905.65], [1927.02, 2051.62], [2069.57, 2194.17], [2216.57, 2341.17]]",True,47430.33013272358,47430.33013272358,18141.227427736143,18141.227427736143,0.0,0.0,True,0.0,0.0,True,0.0
web_sessions/20260719_003026_campaign_radio_ebyte_e79_cc1352p/packet_tx/20260719_010852_radio_ebyte_e79_cc1352p/raw/run_00005.csv.gz,tx_p0_rf_profile-SLR5_s1024,run_00005,SLR5,0,1024,5,model_window_reanalysis,,primary_4_MAD,"[4.0, 3.0, 5.0]",[],[],True,16,16,16,"[[27.39, 151.99], [172.01, 296.61], [317.4, 442.0], [466.32, 590.92], [616.57, 741.17], [764.5, 889.1], [907.71, 1032.31], [1052.33, 1176.93], [1194.91, 1319.51], [1341.62, 1466.22], [1487.33, 1611.93], [1631.42, 1756.02], [1775.38, 1899.98], [1916.95, 2041.55], [2062.44, 2187.04], [2207.97, 2332.57]]","[[27.39, 151.99], [172.01, 296.61], [317.4, 442.0], [466.32, 590.92], [616.57, 741.17], [764.5, 889.1], [907.71, 1032.31], [1052.33, 1176.93], [1194.91, 1319.51], [1341.62, 1466.22], [1487.33, 1611.93], [1631.42, 1756.02], [1775.38, 1899.98], [1916.95, 2041.55], [2062.44, 2187.04], [2207.97, 2332.57]]",True,47446.017380633515,47446.017380633515,18173.31079281944,18173.31079281944,0.0,0.0,True,0.0,0.0,True,0.0
web_sessions/20260719_003026_campaign_radio_ebyte_e79_cc1352p/packet_tx/20260719_011107_radio_ebyte_e79_cc1352p/raw/run_00001.csv.gz,tx_p0_rf_profile-OOK4K8_s128,run_00001,OOK4K8,0,128,1,model_window_reanalysis,,primary_4_MAD,"[4.0, 3.0, 5.0]",[],[],True,2,2,2,"[[28.27, 157.94], [182.77, 312.43]]","[[28.27, 157.94], [182.77, 312.43]]",True,5260.122847472064,5260.122847472064,1581.7117377963466,1581.7117377963466,0.0,0.0,True,0.0,0.0,True,0.0
web_sessions/20260719_003026_campaign_radio_ebyte_e79_cc1352p/packet_tx/20260719_011107_radio_ebyte_e79_cc1352p/raw/run_00002.csv.gz,tx_p0_rf_profile-OOK4K8_s128,run_00002,OOK4K8,0,128,2,model_window_reanalysis,,primary_4_MAD,"[4.0, 3.0, 5.0]",[],[],True,2,2,2,"[[26.55, 156.22], [180.55, 310.21]]","[[26.55, 156.22], [180.55, 310.21]]",True,5249.7206070382545,5249.7206070382545,1572.084905266891,1572.084905266891,0.0,0.0,True,0.0,0.0,True,0.0
web_sessions/20260719_003026_campaign_radio_ebyte_e79_cc1352p/packet_tx/20260719_011107_radio_ebyte_e79_cc1352p/raw/run_00003.csv.gz,tx_p0_rf_profile-OOK4K8_s128,run_00003,OOK4K8,0,128,3,model_window_reanalysis,,primary_4_MAD,"[4.0, 3.0, 5.0]",[],[],True,2,2,2,"[[26.91, 156.58], [183.23, 312.89]]","[[26.91, 156.58], [183.23, 312.89]]",True,5241.573239745193,5241.573239745193,1565.6493814028559,1565.6493814028559,0.0,0.0,True,0.0,0.0,True,0.0
web_sessions/20260719_003026_campaign_radio_ebyte_e79_cc1352p/packet_tx/20260719_011107_radio_ebyte_e79_cc1352p/raw/run_00004.csv.gz,tx_p0_rf_profile-OOK4K8_s128,run_00004,OOK4K8,0,128,4,model_window_reanalysis,,primary_4_MAD,"[4.0, 3.0, 5.0]",[],[],True,2,2,2,"[[26.84, 156.51], [182.67, 312.33]]","[[26.84, 156.51], [182.67, 312.33]]",True,5240.22324723249,5240.22324723249,1564.5975598946177,1564.5975598946177,0.0,0.0,True,0.0,0.0,True,0.0
web_sessions/20260719_003026_campaign_radio_ebyte_e79_cc1352p/packet_tx/20260719_011107_radio_ebyte_e79_cc1352p/raw/run_00005.csv.gz,tx_p0_rf_profile-OOK4K8_s128,run_00005,OOK4K8,0,128,5,model_window_reanalysis,,primary_4_MAD,"[4.0, 3.0, 5.0]",[],[],True,2,2,2,"[[24.93, 154.6], [176.56, 306.22]]","[[24.93, 154.6], [176.56, 306.22]]",True,5238.792395106862,5238.792395106862,1563.0834294481608,1563.0834294481608,0.0,0.0,True,0.0,0.0,True,0.0
web_sessions/20260719_003026_campaign_radio_ebyte_e79_cc1352p/packet_tx/20260719_011135_radio_ebyte_e79_cc1352p/raw/run_00001.csv.gz,tx_p0_rf_profile-OOK4K8_s512,run_00001,OOK4K8,0,512,1,model_window_reanalysis,,primary_4_MAD,"[4.0, 3.0, 5.0]",[],[],True,8,8,8,"[[26.62, 156.29], [180.13, 309.8], [332.46, 462.13], [482.93, 612.6], [636.95, 766.62], [787.51, 917.17], [942.2, 1071.86], [1094.2, 1223.86]]","[[26.62, 156.29], [180.13, 309.8], [332.46, 462.13], [482.93, 612.6], [636.95, 766.62], [787.51, 917.17], [942.2, 1071.86], [1094.2, 1223.86]]",True,20955.64411022579,20955.64411022579,6231.311271625122,6231.311271625122,0.0,0.0,True,0.0,0.0,True,0.0
web_sessions/20260719_003026_campaign_radio_ebyte_e79_cc1352p/packet_tx/20260719_011135_radio_ebyte_e79_cc1352p/raw/run_00002.csv.gz,tx_p0_rf_profile-OOK4K8_s512,run_00002,OOK4K8,0,512,2,model_window_reanalysis,,primary_4_MAD,"[4.0, 3.0, 5.0]",[],[],True,8,8,8,"[[26.56, 156.23], [177.78, 307.45], [332.14, 461.81], [486.73, 616.4], [637.99, 767.66], [792.22, 921.88], [945.25, 1074.91], [1096.52, 1226.18]]","[[26.56, 156.23], [177.78, 307.45], [332.14, 461.81], [486.73, 616.4], [637.99, 767.66], [792.22, 921.88], [945.25, 1074.91], [1096.52, 1226.18]]",True,20911.29177634976,20911.29177634976,6205.461840234023,6205.461840234023,0.0,0.0,True,0.0,0.0,True,0.0
web_sessions/20260719_003026_campaign_radio_ebyte_e79_cc1352p/packet_tx/20260719_011135_radio_ebyte_e79_cc1352p/raw/run_00003.csv.gz,tx_p0_rf_profile-OOK4K8_s512,run_00003,OOK4K8,0,512,3,model_window_reanalysis,,primary_4_MAD,"[4.0, 3.0, 5.0]",[],[],True,8,8,8,"[[25.62, 155.29], [176.09, 305.76], [330.57, 460.24], [486.3, 615.97], [636.97, 766.64], [790.41, 920.07], [939.75, 1069.41], [1090.04, 1219.7]]","[[25.62, 155.29], [176.09, 305.76], [330.57, 460.24], [486.3, 615.97], [636.97, 766.64], [790.41, 920.07], [939.75, 1069.41], [1090.04, 1219.7]]",True,20942.17059254016,20942.17059254016,6236.582616135991,6236.582616135991,0.0,0.0,True,0.0,0.0,True,0.0
web_sessions/20260719_003026_campaign_radio_ebyte_e79_cc1352p/packet_tx/20260719_011135_radio_ebyte_e79_cc1352p/raw/run_00004.csv.gz,tx_p0_rf_profile-OOK4K8_s512,run_00004,OOK4K8,0,512,4,model_window_reanalysis,,primary_4_MAD,"[4.0, 3.0, 5.0]",[],[],True,8,8,8,"[[25.41, 155.08], [177.57, 307.24], [330.6, 460.27], [480.13, 609.8], [629.75, 759.42], [779.8, 909.46], [928.36, 1058.02], [1079.9, 1209.56]]","[[25.41, 155.08], [177.57, 307.24], [330.6, 460.27], [480.13, 609.8], [629.75, 759.42], [779.8, 909.46], [928.36, 1058.02], [1079.9, 1209.56]]",True,20936.10566035806,20936.10566035806,6228.423267340733,6228.423267340733,0.0,0.0,True,0.0,0.0,True,0.0
web_sessions/20260719_003026_campaign_radio_ebyte_e79_cc1352p/packet_tx/20260719_011135_radio_ebyte_e79_cc1352p/raw/run_00005.csv.gz,tx_p0_rf_profile-OOK4K8_s512,run_00005,OOK4K8,0,512,5,model_window_reanalysis,,primary_4_MAD,"[4.0, 3.0, 5.0]",[],[],True,8,8,8,"[[25.6, 155.27], [175.56, 305.23], [330.22, 459.89], [484.92, 614.59], [636.09, 765.76], [786.35, 916.01], [942.54, 1072.2], [1091.6, 1221.26]]","[[25.6, 155.27], [175.56, 305.23], [330.22, 459.89], [484.92, 614.59], [636.09, 765.76], [786.35, 916.01], [942.54, 1072.2], [1091.6, 1221.26]]",True,20920.793689296373,20920.793689296373,6227.967931271201,6227.967931271201,0.0,0.0,True,0.0,0.0,True,0.0
web_sessions/20260719_003026_campaign_radio_ebyte_e79_cc1352p/packet_tx/20260719_011214_radio_ebyte_e79_cc1352p/raw/run_00001.csv.gz,tx_p0_rf_profile-OOK4K8_s1024,run_00001,OOK4K8,0,1024,1,model_window_reanalysis,,primary_4_MAD,"[4.0, 3.0, 5.0]",[],[],True,16,16,16,"[[28.08, 157.75], [180.13, 309.8], [332.42, 462.09], [488.81, 618.48], [641.46, 771.13], [792.5, 922.17], [944.18, 1073.85], [1098.19, 1227.86], [1250.52, 1380.19], [1401.83, 1531.5], [1553.75, 1683.41], [1706.34, 1836.0], [1857.44, 1987.1], [2012.01, 2141.67], [2162.19, 2291.85], [2317.91, 2447.57]]","[[28.08, 157.75], [180.13, 309.8], [332.42, 462.09], [488.81, 618.48], [641.46, 771.13], [792.5, 922.17], [944.18, 1073.85], [1098.19, 1227.86], [1250.52, 1380.19], [1401.83, 1531.5], [1553.75, 1683.41], [1706.34, 1836.0], [1857.44, 1987.1], [2012.01, 2141.67], [2162.19, 2291.85], [2317.91, 2447.57]]",True,41689.534108259715,41689.534108259715,12269.363283310948,12269.363283310948,0.0,0.0,True,0.0,0.0,True,0.0
web_sessions/20260719_003026_campaign_radio_ebyte_e79_cc1352p/packet_tx/20260719_011214_radio_ebyte_e79_cc1352p/raw/run_00002.csv.gz,tx_p0_rf_profile-OOK4K8_s1024,run_00002,OOK4K8,0,1024,2,model_window_reanalysis,,primary_4_MAD,"[4.0, 3.0, 5.0]",[],[],True,16,16,16,"[[28.09, 157.76], [180.98, 310.65], [335.91, 465.58], [488.89, 618.56], [641.31, 770.98], [795.69, 925.36], [948.85, 1078.52], [1100.35, 1230.02], [1255.18, 1384.85], [1409.28, 1538.95], [1566.55, 1696.21], [1717.15, 1846.81], [1865.81, 1995.47], [2019.27, 2148.93], [2176.18, 2305.84], [2331.75, 2461.41]]","[[28.09, 157.76], [180.98, 310.65], [335.91, 465.58], [488.89, 618.56], [641.31, 770.98], [795.69, 925.36], [948.85, 1078.52], [1100.35, 1230.02], [1255.18, 1384.85], [1409.28, 1538.95], [1566.55, 1696.21], [1717.15, 1846.81], [1865.81, 1995.47], [2019.27, 2148.93], [2176.18, 2305.84], [2331.75, 2461.41]]",True,41695.395218454745,41695.395218454745,12296.295708424663,12296.295708424663,0.0,0.0,True,0.0,0.0,True,0.0
web_sessions/20260719_003026_campaign_radio_ebyte_e79_cc1352p/packet_tx/20260719_011214_radio_ebyte_e79_cc1352p/raw/run_00003.csv.gz,tx_p0_rf_profile-OOK4K8_s1024,run_00003,OOK4K8,0,1024,3,model_window_reanalysis,,primary_4_MAD,"[4.0, 3.0, 5.0]",[],[],True,16,16,16,"[[25.9, 155.57], [177.32, 306.99], [331.83, 461.5], [487.91, 617.58], [638.59, 768.26], [792.9, 922.57], [947.63, 1077.3], [1099.96, 1229.63], [1251.05, 1380.72], [1405.67, 1535.34], [1560.27, 1689.93], [1710.46, 1840.12], [1866.55, 1996.21], [2016.88, 2146.54], [2168.2, 2297.86], [2321.83, 2451.49]]","[[25.9, 155.57], [177.32, 306.99], [331.83, 461.5], [487.91, 617.58], [638.59, 768.26], [792.9, 922.57], [947.63, 1077.3], [1099.96, 1229.63], [1251.05, 1380.72], [1405.67, 1535.34], [1560.27, 1689.93], [1710.46, 1840.12], [1866.55, 1996.21], [2016.88, 2146.54], [2168.2, 2297.86], [2321.83, 2451.49]]",True,41691.24672324996,41691.24672324996,12225.421029774645,12225.421029774645,0.0,0.0,True,0.0,0.0,True,0.0
web_sessions/20260719_003026_campaign_radio_ebyte_e79_cc1352p/packet_tx/20260719_011214_radio_ebyte_e79_cc1352p/raw/run_00004.csv.gz,tx_p0_rf_profile-OOK4K8_s1024,run_00004,OOK4K8,0,1024,4,model_window_reanalysis,,primary_4_MAD,"[4.0, 3.0, 5.0]",[],[],True,16,16,16,"[[27.89, 157.56], [177.83, 307.5], [329.88, 459.55], [481.6, 611.27], [636.55, 766.22], [787.25, 916.92], [940.1, 1069.77], [1089.23, 1218.9], [1243.51, 1373.18], [1395.14, 1524.81], [1545.56, 1675.22], [1696.7, 1826.36], [1849.18, 1978.84], [2001.64, 2131.3], [2153.68, 2283.34], [2309.17, 2438.83]]","[[27.89, 157.56], [177.83, 307.5], [329.88, 459.55], [481.6, 611.27], [636.55, 766.22], [787.25, 916.92], [940.1, 1069.77], [1089.23, 1218.9], [1243.51, 1373.18], [1395.14, 1524.81], [1545.56, 1675.22], [1696.7, 1826.36], [1849.18, 1978.84], [2001.64, 2131.3], [2153.68, 2283.34], [2309.17, 2438.83]]",True,41704.77481148532,41704.77481148532,12296.809754672086,12296.809754672086,0.0,0.0,True,0.0,0.0,True,0.0
web_sessions/20260719_003026_campaign_radio_ebyte_e79_cc1352p/packet_tx/20260719_011214_radio_ebyte_e79_cc1352p/raw/run_00005.csv.gz,tx_p0_rf_profile-OOK4K8_s1024,run_00005,OOK4K8,0,1024,5,model_window_reanalysis,,primary_4_MAD,"[4.0, 3.0, 5.0]",[],[],True,16,16,16,"[[26.65, 156.32], [181.93, 311.6], [332.08, 461.75], [487.41, 617.08], [637.67, 767.34], [788.74, 918.41], [939.73, 1069.4], [1090.54, 1220.21], [1242.07, 1371.74], [1396.67, 1526.34], [1550.06, 1679.72], [1702.02, 1831.68], [1856.43, 1986.09], [2008.79, 2138.45], [2165.37, 2295.03], [2318.95, 2448.61]]","[[26.65, 156.32], [181.93, 311.6], [332.08, 461.75], [487.41, 617.08], [637.67, 767.34], [788.74, 918.41], [939.73, 1069.4], [1090.54, 1220.21], [1242.07, 1371.74], [1396.67, 1526.34], [1550.06, 1679.72], [1702.02, 1831.68], [1856.43, 1986.09], [2008.79, 2138.45], [2165.37, 2295.03], [2318.95, 2448.61]]",True,41707.277007687226,41707.277007687226,12300.371817631578,12300.371817631578,0.0,0.0,True,0.0,0.0,True,0.0
web_sessions/20260719_003026_campaign_radio_ebyte_e79_cc1352p/packet_tx/20260719_011429_radio_ebyte_e79_cc1352p/raw/run_00001.csv.gz,tx_p0_rf_profile-IEEE154G50_s128,run_00001,IEEE154G50,0,128,1,model_window_reanalysis,,primary_4_MAD,"[4.0, 3.0, 5.0]",[],[],True,2,2,2,"[[29.04, 44.52], [70.12, 85.6]]","[[29.04, 44.52], [70.12, 85.6]]",True,724.808580872006,724.808580872006,273.15139754146014,273.15139754146014,0.0,0.0,True,0.0,0.0,True,0.0
web_sessions/20260719_003026_campaign_radio_ebyte_e79_cc1352p/packet_tx/20260719_011429_radio_ebyte_e79_cc1352p/raw/run_00002.csv.gz,tx_p0_rf_profile-IEEE154G50_s128,run_00002,IEEE154G50,0,128,2,model_window_reanalysis,,primary_4_MAD,"[4.0, 3.0, 5.0]",[],[],True,2,2,2,"[[27.21, 42.69], [64.98, 80.46]]","[[27.21, 42.69], [64.98, 80.46]]",True,722.8703587604284,722.8703587604284,271.42106322714466,271.42106322714466,0.0,0.0,True,0.0,0.0,True,0.0
web_sessions/20260719_003026_campaign_radio_ebyte_e79_cc1352p/packet_tx/20260719_011429_radio_ebyte_e79_cc1352p/raw/run_00003.csv.gz,tx_p0_rf_profile-IEEE154G50_s128,run_00003,IEEE154G50,0,128,3,model_window_reanalysis,,primary_4_MAD,"[4.0, 3.0, 5.0]",[],[],True,2,2,2,"[[28.73, 44.21], [70.59, 86.07]]","[[28.73, 44.21], [70.59, 86.07]]",True,719.7627733223394,719.7627733223394,268.66746714274603,268.66746714274603,0.0,0.0,True,0.0,0.0,True,0.0
web_sessions/20260719_003026_campaign_radio_ebyte_e79_cc1352p/packet_tx/20260719_011429_radio_ebyte_e79_cc1352p/raw/run_00004.csv.gz,tx_p0_rf_profile-IEEE154G50_s128,run_00004,IEEE154G50,0,128,4,model_window_reanalysis,,primary_4_MAD,"[4.0, 3.0, 5.0]",[],[],True,2,2,2,"[[27.29, 42.77], [64.81, 80.29]]","[[27.29, 42.77], [64.81, 80.29]]",True,725.8309765453663,725.8309765453663,275.0203717876377,275.0203717876377,0.0,0.0,True,0.0,0.0,True,0.0
web_sessions/20260719_003026_campaign_radio_ebyte_e79_cc1352p/packet_tx/20260719_011429_radio_ebyte_e79_cc1352p/raw/run_00005.csv.gz,tx_p0_rf_profile-IEEE154G50_s128,run_00005,IEEE154G50,0,128,5,model_window_reanalysis,,primary_4_MAD,"[4.0, 3.0, 5.0]",[],[],True,2,2,2,"[[27.46, 42.94], [64.83, 80.31]]","[[27.46, 42.94], [64.83, 80.31]]",True,725.2878023142074,725.2878023142074,273.3153845264635,273.3153845264635,0.0,0.0,True,0.0,0.0,True,0.0
web_sessions/20260719_003026_campaign_radio_ebyte_e79_cc1352p/packet_tx/20260719_011457_radio_ebyte_e79_cc1352p/raw/run_00001.csv.gz,tx_p0_rf_profile-IEEE154G50_s512,run_00001,IEEE154G50,0,512,1,model_window_reanalysis,,primary_4_MAD,"[4.0, 3.0, 5.0]",[],[],True,8,8,8,"[[30.3, 45.78], [72.56, 88.04], [115.54, 131.02], [154.47, 169.95], [196.24, 211.72], [241.18, 256.66], [284.19, 299.67], [322.43, 337.91]]","[[30.3, 45.78], [72.56, 88.04], [115.54, 131.02], [154.47, 169.95], [196.24, 211.72], [241.18, 256.66], [284.19, 299.67], [322.43, 337.91]]",True,2896.074009417348,2896.074009417348,1085.8808240381636,1085.8808240381636,0.0,0.0,True,0.0,0.0,True,0.0
web_sessions/20260719_003026_campaign_radio_ebyte_e79_cc1352p/packet_tx/20260719_011457_radio_ebyte_e79_cc1352p/raw/run_00002.csv.gz,tx_p0_rf_profile-IEEE154G50_s512,run_00002,IEEE154G50,0,512,2,model_window_reanalysis,,primary_4_MAD,"[4.0, 3.0, 5.0]",[],[],True,8,8,8,"[[27.41, 42.89], [64.95, 80.43], [102.23, 117.71], [139.41, 154.89], [177.08, 192.56], [215.06, 230.54], [252.94, 268.42], [295.06, 310.54]]","[[27.41, 42.89], [64.95, 80.43], [102.23, 117.71], [139.41, 154.89], [177.08, 192.56], [215.06, 230.54], [252.94, 268.42], [295.06, 310.54]]",True,2878.6746857744247,2878.6746857744247,1073.5341273848087,1073.5341273848087,0.0,0.0,True,0.0,0.0,True,0.0
web_sessions/20260719_003026_campaign_radio_ebyte_e79_cc1352p/packet_tx/20260719_011457_radio_ebyte_e79_cc1352p/raw/run_00003.csv.gz,tx_p0_rf_profile-IEEE154G50_s512,run_00003,IEEE154G50,0,512,3,model_window_reanalysis,,primary_4_MAD,"[4.0, 3.0, 5.0]",[],[],True,8,8,8,"[[27.12, 42.6], [65.09, 80.57], [103.0, 118.48], [146.97, 162.45], [190.14, 205.62], [227.25, 242.73], [264.61, 280.09], [307.15, 322.63]]","[[27.12, 42.6], [65.09, 80.57], [103.0, 118.48], [146.97, 162.45], [190.14, 205.62], [227.25, 242.73], [264.61, 280.09], [307.15, 322.63]]",True,2885.8364449286687,2885.8364449286687,1078.3596628306198,1078.3596628306198,0.0,0.0,True,0.0,0.0,True,0.0
web_sessions/20260719_003026_campaign_radio_ebyte_e79_cc1352p/packet_tx/20260719_011457_radio_ebyte_e79_cc1352p/raw/run_00004.csv.gz,tx_p0_rf_profile-IEEE154G50_s512,run_00004,IEEE154G50,0,512,4,model_window_reanalysis,,primary_4_MAD,"[4.0, 3.0, 5.0]",[],[],True,8,8,8,"[[28.67, 44.15], [67.2, 82.68], [106.3, 121.78], [149.4, 164.88], [186.9, 202.38], [224.75, 240.23], [262.91, 278.39], [302.63, 318.11]]","[[28.67, 44.15], [67.2, 82.68], [106.3, 121.78], [149.4, 164.88], [186.9, 202.38], [224.75, 240.23], [262.91, 278.39], [302.63, 318.11]]",True,2887.4796477773384,2887.4796477773384,1079.5795108200898,1079.5795108200898,0.0,0.0,True,0.0,0.0,True,0.0
web_sessions/20260719_003026_campaign_radio_ebyte_e79_cc1352p/packet_tx/20260719_011457_radio_ebyte_e79_cc1352p/raw/run_00005.csv.gz,tx_p0_rf_profile-IEEE154G50_s512,run_00005,IEEE154G50,0,512,5,model_window_reanalysis,,primary_4_MAD,"[4.0, 3.0, 5.0]",[],[],True,8,8,8,"[[28.77, 44.25], [70.68, 86.16], [107.12, 122.6], [145.07, 160.55], [184.56, 200.04], [221.54, 237.02], [259.14, 274.62], [301.5, 316.98]]","[[28.77, 44.25], [70.68, 86.16], [107.12, 122.6], [145.07, 160.55], [184.56, 200.04], [221.54, 237.02], [259.14, 274.62], [301.5, 316.98]]",True,2897.6841024292094,2897.6841024292094,1090.4114865603785,1090.4114865603785,0.0,0.0,True,0.0,0.0,True,0.0
web_sessions/20260719_003026_campaign_radio_ebyte_e79_cc1352p/packet_tx/20260719_011525_radio_ebyte_e79_cc1352p/raw/run_00001.csv.gz,tx_p0_rf_profile-IEEE154G50_s1024,run_00001,IEEE154G50,0,1024,1,model_window_reanalysis,,primary_4_MAD,"[4.0, 3.0, 5.0]",[],[],True,16,16,16,"[[29.82, 45.3], [66.59, 82.07], [104.6, 120.08], [146.18, 161.66], [185.35, 200.83], [224.44, 239.92], [266.62, 282.1], [305.74, 321.22], [348.14, 363.62], [385.64, 401.12], [423.18, 438.66], [461.67, 477.15], [503.88, 519.36], [541.71, 557.19], [579.54, 595.02], [617.9, 633.38]]","[[29.82, 45.3], [66.59, 82.07], [104.6, 120.08], [146.18, 161.66], [185.35, 200.83], [224.44, 239.92], [266.62, 282.1], [305.74, 321.22], [348.14, 363.62], [385.64, 401.12], [423.18, 438.66], [461.67, 477.15], [503.88, 519.36], [541.71, 557.19], [579.54, 595.02], [617.9, 633.38]]",True,5787.934755869356,5787.934755869356,2171.862435598915,2171.862435598915,0.0,0.0,True,0.0,0.0,True,0.0
web_sessions/20260719_003026_campaign_radio_ebyte_e79_cc1352p/packet_tx/20260719_011525_radio_ebyte_e79_cc1352p/raw/run_00002.csv.gz,tx_p0_rf_profile-IEEE154G50_s1024,run_00002,IEEE154G50,0,1024,2,model_window_reanalysis,,primary_4_MAD,"[4.0, 3.0, 5.0]",[],[],True,16,16,16,"[[29.05, 44.53], [67.21, 82.69], [103.66, 119.14], [142.2, 157.68], [179.68, 195.16], [218.21, 233.69], [256.55, 272.03], [299.29, 314.77], [336.6, 352.08], [375.08, 390.56], [412.21, 427.69], [451.12, 466.6], [489.45, 504.93], [531.7, 547.18], [569.72, 585.2], [610.65, 626.13]]","[[29.05, 44.53], [67.21, 82.69], [103.66, 119.14], [142.2, 157.68], [179.68, 195.16], [218.21, 233.69], [256.55, 272.03], [299.29, 314.77], [336.6, 352.08], [375.08, 390.56], [412.21, 427.69], [451.12, 466.6], [489.45, 504.93], [531.7, 547.18], [569.72, 585.2], [610.65, 626.13]]",True,5779.419873099277,5779.419873099277,2165.180198404958,2165.180198404958,0.0,0.0,True,0.0,0.0,True,0.0
web_sessions/20260719_003026_campaign_radio_ebyte_e79_cc1352p/packet_tx/20260719_011525_radio_ebyte_e79_cc1352p/raw/run_00003.csv.gz,tx_p0_rf_profile-IEEE154G50_s1024,run_00003,IEEE154G50,0,1024,3,model_window_reanalysis,,primary_4_MAD,"[4.0, 3.0, 5.0]",[],[],True,16,16,16,"[[27.59, 43.07], [66.11, 81.59], [104.76, 120.24], [147.25, 162.73], [184.15, 199.63], [221.45, 236.93], [259.53, 275.01], [299.32, 314.8], [335.78, 351.26], [373.28, 388.76], [410.74, 426.22], [453.71, 469.19], [495.61, 511.09], [533.76, 549.24], [571.89, 587.37], [614.81, 630.29]]","[[27.59, 43.07], [66.11, 81.59], [104.76, 120.24], [147.25, 162.73], [184.15, 199.63], [221.45, 236.93], [259.53, 275.01], [299.32, 314.8], [335.78, 351.26], [373.28, 388.76], [410.74, 426.22], [453.71, 469.19], [495.61, 511.09], [533.76, 549.24], [571.89, 587.37], [614.81, 630.29]]",True,5759.928756661966,5759.928756661966,2144.796210616733,2144.796210616733,0.0,0.0,True,0.0,0.0,True,0.0
web_sessions/20260719_003026_campaign_radio_ebyte_e79_cc1352p/packet_tx/20260719_011525_radio_ebyte_e79_cc1352p/raw/run_00004.csv.gz,tx_p0_rf_profile-IEEE154G50_s1024,run_00004,IEEE154G50,0,1024,4,model_window_reanalysis,,primary_4_MAD,"[4.0, 3.0, 5.0]",[],[],True,16,16,16,"[[28.72, 44.2], [66.69, 82.17], [104.7, 120.18], [143.95, 159.43], [182.12, 197.6], [219.07, 234.55], [258.87, 274.35], [297.7, 313.18], [336.17, 351.65], [375.04, 390.52], [413.54, 429.02], [452.07, 467.55], [490.13, 505.61], [533.65, 549.13], [575.19, 590.67], [614.34, 629.82]]","[[28.72, 44.2], [66.69, 82.17], [104.7, 120.18], [143.95, 159.43], [182.12, 197.6], [219.07, 234.55], [258.87, 274.35], [297.7, 313.18], [336.17, 351.65], [375.04, 390.52], [413.54, 429.02], [452.07, 467.55], [490.13, 505.61], [533.65, 549.13], [575.19, 590.67], [614.34, 629.82]]",True,5749.517745015039,5749.517745015039,2138.1119912743775,2138.1119912743775,0.0,0.0,True,0.0,0.0,True,0.0
web_sessions/20260719_003026_campaign_radio_ebyte_e79_cc1352p/packet_tx/20260719_011525_radio_ebyte_e79_cc1352p/raw/run_00005.csv.gz,tx_p0_rf_profile-IEEE154G50_s1024,run_00005,IEEE154G50,0,1024,5,model_window_reanalysis,,primary_4_MAD,"[4.0, 3.0, 5.0]",[],[],True,16,16,16,"[[27.29, 42.77], [65.71, 81.19], [103.23, 118.71], [140.94, 156.42], [183.27, 198.75], [221.15, 236.63], [258.65, 274.13], [296.67, 312.15], [335.11, 350.59], [373.22, 388.7], [411.24, 426.72], [449.1, 464.58], [486.05, 501.53], [523.89, 539.37], [561.19, 576.67], [602.77, 618.25]]","[[27.29, 42.77], [65.71, 81.19], [103.23, 118.71], [140.94, 156.42], [183.27, 198.75], [221.15, 236.63], [258.65, 274.13], [296.67, 312.15], [335.11, 350.59], [373.22, 388.7], [411.24, 426.72], [449.1, 464.58], [486.05, 501.53], [523.89, 539.37], [561.19, 576.67], [602.77, 618.25]]",True,5756.193112918816,5756.193112918816,2149.7374886368543,2149.7374886368543,0.0,0.0,True,0.0,0.0,True,0.0
web_sessions/20260719_003026_campaign_radio_ebyte_e79_cc1352p/packet_tx/20260719_011718_radio_ebyte_e79_cc1352p/raw/run_00001.csv.gz,tx_p13_rf_profile-GFSK4K8_s128,run_00001,GFSK4K8,13,128,1,model_window_reanalysis,,primary_4_MAD,"[4.0, 3.0, 5.0]",[],[],True,2,2,2,"[[28.36, 158.03], [181.96, 311.62]]","[[28.36, 158.03], [181.96, 311.62]]",True,8226.838910903562,8226.838910903562,4085.0527561557783,4085.0527561557783,0.0,0.0,True,0.0,0.0,True,0.0
web_sessions/20260719_003026_campaign_radio_ebyte_e79_cc1352p/packet_tx/20260719_011718_radio_ebyte_e79_cc1352p/raw/run_00002.csv.gz,tx_p13_rf_profile-GFSK4K8_s128,run_00002,GFSK4K8,13,128,2,model_window_reanalysis,,primary_4_MAD,"[4.0, 3.0, 5.0]",[],[],True,2,2,2,"[[27.33, 157.0], [181.03, 310.69]]","[[27.33, 157.0], [181.03, 310.69]]",True,8174.9827305168,8174.9827305168,4040.1485271460865,4040.1485271460865,0.0,0.0,True,0.0,0.0,True,0.0
web_sessions/20260719_003026_campaign_radio_ebyte_e79_cc1352p/packet_tx/20260719_011718_radio_ebyte_e79_cc1352p/raw/run_00003.csv.gz,tx_p13_rf_profile-GFSK4K8_s128,run_00003,GFSK4K8,13,128,3,model_window_reanalysis,,primary_4_MAD,"[4.0, 3.0, 5.0]",[],[],True,2,2,2,"[[26.66, 156.33], [181.78, 311.44]]","[[26.66, 156.33], [181.78, 311.44]]",True,8200.59984328568,8200.59984328568,4063.8270910206716,4063.8270910206716,0.0,0.0,True,0.0,0.0,True,0.0
web_sessions/20260719_003026_campaign_radio_ebyte_e79_cc1352p/packet_tx/20260719_011718_radio_ebyte_e79_cc1352p/raw/run_00004.csv.gz,tx_p13_rf_profile-GFSK4K8_s128,run_00004,GFSK4K8,13,128,4,model_window_reanalysis,,primary_4_MAD,"[4.0, 3.0, 5.0]",[],[],True,2,2,2,"[[26.4, 156.07], [181.44, 311.1]]","[[26.4, 156.07], [181.44, 311.1]]",True,8200.37070297978,8200.37070297978,4063.2329018719493,4063.2329018719493,0.0,0.0,True,0.0,0.0,True,0.0
web_sessions/20260719_003026_campaign_radio_ebyte_e79_cc1352p/packet_tx/20260719_011718_radio_ebyte_e79_cc1352p/raw/run_00005.csv.gz,tx_p13_rf_profile-GFSK4K8_s128,run_00005,GFSK4K8,13,128,5,model_window_reanalysis,,primary_4_MAD,"[4.0, 3.0, 5.0]",[],[],True,2,2,2,"[[27.53, 157.2], [183.94, 313.6]]","[[27.53, 157.2], [183.94, 313.6]]",True,8199.570684070532,8199.570684070532,4061.301826658405,4061.301826658405,0.0,0.0,True,0.0,0.0,True,0.0
web_sessions/20260719_003026_campaign_radio_ebyte_e79_cc1352p/packet_tx/20260719_011746_radio_ebyte_e79_cc1352p/raw/run_00001.csv.gz,tx_p13_rf_profile-GFSK4K8_s512,run_00001,GFSK4K8,13,512,1,model_window_reanalysis,,primary_4_MAD,"[4.0, 3.0, 5.0]",[],[],True,8,8,8,"[[27.75, 157.42], [180.84, 310.51], [337.15, 466.82], [490.86, 620.53], [647.15, 776.82], [802.84, 932.5], [957.39, 1087.05], [1111.99, 1241.65]]","[[27.75, 157.42], [180.84, 310.51], [337.15, 466.82], [490.86, 620.53], [647.15, 776.82], [802.84, 932.5], [957.39, 1087.05], [1111.99, 1241.65]]",True,32731.71804767893,32731.71804767893,16150.264471242845,16150.264471242845,0.0,0.0,True,0.0,0.0,True,0.0
web_sessions/20260719_003026_campaign_radio_ebyte_e79_cc1352p/packet_tx/20260719_011746_radio_ebyte_e79_cc1352p/raw/run_00002.csv.gz,tx_p13_rf_profile-GFSK4K8_s512,run_00002,GFSK4K8,13,512,2,model_window_reanalysis,,primary_4_MAD,"[4.0, 3.0, 5.0]",[],[],True,8,8,8,"[[27.43, 157.1], [183.44, 313.11], [338.72, 468.39], [493.08, 622.75], [645.36, 775.03], [798.01, 927.67], [948.81, 1078.47], [1102.86, 1232.52]]","[[27.43, 157.1], [183.44, 313.11], [338.72, 468.39], [493.08, 622.75], [645.36, 775.03], [798.01, 927.67], [948.81, 1078.47], [1102.86, 1232.52]]",True,32685.78372130788,32685.78372130788,16136.70363893772,16136.70363893772,0.0,0.0,True,0.0,0.0,True,0.0
web_sessions/20260719_003026_campaign_radio_ebyte_e79_cc1352p/packet_tx/20260719_011746_radio_ebyte_e79_cc1352p/raw/run_00003.csv.gz,tx_p13_rf_profile-GFSK4K8_s512,run_00003,GFSK4K8,13,512,3,model_window_reanalysis,,primary_4_MAD,"[4.0, 3.0, 5.0]",[],[],True,8,8,8,"[[26.73, 156.4], [180.09, 309.76], [333.13, 462.8], [486.63, 616.3], [639.34, 769.01], [793.74, 923.4], [946.42, 1076.08], [1098.04, 1227.7]]","[[26.73, 156.4], [180.09, 309.76], [333.13, 462.8], [486.63, 616.3], [639.34, 769.01], [793.74, 923.4], [946.42, 1076.08], [1098.04, 1227.7]]",True,32677.5871754201,32677.5871754201,16129.625222871246,16129.625222871246,0.0,0.0,True,0.0,0.0,True,0.0
web_sessions/20260719_003026_campaign_radio_ebyte_e79_cc1352p/packet_tx/20260719_011746_radio_ebyte_e79_cc1352p/raw/run_00004.csv.gz,tx_p13_rf_profile-GFSK4K8_s512,run_00004,GFSK4K8,13,512,4,model_window_reanalysis,,primary_4_MAD,"[4.0, 3.0, 5.0]",[],[],True,8,8,8,"[[27.0, 156.67], [178.15, 307.82], [331.38, 461.05], [489.04, 618.71], [643.79, 773.46], [799.47, 929.13], [950.62, 1080.28], [1101.9, 1231.56]]","[[27.0, 156.67], [178.15, 307.82], [331.38, 461.05], [489.04, 618.71], [643.79, 773.46], [799.47, 929.13], [950.62, 1080.28], [1101.9, 1231.56]]",True,32729.01753389749,32729.01753389749,16165.223641129536,16165.223641129536,0.0,0.0,True,0.0,0.0,True,0.0
web_sessions/20260719_003026_campaign_radio_ebyte_e79_cc1352p/packet_tx/20260719_011746_radio_ebyte_e79_cc1352p/raw/run_00005.csv.gz,tx_p13_rf_profile-GFSK4K8_s512,run_00005,GFSK4K8,13,512,5,model_window_reanalysis,,primary_4_MAD,"[4.0, 3.0, 5.0]",[],[],True,8,8,8,"[[26.42, 156.09], [182.73, 312.4], [337.76, 467.43], [492.32, 621.99], [644.96, 774.63], [800.05, 929.71], [955.68, 1085.34], [1112.38, 1242.04]]","[[26.42, 156.09], [182.73, 312.4], [337.76, 467.43], [492.32, 621.99], [644.96, 774.63], [800.05, 929.71], [955.68, 1085.34], [1112.38, 1242.04]]",True,32721.586830437016,32721.586830437016,16175.664181194701,16175.664181194701,0.0,0.0,True,0.0,0.0,True,0.0
web_sessions/20260719_003026_campaign_radio_ebyte_e79_cc1352p/packet_tx/20260719_011824_radio_ebyte_e79_cc1352p/raw/run_00001.csv.gz,tx_p13_rf_profile-GFSK4K8_s1024,run_00001,GFSK4K8,13,1024,1,model_window_reanalysis,,primary_4_MAD,"[4.0, 3.0, 5.0]",[],[],True,16,16,16,"[[29.43, 159.1], [183.58, 313.25], [337.21, 466.88], [490.8, 620.47], [642.23, 771.9], [797.43, 927.1], [952.56, 1082.23], [1106.24, 1235.91], [1261.9, 1391.57], [1411.84, 1541.51], [1565.17, 1694.83], [1720.27, 1849.93], [1873.9, 2003.56], [2026.86, 2156.52], [2182.26, 2311.92], [2336.51, 2466.17]]","[[29.43, 159.1], [183.58, 313.25], [337.21, 466.88], [490.8, 620.47], [642.23, 771.9], [797.43, 927.1], [952.56, 1082.23], [1106.24, 1235.91], [1261.9, 1391.57], [1411.84, 1541.51], [1565.17, 1694.83], [1720.27, 1849.93], [1873.9, 2003.56], [2026.86, 2156.52], [2182.26, 2311.92], [2336.51, 2466.17]]",True,65422.67377132727,65422.67377132727,32263.74365539351,32263.74365539351,0.0,0.0,True,0.0,0.0,True,0.0
web_sessions/20260719_003026_campaign_radio_ebyte_e79_cc1352p/packet_tx/20260719_011824_radio_ebyte_e79_cc1352p/raw/run_00002.csv.gz,tx_p13_rf_profile-GFSK4K8_s1024,run_00002,GFSK4K8,13,1024,2,model_window_reanalysis,,primary_4_MAD,"[4.0, 3.0, 5.0]",[],[],True,16,16,16,"[[25.64, 155.31], [181.81, 311.48], [337.26, 466.93], [492.82, 622.49], [644.52, 774.19], [798.12, 927.79], [952.41, 1082.08], [1103.49, 1233.16], [1258.11, 1387.78], [1412.85, 1542.52], [1570.58, 1700.24], [1723.33, 1852.99], [1879.86, 2009.52], [2034.03, 2163.69], [2187.66, 2317.32], [2339.3, 2468.96]]","[[25.64, 155.31], [181.81, 311.48], [337.26, 466.93], [492.82, 622.49], [644.52, 774.19], [798.12, 927.79], [952.41, 1082.08], [1103.49, 1233.16], [1258.11, 1387.78], [1412.85, 1542.52], [1570.58, 1700.24], [1723.33, 1852.99], [1879.86, 2009.52], [2034.03, 2163.69], [2187.66, 2317.32], [2339.3, 2468.96]]",True,65311.22714952218,65311.22714952218,32182.154035441505,32182.154035441505,0.0,0.0,True,0.0,0.0,True,0.0
web_sessions/20260719_003026_campaign_radio_ebyte_e79_cc1352p/packet_tx/20260719_011824_radio_ebyte_e79_cc1352p/raw/run_00003.csv.gz,tx_p13_rf_profile-GFSK4K8_s1024,run_00003,GFSK4K8,13,1024,3,model_window_reanalysis,,primary_4_MAD,"[4.0, 3.0, 5.0]",[],[],True,16,16,16,"[[27.07, 156.74], [179.65, 309.32], [334.3, 463.97], [485.44, 615.11], [641.57, 771.24], [796.96, 926.63], [952.64, 1082.31], [1108.17, 1237.84], [1259.72, 1389.39], [1413.25, 1542.92], [1567.61, 1697.27], [1723.24, 1852.9], [1877.94, 2007.6], [2034.55, 2164.21], [2189.04, 2318.7], [2341.03, 2470.69]]","[[27.07, 156.74], [179.65, 309.32], [334.3, 463.97], [485.44, 615.11], [641.57, 771.24], [796.96, 926.63], [952.64, 1082.31], [1108.17, 1237.84], [1259.72, 1389.39], [1413.25, 1542.92], [1567.61, 1697.27], [1723.24, 1852.9], [1877.94, 2007.6], [2034.55, 2164.21], [2189.04, 2318.7], [2341.03, 2470.69]]",True,65346.48437664011,65346.48437664011,32219.38578666316,32219.38578666316,0.0,0.0,True,0.0,0.0,True,0.0
web_sessions/20260719_003026_campaign_radio_ebyte_e79_cc1352p/packet_tx/20260719_011824_radio_ebyte_e79_cc1352p/raw/run_00004.csv.gz,tx_p13_rf_profile-GFSK4K8_s1024,run_00004,GFSK4K8,13,1024,4,model_window_reanalysis,,primary_4_MAD,"[4.0, 3.0, 5.0]",[],[],True,16,16,16,"[[27.8, 157.47], [184.09, 313.76], [338.33, 468.0], [490.9, 620.57], [644.13, 773.8], [799.38, 929.05], [955.11, 1084.78], [1109.68, 1239.35], [1262.47, 1392.14], [1416.04, 1545.71], [1569.69, 1699.35], [1720.32, 1849.98], [1876.06, 2005.72], [2029.52, 2159.18], [2184.03, 2313.69], [2339.6, 2469.26]]","[[27.8, 157.47], [184.09, 313.76], [338.33, 468.0], [490.9, 620.57], [644.13, 773.8], [799.38, 929.05], [955.11, 1084.78], [1109.68, 1239.35], [1262.47, 1392.14], [1416.04, 1545.71], [1569.69, 1699.35], [1720.32, 1849.98], [1876.06, 2005.72], [2029.52, 2159.18], [2184.03, 2313.69], [2339.6, 2469.26]]",True,65383.24695697873,65383.24695697873,32287.001934861655,32287.001934861655,0.0,0.0,True,0.0,0.0,True,0.0
web_sessions/20260719_003026_campaign_radio_ebyte_e79_cc1352p/packet_tx/20260719_011824_radio_ebyte_e79_cc1352p/raw/run_00005.csv.gz,tx_p13_rf_profile-GFSK4K8_s1024,run_00005,GFSK4K8,13,1024,5,model_window_reanalysis,,primary_4_MAD,"[4.0, 3.0, 5.0]",[],[],True,16,16,16,"[[27.83, 157.5], [183.09, 312.76], [338.39, 468.06], [488.96, 618.63], [644.25, 773.92], [801.37, 931.04], [954.66, 1084.33], [1110.79, 1240.46], [1264.44, 1394.11], [1420.02, 1549.69], [1574.86, 1704.52], [1728.15, 1857.81], [1883.69, 2013.35], [2040.26, 2169.92], [2194.98, 2324.64], [2346.47, 2476.13]]","[[27.83, 157.5], [183.09, 312.76], [338.39, 468.06], [488.96, 618.63], [644.25, 773.92], [801.37, 931.04], [954.66, 1084.33], [1110.79, 1240.46], [1264.44, 1394.11], [1420.02, 1549.69], [1574.86, 1704.52], [1728.15, 1857.81], [1883.69, 2013.35], [2040.26, 2169.92], [2194.98, 2324.64], [2346.47, 2476.13]]",True,65358.44836927647,65358.44836927647,32230.220354295416,32230.220354295416,0.0,0.0,True,0.0,0.0,True,0.0
web_sessions/20260719_003026_campaign_radio_ebyte_e79_cc1352p/packet_tx/20260719_012039_radio_ebyte_e79_cc1352p/raw/run_00001.csv.gz,tx_p13_rf_profile-GFSK50_s128,run_00001,GFSK50,13,128,1,model_window_reanalysis,,primary_4_MAD,"[4.0, 3.0, 5.0]",[],[],True,2,2,2,"[[28.7, 43.86], [65.84, 81.0]]","[[28.7, 43.86], [65.84, 81.0]]",True,863.0456302043484,863.0456302043484,418.341348996271,418.341348996271,0.0,0.0,True,0.0,0.0,True,0.0
web_sessions/20260719_003026_campaign_radio_ebyte_e79_cc1352p/packet_tx/20260719_012039_radio_ebyte_e79_cc1352p/raw/run_00002.csv.gz,tx_p13_rf_profile-GFSK50_s128,run_00002,GFSK50,13,128,2,model_window_reanalysis,,primary_4_MAD,"[4.0, 3.0, 5.0]",[],[],True,2,2,2,"[[26.4, 41.56], [64.38, 79.54]]","[[26.4, 41.56], [64.38, 79.54]]",True,866.3936167971569,866.3936167971569,421.2453089829732,421.2453089829732,0.0,0.0,True,0.0,0.0,True,0.0
web_sessions/20260719_003026_campaign_radio_ebyte_e79_cc1352p/packet_tx/20260719_012039_radio_ebyte_e79_cc1352p/raw/run_00003.csv.gz,tx_p13_rf_profile-GFSK50_s128,run_00003,GFSK50,13,128,3,model_window_reanalysis,,primary_4_MAD,"[4.0, 3.0, 5.0]",[],[],True,2,2,2,"[[28.01, 43.17], [65.72, 80.88]]","[[28.01, 43.17], [65.72, 80.88]]",True,865.1088696389863,865.1088696389863,420.44377033353396,420.44377033353396,0.0,0.0,True,0.0,0.0,True,0.0
web_sessions/20260719_003026_campaign_radio_ebyte_e79_cc1352p/packet_tx/20260719_012039_radio_ebyte_e79_cc1352p/raw/run_00004.csv.gz,tx_p13_rf_profile-GFSK50_s128,run_00004,GFSK50,13,128,4,model_window_reanalysis,,primary_4_MAD,"[4.0, 3.0, 5.0]",[],[],True,2,2,2,"[[26.69, 41.85], [65.15, 80.31]]","[[26.69, 41.85], [65.15, 80.31]]",True,859.748210658707,859.748210658707,415.02748654213065,415.02748654213065,0.0,0.0,True,0.0,0.0,True,0.0
web_sessions/20260719_003026_campaign_radio_ebyte_e79_cc1352p/packet_tx/20260719_012039_radio_ebyte_e79_cc1352p/raw/run_00005.csv.gz,tx_p13_rf_profile-GFSK50_s128,run_00005,GFSK50,13,128,5,model_window_reanalysis,,primary_4_MAD,"[4.0, 3.0, 5.0]",[],[],True,2,2,2,"[[26.35, 41.51], [63.77, 78.93]]","[[26.35, 41.51], [63.77, 78.93]]",True,862.0696808550556,862.0696808550556,417.34088536366085,417.34088536366085,0.0,0.0,True,0.0,0.0,True,0.0
web_sessions/20260719_003026_campaign_radio_ebyte_e79_cc1352p/packet_tx/20260719_012106_radio_ebyte_e79_cc1352p/raw/run_00001.csv.gz,tx_p13_rf_profile-GFSK50_s512,run_00001,GFSK50,13,512,1,model_window_reanalysis,,primary_4_MAD,"[4.0, 3.0, 5.0]",[],[],True,8,8,8,"[[28.06, 43.22], [66.24, 81.4], [103.53, 118.69], [141.82, 156.98], [179.31, 194.47], [218.81, 233.97], [260.66, 275.82], [297.83, 312.99]]","[[28.06, 43.22], [66.24, 81.4], [103.53, 118.69], [141.82, 156.98], [179.31, 194.47], [218.81, 233.97], [260.66, 275.82], [297.83, 312.99]]",True,3461.991233414061,3461.991233414061,1681.2298450358394,1681.2298450358394,0.0,0.0,True,0.0,0.0,True,0.0
web_sessions/20260719_003026_campaign_radio_ebyte_e79_cc1352p/packet_tx/20260719_012106_radio_ebyte_e79_cc1352p/raw/run_00002.csv.gz,tx_p13_rf_profile-GFSK50_s512,run_00002,GFSK50,13,512,2,model_window_reanalysis,,primary_4_MAD,"[4.0, 3.0, 5.0]",[],[],True,8,8,8,"[[26.7, 41.86], [66.14, 81.3], [108.5, 123.66], [145.73, 160.89], [183.32, 198.48], [221.86, 237.02], [259.27, 274.43], [297.31, 312.47]]","[[26.7, 41.86], [66.14, 81.3], [108.5, 123.66], [145.73, 160.89], [183.32, 198.48], [221.86, 237.02], [259.27, 274.43], [297.31, 312.47]]",True,3449.4191359754486,3449.4191359754486,1670.688978649718,1670.688978649718,0.0,0.0,True,0.0,0.0,True,0.0
web_sessions/20260719_003026_campaign_radio_ebyte_e79_cc1352p/packet_tx/20260719_012106_radio_ebyte_e79_cc1352p/raw/run_00003.csv.gz,tx_p13_rf_profile-GFSK50_s512,run_00003,GFSK50,13,512,3,model_window_reanalysis,,primary_4_MAD,"[4.0, 3.0, 5.0]",[],[],True,8,8,8,"[[27.52, 42.68], [65.69, 80.85], [104.26, 119.42], [146.07, 161.23], [183.65, 198.81], [221.88, 237.04], [259.52, 274.68], [297.7, 312.86]]","[[27.52, 42.68], [65.69, 80.85], [104.26, 119.42], [146.07, 161.23], [183.65, 198.81], [221.88, 237.04], [259.52, 274.68], [297.7, 312.86]]",True,3445.366935487979,3445.366935487979,1666.391250317004,1666.391250317004,0.0,0.0,True,0.0,0.0,True,0.0
web_sessions/20260719_003026_campaign_radio_ebyte_e79_cc1352p/packet_tx/20260719_012106_radio_ebyte_e79_cc1352p/raw/run_00004.csv.gz,tx_p13_rf_profile-GFSK50_s512,run_00004,GFSK50,13,512,4,model_window_reanalysis,,primary_4_MAD,"[4.0, 3.0, 5.0]",[],[],True,8,8,8,"[[27.66, 42.82], [65.11, 80.27], [103.51, 118.67], [140.66, 155.82], [177.76, 192.92], [215.7, 230.86], [253.83, 268.99], [289.98, 305.14]]","[[27.66, 42.82], [65.11, 80.27], [103.51, 118.67], [140.66, 155.82], [177.76, 192.92], [215.7, 230.86], [253.83, 268.99], [289.98, 305.14]]",True,3444.1641760378957,3444.1641760378957,1665.4710363816328,1665.4710363816328,0.0,0.0,True,0.0,0.0,True,0.0
web_sessions/20260719_003026_campaign_radio_ebyte_e79_cc1352p/packet_tx/20260719_012106_radio_ebyte_e79_cc1352p/raw/run_00005.csv.gz,tx_p13_rf_profile-GFSK50_s512,run_00005,GFSK50,13,512,5,model_window_reanalysis,,primary_4_MAD,"[4.0, 3.0, 5.0]",[],[],True,8,8,8,"[[26.69, 41.85], [64.63, 79.79], [102.12, 117.28], [139.44, 154.6], [176.68, 191.84], [213.83, 228.99], [252.11, 267.27], [289.49, 304.65]]","[[26.69, 41.85], [64.63, 79.79], [102.12, 117.28], [139.44, 154.6], [176.68, 191.84], [213.83, 228.99], [252.11, 267.27], [289.49, 304.65]]",True,3448.974159161143,3448.974159161143,1670.7771268233805,1670.7771268233805,0.0,0.0,True,0.0,0.0,True,0.0
web_sessions/20260719_003026_campaign_radio_ebyte_e79_cc1352p/packet_tx/20260719_012135_radio_ebyte_e79_cc1352p/raw/run_00001.csv.gz,tx_p13_rf_profile-GFSK50_s1024,run_00001,GFSK50,13,1024,1,model_window_reanalysis,,primary_4_MAD,"[4.0, 3.0, 5.0]",[],[],True,16,16,16,"[[27.67, 42.83], [65.1, 80.26], [102.83, 117.99], [140.69, 155.85], [177.84, 193.0], [215.0, 230.16], [252.55, 267.71], [289.65, 304.81], [327.62, 342.78], [365.11, 380.27], [403.35, 418.51], [442.14, 457.3], [480.15, 495.31], [519.02, 534.18], [556.01, 571.17], [594.16, 609.32]]","[[27.67, 42.83], [65.1, 80.26], [102.83, 117.99], [140.69, 155.85], [177.84, 193.0], [215.0, 230.16], [252.55, 267.71], [289.65, 304.81], [327.62, 342.78], [365.11, 380.27], [403.35, 418.51], [442.14, 457.3], [480.15, 495.31], [519.02, 534.18], [556.01, 571.17], [594.16, 609.32]]",True,6914.693834346769,6914.693834346769,3358.592699615033,3358.592699615033,0.0,0.0,True,0.0,0.0,True,0.0
web_sessions/20260719_003026_campaign_radio_ebyte_e79_cc1352p/packet_tx/20260719_012135_radio_ebyte_e79_cc1352p/raw/run_00002.csv.gz,tx_p13_rf_profile-GFSK50_s1024,run_00002,GFSK50,13,1024,2,model_window_reanalysis,,primary_4_MAD,"[4.0, 3.0, 5.0]",[],[],True,16,16,16,"[[27.22, 42.38], [64.62, 79.78], [101.95, 117.11], [138.39, 153.55], [176.49, 191.65], [214.25, 229.41], [251.66, 266.82], [289.77, 304.93], [326.65, 341.81], [364.77, 379.93], [403.19, 418.35], [439.7, 454.86], [476.85, 492.01], [514.72, 529.88], [553.25, 568.41], [597.12, 612.28]]","[[27.22, 42.38], [64.62, 79.78], [101.95, 117.11], [138.39, 153.55], [176.49, 191.65], [214.25, 229.41], [251.66, 266.82], [289.77, 304.93], [326.65, 341.81], [364.77, 379.93], [403.19, 418.35], [439.7, 454.86], [476.85, 492.01], [514.72, 529.88], [553.25, 568.41], [597.12, 612.28]]",True,6875.758314622686,6875.758314622686,3316.6574417288916,3316.6574417288916,0.0,0.0,True,0.0,0.0,True,0.0
web_sessions/20260719_003026_campaign_radio_ebyte_e79_cc1352p/packet_tx/20260719_012135_radio_ebyte_e79_cc1352p/raw/run_00003.csv.gz,tx_p13_rf_profile-GFSK50_s1024,run_00003,GFSK50,13,1024,3,model_window_reanalysis,,primary_4_MAD,"[4.0, 3.0, 5.0]",[],[],True,16,16,16,"[[26.59, 41.75], [64.12, 79.28], [102.05, 117.21], [139.77, 154.93], [176.66, 191.82], [213.45, 228.61], [250.96, 266.12], [288.01, 303.17], [326.05, 341.21], [363.47, 378.63], [401.37, 416.53], [438.18, 453.34], [476.1, 491.26], [513.99, 529.15], [552.15, 567.31], [589.06, 604.22]]","[[26.59, 41.75], [64.12, 79.28], [102.05, 117.21], [139.77, 154.93], [176.66, 191.82], [213.45, 228.61], [250.96, 266.12], [288.01, 303.17], [326.05, 341.21], [363.47, 378.63], [401.37, 416.53], [438.18, 453.34], [476.1, 491.26], [513.99, 529.15], [552.15, 567.31], [589.06, 604.22]]",True,6887.531464473895,6887.531464473895,3329.570796672875,3329.570796672875,0.0,0.0,True,0.0,0.0,True,0.0
web_sessions/20260719_003026_campaign_radio_ebyte_e79_cc1352p/packet_tx/20260719_012135_radio_ebyte_e79_cc1352p/raw/run_00004.csv.gz,tx_p13_rf_profile-GFSK50_s1024,run_00004,GFSK50,13,1024,4,model_window_reanalysis,,primary_4_MAD,"[4.0, 3.0, 5.0]",[],[],True,16,16,16,"[[27.33, 42.49], [65.14, 80.3], [102.79, 117.95], [139.98, 155.14], [177.71, 192.87], [216.13, 231.29], [252.83, 267.99], [289.39, 304.55], [327.93, 343.09], [365.97, 381.13], [404.38, 419.54], [445.91, 461.07], [484.04, 499.2], [521.32, 536.48], [559.35, 574.51], [598.88, 614.04]]","[[27.33, 42.49], [65.14, 80.3], [102.79, 117.95], [139.98, 155.14], [177.71, 192.87], [216.13, 231.29], [252.83, 267.99], [289.39, 304.55], [327.93, 343.09], [365.97, 381.13], [404.38, 419.54], [445.91, 461.07], [484.04, 499.2], [521.32, 536.48], [559.35, 574.51], [598.88, 614.04]]",True,6868.569293808103,6868.569293808103,3311.5904920518547,3311.5904920518547,0.0,0.0,True,0.0,0.0,True,0.0
web_sessions/20260719_003026_campaign_radio_ebyte_e79_cc1352p/packet_tx/20260719_012135_radio_ebyte_e79_cc1352p/raw/run_00005.csv.gz,tx_p13_rf_profile-GFSK50_s1024,run_00005,GFSK50,13,1024,5,model_window_reanalysis,,primary_4_MAD,"[4.0, 3.0, 5.0]",[],[],True,16,16,16,"[[26.85, 42.01], [63.38, 78.54], [101.11, 116.27], [139.52, 154.68], [181.24, 196.4], [218.04, 233.2], [256.07, 271.23], [294.2, 309.36], [332.68, 347.84], [369.8, 384.96], [407.54, 422.7], [444.99, 460.15], [483.19, 498.35], [520.88, 536.04], [557.93, 573.09], [595.76, 610.92]]","[[26.85, 42.01], [63.38, 78.54], [101.11, 116.27], [139.52, 154.68], [181.24, 196.4], [218.04, 233.2], [256.07, 271.23], [294.2, 309.36], [332.68, 347.84], [369.8, 384.96], [407.54, 422.7], [444.99, 460.15], [483.19, 498.35], [520.88, 536.04], [557.93, 573.09], [595.76, 610.92]]",True,6885.967848449588,6885.967848449588,3329.7140885640442,3329.7140885640442,0.0,0.0,True,0.0,0.0,True,0.0
web_sessions/20260719_003026_campaign_radio_ebyte_e79_cc1352p/packet_tx/20260719_012326_radio_ebyte_e79_cc1352p/raw/run_00001.csv.gz,tx_p13_rf_profile-GFSK200_s128,run_00001,GFSK200,13,128,1,model_window_reanalysis,,primary_4_MAD,"[4.0, 3.0, 5.0]",[],[],True,2,2,2,"[[27.11, 33.15], [58.97, 65.01]]","[[27.11, 33.15], [58.97, 65.01]]",True,307.0375393707538,307.0375393707538,131.33749325072213,131.33749325072213,0.0,0.0,True,0.0,0.0,True,0.0
web_sessions/20260719_003026_campaign_radio_ebyte_e79_cc1352p/packet_tx/20260719_012326_radio_ebyte_e79_cc1352p/raw/run_00002.csv.gz,tx_p13_rf_profile-GFSK200_s128,run_00002,GFSK200,13,128,2,model_window_reanalysis,,primary_4_MAD,"[4.0, 3.0, 5.0]",[],[],True,2,2,2,"[[27.77, 33.81], [59.21, 65.25]]","[[27.77, 33.81], [59.21, 65.25]]",True,302.2230125397567,302.2230125397567,127.356663681223,127.356663681223,0.0,0.0,True,0.0,0.0,True,0.0
web_sessions/20260719_003026_campaign_radio_ebyte_e79_cc1352p/packet_tx/20260719_012326_radio_ebyte_e79_cc1352p/raw/run_00003.csv.gz,tx_p13_rf_profile-GFSK200_s128,run_00003,GFSK200,13,128,3,model_window_reanalysis,,primary_4_MAD,"[4.0, 3.0, 5.0]",[],[],True,2,2,2,"[[27.19, 33.23], [58.85, 64.89]]","[[27.19, 33.23], [58.85, 64.89]]",True,302.9762376474668,302.9762376474668,127.37067153786855,127.37067153786855,0.0,0.0,True,0.0,0.0,True,0.0
web_sessions/20260719_003026_campaign_radio_ebyte_e79_cc1352p/packet_tx/20260719_012326_radio_ebyte_e79_cc1352p/raw/run_00004.csv.gz,tx_p13_rf_profile-GFSK200_s128,run_00004,GFSK200,13,128,4,model_window_reanalysis,,primary_4_MAD,"[4.0, 3.0, 5.0]",[],[],True,2,2,2,"[[26.39, 32.43], [59.24, 65.28]]","[[26.39, 32.43], [59.24, 65.28]]",True,303.4993093234443,303.4993093234443,128.5210861177203,128.5210861177203,0.0,0.0,True,0.0,0.0,True,0.0
web_sessions/20260719_003026_campaign_radio_ebyte_e79_cc1352p/packet_tx/20260719_012326_radio_ebyte_e79_cc1352p/raw/run_00005.csv.gz,tx_p13_rf_profile-GFSK200_s128,run_00005,GFSK200,13,128,5,model_window_reanalysis,,primary_4_MAD,"[4.0, 3.0, 5.0]",[],[],True,2,2,2,"[[27.26, 33.3], [59.23, 65.27]]","[[27.26, 33.3], [59.23, 65.27]]",True,305.0160454236302,305.0160454236302,130.43238356554676,130.43238356554676,0.0,0.0,True,0.0,0.0,True,0.0
web_sessions/20260719_003026_campaign_radio_ebyte_e79_cc1352p/packet_tx/20260719_012354_radio_ebyte_e79_cc1352p/raw/run_00001.csv.gz,tx_p13_rf_profile-GFSK200_s512,run_00001,GFSK200,13,512,1,model_window_reanalysis,,primary_4_MAD,"[4.0, 3.0, 5.0]",[],[],True,8,8,8,"[[28.94, 34.98], [60.37, 66.41], [93.1, 99.14], [125.84, 131.88], [158.7, 164.74], [191.01, 197.05], [223.34, 229.38], [255.72, 261.76]]","[[28.94, 34.98], [60.37, 66.41], [93.1, 99.14], [125.84, 131.88], [158.7, 164.74], [191.01, 197.05], [223.34, 229.38], [255.72, 261.76]]",True,1206.6088691282964,1206.6088691282964,504.99973118350414,504.99973118350414,0.0,0.0,True,0.0,0.0,True,0.0
web_sessions/20260719_003026_campaign_radio_ebyte_e79_cc1352p/packet_tx/20260719_012354_radio_ebyte_e79_cc1352p/raw/run_00002.csv.gz,tx_p13_rf_profile-GFSK200_s512,run_00002,GFSK200,13,512,2,model_window_reanalysis,,primary_4_MAD,"[4.0, 3.0, 5.0]",[],[],True,8,8,8,"[[27.96, 34.0], [60.07, 66.11], [92.59, 98.63], [125.34, 131.38], [158.74, 164.78], [189.66, 195.7], [223.1, 229.14], [253.94, 259.98]]","[[27.96, 34.0], [60.07, 66.11], [92.59, 98.63], [125.34, 131.38], [158.74, 164.78], [189.66, 195.7], [223.1, 229.14], [253.94, 259.98]]",True,1202.7176989916077,1202.7176989916077,502.03277202581467,502.03277202581467,0.0,0.0,True,0.0,0.0,True,0.0
web_sessions/20260719_003026_campaign_radio_ebyte_e79_cc1352p/packet_tx/20260719_012354_radio_ebyte_e79_cc1352p/raw/run_00003.csv.gz,tx_p13_rf_profile-GFSK200_s512,run_00003,GFSK200,13,512,3,model_window_reanalysis,,primary_4_MAD,"[4.0, 3.0, 5.0]",[],[],True,8,8,8,"[[26.79, 32.83], [58.54, 64.58], [90.57, 96.61], [124.56, 130.6], [157.59, 163.63], [190.81, 196.85], [223.52, 229.56], [254.91, 260.95]]","[[26.79, 32.83], [58.54, 64.58], [90.57, 96.61], [124.56, 130.6], [157.59, 163.63], [190.81, 196.85], [223.52, 229.56], [254.91, 260.95]]",True,1205.0347553669637,1205.0347553669637,506.666391624784,506.666391624784,0.0,0.0,True,0.0,0.0,True,0.0
web_sessions/20260719_003026_campaign_radio_ebyte_e79_cc1352p/packet_tx/20260719_012354_radio_ebyte_e79_cc1352p/raw/run_00004.csv.gz,tx_p13_rf_profile-GFSK200_s512,run_00004,GFSK200,13,512,4,model_window_reanalysis,,primary_4_MAD,"[4.0, 3.0, 5.0]",[],[],True,8,8,8,"[[27.68, 33.72], [59.45, 65.49], [91.67, 97.71], [125.17, 131.21], [157.03, 163.07], [190.1, 196.14], [222.37, 228.41], [255.52, 261.56]]","[[27.68, 33.72], [59.45, 65.49], [91.67, 97.71], [125.17, 131.21], [157.03, 163.07], [190.1, 196.14], [222.37, 228.41], [255.52, 261.56]]",True,1206.322795741035,1206.322795741035,508.0296988544212,508.0296988544212,0.0,0.0,True,0.0,0.0,True,0.0
web_sessions/20260719_003026_campaign_radio_ebyte_e79_cc1352p/packet_tx/20260719_012354_radio_ebyte_e79_cc1352p/raw/run_00005.csv.gz,tx_p13_rf_profile-GFSK200_s512,run_00005,GFSK200,13,512,5,model_window_reanalysis,,primary_4_MAD,"[4.0, 3.0, 5.0]",[],[],True,8,8,8,"[[27.34, 33.38], [60.7, 66.74], [93.78, 99.82], [127.23, 133.27], [158.73, 164.77], [190.65, 196.69], [223.14, 229.18], [254.94, 260.98]]","[[27.34, 33.38], [60.7, 66.74], [93.78, 99.82], [127.23, 133.27], [158.73, 164.77], [190.65, 196.69], [223.14, 229.18], [254.94, 260.98]]",True,1202.9294958490007,1202.9294958490007,502.7844488184209,502.7844488184209,0.0,0.0,True,0.0,0.0,True,0.0
web_sessions/20260719_003026_campaign_radio_ebyte_e79_cc1352p/packet_tx/20260719_012423_radio_ebyte_e79_cc1352p/raw/run_00001.csv.gz,tx_p13_rf_profile-GFSK200_s1024,run_00001,GFSK200,13,1024,1,model_window_reanalysis,,primary_4_MAD,"[4.0, 3.0, 5.0]",[],[],True,16,16,16,"[[28.6, 34.64], [61.58, 67.62], [93.49, 99.53], [125.59, 131.63], [158.46, 164.5], [189.54, 195.58], [222.04, 228.08], [254.76, 260.8], [287.61, 293.65], [320.58, 326.62], [352.63, 358.67], [385.04, 391.08], [418.6, 424.64], [451.22, 457.26], [483.73, 489.77], [515.67, 521.71]]","[[28.6, 34.64], [61.58, 67.62], [93.49, 99.53], [125.59, 131.63], [158.46, 164.5], [189.54, 195.58], [222.04, 228.08], [254.76, 260.8], [287.61, 293.65], [320.58, 326.62], [352.63, 358.67], [385.04, 391.08], [418.6, 424.64], [451.22, 457.26], [483.73, 489.77], [515.67, 521.71]]",True,2419.776115975812,2419.776115975812,1022.7061836371697,1022.7061836371697,0.0,0.0,True,0.0,0.0,True,0.0
web_sessions/20260719_003026_campaign_radio_ebyte_e79_cc1352p/packet_tx/20260719_012423_radio_ebyte_e79_cc1352p/raw/run_00002.csv.gz,tx_p13_rf_profile-GFSK200_s1024,run_00002,GFSK200,13,1024,2,model_window_reanalysis,,primary_4_MAD,"[4.0, 3.0, 5.0]",[],[],True,16,16,16,"[[27.54, 33.58], [60.31, 66.35], [93.11, 99.15], [125.07, 131.11], [156.49, 162.53], [190.31, 196.35], [222.27, 228.31], [253.51, 259.55], [286.91, 292.95], [318.42, 324.46], [350.99, 357.03], [383.33, 389.37], [415.82, 421.86], [448.3, 454.34], [482.78, 488.82], [514.85, 520.89]]","[[27.54, 33.58], [60.31, 66.35], [93.11, 99.15], [125.07, 131.11], [156.49, 162.53], [190.31, 196.35], [222.27, 228.31], [253.51, 259.55], [286.91, 292.95], [318.42, 324.46], [350.99, 357.03], [383.33, 389.37], [415.82, 421.86], [448.3, 454.34], [482.78, 488.82], [514.85, 520.89]]",True,2413.5581615775727,2413.5581615775727,1015.5816279632612,1015.5816279632612,0.0,0.0,True,0.0,0.0,True,0.0
web_sessions/20260719_003026_campaign_radio_ebyte_e79_cc1352p/packet_tx/20260719_012423_radio_ebyte_e79_cc1352p/raw/run_00003.csv.gz,tx_p13_rf_profile-GFSK200_s1024,run_00003,GFSK200,13,1024,3,model_window_reanalysis,,primary_4_MAD,"[4.0, 3.0, 5.0]",[],[],True,16,16,16,"[[26.59, 32.63], [59.66, 65.7], [91.07, 97.11], [124.42, 130.46], [156.53, 162.57], [188.92, 194.96], [221.4, 227.44], [253.1, 259.14], [285.61, 291.65], [318.97, 325.01], [350.08, 356.12], [382.74, 388.78], [414.84, 420.88], [448.37, 454.41], [479.86, 485.9], [512.32, 518.36]]","[[26.59, 32.63], [59.66, 65.7], [91.07, 97.11], [124.42, 130.46], [156.53, 162.57], [188.92, 194.96], [221.4, 227.44], [253.1, 259.14], [285.61, 291.65], [318.97, 325.01], [350.08, 356.12], [382.74, 388.78], [414.84, 420.88], [448.37, 454.41], [479.86, 485.9], [512.32, 518.36]]",True,2399.293156694737,2399.293156694737,1001.9397105193782,1001.9397105193782,0.0,0.0,True,0.0,0.0,True,0.0
web_sessions/20260719_003026_campaign_radio_ebyte_e79_cc1352p/packet_tx/20260719_012423_radio_ebyte_e79_cc1352p/raw/run_00004.csv.gz,tx_p13_rf_profile-GFSK200_s1024,run_00004,GFSK200,13,1024,4,model_window_reanalysis,,primary_4_MAD,"[4.0, 3.0, 5.0]",[],[],True,16,16,16,"[[28.45, 34.49], [60.9, 66.94], [93.09, 99.13], [123.97, 130.01], [156.16, 162.2], [189.68, 195.72], [221.88, 227.92], [253.95, 259.99], [286.11, 292.15], [318.83, 324.87], [351.47, 357.51], [383.93, 389.97], [411.73, 417.77], [443.12, 449.16], [476.2, 482.24], [508.92, 514.96]]","[[28.45, 34.49], [60.9, 66.94], [93.09, 99.13], [123.97, 130.01], [156.16, 162.2], [189.68, 195.72], [221.88, 227.92], [253.95, 259.99], [286.11, 292.15], [318.83, 324.87], [351.47, 357.51], [383.93, 389.97], [411.73, 417.77], [443.12, 449.16], [476.2, 482.24], [508.92, 514.96]]",True,2405.16727782445,2405.16727782445,1008.1650844730364,1008.1650844730364,0.0,0.0,True,0.0,0.0,True,0.0
web_sessions/20260719_003026_campaign_radio_ebyte_e79_cc1352p/packet_tx/20260719_012423_radio_ebyte_e79_cc1352p/raw/run_00005.csv.gz,tx_p13_rf_profile-GFSK200_s1024,run_00005,GFSK200,13,1024,5,model_window_reanalysis,,primary_4_MAD,"[4.0, 3.0, 5.0]",[],[],True,16,16,16,"[[27.26, 33.3], [60.32, 66.36], [91.95, 97.99], [124.95, 130.99], [157.13, 163.17], [190.58, 196.62], [221.58, 227.62], [253.97, 260.01], [287.06, 293.1], [319.56, 325.6], [352.47, 358.51], [384.41, 390.45], [417.14, 423.18], [450.19, 456.23], [482.55, 488.59], [514.9, 520.94]]","[[27.26, 33.3], [60.32, 66.36], [91.95, 97.99], [124.95, 130.99], [157.13, 163.17], [190.58, 196.62], [221.58, 227.62], [253.97, 260.01], [287.06, 293.1], [319.56, 325.6], [352.47, 358.51], [384.41, 390.45], [417.14, 423.18], [450.19, 456.23], [482.55, 488.59], [514.9, 520.94]]",True,2416.25547657462,2416.25547657462,1017.5751454284784,1017.5751454284784,0.0,0.0,True,0.0,0.0,True,0.0
web_sessions/20260719_003026_campaign_radio_ebyte_e79_cc1352p/packet_tx/20260719_012615_radio_ebyte_e79_cc1352p/raw/run_00001.csv.gz,tx_p13_rf_profile-SLR2K5_s128,run_00001,SLR2K5,13,128,1,model_window_reanalysis,,primary_4_MAD,"[4.0, 3.0, 5.0]",[],[],True,2,2,2,"[[25.02, 271.22], [280.07, 526.27]]","[[25.02, 271.22], [280.07, 526.27]]",True,14619.372604335027,14619.372604335027,7391.76836884736,7391.76836884736,0.0,0.0,True,0.0,0.0,True,0.0
web_sessions/20260719_003026_campaign_radio_ebyte_e79_cc1352p/packet_tx/20260719_012615_radio_ebyte_e79_cc1352p/raw/run_00002.csv.gz,tx_p13_rf_profile-SLR2K5_s128,run_00002,SLR2K5,13,128,2,model_window_reanalysis,,primary_4_MAD,"[4.0, 3.0, 5.0]",[],[],True,2,2,2,"[[20.33, 266.53], [273.23, 519.43]]","[[20.33, 266.53], [273.23, 519.43]]",True,14565.384521771643,14565.384521771643,7344.582253273998,7344.582253273998,0.0,0.0,True,0.0,0.0,True,0.0
web_sessions/20260719_003026_campaign_radio_ebyte_e79_cc1352p/packet_tx/20260719_012615_radio_ebyte_e79_cc1352p/raw/run_00003.csv.gz,tx_p13_rf_profile-SLR2K5_s128,run_00003,SLR2K5,13,128,3,model_window_reanalysis,,primary_4_MAD,"[4.0, 3.0, 5.0]",[],[],True,2,2,2,"[[22.34, 268.54], [273.49, 519.69]]","[[22.34, 268.54], [273.49, 519.69]]",True,14539.626935591195,14539.626935591195,7320.15438766224,7320.15438766224,0.0,0.0,True,0.0,0.0,True,0.0
web_sessions/20260719_003026_campaign_radio_ebyte_e79_cc1352p/packet_tx/20260719_012615_radio_ebyte_e79_cc1352p/raw/run_00004.csv.gz,tx_p13_rf_profile-SLR2K5_s128,run_00004,SLR2K5,13,128,4,model_window_reanalysis,,primary_4_MAD,"[4.0, 3.0, 5.0]",[],[],True,2,2,2,"[[24.8, 271.0], [278.73, 524.93]]","[[24.8, 271.0], [278.73, 524.93]]",True,14518.615246262694,14518.615246262694,7298.210536543405,7298.210536543405,0.0,0.0,True,0.0,0.0,True,0.0
web_sessions/20260719_003026_campaign_radio_ebyte_e79_cc1352p/packet_tx/20260719_012615_radio_ebyte_e79_cc1352p/raw/run_00005.csv.gz,tx_p13_rf_profile-SLR2K5_s128,run_00005,SLR2K5,13,128,5,model_window_reanalysis,,primary_4_MAD,"[4.0, 3.0, 5.0]",[],[],True,2,2,2,"[[24.3, 270.5], [280.46, 526.66]]","[[24.3, 270.5], [280.46, 526.66]]",True,14564.28878284295,14564.28878284295,7343.488545009117,7343.488545009117,0.0,0.0,True,0.0,0.0,True,0.0
web_sessions/20260719_003026_campaign_radio_ebyte_e79_cc1352p/packet_tx/20260719_012646_radio_ebyte_e79_cc1352p/raw/run_00001.csv.gz,tx_p13_rf_profile-SLR2K5_s512,run_00001,SLR2K5,13,512,1,model_window_reanalysis,,primary_4_MAD,"[4.0, 3.0, 5.0]",[],[],True,8,8,8,"[[20.42, 266.62], [272.5, 518.7], [535.63, 781.83], [783.9, 1030.1], [1046.49, 1292.69], [1296.35, 1542.55], [1552.57, 1798.77], [1810.69, 2056.89]]","[[20.42, 266.62], [273.0, 519.2], [535.63, 781.83], [783.9, 1030.1], [1046.49, 1292.69], [1296.35, 1542.55], [1552.57, 1798.77], [1810.69, 2056.89]]",False,58042.8718921681,58042.43759633983,29099.579412271723,29099.493197539592,-0.4342958282722975,-0.0007482328391317239,False,-0.08621473213133868,-0.00029627483927319176,False,0.5
web_sessions/20260719_003026_campaign_radio_ebyte_e79_cc1352p/packet_tx/20260719_012646_radio_ebyte_e79_cc1352p/raw/run_00002.csv.gz,tx_p13_rf_profile-SLR2K5_s512,run_00002,SLR2K5,13,512,2,model_window_reanalysis,,primary_4_MAD,"[4.0, 3.0, 5.0]",[],[],True,8,8,8,"[[19.6, 265.8], [277.71, 523.91], [528.97, 775.17], [784.08, 1030.28], [1045.93, 1292.13], [1306.3, 1552.5], [1560.52, 1806.72], [1813.67, 2059.87]]","[[19.6, 265.8], [281.75, 527.95], [528.97, 775.17], [784.08, 1030.28], [1045.93, 1292.13], [1306.78, 1552.98], [1560.52, 1806.72], [1813.67, 2059.87]]",False,57980.243010094884,57979.96476733682,29070.352132904776,29070.435209823092,-0.27824275806051446,-0.00047989236267032,False,0.08307691831578268,0.0002857788510279846,False,4.040000000000077
web_sessions/20260719_003026_campaign_radio_ebyte_e79_cc1352p/packet_tx/20260719_012646_radio_ebyte_e79_cc1352p/raw/run_00003.csv.gz,tx_p13_rf_profile-SLR2K5_s512,run_00003,SLR2K5,13,512,3,model_window_reanalysis,,primary_4_MAD,"[4.0, 3.0, 5.0]",[],[],True,8,8,8,"[[12.94, 259.14], [272.26, 518.46], [532.08, 778.28], [779.69, 1025.89], [1035.86, 1282.06], [1290.67, 1536.87], [1553.29, 1799.49], [1802.85, 2049.05]]","[[12.94, 259.14], [272.26, 518.46], [532.08, 778.28], [780.04, 1026.24], [1035.0, 1281.2], [1290.2, 1536.4], [1553.29, 1799.49], [1802.85, 2049.05]]",False,57944.01446695424,57944.1349267079,29028.887588957597,29028.982942551418,0.12045975365617778,0.00020788989987252648,False,0.0953535938206187,0.00032847829090076885,False,0.8599999999999
web_sessions/20260719_003026_campaign_radio_ebyte_e79_cc1352p/packet_tx/20260719_012646_radio_ebyte_e79_cc1352p/raw/run_00004.csv.gz,tx_p13_rf_profile-SLR2K5_s512,run_00004,SLR2K5,13,512,4,model_window_reanalysis,,primary_4_MAD,"[4.0, 3.0, 5.0]",[],[],True,8,8,8,"[[25.3, 271.5], [271.51, 517.71], [534.09, 780.29], [790.0, 1036.2], [1045.1, 1291.3], [1293.25, 1539.45], [1548.23, 1794.43], [1815.63, 2061.83]]","[[25.61, 271.81], [272.53, 518.73], [534.09, 780.29], [790.0, 1036.2], [1045.1, 1291.3], [1293.25, 1539.45], [1548.23, 1794.43], [1815.63, 2061.83]]",False,58039.34358157812,58039.632946849306,29162.91177977489,29162.86155928983,0.2893652711863979,0.0004985674429303089,False,-0.050220485059981,-0.00017220668991901888,False,1.0199999999999818
web_sessions/20260719_003026_campaign_radio_ebyte_e79_cc1352p/packet_tx/20260719_012646_radio_ebyte_e79_cc1352p/raw/run_00005.csv.gz,tx_p13_rf_profile-SLR2K5_s512,run_00005,SLR2K5,13,512,5,model_window_reanalysis,,primary_4_MAD,"[4.0, 3.0, 5.0]",[],[],True,8,8,8,"[[16.97, 263.17], [271.84, 518.04], [531.59, 777.79], [789.28, 1035.48], [1038.95, 1285.15], [1304.99, 1551.19], [1555.89, 1802.09], [1818.46, 2064.66]]","[[16.97, 263.17], [271.84, 518.04], [531.59, 777.79], [789.28, 1035.48], [1038.95, 1285.15], [1304.99, 1551.19], [1555.89, 1802.09], [1818.46, 2064.66]]",True,58014.12667108368,58014.12667108368,29076.86071810145,29076.86071810145,0.0,0.0,True,0.0,0.0,True,0.0
web_sessions/20260719_003026_campaign_radio_ebyte_e79_cc1352p/packet_tx/20260719_012735_radio_ebyte_e79_cc1352p/raw/run_00001.csv.gz,tx_p13_rf_profile-SLR2K5_s1024,run_00001,SLR2K5,13,1024,1,model_window_reanalysis,,primary_4_MAD,"[4.0, 3.0, 5.0]",[],[],True,16,16,16,"[[26.29, 272.49], [279.42, 525.62], [532.48, 778.68], [779.51, 1025.71], [1033.5, 1279.7], [1298.43, 1544.63], [1551.21, 1797.41], [1812.38, 2058.58], [2070.63, 2316.83], [2322.83, 2569.03], [2577.18, 2823.38], [2833.6, 3079.8], [3098.49, 3344.69], [3350.14, 3596.34], [3599.0, 3845.2], [3861.84, 4108.04]]","[[25.32, 271.52], [279.42, 525.62], [532.48, 778.68], [779.51, 1025.71], [1033.17, 1279.37], [1298.43, 1544.63], [1551.21, 1797.41], [1812.38, 2058.58], [2070.63, 2316.83], [2322.83, 2569.03], [2577.18, 2823.38], [2833.6, 3079.8], [3098.49, 3344.69], [3350.14, 3596.34], [3599.0, 3845.2], [3861.84, 4108.04]]",False,115958.66486850384,115958.51697301121,58194.16185264337,58194.03448403576,-0.1478954926278675,-0.0001275415621559972,False,-0.12736860760924174,-0.0002188683599135821,False,0.9700000000000273
web_sessions/20260719_003026_campaign_radio_ebyte_e79_cc1352p/packet_tx/20260719_012735_radio_ebyte_e79_cc1352p/raw/run_00002.csv.gz,tx_p13_rf_profile-SLR2K5_s1024,run_00002,SLR2K5,13,1024,2,model_window_reanalysis,,primary_4_MAD,"[4.0, 3.0, 5.0]",[],[],True,16,16,16,"[[16.47, 262.67], [273.58, 519.78], [534.22, 780.42], [786.0, 1032.2], [1043.7, 1289.9], [1299.68, 1545.88], [1560.03, 1806.23], [1813.54, 2059.74], [2064.69, 2310.89], [2326.78, 2572.98], [2582.05, 2828.25], [2828.61, 3074.81], [3094.82, 3341.02], [3343.87, 3590.07], [3597.45, 3843.65], [3852.48, 4098.68]]","[[16.47, 262.67], [273.58, 519.78], [534.22, 780.42], [786.0, 1032.2], [1043.7, 1289.9], [1299.68, 1545.88], [1560.03, 1806.23], [1813.54, 2059.74], [2064.69, 2310.89], [2326.78, 2572.98], [2582.05, 2828.25], [2829.0, 3075.2], [3094.82, 3341.02], [3343.87, 3590.07], [3597.45, 3843.65], [3852.48, 4098.68]]",False,115807.19935045719,115806.99382819503,58103.78935134829,58103.7771690063,-0.20552226215659175,-0.00017746933118623076,False,-0.01218234199041035,-2.096651892102841e-05,False,0.38999999999987267
web_sessions/20260719_003026_campaign_radio_ebyte_e79_cc1352p/packet_tx/20260719_012735_radio_ebyte_e79_cc1352p/raw/run_00003.csv.gz,tx_p13_rf_profile-SLR2K5_s1024,run_00003,SLR2K5,13,1024,3,model_window_reanalysis,,primary_4_MAD,"[4.0, 3.0, 5.0]",[],[],True,16,16,16,"[[13.91, 260.11], [272.95, 519.15], [533.53, 779.73], [788.55, 1034.75], [1035.62, 1281.82], [1292.61, 1538.81], [1544.7, 1790.9], [1809.76, 2055.96], [2056.06, 2302.26], [2322.26, 2568.46], [2570.39, 2816.59], [2824.21, 3070.41], [3085.1, 3331.3], [3343.25, 3589.45], [3597.13, 3843.33], [3847.18, 4093.38]]","[[13.91, 260.11], [272.95, 519.15], [533.53, 779.73], [788.55, 1034.75], [1035.62, 1281.82], [1298.62, 1544.82], [1545.71, 1791.91], [1809.76, 2055.96], [2056.06, 2302.26], [2322.26, 2568.46], [2570.39, 2816.59], [2824.21, 3070.41], [3085.1, 3331.3], [3343.25, 3589.45], [3597.13, 3843.33], [3846.23, 4092.43]]",False,116076.03518926025,116076.60329654693,58317.84092276519,58318.179350330705,0.568107286686427,0.0004894268534894053,False,0.33842756551894126,0.0005803156635453277,False,6.009999999999991
web_sessions/20260719_003026_campaign_radio_ebyte_e79_cc1352p/packet_tx/20260719_012735_radio_ebyte_e79_cc1352p/raw/run_00004.csv.gz,tx_p13_rf_profile-SLR2K5_s1024,run_00004,SLR2K5,13,1024,4,model_window_reanalysis,,primary_4_MAD,"[4.0, 3.0, 5.0]",[],[],True,16,16,16,"[[11.36, 257.56], [279.99, 526.19], [535.12, 781.32], [789.18, 1035.38], [1039.07, 1285.27], [1302.49, 1548.69], [1550.6, 1796.8], [1808.86, 2055.06], [2069.79, 2315.99], [2320.72, 2566.92], [2581.32, 2827.52], [2837.42, 3083.62], [3084.48, 3330.68], [3339.03, 3585.23], [3599.18, 3845.38], [3850.21, 4096.41]]","[[11.36, 257.56], [279.99, 526.19], [535.12, 781.32], [789.18, 1035.38], [1039.07, 1285.27], [1302.49, 1548.69], [1550.6, 1796.8], [1808.86, 2055.06], [2069.79, 2315.99], [2320.72, 2566.92], [2581.32, 2827.52], [2837.42, 3083.62], [3084.48, 3330.68], [3339.03, 3585.23], [3599.18, 3845.38], [3849.24, 4095.44]]",False,115938.19596657688,115938.77127615988,58239.89758684207,58240.13440151784,0.5753095830004895,0.000496220920287449,False,0.23681467577262083,0.0004066193204144142,False,0.9700000000002547
web_sessions/20260719_003026_campaign_radio_ebyte_e79_cc1352p/packet_tx/20260719_012735_radio_ebyte_e79_cc1352p/raw/run_00005.csv.gz,tx_p13_rf_profile-SLR2K5_s1024,run_00005,SLR2K5,13,1024,5,model_window_reanalysis,,primary_4_MAD,"[4.0, 3.0, 5.0]",[],[],True,16,16,16,"[[16.98, 263.18], [282.43, 528.63], [530.15, 776.35], [787.97, 1034.17], [1049.41, 1295.61], [1299.04, 1545.24], [1555.77, 1801.97], [1811.81, 2058.01], [2070.97, 2317.17], [2330.61, 2576.81], [2583.02, 2829.22], [2843.16, 3089.36], [3099.35, 3345.55], [3347.44, 3593.64], [3607.31, 3853.51], [3871.42, 4117.62]]","[[16.98, 263.18], [282.43, 528.63], [530.15, 776.35], [787.97, 1034.17], [1049.41, 1295.61], [1299.04, 1545.24], [1555.14, 1801.34], [1811.0, 2057.2], [2070.97, 2317.17], [2331.61, 2577.81], [2583.02, 2829.22], [2843.16, 3089.36], [3099.35, 3345.55], [3347.44, 3593.64], [3607.31, 3853.51], [3871.42, 4117.62]]",False,115993.2276838434,115992.82364482798,58473.511726269244,58474.25787255014,-0.4040390154259512,-0.00034832983226706915,False,0.7461462808932993,0.0012760415081469745,False,1.0
web_sessions/20260719_003026_campaign_radio_ebyte_e79_cc1352p/packet_tx/20260719_013014_radio_ebyte_e79_cc1352p/raw/run_00001.csv.gz,tx_p13_rf_profile-SLR5_s128,run_00001,SLR5,13,128,1,model_window_reanalysis,,primary_4_MAD,"[4.0, 3.0, 5.0]",[],[],True,2,2,2,"[[27.93, 152.53], [172.5, 297.1]]","[[27.93, 152.53], [172.5, 297.1]]",True,7540.464422664658,7540.464422664658,3874.426050313688,3874.426050313688,0.0,0.0,True,0.0,0.0,True,0.0
web_sessions/20260719_003026_campaign_radio_ebyte_e79_cc1352p/packet_tx/20260719_013014_radio_ebyte_e79_cc1352p/raw/run_00002.csv.gz,tx_p13_rf_profile-SLR5_s128,run_00002,SLR5,13,128,2,model_window_reanalysis,,primary_4_MAD,"[4.0, 3.0, 5.0]",[],[],True,2,2,2,"[[25.75, 150.35], [171.28, 295.88]]","[[25.75, 150.35], [171.28, 295.88]]",True,7515.06363483431,7515.06363483431,3853.4622884781124,3853.4622884781124,0.0,0.0,True,0.0,0.0,True,0.0
web_sessions/20260719_003026_campaign_radio_ebyte_e79_cc1352p/packet_tx/20260719_013014_radio_ebyte_e79_cc1352p/raw/run_00003.csv.gz,tx_p13_rf_profile-SLR5_s128,run_00003,SLR5,13,128,3,model_window_reanalysis,,primary_4_MAD,"[4.0, 3.0, 5.0]",[],[],True,2,2,2,"[[27.37, 151.97], [172.57, 297.17]]","[[27.37, 151.97], [172.57, 297.17]]",True,7513.441286062969,7513.441286062969,3855.7779625832577,3855.7779625832577,0.0,0.0,True,0.0,0.0,True,0.0
web_sessions/20260719_003026_campaign_radio_ebyte_e79_cc1352p/packet_tx/20260719_013014_radio_ebyte_e79_cc1352p/raw/run_00004.csv.gz,tx_p13_rf_profile-SLR5_s128,run_00004,SLR5,13,128,4,model_window_reanalysis,,primary_4_MAD,"[4.0, 3.0, 5.0]",[],[],True,2,2,2,"[[25.6, 150.2], [174.63, 299.23]]","[[25.6, 150.2], [174.63, 299.23]]",True,7493.923211027891,7493.923211027891,3836.6951631453608,3836.6951631453608,0.0,0.0,True,0.0,0.0,True,0.0
web_sessions/20260719_003026_campaign_radio_ebyte_e79_cc1352p/packet_tx/20260719_013014_radio_ebyte_e79_cc1352p/raw/run_00005.csv.gz,tx_p13_rf_profile-SLR5_s128,run_00005,SLR5,13,128,5,model_window_reanalysis,,primary_4_MAD,"[4.0, 3.0, 5.0]",[],[],True,2,2,2,"[[25.92, 150.52], [170.51, 295.11]]","[[25.92, 150.52], [170.51, 295.11]]",True,7489.915129792168,7489.915129792168,3832.0625943765754,3832.0625943765754,0.0,0.0,True,0.0,0.0,True,0.0
web_sessions/20260719_003026_campaign_radio_ebyte_e79_cc1352p/packet_tx/20260719_013042_radio_ebyte_e79_cc1352p/raw/run_00001.csv.gz,tx_p13_rf_profile-SLR5_s512,run_00001,SLR5,13,512,1,model_window_reanalysis,,primary_4_MAD,"[4.0, 3.0, 5.0]",[],[],True,8,8,8,"[[27.03, 151.63], [172.58, 297.18], [316.11, 440.71], [458.55, 583.15], [602.55, 727.15], [752.82, 877.42], [897.35, 1021.95], [1043.92, 1168.52]]","[[27.03, 151.63], [172.58, 297.18], [316.11, 440.71], [458.55, 583.15], [602.55, 727.15], [752.82, 877.42], [897.35, 1021.95], [1043.92, 1168.52]]",True,29983.770033341374,29983.770033341374,15337.299994039227,15337.299994039227,0.0,0.0,True,0.0,0.0,True,0.0
web_sessions/20260719_003026_campaign_radio_ebyte_e79_cc1352p/packet_tx/20260719_013042_radio_ebyte_e79_cc1352p/raw/run_00002.csv.gz,tx_p13_rf_profile-SLR5_s512,run_00002,SLR5,13,512,2,model_window_reanalysis,,primary_4_MAD,"[4.0, 3.0, 5.0]",[],[],True,8,8,8,"[[25.65, 150.25], [172.92, 297.52], [321.56, 446.16], [467.0, 591.6], [611.9, 736.5], [758.54, 883.14], [902.36, 1026.96], [1046.15, 1170.75]]","[[25.65, 150.25], [172.92, 297.52], [321.56, 446.16], [467.0, 591.6], [611.9, 736.5], [758.54, 883.14], [902.36, 1026.96], [1046.15, 1170.75]]",True,29875.75324304664,29875.75324304664,15244.559316819634,15244.559316819634,0.0,0.0,True,0.0,0.0,True,0.0
web_sessions/20260719_003026_campaign_radio_ebyte_e79_cc1352p/packet_tx/20260719_013042_radio_ebyte_e79_cc1352p/raw/run_00003.csv.gz,tx_p13_rf_profile-SLR5_s512,run_00003,SLR5,13,512,3,model_window_reanalysis,,primary_4_MAD,"[4.0, 3.0, 5.0]",[],[],True,8,8,8,"[[27.9, 152.5], [169.53, 294.13], [313.25, 437.85], [459.56, 584.16], [604.36, 728.96], [750.6, 875.2], [896.93, 1021.53], [1042.74, 1167.34]]","[[27.9, 152.5], [169.53, 294.13], [313.25, 437.85], [459.56, 584.16], [604.36, 728.96], [750.6, 875.2], [896.93, 1021.53], [1042.74, 1167.34]]",True,29891.34405345167,29891.34405345167,15259.958072633943,15259.958072633943,0.0,0.0,True,0.0,0.0,True,0.0
web_sessions/20260719_003026_campaign_radio_ebyte_e79_cc1352p/packet_tx/20260719_013042_radio_ebyte_e79_cc1352p/raw/run_00004.csv.gz,tx_p13_rf_profile-SLR5_s512,run_00004,SLR5,13,512,4,model_window_reanalysis,,primary_4_MAD,"[4.0, 3.0, 5.0]",[],[],True,8,8,8,"[[26.7, 151.3], [171.54, 296.14], [316.64, 441.24], [463.2, 587.8], [609.01, 733.61], [760.0, 884.6], [904.3, 1028.9], [1048.87, 1173.47]]","[[26.7, 151.3], [171.54, 296.14], [316.64, 441.24], [463.2, 587.8], [609.01, 733.61], [760.0, 884.6], [904.3, 1028.9], [1048.87, 1173.47]]",True,29920.209804347873,29920.209804347873,15290.442777671818,15290.442777671818,0.0,0.0,True,0.0,0.0,True,0.0
web_sessions/20260719_003026_campaign_radio_ebyte_e79_cc1352p/packet_tx/20260719_013042_radio_ebyte_e79_cc1352p/raw/run_00005.csv.gz,tx_p13_rf_profile-SLR5_s512,run_00005,SLR5,13,512,5,model_window_reanalysis,,primary_4_MAD,"[4.0, 3.0, 5.0]",[],[],True,8,8,8,"[[24.04, 148.64], [171.22, 295.82], [321.73, 446.33], [466.17, 590.77], [612.91, 737.51], [759.4, 884.0], [907.02, 1031.62], [1048.35, 1172.95]]","[[24.04, 148.64], [171.22, 295.82], [321.73, 446.33], [466.17, 590.77], [612.91, 737.51], [759.4, 884.0], [907.02, 1031.62], [1048.35, 1172.95]]",True,29854.917160806257,29854.917160806257,15223.242426445466,15223.242426445466,0.0,0.0,True,0.0,0.0,True,0.0
web_sessions/20260719_003026_campaign_radio_ebyte_e79_cc1352p/packet_tx/20260719_013119_radio_ebyte_e79_cc1352p/raw/run_00001.csv.gz,tx_p13_rf_profile-SLR5_s1024,run_00001,SLR5,13,1024,1,model_window_reanalysis,,primary_4_MAD,"[4.0, 3.0, 5.0]",[],[],True,16,16,16,"[[26.42, 151.02], [177.0, 301.6], [321.96, 446.56], [465.54, 590.14], [607.73, 732.33], [757.92, 882.52], [904.54, 1029.14], [1046.96, 1171.56], [1198.02, 1322.62], [1341.01, 1465.61], [1488.25, 1612.85], [1634.46, 1759.06], [1784.7, 1909.3], [1927.69, 2052.29], [2074.3, 2198.9], [2220.85, 2345.45]]","[[26.42, 151.02], [177.0, 301.6], [321.96, 446.56], [465.54, 590.14], [607.73, 732.33], [757.92, 882.52], [904.54, 1029.14], [1046.96, 1171.56], [1198.02, 1322.62], [1341.01, 1465.61], [1488.25, 1612.85], [1634.46, 1759.06], [1784.7, 1909.3], [1927.69, 2052.29], [2074.3, 2198.9], [2220.85, 2345.45]]",True,59669.05943080408,59669.05943080408,30319.217092133495,30319.217092133495,0.0,0.0,True,0.0,0.0,True,0.0
web_sessions/20260719_003026_campaign_radio_ebyte_e79_cc1352p/packet_tx/20260719_013119_radio_ebyte_e79_cc1352p/raw/run_00002.csv.gz,tx_p13_rf_profile-SLR5_s1024,run_00002,SLR5,13,1024,2,model_window_reanalysis,,primary_4_MAD,"[4.0, 3.0, 5.0]",[],[],True,16,16,16,"[[26.26, 150.86], [172.87, 297.47], [322.08, 446.68], [463.62, 588.22], [610.13, 734.73], [754.38, 878.98], [902.69, 1027.29], [1049.32, 1173.92], [1191.47, 1316.07], [1335.37, 1459.97], [1483.97, 1608.57], [1626.49, 1751.09], [1776.42, 1901.02], [1923.99, 2048.59], [2069.62, 2194.22], [2219.53, 2344.13]]","[[26.26, 150.86], [172.87, 297.47], [322.08, 446.68], [463.62, 588.22], [610.13, 734.73], [754.38, 878.98], [902.69, 1027.29], [1049.32, 1173.92], [1191.47, 1316.07], [1335.37, 1459.97], [1483.97, 1608.57], [1626.49, 1751.09], [1776.42, 1901.02], [1923.99, 2048.59], [2069.62, 2194.22], [2219.53, 2344.13]]",True,59522.337943522005,59522.337943522005,30264.244794781574,30264.244794781574,0.0,0.0,True,0.0,0.0,True,0.0
web_sessions/20260719_003026_campaign_radio_ebyte_e79_cc1352p/packet_tx/20260719_013119_radio_ebyte_e79_cc1352p/raw/run_00003.csv.gz,tx_p13_rf_profile-SLR5_s1024,run_00003,SLR5,13,1024,3,model_window_reanalysis,,primary_4_MAD,"[4.0, 3.0, 5.0]",[],[],True,16,16,16,"[[23.6, 148.2], [170.95, 295.55], [313.39, 437.99], [456.95, 581.55], [600.86, 725.46], [751.93, 876.53], [898.15, 1022.75], [1044.08, 1168.68], [1187.42, 1312.02], [1330.49, 1455.09], [1474.09, 1598.69], [1619.11, 1743.71], [1769.4, 1894.0], [1916.02, 2040.62], [2062.18, 2186.78], [2207.48, 2332.08]]","[[23.6, 148.2], [170.95, 295.55], [313.39, 437.99], [456.95, 581.55], [600.86, 725.46], [751.93, 876.53], [898.15, 1022.75], [1044.08, 1168.68], [1187.42, 1312.02], [1330.49, 1455.09], [1474.09, 1598.69], [1619.11, 1743.71], [1769.4, 1894.0], [1916.02, 2040.62], [2062.18, 2186.78], [2207.48, 2332.08]]",True,59690.630988675584,59690.630988675584,30430.726954637863,30430.726954637863,0.0,0.0,True,0.0,0.0,True,0.0
web_sessions/20260719_003026_campaign_radio_ebyte_e79_cc1352p/packet_tx/20260719_013119_radio_ebyte_e79_cc1352p/raw/run_00004.csv.gz,tx_p13_rf_profile-SLR5_s1024,run_00004,SLR5,13,1024,4,model_window_reanalysis,,primary_4_MAD,"[4.0, 3.0, 5.0]",[],[],True,16,16,16,"[[27.19, 151.79], [171.46, 296.06], [315.42, 440.02], [459.01, 583.61], [604.97, 729.57], [753.09, 877.69], [894.52, 1019.12], [1045.46, 1170.06], [1194.7, 1319.3], [1339.88, 1464.48], [1487.11, 1611.71], [1632.19, 1756.79], [1780.26, 1904.86], [1926.17, 2050.77], [2073.17, 2197.77], [2218.37, 2342.97]]","[[27.19, 151.79], [171.46, 296.06], [315.42, 440.02], [459.01, 583.61], [604.97, 729.57], [753.09, 877.69], [894.52, 1019.12], [1045.46, 1170.06], [1194.7, 1319.3], [1339.88, 1464.48], [1487.11, 1611.71], [1632.19, 1756.79], [1780.26, 1904.86], [1926.17, 2050.77], [2073.17, 2197.77], [2218.37, 2342.97]]",True,59691.15411816862,59691.15411816862,30429.716213715983,30429.716213715983,0.0,0.0,True,0.0,0.0,True,0.0
web_sessions/20260719_003026_campaign_radio_ebyte_e79_cc1352p/packet_tx/20260719_013119_radio_ebyte_e79_cc1352p/raw/run_00005.csv.gz,tx_p13_rf_profile-SLR5_s1024,run_00005,SLR5,13,1024,5,model_window_reanalysis,,primary_4_MAD,"[4.0, 3.0, 5.0]",[],[],True,16,16,16,"[[26.59, 151.19], [176.23, 300.83], [322.73, 447.33], [466.85, 591.45], [614.88, 739.48], [758.3, 882.9], [905.56, 1030.16], [1052.84, 1177.44], [1198.56, 1323.16], [1347.11, 1471.71], [1491.99, 1616.59], [1641.45, 1766.05], [1788.07, 1912.67], [1933.81, 2058.41], [2078.45, 2203.05], [2228.72, 2353.32]]","[[26.59, 151.19], [176.23, 300.83], [322.73, 447.33], [466.85, 591.45], [614.88, 739.48], [758.3, 882.9], [905.56, 1030.16], [1052.84, 1177.44], [1198.56, 1323.16], [1347.11, 1471.71], [1491.99, 1616.59], [1641.45, 1766.05], [1788.07, 1912.67], [1933.81, 2058.41], [2078.45, 2203.05], [2228.72, 2353.32]]",True,59645.192942752044,59645.192942752044,30354.483040530267,30354.483040530267,0.0,0.0,True,0.0,0.0,True,0.0
web_sessions/20260719_003026_campaign_radio_ebyte_e79_cc1352p/packet_tx/20260719_013334_radio_ebyte_e79_cc1352p/raw/run_00001.csv.gz,tx_p13_rf_profile-OOK4K8_s128,run_00001,OOK4K8,13,128,1,model_window_reanalysis,,primary_4_MAD,"[4.0, 3.0, 5.0]",[],[],True,2,2,2,"[[26.65, 156.32], [180.03, 309.69]]","[[26.65, 156.32], [180.03, 309.69]]",True,5981.7897947663805,5981.7897947663805,2294.212841778313,2294.212841778313,0.0,0.0,True,0.0,0.0,True,0.0
web_sessions/20260719_003026_campaign_radio_ebyte_e79_cc1352p/packet_tx/20260719_013334_radio_ebyte_e79_cc1352p/raw/run_00002.csv.gz,tx_p13_rf_profile-OOK4K8_s128,run_00002,OOK4K8,13,128,2,model_window_reanalysis,,primary_4_MAD,"[4.0, 3.0, 5.0]",[],[],True,2,2,2,"[[28.06, 157.73], [181.58, 311.24]]","[[28.06, 157.73], [181.58, 311.24]]",True,5971.439929582432,5971.439929582432,2285.9783950850024,2285.9783950850024,0.0,0.0,True,0.0,0.0,True,0.0
web_sessions/20260719_003026_campaign_radio_ebyte_e79_cc1352p/packet_tx/20260719_013334_radio_ebyte_e79_cc1352p/raw/run_00003.csv.gz,tx_p13_rf_profile-OOK4K8_s128,run_00003,OOK4K8,13,128,3,model_window_reanalysis,,primary_4_MAD,"[4.0, 3.0, 5.0]",[],[],True,2,2,2,"[[27.67, 157.34], [178.02, 307.68]]","[[27.67, 157.34], [178.02, 307.68]]",True,5961.81168961639,5961.81168961639,2272.249583587018,2272.249583587018,0.0,0.0,True,0.0,0.0,True,0.0
web_sessions/20260719_003026_campaign_radio_ebyte_e79_cc1352p/packet_tx/20260719_013334_radio_ebyte_e79_cc1352p/raw/run_00004.csv.gz,tx_p13_rf_profile-OOK4K8_s128,run_00004,OOK4K8,13,128,4,model_window_reanalysis,,primary_4_MAD,"[4.0, 3.0, 5.0]",[],[],True,2,2,2,"[[25.11, 154.78], [176.92, 306.58]]","[[25.11, 154.78], [176.92, 306.58]]",True,5972.6448346824245,5972.6448346824245,2283.044477130898,2283.044477130898,0.0,0.0,True,0.0,0.0,True,0.0
web_sessions/20260719_003026_campaign_radio_ebyte_e79_cc1352p/packet_tx/20260719_013334_radio_ebyte_e79_cc1352p/raw/run_00005.csv.gz,tx_p13_rf_profile-OOK4K8_s128,run_00005,OOK4K8,13,128,5,model_window_reanalysis,,primary_4_MAD,"[4.0, 3.0, 5.0]",[],[],True,2,2,2,"[[25.87, 155.54], [179.12, 308.78]]","[[25.87, 155.54], [179.12, 308.78]]",True,5978.64967822109,5978.64967822109,2289.0536106070167,2289.0536106070167,0.0,0.0,True,0.0,0.0,True,0.0
web_sessions/20260719_003026_campaign_radio_ebyte_e79_cc1352p/packet_tx/20260719_013402_radio_ebyte_e79_cc1352p/raw/run_00001.csv.gz,tx_p13_rf_profile-OOK4K8_s512,run_00001,OOK4K8,13,512,1,model_window_reanalysis,,primary_4_MAD,"[4.0, 3.0, 5.0]",[],[],True,8,8,8,"[[29.25, 158.92], [178.96, 308.63], [331.12, 460.79], [483.45, 613.12], [637.46, 767.13], [788.06, 917.72], [944.73, 1074.39], [1098.11, 1227.77]]","[[29.25, 158.92], [178.96, 308.63], [331.12, 460.79], [483.45, 613.12], [637.46, 767.13], [788.06, 917.72], [944.73, 1074.39], [1098.11, 1227.77]]",True,23806.17807784762,23806.17807784762,9060.246609760365,9060.246609760365,0.0,0.0,True,0.0,0.0,True,0.0
web_sessions/20260719_003026_campaign_radio_ebyte_e79_cc1352p/packet_tx/20260719_013402_radio_ebyte_e79_cc1352p/raw/run_00002.csv.gz,tx_p13_rf_profile-OOK4K8_s512,run_00002,OOK4K8,13,512,2,model_window_reanalysis,,primary_4_MAD,"[4.0, 3.0, 5.0]",[],[],True,8,8,8,"[[26.99, 156.66], [178.89, 308.56], [333.43, 463.1], [484.05, 613.72], [633.62, 763.29], [790.06, 919.72], [937.91, 1067.57], [1087.98, 1217.64]]","[[26.99, 156.66], [178.89, 308.56], [333.43, 463.1], [484.05, 613.72], [633.62, 763.29], [790.06, 919.72], [937.91, 1067.57], [1087.98, 1217.64]]",True,23744.65132848043,23744.65132848043,9017.563991002879,9017.563991002879,0.0,0.0,True,0.0,0.0,True,0.0
web_sessions/20260719_003026_campaign_radio_ebyte_e79_cc1352p/packet_tx/20260719_013402_radio_ebyte_e79_cc1352p/raw/run_00003.csv.gz,tx_p13_rf_profile-OOK4K8_s512,run_00003,OOK4K8,13,512,3,model_window_reanalysis,,primary_4_MAD,"[4.0, 3.0, 5.0]",[],[],True,8,8,8,"[[26.26, 155.93], [181.23, 310.9], [329.76, 459.43], [480.47, 610.14], [635.62, 765.29], [791.29, 920.95], [944.43, 1074.09], [1095.99, 1225.65]]","[[26.26, 155.93], [181.23, 310.9], [329.76, 459.43], [480.47, 610.14], [635.62, 765.29], [791.29, 920.95], [944.43, 1074.09], [1095.99, 1225.65]]",True,23786.068492151866,23786.068492151866,9041.37275452211,9041.37275452211,0.0,0.0,True,0.0,0.0,True,0.0
web_sessions/20260719_003026_campaign_radio_ebyte_e79_cc1352p/packet_tx/20260719_013402_radio_ebyte_e79_cc1352p/raw/run_00004.csv.gz,tx_p13_rf_profile-OOK4K8_s512,run_00004,OOK4K8,13,512,4,model_window_reanalysis,,primary_4_MAD,"[4.0, 3.0, 5.0]",[],[],True,8,8,8,"[[26.11, 155.78], [176.3, 305.97], [327.87, 457.54], [480.58, 610.25], [632.11, 761.78], [783.91, 913.57], [935.07, 1064.73], [1087.67, 1217.33]]","[[26.11, 155.78], [176.3, 305.97], [327.87, 457.54], [480.58, 610.25], [632.11, 761.78], [783.91, 913.57], [935.07, 1064.73], [1087.67, 1217.33]]",True,23747.78954542078,23747.78954542078,9014.564886623748,9014.564886623748,0.0,0.0,True,0.0,0.0,True,0.0
web_sessions/20260719_003026_campaign_radio_ebyte_e79_cc1352p/packet_tx/20260719_013402_radio_ebyte_e79_cc1352p/raw/run_00005.csv.gz,tx_p13_rf_profile-OOK4K8_s512,run_00005,OOK4K8,13,512,5,model_window_reanalysis,,primary_4_MAD,"[4.0, 3.0, 5.0]",[],[],True,8,8,8,"[[25.42, 155.09], [182.01, 311.68], [329.52, 459.19], [481.03, 610.7], [634.7, 764.37], [790.87, 920.53], [945.39, 1075.05], [1094.78, 1224.44]]","[[25.42, 155.09], [182.01, 311.68], [329.52, 459.19], [481.03, 610.7], [634.7, 764.37], [790.87, 920.53], [945.39, 1075.05], [1094.78, 1224.44]]",True,23751.62606778228,23751.62606778228,9022.233950438149,9022.233950438149,0.0,0.0,True,0.0,0.0,True,0.0
web_sessions/20260719_003026_campaign_radio_ebyte_e79_cc1352p/packet_tx/20260719_013440_radio_ebyte_e79_cc1352p/raw/run_00001.csv.gz,tx_p13_rf_profile-OOK4K8_s1024,run_00001,OOK4K8,13,1024,1,model_window_reanalysis,,primary_4_MAD,"[4.0, 3.0, 5.0]",[],[],True,16,16,16,"[[26.81, 156.48], [178.6, 308.27], [329.57, 459.24], [480.26, 609.93], [635.5, 765.17], [791.09, 920.76], [942.73, 1072.4], [1098.85, 1228.52], [1253.52, 1383.19], [1403.7, 1533.37], [1557.4, 1687.06], [1709.52, 1839.18], [1858.78, 1988.44], [2011.44, 2141.1], [2162.43, 2292.09], [2316.04, 2445.7]]","[[26.81, 156.48], [178.6, 308.27], [329.57, 459.24], [480.26, 609.93], [635.5, 765.17], [791.09, 920.76], [942.73, 1072.4], [1098.85, 1228.52], [1253.52, 1383.19], [1403.7, 1533.37], [1557.4, 1687.06], [1709.52, 1839.18], [1858.78, 1988.44], [2011.44, 2141.1], [2162.43, 2292.09], [2316.04, 2445.7]]",True,47419.93102662699,47419.93102662699,17968.323776556248,17968.323776556248,0.0,0.0,True,0.0,0.0,True,0.0
web_sessions/20260719_003026_campaign_radio_ebyte_e79_cc1352p/packet_tx/20260719_013440_radio_ebyte_e79_cc1352p/raw/run_00002.csv.gz,tx_p13_rf_profile-OOK4K8_s1024,run_00002,OOK4K8,13,1024,2,model_window_reanalysis,,primary_4_MAD,"[4.0, 3.0, 5.0]",[],[],True,16,16,16,"[[24.97, 154.64], [175.65, 305.32], [327.83, 457.5], [480.45, 610.12], [633.67, 763.34], [788.88, 918.55], [941.14, 1070.81], [1090.05, 1219.72], [1244.16, 1373.83], [1400.37, 1530.04], [1550.82, 1680.48], [1703.11, 1832.77], [1852.68, 1982.34], [2003.16, 2132.82], [2156.16, 2285.82], [2310.87, 2440.53]]","[[24.97, 154.64], [175.65, 305.32], [327.83, 457.5], [480.45, 610.12], [633.67, 763.34], [788.88, 918.55], [941.14, 1070.81], [1090.05, 1219.72], [1244.16, 1373.83], [1400.37, 1530.04], [1550.82, 1680.48], [1703.11, 1832.77], [1852.68, 1982.34], [2003.16, 2132.82], [2156.16, 2285.82], [2310.87, 2440.53]]",True,47405.994048131266,47405.994048131266,17943.623881353105,17943.623881353105,0.0,0.0,True,0.0,0.0,True,0.0
web_sessions/20260719_003026_campaign_radio_ebyte_e79_cc1352p/packet_tx/20260719_013440_radio_ebyte_e79_cc1352p/raw/run_00003.csv.gz,tx_p13_rf_profile-OOK4K8_s1024,run_00003,OOK4K8,13,1024,3,model_window_reanalysis,,primary_4_MAD,"[4.0, 3.0, 5.0]",[],[],True,16,16,16,"[[26.12, 155.79], [175.6, 305.27], [327.55, 457.22], [482.16, 611.83], [637.19, 766.86], [791.22, 920.89], [942.56, 1072.23], [1098.16, 1227.83], [1252.87, 1382.54], [1407.55, 1537.22], [1561.84, 1691.5], [1714.16, 1843.82], [1865.81, 1995.47], [2015.79, 2145.45], [2166.92, 2296.58], [2322.25, 2451.91]]","[[26.12, 155.79], [175.6, 305.27], [327.55, 457.22], [482.16, 611.83], [637.19, 766.86], [791.22, 920.89], [942.56, 1072.23], [1098.16, 1227.83], [1252.87, 1382.54], [1407.55, 1537.22], [1561.84, 1691.5], [1714.16, 1843.82], [1865.81, 1995.47], [2015.79, 2145.45], [2166.92, 2296.58], [2322.25, 2451.91]]",True,47456.36453515746,47456.36453515746,18005.48743038598,18005.48743038598,0.0,0.0,True,0.0,0.0,True,0.0
web_sessions/20260719_003026_campaign_radio_ebyte_e79_cc1352p/packet_tx/20260719_013440_radio_ebyte_e79_cc1352p/raw/run_00004.csv.gz,tx_p13_rf_profile-OOK4K8_s1024,run_00004,OOK4K8,13,1024,4,model_window_reanalysis,,primary_4_MAD,"[4.0, 3.0, 5.0]",[],[],True,16,16,16,"[[27.38, 157.05], [180.87, 310.54], [330.53, 460.2], [482.47, 612.14], [633.34, 763.01], [786.62, 916.29], [937.09, 1066.76], [1092.62, 1222.29], [1246.16, 1375.83], [1397.76, 1527.43], [1548.39, 1678.05], [1700.02, 1829.68], [1855.53, 1985.19], [2011.27, 2140.93], [2158.52, 2288.18], [2310.16, 2439.82]]","[[27.38, 157.05], [180.87, 310.54], [330.53, 460.2], [482.47, 612.14], [633.34, 763.01], [786.62, 916.29], [937.09, 1066.76], [1092.62, 1222.29], [1246.16, 1375.83], [1397.76, 1527.43], [1548.39, 1678.05], [1700.02, 1829.68], [1855.53, 1985.19], [2011.27, 2140.93], [2158.52, 2288.18], [2310.16, 2439.82]]",True,47536.63675432157,47536.63675432157,18042.45482370886,18042.45482370886,0.0,0.0,True,0.0,0.0,True,0.0
web_sessions/20260719_003026_campaign_radio_ebyte_e79_cc1352p/packet_tx/20260719_013440_radio_ebyte_e79_cc1352p/raw/run_00005.csv.gz,tx_p13_rf_profile-OOK4K8_s1024,run_00005,OOK4K8,13,1024,5,model_window_reanalysis,,primary_4_MAD,"[4.0, 3.0, 5.0]",[],[],True,16,16,16,"[[27.26, 156.93], [180.48, 310.15], [332.43, 462.1], [487.37, 617.04], [639.67, 769.34], [792.14, 921.81], [946.72, 1076.39], [1098.96, 1228.63], [1254.74, 1384.41], [1408.43, 1538.1], [1561.31, 1690.97], [1715.38, 1845.04], [1870.12, 1999.78], [2023.62, 2153.28], [2178.73, 2308.39], [2330.06, 2459.72]]","[[27.26, 156.93], [180.48, 310.15], [332.43, 462.1], [487.37, 617.04], [639.67, 769.34], [792.14, 921.81], [946.72, 1076.39], [1098.96, 1228.63], [1254.74, 1384.41], [1408.43, 1538.1], [1561.31, 1690.97], [1715.38, 1845.04], [1870.12, 1999.78], [2023.62, 2153.28], [2178.73, 2308.39], [2330.06, 2459.72]]",True,47522.79366240758,47522.79366240758,18062.368071561687,18062.368071561687,0.0,0.0,True,0.0,0.0,True,0.0
web_sessions/20260719_003026_campaign_radio_ebyte_e79_cc1352p/packet_tx/20260719_013655_radio_ebyte_e79_cc1352p/raw/run_00001.csv.gz,tx_p13_rf_profile-IEEE154G50_s128,run_00001,IEEE154G50,13,128,1,model_window_reanalysis,,primary_4_MAD,"[4.0, 3.0, 5.0]",[],[],True,2,2,2,"[[29.99, 45.47], [71.21, 86.69]]","[[29.99, 45.47], [71.21, 86.69]]",True,881.5354676138006,881.5354676138006,429.4539291868976,429.4539291868976,0.0,0.0,True,0.0,0.0,True,0.0
web_sessions/20260719_003026_campaign_radio_ebyte_e79_cc1352p/packet_tx/20260719_013655_radio_ebyte_e79_cc1352p/raw/run_00002.csv.gz,tx_p13_rf_profile-IEEE154G50_s128,run_00002,IEEE154G50,13,128,2,model_window_reanalysis,,primary_4_MAD,"[4.0, 3.0, 5.0]",[],[],True,2,2,2,"[[27.6, 43.08], [65.11, 80.59]]","[[27.6, 43.08], [65.11, 80.59]]",True,886.0397500778009,886.0397500778009,433.80497822127,433.80497822127,0.0,0.0,True,0.0,0.0,True,0.0
web_sessions/20260719_003026_campaign_radio_ebyte_e79_cc1352p/packet_tx/20260719_013655_radio_ebyte_e79_cc1352p/raw/run_00003.csv.gz,tx_p13_rf_profile-IEEE154G50_s128,run_00003,IEEE154G50,13,128,3,model_window_reanalysis,,primary_4_MAD,"[4.0, 3.0, 5.0]",[],[],True,2,2,2,"[[27.57, 43.05], [66.41, 81.89]]","[[27.57, 43.05], [66.41, 81.89]]",True,890.4045433599026,890.4045433599026,438.2588770371706,438.2588770371706,0.0,0.0,True,0.0,0.0,True,0.0
web_sessions/20260719_003026_campaign_radio_ebyte_e79_cc1352p/packet_tx/20260719_013655_radio_ebyte_e79_cc1352p/raw/run_00004.csv.gz,tx_p13_rf_profile-IEEE154G50_s128,run_00004,IEEE154G50,13,128,4,model_window_reanalysis,,primary_4_MAD,"[4.0, 3.0, 5.0]",[],[],True,2,2,2,"[[28.36, 43.84], [67.1, 82.58]]","[[28.36, 43.84], [67.1, 82.58]]",True,890.3162569549696,890.3162569549696,438.00372759041096,438.00372759041096,0.0,0.0,True,0.0,0.0,True,0.0
web_sessions/20260719_003026_campaign_radio_ebyte_e79_cc1352p/packet_tx/20260719_013655_radio_ebyte_e79_cc1352p/raw/run_00005.csv.gz,tx_p13_rf_profile-IEEE154G50_s128,run_00005,IEEE154G50,13,128,5,model_window_reanalysis,,primary_4_MAD,"[4.0, 3.0, 5.0]",[],[],True,2,2,2,"[[26.65, 42.13], [69.82, 85.3]]","[[26.65, 42.13], [69.82, 85.3]]",True,889.8297040200903,889.8297040200903,437.3828650131821,437.3828650131821,0.0,0.0,True,0.0,0.0,True,0.0
web_sessions/20260719_003026_campaign_radio_ebyte_e79_cc1352p/packet_tx/20260719_013723_radio_ebyte_e79_cc1352p/raw/run_00001.csv.gz,tx_p13_rf_profile-IEEE154G50_s512,run_00001,IEEE154G50,13,512,1,model_window_reanalysis,,primary_4_MAD,"[4.0, 3.0, 5.0]",[],[],True,8,8,8,"[[29.33, 44.81], [67.51, 82.99], [109.47, 124.95], [147.56, 163.04], [185.4, 200.88], [223.68, 239.16], [262.54, 278.02], [300.05, 315.53]]","[[29.33, 44.81], [67.51, 82.99], [109.47, 124.95], [147.56, 163.04], [185.4, 200.88], [223.68, 239.16], [262.54, 278.02], [300.05, 315.53]]",True,3555.3774910142147,3555.3774910142147,1742.7377672299833,1742.7377672299833,0.0,0.0,True,0.0,0.0,True,0.0
web_sessions/20260719_003026_campaign_radio_ebyte_e79_cc1352p/packet_tx/20260719_013723_radio_ebyte_e79_cc1352p/raw/run_00002.csv.gz,tx_p13_rf_profile-IEEE154G50_s512,run_00002,IEEE154G50,13,512,2,model_window_reanalysis,,primary_4_MAD,"[4.0, 3.0, 5.0]",[],[],True,8,8,8,"[[27.26, 42.74], [65.27, 80.75], [109.44, 124.92], [151.01, 166.49], [188.23, 203.71], [225.7, 241.18], [267.65, 283.13], [305.99, 321.47]]","[[27.26, 42.74], [65.27, 80.75], [109.44, 124.92], [151.01, 166.49], [188.23, 203.71], [225.7, 241.18], [267.65, 283.13], [305.99, 321.47]]",True,3540.384958943883,3540.384958943883,1731.192698512324,1731.192698512324,0.0,0.0,True,0.0,0.0,True,0.0
web_sessions/20260719_003026_campaign_radio_ebyte_e79_cc1352p/packet_tx/20260719_013723_radio_ebyte_e79_cc1352p/raw/run_00003.csv.gz,tx_p13_rf_profile-IEEE154G50_s512,run_00003,IEEE154G50,13,512,3,model_window_reanalysis,,primary_4_MAD,"[4.0, 3.0, 5.0]",[],[],True,8,8,8,"[[28.08, 43.56], [71.26, 86.74], [109.13, 124.61], [147.1, 162.58], [190.18, 205.66], [231.4, 246.88], [269.56, 285.04], [312.88, 328.36]]","[[28.08, 43.56], [71.26, 86.74], [109.13, 124.61], [147.1, 162.58], [190.18, 205.66], [231.4, 246.88], [269.56, 285.04], [312.88, 328.36]]",True,3528.862280728015,3528.862280728015,1718.5030189250233,1718.5030189250233,0.0,0.0,True,0.0,0.0,True,0.0
web_sessions/20260719_003026_campaign_radio_ebyte_e79_cc1352p/packet_tx/20260719_013723_radio_ebyte_e79_cc1352p/raw/run_00004.csv.gz,tx_p13_rf_profile-IEEE154G50_s512,run_00004,IEEE154G50,13,512,4,model_window_reanalysis,,primary_4_MAD,"[4.0, 3.0, 5.0]",[],[],True,8,8,8,"[[28.29, 43.77], [65.98, 81.46], [104.13, 119.61], [142.9, 158.38], [181.33, 196.81], [219.72, 235.2], [256.7, 272.18], [295.07, 310.55]]","[[28.29, 43.77], [65.98, 81.46], [104.13, 119.61], [142.9, 158.38], [181.33, 196.81], [219.72, 235.2], [256.7, 272.18], [295.07, 310.55]]",True,3550.2703738003365,3550.2703738003365,1741.183559364736,1741.183559364736,0.0,0.0,True,0.0,0.0,True,0.0
web_sessions/20260719_003026_campaign_radio_ebyte_e79_cc1352p/packet_tx/20260719_013723_radio_ebyte_e79_cc1352p/raw/run_00005.csv.gz,tx_p13_rf_profile-IEEE154G50_s512,run_00005,IEEE154G50,13,512,5,model_window_reanalysis,,primary_4_MAD,"[4.0, 3.0, 5.0]",[],[],True,8,8,8,"[[26.81, 42.29], [70.32, 85.8], [108.32, 123.8], [147.02, 162.5], [185.0, 200.48], [223.1, 238.58], [262.44, 277.92], [301.97, 317.45]]","[[26.81, 42.29], [70.32, 85.8], [108.32, 123.8], [147.02, 162.5], [185.0, 200.48], [223.1, 238.58], [262.44, 277.92], [301.97, 317.45]]",True,3544.242876440104,3544.242876440104,1734.2057154554757,1734.2057154554757,0.0,0.0,True,0.0,0.0,True,0.0
web_sessions/20260719_003026_campaign_radio_ebyte_e79_cc1352p/packet_tx/20260719_013752_radio_ebyte_e79_cc1352p/raw/run_00001.csv.gz,tx_p13_rf_profile-IEEE154G50_s1024,run_00001,IEEE154G50,13,1024,1,model_window_reanalysis,,primary_4_MAD,"[4.0, 3.0, 5.0]",[],[],True,16,16,16,"[[27.6, 43.08], [65.03, 80.51], [104.63, 120.11], [142.51, 157.99], [180.49, 195.97], [223.46, 238.94], [267.65, 283.13], [309.76, 325.24], [348.65, 364.13], [391.14, 406.62], [429.2, 444.68], [466.63, 482.11], [504.04, 519.52], [541.43, 556.91], [578.9, 594.38], [616.77, 632.25]]","[[27.6, 43.08], [65.03, 80.51], [104.63, 120.11], [142.51, 157.99], [180.49, 195.97], [223.46, 238.94], [267.65, 283.13], [309.76, 325.24], [348.65, 364.13], [391.14, 406.62], [429.2, 444.68], [466.63, 482.11], [504.04, 519.52], [541.43, 556.91], [578.9, 594.38], [616.77, 632.25]]",True,7107.4325441970395,7107.4325441970395,3483.52978846894,3483.52978846894,0.0,0.0,True,0.0,0.0,True,0.0
web_sessions/20260719_003026_campaign_radio_ebyte_e79_cc1352p/packet_tx/20260719_013752_radio_ebyte_e79_cc1352p/raw/run_00002.csv.gz,tx_p13_rf_profile-IEEE154G50_s1024,run_00002,IEEE154G50,13,1024,2,model_window_reanalysis,,primary_4_MAD,"[4.0, 3.0, 5.0]",[],[],True,16,16,16,"[[27.38, 42.86], [66.57, 82.05], [108.1, 123.58], [147.2, 162.68], [188.74, 204.22], [226.57, 242.05], [264.07, 279.55], [301.19, 316.67], [338.26, 353.74], [376.0, 391.48], [420.15, 435.63], [463.03, 478.51], [505.57, 521.05], [543.58, 559.06], [581.87, 597.35], [621.18, 636.66]]","[[27.38, 42.86], [66.57, 82.05], [108.1, 123.58], [147.2, 162.68], [188.74, 204.22], [226.57, 242.05], [264.07, 279.55], [301.19, 316.67], [338.26, 353.74], [376.0, 391.48], [420.15, 435.63], [463.03, 478.51], [505.57, 521.05], [543.58, 559.06], [581.87, 597.35], [621.18, 636.66]]",True,7063.2351314589905,7063.2351314589905,3446.0881607892175,3446.0881607892175,0.0,0.0,True,0.0,0.0,True,0.0
web_sessions/20260719_003026_campaign_radio_ebyte_e79_cc1352p/packet_tx/20260719_013752_radio_ebyte_e79_cc1352p/raw/run_00003.csv.gz,tx_p13_rf_profile-IEEE154G50_s1024,run_00003,IEEE154G50,13,1024,3,model_window_reanalysis,,primary_4_MAD,"[4.0, 3.0, 5.0]",[],[],True,16,16,16,"[[27.1, 42.58], [65.82, 81.3], [108.31, 123.79], [146.35, 161.83], [184.19, 199.67], [221.46, 236.94], [259.84, 275.32], [297.69, 313.17], [336.63, 352.11], [374.27, 389.75], [416.06, 431.54], [453.64, 469.12], [491.57, 507.05], [529.77, 545.25], [568.57, 584.05], [607.45, 622.93]]","[[27.1, 42.58], [65.82, 81.3], [108.31, 123.79], [146.35, 161.83], [184.19, 199.67], [221.46, 236.94], [259.84, 275.32], [297.69, 313.17], [336.63, 352.11], [374.27, 389.75], [416.06, 431.54], [453.64, 469.12], [491.57, 507.05], [529.77, 545.25], [568.57, 584.05], [607.45, 622.93]]",True,7068.430779869822,7068.430779869822,3447.4409521522593,3447.4409521522593,0.0,0.0,True,0.0,0.0,True,0.0
web_sessions/20260719_003026_campaign_radio_ebyte_e79_cc1352p/packet_tx/20260719_013752_radio_ebyte_e79_cc1352p/raw/run_00004.csv.gz,tx_p13_rf_profile-IEEE154G50_s1024,run_00004,IEEE154G50,13,1024,4,model_window_reanalysis,,primary_4_MAD,"[4.0, 3.0, 5.0]",[],[],True,16,16,16,"[[27.17, 42.65], [64.92, 80.4], [102.69, 118.17], [139.53, 155.01], [177.05, 192.53], [215.7, 231.18], [257.68, 273.16], [294.7, 310.18], [333.0, 348.48], [374.56, 390.04], [411.96, 427.44], [449.47, 464.95], [487.97, 503.45], [526.49, 541.97], [569.33, 584.81], [608.24, 623.72]]","[[27.17, 42.65], [64.92, 80.4], [102.69, 118.17], [139.53, 155.01], [177.05, 192.53], [215.7, 231.18], [257.68, 273.16], [294.7, 310.18], [333.0, 348.48], [374.56, 390.04], [411.96, 427.44], [449.47, 464.95], [487.97, 503.45], [526.49, 541.97], [569.33, 584.81], [608.24, 623.72]]",True,7073.225639986786,7073.225639986786,3451.719988247332,3451.719988247332,0.0,0.0,True,0.0,0.0,True,0.0
web_sessions/20260719_003026_campaign_radio_ebyte_e79_cc1352p/packet_tx/20260719_013752_radio_ebyte_e79_cc1352p/raw/run_00005.csv.gz,tx_p13_rf_profile-IEEE154G50_s1024,run_00005,IEEE154G50,13,1024,5,model_window_reanalysis,,primary_4_MAD,"[4.0, 3.0, 5.0]",[],[],True,16,16,16,"[[27.96, 43.44], [65.76, 81.24], [103.1, 118.58], [141.32, 156.8], [179.49, 194.97], [217.45, 232.93], [254.76, 270.24], [293.74, 309.22], [335.57, 351.05], [377.94, 393.42], [415.99, 431.47], [453.51, 468.99], [491.48, 506.96], [528.6, 544.08], [565.07, 580.55], [603.03, 618.51]]","[[27.96, 43.44], [65.76, 81.24], [103.1, 118.58], [141.32, 156.8], [179.49, 194.97], [217.45, 232.93], [254.76, 270.24], [293.74, 309.22], [335.57, 351.05], [377.94, 393.42], [415.99, 431.47], [453.51, 468.99], [491.48, 506.96], [528.6, 544.08], [565.07, 580.55], [603.03, 618.51]]",True,7076.151039130478,7076.151039130478,3454.9757081520174,3454.9757081520174,0.0,0.0,True,0.0,0.0,True,0.0
