step_id,run_id,raw_relative_path,raw_sha256,raw_verification,source_metadata_sha256,source_summary_sha256,integration_method,integration_windows_ms,payload_bytes,parameters_json,status,packet_received,old_energy_total_uJ,new_energy_total_uJ,old_energy_excess_uJ,new_energy_excess_uJ,change_total_percent
tx_p-20_rf_profile-GFSK200_s1024,run_00001,web_sessions/20260719_003026_campaign_radio_ebyte_e79_cc1352p/packet_tx/20260719_003858_radio_ebyte_e79_cc1352p/raw/run_00001.csv.gz,a3bd1cb94d27d0975c6a1e2c3196591b338aa7e7924cca1e1028de6afd2cdcd1,prior_full_integrity_audit_plus_size_and_mtime,d3617e5cf4b89f3f9a3fa2a7ea393236afc72af3384a55ba0507d1e485204bea,b6b8f54ab50e36c6175cb3c4220966d3ce6ff32a168157c3f554822ed453e759,per_frame_modeled_airtime_v1,"[[28.68, 34.72], [61.4, 67.44], [94.51, 100.55], [127.04, 133.08], [159.09, 165.13], [192.22, 198.26], [223.64, 229.68], [256.73, 262.77], [287.5, 293.54], [320.01, 326.05], [352.92, 358.96], [385.57, 391.61], [418.72, 424.76], [446.16, 452.2], [479.62, 485.66], [512.14, 518.18]]",1024,"{""rf_profile"": ""GFSK200"", ""tx_power_dbm"": -20}",ok,True,1589.0456711995662,1856.3914300428235,171.4208300884996,440.47878880440464,16.824296726565358
tx_p-20_rf_profile-GFSK200_s1024,run_00002,web_sessions/20260719_003026_campaign_radio_ebyte_e79_cc1352p/packet_tx/20260719_003858_radio_ebyte_e79_cc1352p/raw/run_00002.csv.gz,7c1487753723a2aa1eaf40463e7f3a9b250d453a5519ca96f7028632549def5c,prior_full_integrity_audit_plus_size_and_mtime,d3617e5cf4b89f3f9a3fa2a7ea393236afc72af3384a55ba0507d1e485204bea,b6b8f54ab50e36c6175cb3c4220966d3ce6ff32a168157c3f554822ed453e759,per_frame_modeled_airtime_v1,"[[26.76, 32.8], [58.88, 64.92], [91.63, 97.67], [123.96, 130.0], [156.41, 162.45], [189.51, 195.55], [221.63, 227.67], [254.92, 260.96], [286.82, 292.86], [319.94, 325.98], [352.03, 358.07], [384.43, 390.47], [417.52, 423.56], [449.09, 455.13], [482.71, 488.75], [514.18, 520.22]]",1024,"{""rf_profile"": ""GFSK200"", ""tx_power_dbm"": -20}",ok,True,1582.828646369737,1853.7613424748126,169.17713097897507,442.4398164362674,17.116994737646895
tx_p-20_rf_profile-GFSK200_s1024,run_00003,web_sessions/20260719_003026_campaign_radio_ebyte_e79_cc1352p/packet_tx/20260719_003858_radio_ebyte_e79_cc1352p/raw/run_00003.csv.gz,bb7ca2aef3610219cafa3fde9f5823804fac3e7b22fd401d8bbb6270c9cbe10d,prior_full_integrity_audit_plus_size_and_mtime,d3617e5cf4b89f3f9a3fa2a7ea393236afc72af3384a55ba0507d1e485204bea,b6b8f54ab50e36c6175cb3c4220966d3ce6ff32a168157c3f554822ed453e759,per_frame_modeled_airtime_v1,"[[27.68, 33.72], [60.31, 66.35], [92.94, 98.98], [125.3, 131.34], [157.07, 163.11], [190.07, 196.11], [222.61, 228.65], [254.54, 260.58], [286.64, 292.68], [317.76, 323.8], [349.85, 355.89], [382.55, 388.59], [414.92, 420.96], [446.38, 452.42], [478.88, 484.92], [511.77, 517.81]]",1024,"{""rf_profile"": ""GFSK200"", ""tx_power_dbm"": -20}",ok,True,1590.78661992271,1856.4451469740477,173.0299500351076,443.21779701097233,16.699821567787954
tx_p-20_rf_profile-GFSK200_s1024,run_00004,web_sessions/20260719_003026_campaign_radio_ebyte_e79_cc1352p/packet_tx/20260719_003858_radio_ebyte_e79_cc1352p/raw/run_00004.csv.gz,35e3b37efbff05f9f9937b76093e76256a8237f88f63299c7d546061be8e9aa4,prior_full_integrity_audit_plus_size_and_mtime,d3617e5cf4b89f3f9a3fa2a7ea393236afc72af3384a55ba0507d1e485204bea,b6b8f54ab50e36c6175cb3c4220966d3ce6ff32a168157c3f554822ed453e759,per_frame_modeled_airtime_v1,"[[28.26, 34.3], [61.31, 67.35], [94.29, 100.33], [126.76, 132.8], [159.81, 165.85], [191.59, 197.63], [224.56, 230.6], [257.97, 264.01], [290.68, 296.72], [323.23, 329.27], [356.35, 362.39], [388.33, 394.37], [421.37, 427.41], [453.14, 459.18], [485.96, 492.0], [519.05, 525.09]]",1024,"{""rf_profile"": ""GFSK200"", ""tx_power_dbm"": -20}",ok,True,1588.7370920334222,1853.3402636182311,173.4164976319734,440.24977263953605,16.654937617535182
tx_p-20_rf_profile-GFSK200_s1024,run_00005,web_sessions/20260719_003026_campaign_radio_ebyte_e79_cc1352p/packet_tx/20260719_003858_radio_ebyte_e79_cc1352p/raw/run_00005.csv.gz,41918479f64079d8d84facc9ec95204df9eed49068e655758a54d4c70bfba439,prior_full_integrity_audit_plus_size_and_mtime,d3617e5cf4b89f3f9a3fa2a7ea393236afc72af3384a55ba0507d1e485204bea,b6b8f54ab50e36c6175cb3c4220966d3ce6ff32a168157c3f554822ed453e759,per_frame_modeled_airtime_v1,"[[27.77, 33.81], [60.25, 66.29], [93.2, 99.24], [125.29, 131.33], [157.42, 163.46], [190.5, 196.54], [222.24, 228.28], [255.23, 261.27], [286.62, 292.66], [318.92, 324.96], [352.0, 358.04], [383.41, 389.45], [416.18, 422.22], [447.79, 453.83], [481.03, 487.07], [513.12, 519.16]]",1024,"{""rf_profile"": ""GFSK200"", ""tx_power_dbm"": -20}",ok,True,1586.4662916400412,1856.163578825789,173.11771645108158,443.411440912029,16.999875043480618
tx_p-20_rf_profile-GFSK200_s128,run_00001,web_sessions/20260719_003026_campaign_radio_ebyte_e79_cc1352p/packet_tx/20260719_003802_radio_ebyte_e79_cc1352p/raw/run_00001.csv.gz,34d67a037e6d9a4e67b0d5455f765e32fb9c5096a591d8e8f3a6033fa429bbc0,prior_full_integrity_audit_plus_size_and_mtime,7a359a4725fc4999104353e4055a5072db30619614142808f781fee4bc14fdcc,89a10c788dc0cbe7717a99774c4eca82e3567a05b465f4f3cf37dc35c62835a8,per_frame_modeled_airtime_v1,"[[28.21, 34.25], [60.45, 66.49]]",128,"{""rf_profile"": ""GFSK200"", ""tx_power_dbm"": -20}",ok,True,212.28637817399363,232.32180079319622,35.563701365032045,55.427509822609565,9.437921920162594
tx_p-20_rf_profile-GFSK200_s128,run_00002,web_sessions/20260719_003026_campaign_radio_ebyte_e79_cc1352p/packet_tx/20260719_003802_radio_ebyte_e79_cc1352p/raw/run_00002.csv.gz,a560da17eca037e7f162d17d3dae995583c09d4f75136ac1910402fff20c714c,prior_full_integrity_audit_plus_size_and_mtime,7a359a4725fc4999104353e4055a5072db30619614142808f781fee4bc14fdcc,89a10c788dc0cbe7717a99774c4eca82e3567a05b465f4f3cf37dc35c62835a8,per_frame_modeled_airtime_v1,"[[26.81, 32.85], [59.07, 65.11]]",128,"{""rf_profile"": ""GFSK200"", ""tx_power_dbm"": -20}",ok,True,211.68691163628245,230.59047364884344,34.07258275104642,54.382217957831344,8.929962587881125
tx_p-20_rf_profile-GFSK200_s128,run_00003,web_sessions/20260719_003026_campaign_radio_ebyte_e79_cc1352p/packet_tx/20260719_003802_radio_ebyte_e79_cc1352p/raw/run_00003.csv.gz,57d409a9434e75ce0f04b7420ae9b64522cc88e9d6720503b6814e0cdbb4d83a,prior_full_integrity_audit_plus_size_and_mtime,7a359a4725fc4999104353e4055a5072db30619614142808f781fee4bc14fdcc,89a10c788dc0cbe7717a99774c4eca82e3567a05b465f4f3cf37dc35c62835a8,per_frame_modeled_airtime_v1,"[[26.82, 32.86], [58.87, 64.91]]",128,"{""rf_profile"": ""GFSK200"", ""tx_power_dbm"": -20}",ok,True,212.3702883780961,233.33181850158357,35.989354644433455,57.383173912641126,9.870274360680975
tx_p-20_rf_profile-GFSK200_s128,run_00004,web_sessions/20260719_003026_campaign_radio_ebyte_e79_cc1352p/packet_tx/20260719_003802_radio_ebyte_e79_cc1352p/raw/run_00004.csv.gz,657c7849614377fbc78a3e7d4e0c5e0faa296520d29523b40b72a6e55aa377fe,prior_full_integrity_audit_plus_size_and_mtime,7a359a4725fc4999104353e4055a5072db30619614142808f781fee4bc14fdcc,89a10c788dc0cbe7717a99774c4eca82e3567a05b465f4f3cf37dc35c62835a8,per_frame_modeled_airtime_v1,"[[27.51, 33.55], [59.69, 65.73]]",128,"{""rf_profile"": ""GFSK200"", ""tx_power_dbm"": -20}",ok,True,214.01397010069888,233.57609435591263,37.629312383479515,57.7233287394545,9.14058285354422
tx_p-20_rf_profile-GFSK200_s128,run_00005,web_sessions/20260719_003026_campaign_radio_ebyte_e79_cc1352p/packet_tx/20260719_003802_radio_ebyte_e79_cc1352p/raw/run_00005.csv.gz,4d3046b1c517cc164b749a2cedd8714a96127a79fd0d1fb661b5cc6ceebb77a9,prior_full_integrity_audit_plus_size_and_mtime,7a359a4725fc4999104353e4055a5072db30619614142808f781fee4bc14fdcc,89a10c788dc0cbe7717a99774c4eca82e3567a05b465f4f3cf37dc35c62835a8,per_frame_modeled_airtime_v1,"[[28.38, 34.42], [61.2, 67.24]]",128,"{""rf_profile"": ""GFSK200"", ""tx_power_dbm"": -20}",ok,True,214.51145607473848,234.62287826338846,38.770798668423524,59.12522767216429,9.375453673505852
tx_p-20_rf_profile-GFSK200_s32,run_00001,web_sessions/20260719_003026_campaign_radio_ebyte_e79_cc1352p/packet_tx/20260719_003706_radio_ebyte_e79_cc1352p/raw/run_00001.csv.gz,52b435958f2e00880a89c26563c1a16b52bb6c6d671bd9389aa1658bea899506,prior_full_integrity_audit_plus_size_and_mtime,a176b6c8257e1142da30484d8e3b9649045a55464e9df93017be7efcddfe09e3,a76a9f96fef91d4f252710a729e6f281762b417f0e4ab0761208c47410901533,original_single_frame_window_verified,"[[28.49, 33.25]]",32,"{""rf_profile"": ""GFSK200"", ""tx_power_dbm"": -20}",ok,True,89.46243330797944,89.46243330797944,19.697170567723028,19.697170567723028,0.0
tx_p-20_rf_profile-GFSK200_s32,run_00002,web_sessions/20260719_003026_campaign_radio_ebyte_e79_cc1352p/packet_tx/20260719_003706_radio_ebyte_e79_cc1352p/raw/run_00002.csv.gz,03a33502d64e97360418f36aa7bd2f8019046a51f8640d94ed0a1480edf18598,prior_full_integrity_audit_plus_size_and_mtime,a176b6c8257e1142da30484d8e3b9649045a55464e9df93017be7efcddfe09e3,a76a9f96fef91d4f252710a729e6f281762b417f0e4ab0761208c47410901533,original_single_frame_window_verified,"[[25.89, 30.65]]",32,"{""rf_profile"": ""GFSK200"", ""tx_power_dbm"": -20}",ok,True,86.68703327124699,86.68703327124699,17.408375244205118,17.408375244205118,0.0
tx_p-20_rf_profile-GFSK200_s32,run_00003,web_sessions/20260719_003026_campaign_radio_ebyte_e79_cc1352p/packet_tx/20260719_003706_radio_ebyte_e79_cc1352p/raw/run_00003.csv.gz,7ffa5959d45ded20d8ffbaad912b04dc6c141558964481534a53e80f83838b52,prior_full_integrity_audit_plus_size_and_mtime,a176b6c8257e1142da30484d8e3b9649045a55464e9df93017be7efcddfe09e3,a76a9f96fef91d4f252710a729e6f281762b417f0e4ab0761208c47410901533,original_single_frame_window_verified,"[[27.36, 32.12]]",32,"{""rf_profile"": ""GFSK200"", ""tx_power_dbm"": -20}",ok,True,87.50731882534956,87.50731882534956,17.24276642857372,17.24276642857372,0.0
tx_p-20_rf_profile-GFSK200_s32,run_00004,web_sessions/20260719_003026_campaign_radio_ebyte_e79_cc1352p/packet_tx/20260719_003706_radio_ebyte_e79_cc1352p/raw/run_00004.csv.gz,e4a53846bafed952245c54df1894579aaaf5d5448e1eb0124769152fa0e37979,prior_full_integrity_audit_plus_size_and_mtime,a176b6c8257e1142da30484d8e3b9649045a55464e9df93017be7efcddfe09e3,a76a9f96fef91d4f252710a729e6f281762b417f0e4ab0761208c47410901533,original_single_frame_window_verified,"[[26.08, 30.84]]",32,"{""rf_profile"": ""GFSK200"", ""tx_power_dbm"": -20}",ok,True,87.41277742905773,87.41277742905773,18.06368682237306,18.06368682237306,0.0
tx_p-20_rf_profile-GFSK200_s32,run_00005,web_sessions/20260719_003026_campaign_radio_ebyte_e79_cc1352p/packet_tx/20260719_003706_radio_ebyte_e79_cc1352p/raw/run_00005.csv.gz,382df1fb3d6faad5bd0c09a358ed4324f09254a85314a811973ac0f195b9e9e6,prior_full_integrity_audit_plus_size_and_mtime,a176b6c8257e1142da30484d8e3b9649045a55464e9df93017be7efcddfe09e3,a76a9f96fef91d4f252710a729e6f281762b417f0e4ab0761208c47410901533,original_single_frame_window_verified,"[[25.43, 30.19]]",32,"{""rf_profile"": ""GFSK200"", ""tx_power_dbm"": -20}",ok,True,89.73590923075791,89.73590923075791,20.4649014752956,20.4649014752956,0.0
tx_p-20_rf_profile-GFSK200_s512,run_00001,web_sessions/20260719_003026_campaign_radio_ebyte_e79_cc1352p/packet_tx/20260719_003829_radio_ebyte_e79_cc1352p/raw/run_00001.csv.gz,2615c43e9882e22a0c27f63ebc322d40b6db79795fe7d3f778d8970e63b5d9df,prior_full_integrity_audit_plus_size_and_mtime,a2cf637de1c0621ddf3c4f0a63a1ff93c337bd6d1589f5c5e8b92f58f725c260,a7b7c3196e7afebfef72c5d0bc8b5c17130c30c50c9bce9ec21805627a15f704,per_frame_modeled_airtime_v1,"[[29.52, 35.56], [60.61, 66.65], [93.68, 99.72], [125.14, 131.18], [157.25, 163.29], [189.05, 195.09], [220.95, 226.99], [252.45, 258.49]]",512,"{""rf_profile"": ""GFSK200"", ""tx_power_dbm"": -20}",ok,True,805.7337642784336,929.97175671087,97.42539442486874,221.6750956846178,15.419236221743349
tx_p-20_rf_profile-GFSK200_s512,run_00002,web_sessions/20260719_003026_campaign_radio_ebyte_e79_cc1352p/packet_tx/20260719_003829_radio_ebyte_e79_cc1352p/raw/run_00002.csv.gz,b6123d55e1c922adde35c616795aceee0f10b235e15b5f1fcc20672a97535701,prior_full_integrity_audit_plus_size_and_mtime,a2cf637de1c0621ddf3c4f0a63a1ff93c337bd6d1589f5c5e8b92f58f725c260,a7b7c3196e7afebfef72c5d0bc8b5c17130c30c50c9bce9ec21805627a15f704,per_frame_modeled_airtime_v1,"[[27.17, 33.21], [59.72, 65.76], [91.79, 97.83], [124.94, 130.98], [156.1, 162.14], [188.53, 194.57], [220.58, 226.62], [253.5, 259.54]]",512,"{""rf_profile"": ""GFSK200"", ""tx_power_dbm"": -20}",ok,True,809.2126064768731,929.4861683813095,98.36353380448635,222.30314881524964,14.863036109642437
tx_p-20_rf_profile-GFSK200_s512,run_00003,web_sessions/20260719_003026_campaign_radio_ebyte_e79_cc1352p/packet_tx/20260719_003829_radio_ebyte_e79_cc1352p/raw/run_00003.csv.gz,ba5b991f779649245a721894c53e575b9b528ecfb0a1b1269b587d9b115f6d56,prior_full_integrity_audit_plus_size_and_mtime,a2cf637de1c0621ddf3c4f0a63a1ff93c337bd6d1589f5c5e8b92f58f725c260,a7b7c3196e7afebfef72c5d0bc8b5c17130c30c50c9bce9ec21805627a15f704,per_frame_modeled_airtime_v1,"[[26.29, 32.33], [59.17, 65.21], [92.11, 98.15], [124.42, 130.46], [156.35, 162.39], [188.45, 194.49], [220.53, 226.57], [254.65, 260.69]]",512,"{""rf_profile"": ""GFSK200"", ""tx_power_dbm"": -20}",ok,True,809.7522763968539,930.0955229236167,99.53580175057814,220.83700163631175,14.861736117896807
tx_p-20_rf_profile-GFSK200_s512,run_00004,web_sessions/20260719_003026_campaign_radio_ebyte_e79_cc1352p/packet_tx/20260719_003829_radio_ebyte_e79_cc1352p/raw/run_00004.csv.gz,5ba014878dc43fd1dcd3277143bbc46de9bf3d8fdbc6741676ee6ef12666d9d3,prior_full_integrity_audit_plus_size_and_mtime,a2cf637de1c0621ddf3c4f0a63a1ff93c337bd6d1589f5c5e8b92f58f725c260,a7b7c3196e7afebfef72c5d0bc8b5c17130c30c50c9bce9ec21805627a15f704,per_frame_modeled_airtime_v1,"[[27.2, 33.24], [59.29, 65.33], [90.66, 96.7], [123.6, 129.64], [154.93, 160.97], [187.5, 193.54], [220.43, 226.47], [253.35, 259.39]]",512,"{""rf_profile"": ""GFSK200"", ""tx_power_dbm"": -20}",ok,True,807.4837360772393,930.1055706068483,98.67254745261481,222.43275345035144,15.185672361069047
tx_p-20_rf_profile-GFSK200_s512,run_00005,web_sessions/20260719_003026_campaign_radio_ebyte_e79_cc1352p/packet_tx/20260719_003829_radio_ebyte_e79_cc1352p/raw/run_00005.csv.gz,cd55c1db49c3aea4a3ed8608db781a8f01b8fd5cd11e9efeaa88c398986e059e,prior_full_integrity_audit_plus_size_and_mtime,a2cf637de1c0621ddf3c4f0a63a1ff93c337bd6d1589f5c5e8b92f58f725c260,a7b7c3196e7afebfef72c5d0bc8b5c17130c30c50c9bce9ec21805627a15f704,per_frame_modeled_airtime_v1,"[[26.14, 32.18], [58.22, 64.26], [90.95, 96.99], [122.6, 128.64], [155.72, 161.76], [188.38, 194.42], [220.64, 226.68], [252.4, 258.44]]",512,"{""rf_profile"": ""GFSK200"", ""tx_power_dbm"": -20}",ok,True,807.0237524928067,925.4990663247443,95.42918169531788,215.05502768004015,14.6805237721914
tx_p-20_rf_profile-GFSK200_s64,run_00001,web_sessions/20260719_003026_campaign_radio_ebyte_e79_cc1352p/packet_tx/20260719_003734_radio_ebyte_e79_cc1352p/raw/run_00001.csv.gz,0bf5b7d670ac6cefd6ec0f6fbef3e36e1e02a5ef140f09399b6f09236fb16190,prior_full_integrity_audit_plus_size_and_mtime,c7fa4671078fce2d1038262fa4376a31fad9decbe348466e52cce4b467a1be6b,ac5c921243ba82605aa9dcec4cc62e2f9a782168a333fc873f1c7d23bacebc66,original_single_frame_window_verified,"[[28.38, 34.42]]",64,"{""rf_profile"": ""GFSK200"", ""tx_power_dbm"": -20}",ok,True,114.83201788884043,114.83201788884043,28.43727428161632,28.43727428161632,0.0
tx_p-20_rf_profile-GFSK200_s64,run_00002,web_sessions/20260719_003026_campaign_radio_ebyte_e79_cc1352p/packet_tx/20260719_003734_radio_ebyte_e79_cc1352p/raw/run_00002.csv.gz,be19bc2bd086367821df00f712ad5c1ce43744557047b6afa661e003d9262177,prior_full_integrity_audit_plus_size_and_mtime,c7fa4671078fce2d1038262fa4376a31fad9decbe348466e52cce4b467a1be6b,ac5c921243ba82605aa9dcec4cc62e2f9a782168a333fc873f1c7d23bacebc66,original_single_frame_window_verified,"[[26.42, 32.46]]",64,"{""rf_profile"": ""GFSK200"", ""tx_power_dbm"": -20}",ok,True,114.25649486223031,114.25649486223031,29.42126841254171,29.42126841254171,0.0
tx_p-20_rf_profile-GFSK200_s64,run_00003,web_sessions/20260719_003026_campaign_radio_ebyte_e79_cc1352p/packet_tx/20260719_003734_radio_ebyte_e79_cc1352p/raw/run_00003.csv.gz,34585c1647dc8f2fb62e8a999082301536d3fe284deb8f9898aed3dc2f768ff5,prior_full_integrity_audit_plus_size_and_mtime,c7fa4671078fce2d1038262fa4376a31fad9decbe348466e52cce4b467a1be6b,ac5c921243ba82605aa9dcec4cc62e2f9a782168a333fc873f1c7d23bacebc66,original_single_frame_window_verified,"[[26.46, 32.5]]",64,"{""rf_profile"": ""GFSK200"", ""tx_power_dbm"": -20}",ok,True,114.44658750043875,114.44658750043875,29.43295402621327,29.43295402621327,0.0
tx_p-20_rf_profile-GFSK200_s64,run_00004,web_sessions/20260719_003026_campaign_radio_ebyte_e79_cc1352p/packet_tx/20260719_003734_radio_ebyte_e79_cc1352p/raw/run_00004.csv.gz,8c4f53a6b51371b869614852858368d3fed781406229751c7060e6845a3a990d,prior_full_integrity_audit_plus_size_and_mtime,c7fa4671078fce2d1038262fa4376a31fad9decbe348466e52cce4b467a1be6b,ac5c921243ba82605aa9dcec4cc62e2f9a782168a333fc873f1c7d23bacebc66,original_single_frame_window_verified,"[[26.82, 32.86]]",64,"{""rf_profile"": ""GFSK200"", ""tx_power_dbm"": -20}",ok,True,114.7481621010654,114.7481621010654,29.045531641641443,29.045531641641443,0.0
tx_p-20_rf_profile-GFSK200_s64,run_00005,web_sessions/20260719_003026_campaign_radio_ebyte_e79_cc1352p/packet_tx/20260719_003734_radio_ebyte_e79_cc1352p/raw/run_00005.csv.gz,e2176344b94cf40ca57f661c1f61f61c1f45280b829abf0afa500916d992e5db,prior_full_integrity_audit_plus_size_and_mtime,c7fa4671078fce2d1038262fa4376a31fad9decbe348466e52cce4b467a1be6b,ac5c921243ba82605aa9dcec4cc62e2f9a782168a333fc873f1c7d23bacebc66,original_single_frame_window_verified,"[[26.86, 32.9]]",64,"{""rf_profile"": ""GFSK200"", ""tx_power_dbm"": -20}",ok,True,113.58888242078149,113.58888242078149,27.818105112326307,27.818105112326307,0.0
tx_p-20_rf_profile-GFSK200_s8,run_00001,web_sessions/20260719_003026_campaign_radio_ebyte_e79_cc1352p/packet_tx/20260719_003638_radio_ebyte_e79_cc1352p/raw/run_00001.csv.gz,9b1c76406b4e220fbbfc744dbd14007dd30d7c58fba0767c366869acf7f01550,prior_full_integrity_audit_plus_size_and_mtime,b4cfacb8e01d6cb9fcb660f3668acb9b0a2f99a7e5feb4cef840d34ab54828eb,2eaa0cee5b57764f3e401f70c9185d5a716de0cd3192622a21233569a9df0b85,original_single_frame_window_verified,"[[29.04, 32.84]]",8,"{""rf_profile"": ""GFSK200"", ""tx_power_dbm"": -20}",ok,True,65.89794527918492,65.89794527918492,11.799933332419972,11.799933332419972,0.0
tx_p-20_rf_profile-GFSK200_s8,run_00002,web_sessions/20260719_003026_campaign_radio_ebyte_e79_cc1352p/packet_tx/20260719_003638_radio_ebyte_e79_cc1352p/raw/run_00002.csv.gz,e03ce11c4c3d2fcc96b83317f54b4d6fa916431db2b297ea4b28508127d2ecd6,prior_full_integrity_audit_plus_size_and_mtime,b4cfacb8e01d6cb9fcb660f3668acb9b0a2f99a7e5feb4cef840d34ab54828eb,2eaa0cee5b57764f3e401f70c9185d5a716de0cd3192622a21233569a9df0b85,original_single_frame_window_verified,"[[28.66, 32.46]]",8,"{""rf_profile"": ""GFSK200"", ""tx_power_dbm"": -20}",ok,True,67.41235841785378,67.41235841785378,12.985140981995887,12.985140981995887,0.0
tx_p-20_rf_profile-GFSK200_s8,run_00003,web_sessions/20260719_003026_campaign_radio_ebyte_e79_cc1352p/packet_tx/20260719_003638_radio_ebyte_e79_cc1352p/raw/run_00003.csv.gz,598a6fd148811d82d289d14f1ae5b780a74637732cbbbe90410e7e020a6b3f1c,prior_full_integrity_audit_plus_size_and_mtime,b4cfacb8e01d6cb9fcb660f3668acb9b0a2f99a7e5feb4cef840d34ab54828eb,2eaa0cee5b57764f3e401f70c9185d5a716de0cd3192622a21233569a9df0b85,original_single_frame_window_verified,"[[25.91, 29.71]]",8,"{""rf_profile"": ""GFSK200"", ""tx_power_dbm"": -20}",ok,True,65.33329040906426,65.33329040906426,11.130488221076913,11.130488221076913,0.0
tx_p-20_rf_profile-GFSK200_s8,run_00004,web_sessions/20260719_003026_campaign_radio_ebyte_e79_cc1352p/packet_tx/20260719_003638_radio_ebyte_e79_cc1352p/raw/run_00004.csv.gz,e3a8fa02b57273e0f027a07725b13975ca59fda741bb83f8f057eb0919b191ac,prior_full_integrity_audit_plus_size_and_mtime,b4cfacb8e01d6cb9fcb660f3668acb9b0a2f99a7e5feb4cef840d34ab54828eb,2eaa0cee5b57764f3e401f70c9185d5a716de0cd3192622a21233569a9df0b85,original_single_frame_window_verified,"[[26.88, 30.68]]",8,"{""rf_profile"": ""GFSK200"", ""tx_power_dbm"": -20}",ok,True,66.27162869977984,66.27162869977984,11.804722322651353,11.804722322651353,0.0
tx_p-20_rf_profile-GFSK200_s8,run_00005,web_sessions/20260719_003026_campaign_radio_ebyte_e79_cc1352p/packet_tx/20260719_003638_radio_ebyte_e79_cc1352p/raw/run_00005.csv.gz,b1524efae91d653256dbfc7b2579a66e52c06c5e3ce172da7986a0c7f7ea18d9,prior_full_integrity_audit_plus_size_and_mtime,b4cfacb8e01d6cb9fcb660f3668acb9b0a2f99a7e5feb4cef840d34ab54828eb,2eaa0cee5b57764f3e401f70c9185d5a716de0cd3192622a21233569a9df0b85,original_single_frame_window_verified,"[[27.08, 30.88]]",8,"{""rf_profile"": ""GFSK200"", ""tx_power_dbm"": -20}",ok,True,66.0473718787153,66.0473718787153,12.061052598094104,12.061052598094104,0.0
tx_p-20_rf_profile-GFSK4K8_s1024,run_00001,web_sessions/20260719_003026_campaign_radio_ebyte_e79_cc1352p/packet_tx/20260719_003257_radio_ebyte_e79_cc1352p/raw/run_00001.csv.gz,ea625eefb3b88afcbabb608eef575761d661acc501665009c5ab250c14062eef,prior_full_integrity_audit_plus_size_and_mtime,bc18de34028ac19b087ef6b1ca50f79447f1b6f41d58f22884b00c4a7373220a,622b54429047302d8fca2763eb205e2d683223b79dfd01d0d3c01cc14f5fd148,per_frame_modeled_airtime_v1,"[[28.97, 158.64], [183.83, 313.5], [338.69, 468.36], [493.28, 622.95], [649.0, 778.67], [799.68, 929.35], [953.28, 1082.95], [1107.53, 1237.2], [1261.73, 1391.4], [1417.45, 1547.12], [1572.0, 1701.66], [1726.24, 1855.9], [1884.4, 2014.06], [2039.38, 2169.04], [2191.72, 2321.38], [2346.61, 2476.27]]",1024,"{""rf_profile"": ""GFSK4K8"", ""tx_power_dbm"": -20}",ok,True,40017.54864072939,40817.941221144065,7065.711825750364,7746.196529111134,2.0001039733854364
tx_p-20_rf_profile-GFSK4K8_s1024,run_00002,web_sessions/20260719_003026_campaign_radio_ebyte_e79_cc1352p/packet_tx/20260719_003257_radio_ebyte_e79_cc1352p/raw/run_00002.csv.gz,6592655a06fb18d2344a7e8571a4a3694c7f9eed67c9c485c0c2706ba61758af,prior_full_integrity_audit_plus_size_and_mtime,bc18de34028ac19b087ef6b1ca50f79447f1b6f41d58f22884b00c4a7373220a,622b54429047302d8fca2763eb205e2d683223b79dfd01d0d3c01cc14f5fd148,per_frame_modeled_airtime_v1,"[[27.51, 157.18], [183.23, 312.9], [339.62, 469.29], [490.25, 619.92], [644.12, 773.79], [798.73, 928.4], [954.4, 1084.07], [1109.18, 1238.85], [1263.89, 1393.56], [1419.36, 1549.03], [1574.02, 1703.68], [1730.35, 1860.01], [1885.88, 2015.54], [2038.25, 2167.91], [2193.92, 2323.58], [2347.5, 2477.16]]",1024,"{""rf_profile"": ""GFSK4K8"", ""tx_power_dbm"": -20}",ok,True,39914.17538078998,40703.51320209667,7031.802406380819,7704.755124126647,1.9775876960409056
tx_p-20_rf_profile-GFSK4K8_s1024,run_00003,web_sessions/20260719_003026_campaign_radio_ebyte_e79_cc1352p/packet_tx/20260719_003257_radio_ebyte_e79_cc1352p/raw/run_00003.csv.gz,44eb5aaa6086dde11b0c851ee809dc151d2894fde0391882b2e439d70f33584f,prior_full_integrity_audit_plus_size_and_mtime,bc18de34028ac19b087ef6b1ca50f79447f1b6f41d58f22884b00c4a7373220a,622b54429047302d8fca2763eb205e2d683223b79dfd01d0d3c01cc14f5fd148,per_frame_modeled_airtime_v1,"[[27.39, 157.06], [183.14, 312.81], [338.22, 467.89], [493.93, 623.6], [647.42, 777.09], [802.14, 931.81], [954.83, 1084.5], [1109.18, 1238.85], [1262.43, 1392.1], [1417.94, 1547.61], [1571.14, 1700.8], [1727.85, 1857.51], [1881.01, 2010.67], [2032.47, 2162.13], [2186.05, 2315.71], [2337.66, 2467.32]]",1024,"{""rf_profile"": ""GFSK4K8"", ""tx_power_dbm"": -20}",ok,True,39857.735992387825,40649.188798275805,6986.62164859978,7656.424671278493,1.9856943355717416
tx_p-20_rf_profile-GFSK4K8_s1024,run_00004,web_sessions/20260719_003026_campaign_radio_ebyte_e79_cc1352p/packet_tx/20260719_003257_radio_ebyte_e79_cc1352p/raw/run_00004.csv.gz,3f27ee1692ab3abb3bbef300e856388839e3fb74a429ee5a8ac911e5be8ae546,prior_full_integrity_audit_plus_size_and_mtime,bc18de34028ac19b087ef6b1ca50f79447f1b6f41d58f22884b00c4a7373220a,622b54429047302d8fca2763eb205e2d683223b79dfd01d0d3c01cc14f5fd148,per_frame_modeled_airtime_v1,"[[27.69, 157.36], [181.18, 310.85], [336.89, 466.56], [489.52, 619.19], [644.16, 773.83], [797.1, 926.77], [954.17, 1083.84], [1107.59, 1237.26], [1260.26, 1389.93], [1413.02, 1542.69], [1567.73, 1697.39], [1722.49, 1852.15], [1878.03, 2007.69], [2034.43, 2164.09], [2189.45, 2319.11], [2344.53, 2474.19]]",1024,"{""rf_profile"": ""GFSK4K8"", ""tx_power_dbm"": -20}",ok,True,39861.88261426011,40652.48506373963,6973.247738661266,7638.5011163004865,1.9833545172216471
tx_p-20_rf_profile-GFSK4K8_s1024,run_00005,web_sessions/20260719_003026_campaign_radio_ebyte_e79_cc1352p/packet_tx/20260719_003257_radio_ebyte_e79_cc1352p/raw/run_00005.csv.gz,4225841a91b7d078d5df8d27695a1b18ed47424ddf2dee71649c91ef89803dd0,prior_full_integrity_audit_plus_size_and_mtime,bc18de34028ac19b087ef6b1ca50f79447f1b6f41d58f22884b00c4a7373220a,622b54429047302d8fca2763eb205e2d683223b79dfd01d0d3c01cc14f5fd148,per_frame_modeled_airtime_v1,"[[26.91, 156.58], [180.06, 309.73], [331.65, 461.32], [484.98, 614.65], [640.34, 770.01], [795.94, 925.61], [949.33, 1079.0], [1104.06, 1233.73], [1258.8, 1388.47], [1413.82, 1543.49], [1565.51, 1695.17], [1720.84, 1850.5], [1875.6, 2005.26], [2030.04, 2159.7], [2184.61, 2314.27], [2336.44, 2466.1]]",1024,"{""rf_profile"": ""GFSK4K8"", ""tx_power_dbm"": -20}",ok,True,39844.061322736045,40644.15096270895,6976.568640509856,7656.504924668396,2.0080524259115995
tx_p-20_rf_profile-GFSK4K8_s128,run_00001,web_sessions/20260719_003026_campaign_radio_ebyte_e79_cc1352p/packet_tx/20260719_003150_radio_ebyte_e79_cc1352p/raw/run_00001.csv.gz,eb751a35ef7e0438e951fbaa54f9bcc306ca4e94c64d378afc5cd055d2d5268c,prior_full_integrity_audit_plus_size_and_mtime,b547a73f02f117cce33b82852d4e96a1c8351758471c02a82985e5da8f363074,b94ddf0bdd1593381e7b1cefddaedaf04f3273be7a8b0681d1ae8b56b0b05ad8,per_frame_modeled_airtime_v1,"[[27.7, 157.37], [180.38, 310.04]]",128,"{""rf_profile"": ""GFSK4K8"", ""tx_power_dbm"": -20}",ok,True,5084.914939936925,5143.869757695213,953.1532279568524,1003.3472533768805,1.1594061740395345
tx_p-20_rf_profile-GFSK4K8_s128,run_00002,web_sessions/20260719_003026_campaign_radio_ebyte_e79_cc1352p/packet_tx/20260719_003150_radio_ebyte_e79_cc1352p/raw/run_00002.csv.gz,f36c55911f650acba100832122c985038b44f9d08a2e65e2d296b1b6850fefa2,prior_full_integrity_audit_plus_size_and_mtime,b547a73f02f117cce33b82852d4e96a1c8351758471c02a82985e5da8f363074,b94ddf0bdd1593381e7b1cefddaedaf04f3273be7a8b0681d1ae8b56b0b05ad8,per_frame_modeled_airtime_v1,"[[27.14, 156.81], [181.84, 311.5]]",128,"{""rf_profile"": ""GFSK4K8"", ""tx_power_dbm"": -20}",ok,True,5057.662618892644,5113.545655557276,941.6963245784088,988.0326647624788,1.1049182374459843
tx_p-20_rf_profile-GFSK4K8_s128,run_00003,web_sessions/20260719_003026_campaign_radio_ebyte_e79_cc1352p/packet_tx/20260719_003150_radio_ebyte_e79_cc1352p/raw/run_00003.csv.gz,c489beeb5129809020a502d8e38290fa1089284cc131aa016d60d6dfbfd54f94,prior_full_integrity_audit_plus_size_and_mtime,b547a73f02f117cce33b82852d4e96a1c8351758471c02a82985e5da8f363074,b94ddf0bdd1593381e7b1cefddaedaf04f3273be7a8b0681d1ae8b56b0b05ad8,per_frame_modeled_airtime_v1,"[[27.77, 157.44], [180.28, 309.94]]",128,"{""rf_profile"": ""GFSK4K8"", ""tx_power_dbm"": -20}",ok,True,5061.559829841024,5116.851622173138,944.9161081004493,992.7158691102607,1.092386422188163
tx_p-20_rf_profile-GFSK4K8_s128,run_00004,web_sessions/20260719_003026_campaign_radio_ebyte_e79_cc1352p/packet_tx/20260719_003150_radio_ebyte_e79_cc1352p/raw/run_00004.csv.gz,87351ff01c154b0f2b0c45efb1c8868cdddf5c4185092defd08e6112cec2cf08,prior_full_integrity_audit_plus_size_and_mtime,b547a73f02f117cce33b82852d4e96a1c8351758471c02a82985e5da8f363074,b94ddf0bdd1593381e7b1cefddaedaf04f3273be7a8b0681d1ae8b56b0b05ad8,per_frame_modeled_airtime_v1,"[[27.87, 157.54], [182.86, 312.52]]",128,"{""rf_profile"": ""GFSK4K8"", ""tx_power_dbm"": -20}",ok,True,5049.2351107272625,5109.860553701197,941.4195719610573,992.676823828492,1.2006856809882782
tx_p-20_rf_profile-GFSK4K8_s128,run_00005,web_sessions/20260719_003026_campaign_radio_ebyte_e79_cc1352p/packet_tx/20260719_003150_radio_ebyte_e79_cc1352p/raw/run_00005.csv.gz,d48d5814d3a1f77e80d0c979fc336382eaf02a994ebb11f7e88bec658d4d41fe,prior_full_integrity_audit_plus_size_and_mtime,b547a73f02f117cce33b82852d4e96a1c8351758471c02a82985e5da8f363074,b94ddf0bdd1593381e7b1cefddaedaf04f3273be7a8b0681d1ae8b56b0b05ad8,per_frame_modeled_airtime_v1,"[[27.47, 157.14], [180.78, 310.44]]",128,"{""rf_profile"": ""GFSK4K8"", ""tx_power_dbm"": -20}",ok,True,5052.654222167458,5108.1041164580665,933.2702513520725,982.7768498040031,1.0974409063524204
tx_p-20_rf_profile-GFSK4K8_s32,run_00001,web_sessions/20260719_003026_campaign_radio_ebyte_e79_cc1352p/packet_tx/20260719_003054_radio_ebyte_e79_cc1352p/raw/run_00001.csv.gz,e97a376acba0430fa97cf6770151ec95a697d93458366f91724f655e12ede3e4,prior_full_integrity_audit_plus_size_and_mtime,0b69e515cf9b147f48f3218dd08e6c87fb24fb17299a3b88a81181453fba6c7e,76739bb04cc54dfe6e6a964a4d0e1b7d03fd7d4adb4943d8c2e6a7739306af5b,original_single_frame_window_verified,"[[29.38, 105.71]]",32,"{""rf_profile"": ""GFSK4K8"", ""tx_power_dbm"": -20}",ok,True,1508.8077444168566,1508.8077444168566,289.4956744362598,289.4956744362598,0.0
tx_p-20_rf_profile-GFSK4K8_s32,run_00002,web_sessions/20260719_003026_campaign_radio_ebyte_e79_cc1352p/packet_tx/20260719_003054_radio_ebyte_e79_cc1352p/raw/run_00002.csv.gz,ce3f2343bf73576b3f85db132139e34b4f4e1fa498b5ed7548fe85e51cbcff75,prior_full_integrity_audit_plus_size_and_mtime,0b69e515cf9b147f48f3218dd08e6c87fb24fb17299a3b88a81181453fba6c7e,76739bb04cc54dfe6e6a964a4d0e1b7d03fd7d4adb4943d8c2e6a7739306af5b,original_single_frame_window_verified,"[[26.41, 102.74]]",32,"{""rf_profile"": ""GFSK4K8"", ""tx_power_dbm"": -20}",ok,True,1510.4192392965006,1510.4192392965006,293.555964787459,293.555964787459,0.0
tx_p-20_rf_profile-GFSK4K8_s32,run_00003,web_sessions/20260719_003026_campaign_radio_ebyte_e79_cc1352p/packet_tx/20260719_003054_radio_ebyte_e79_cc1352p/raw/run_00003.csv.gz,6220206c606440e530a5fad7aed9a68e41c045b719a8eab3336ddd5ac01da706,prior_full_integrity_audit_plus_size_and_mtime,0b69e515cf9b147f48f3218dd08e6c87fb24fb17299a3b88a81181453fba6c7e,76739bb04cc54dfe6e6a964a4d0e1b7d03fd7d4adb4943d8c2e6a7739306af5b,original_single_frame_window_verified,"[[27.05, 103.38]]",32,"{""rf_profile"": ""GFSK4K8"", ""tx_power_dbm"": -20}",ok,True,1504.8124606167726,1504.8124606167726,287.96449181183556,287.96449181183556,0.0
tx_p-20_rf_profile-GFSK4K8_s32,run_00004,web_sessions/20260719_003026_campaign_radio_ebyte_e79_cc1352p/packet_tx/20260719_003054_radio_ebyte_e79_cc1352p/raw/run_00004.csv.gz,ee43b3e47ca1592a5047bf2dd022a142d58374e2d94033ee99ee8487816482b0,prior_full_integrity_audit_plus_size_and_mtime,0b69e515cf9b147f48f3218dd08e6c87fb24fb17299a3b88a81181453fba6c7e,76739bb04cc54dfe6e6a964a4d0e1b7d03fd7d4adb4943d8c2e6a7739306af5b,original_single_frame_window_verified,"[[27.42, 103.75]]",32,"{""rf_profile"": ""GFSK4K8"", ""tx_power_dbm"": -20}",ok,True,1508.9431332718414,1508.9431332718414,293.0261453240716,293.0261453240716,0.0
tx_p-20_rf_profile-GFSK4K8_s32,run_00005,web_sessions/20260719_003026_campaign_radio_ebyte_e79_cc1352p/packet_tx/20260719_003054_radio_ebyte_e79_cc1352p/raw/run_00005.csv.gz,c8cb3d489d6180a54084377e4365dbb1e930ec1c6893b706dd6fb98a8f920c35,prior_full_integrity_audit_plus_size_and_mtime,0b69e515cf9b147f48f3218dd08e6c87fb24fb17299a3b88a81181453fba6c7e,76739bb04cc54dfe6e6a964a4d0e1b7d03fd7d4adb4943d8c2e6a7739306af5b,original_single_frame_window_verified,"[[28.93, 105.26]]",32,"{""rf_profile"": ""GFSK4K8"", ""tx_power_dbm"": -20}",ok,True,1502.543876985609,1502.543876985609,288.2192518092059,288.2192518092059,0.0
tx_p-20_rf_profile-GFSK4K8_s512,run_00001,web_sessions/20260719_003026_campaign_radio_ebyte_e79_cc1352p/packet_tx/20260719_003219_radio_ebyte_e79_cc1352p/raw/run_00001.csv.gz,c977399ff003c1f3ba0a7f177997ab3392fcd1ffa93913d927d0ba07d192c736,prior_full_integrity_audit_plus_size_and_mtime,df4b0e73fdd8ffcc85a19d453e4b6c48ef00005e7367cae09dd4f51f64559646,9c9efb19f4ecb1e1a956498af5db4735d943c40f192e30b5a26c0f9c417a5788,per_frame_modeled_airtime_v1,"[[28.56, 158.23], [183.54, 313.21], [338.3, 467.97], [493.32, 622.99], [647.91, 777.58], [802.54, 932.2], [956.99, 1086.65], [1111.46, 1241.12]]",512,"{""rf_profile"": ""GFSK4K8"", ""tx_power_dbm"": -20}",ok,True,20071.693614747743,20435.478200755537,3605.175727648347,3913.2109453015564,1.8124259616064675
tx_p-20_rf_profile-GFSK4K8_s512,run_00002,web_sessions/20260719_003026_campaign_radio_ebyte_e79_cc1352p/packet_tx/20260719_003219_radio_ebyte_e79_cc1352p/raw/run_00002.csv.gz,c683e3bc0709bb7457b0e0e254cd707446cc55fc30d1c7a5a7400c2762046b05,prior_full_integrity_audit_plus_size_and_mtime,df4b0e73fdd8ffcc85a19d453e4b6c48ef00005e7367cae09dd4f51f64559646,9c9efb19f4ecb1e1a956498af5db4735d943c40f192e30b5a26c0f9c417a5788,per_frame_modeled_airtime_v1,"[[26.84, 156.51], [179.39, 309.06], [333.59, 463.26], [488.31, 617.98], [642.93, 772.6], [796.36, 926.02], [952.39, 1082.05], [1105.78, 1235.44]]",512,"{""rf_profile"": ""GFSK4K8"", ""tx_power_dbm"": -20}",ok,True,20057.458139755214,20422.46951286795,3604.219148605829,3915.4986645310823,1.819828667069534
tx_p-20_rf_profile-GFSK4K8_s512,run_00003,web_sessions/20260719_003026_campaign_radio_ebyte_e79_cc1352p/packet_tx/20260719_003219_radio_ebyte_e79_cc1352p/raw/run_00003.csv.gz,ca2db74499e0b0bf2525833ff7e4f5cd5975cea43678b6853e70b7862fcb808d,prior_full_integrity_audit_plus_size_and_mtime,df4b0e73fdd8ffcc85a19d453e4b6c48ef00005e7367cae09dd4f51f64559646,9c9efb19f4ecb1e1a956498af5db4735d943c40f192e30b5a26c0f9c417a5788,per_frame_modeled_airtime_v1,"[[26.83, 156.5], [180.95, 310.62], [334.64, 464.31], [492.29, 621.96], [646.78, 776.45], [798.69, 928.35], [951.77, 1081.43], [1103.54, 1233.2]]",512,"{""rf_profile"": ""GFSK4K8"", ""tx_power_dbm"": -20}",ok,True,20022.30149778664,20381.78596434306,3574.4675293592977,3882.238594790535,1.7954203046845585
tx_p-20_rf_profile-GFSK4K8_s512,run_00004,web_sessions/20260719_003026_campaign_radio_ebyte_e79_cc1352p/packet_tx/20260719_003219_radio_ebyte_e79_cc1352p/raw/run_00004.csv.gz,772f4a75b4214770d3e91970dad5238efe29e619dcdf5ee147ced39e6ec67054,prior_full_integrity_audit_plus_size_and_mtime,df4b0e73fdd8ffcc85a19d453e4b6c48ef00005e7367cae09dd4f51f64559646,9c9efb19f4ecb1e1a956498af5db4735d943c40f192e30b5a26c0f9c417a5788,per_frame_modeled_airtime_v1,"[[27.12, 156.79], [177.8, 307.47], [332.33, 462.0], [485.49, 615.16], [639.93, 769.6], [794.57, 924.23], [947.87, 1077.53], [1101.46, 1231.12]]",512,"{""rf_profile"": ""GFSK4K8"", ""tx_power_dbm"": -20}",ok,True,20008.990127961308,20361.65872543566,3554.470667288775,3849.189177942174,1.762550709550914
tx_p-20_rf_profile-GFSK4K8_s512,run_00005,web_sessions/20260719_003026_campaign_radio_ebyte_e79_cc1352p/packet_tx/20260719_003219_radio_ebyte_e79_cc1352p/raw/run_00005.csv.gz,f5197a05cdf0c48c169b6fd1fe400d1d8d3e3b08824867c6243c22a032742da5,prior_full_integrity_audit_plus_size_and_mtime,df4b0e73fdd8ffcc85a19d453e4b6c48ef00005e7367cae09dd4f51f64559646,9c9efb19f4ecb1e1a956498af5db4735d943c40f192e30b5a26c0f9c417a5788,per_frame_modeled_airtime_v1,"[[26.93, 156.6], [180.39, 310.06], [337.02, 466.69], [490.48, 620.15], [646.47, 776.14], [799.97, 929.63], [950.64, 1080.3], [1106.46, 1236.12]]",512,"{""rf_profile"": ""GFSK4K8"", ""tx_power_dbm"": -20}",ok,True,20070.89423205581,20432.781268155853,3606.1084542881263,3913.2453473822584,1.8030439098327022
tx_p-20_rf_profile-GFSK4K8_s64,run_00001,web_sessions/20260719_003026_campaign_radio_ebyte_e79_cc1352p/packet_tx/20260719_003122_radio_ebyte_e79_cc1352p/raw/run_00001.csv.gz,bc9dc3089343d14343b7356e01d161ac93e1349c22afa5e9bf3481b53699f873,prior_full_integrity_audit_plus_size_and_mtime,775ac0b448ac7442b88fa3e05da25fb66f4944e6857ec7eb7e44b84ed8f87353,6ec0e3935370cab7132f1369ae80568322cea37797f0a7b665a8a66c0a298afb,original_single_frame_window_verified,"[[27.77, 157.43]]",64,"{""rf_profile"": ""GFSK4K8"", ""tx_power_dbm"": -20}",ok,True,2569.1401005976186,2569.1401005976186,509.47777964343413,509.47777964343413,0.0
tx_p-20_rf_profile-GFSK4K8_s64,run_00002,web_sessions/20260719_003026_campaign_radio_ebyte_e79_cc1352p/packet_tx/20260719_003122_radio_ebyte_e79_cc1352p/raw/run_00002.csv.gz,7b784724f10b6d690260c128a80918b5b458bf9275cf0b1c47fb37939da45166,prior_full_integrity_audit_plus_size_and_mtime,775ac0b448ac7442b88fa3e05da25fb66f4944e6857ec7eb7e44b84ed8f87353,6ec0e3935370cab7132f1369ae80568322cea37797f0a7b665a8a66c0a298afb,original_single_frame_window_verified,"[[27.48, 157.14]]",64,"{""rf_profile"": ""GFSK4K8"", ""tx_power_dbm"": -20}",ok,True,2558.3107840110943,2558.3107840110943,491.5661371876433,491.5661371876433,0.0
tx_p-20_rf_profile-GFSK4K8_s64,run_00003,web_sessions/20260719_003026_campaign_radio_ebyte_e79_cc1352p/packet_tx/20260719_003122_radio_ebyte_e79_cc1352p/raw/run_00003.csv.gz,02a584b43c20d5975cc922e32e0dfb399e28ec3a53b27fa830a209e56ac2886d,prior_full_integrity_audit_plus_size_and_mtime,775ac0b448ac7442b88fa3e05da25fb66f4944e6857ec7eb7e44b84ed8f87353,6ec0e3935370cab7132f1369ae80568322cea37797f0a7b665a8a66c0a298afb,original_single_frame_window_verified,"[[28.52, 158.18]]",64,"{""rf_profile"": ""GFSK4K8"", ""tx_power_dbm"": -20}",ok,True,2567.481243888425,2567.481243888425,503.05433443764963,503.05433443764963,0.0
tx_p-20_rf_profile-GFSK4K8_s64,run_00004,web_sessions/20260719_003026_campaign_radio_ebyte_e79_cc1352p/packet_tx/20260719_003122_radio_ebyte_e79_cc1352p/raw/run_00004.csv.gz,3e0677fe9dbf1489d3e55acc96e59304c92052507906296daa39f9ba596341a3,prior_full_integrity_audit_plus_size_and_mtime,775ac0b448ac7442b88fa3e05da25fb66f4944e6857ec7eb7e44b84ed8f87353,6ec0e3935370cab7132f1369ae80568322cea37797f0a7b665a8a66c0a298afb,original_single_frame_window_verified,"[[26.84, 156.5]]",64,"{""rf_profile"": ""GFSK4K8"", ""tx_power_dbm"": -20}",ok,True,2556.549183778777,2556.549183778777,496.66730788500837,496.66730788500837,0.0
tx_p-20_rf_profile-GFSK4K8_s64,run_00005,web_sessions/20260719_003026_campaign_radio_ebyte_e79_cc1352p/packet_tx/20260719_003122_radio_ebyte_e79_cc1352p/raw/run_00005.csv.gz,75b61164a371ff8dbe529d27c91a3837547c9af84004ed3968377a0e599470d7,prior_full_integrity_audit_plus_size_and_mtime,775ac0b448ac7442b88fa3e05da25fb66f4944e6857ec7eb7e44b84ed8f87353,6ec0e3935370cab7132f1369ae80568322cea37797f0a7b665a8a66c0a298afb,original_single_frame_window_verified,"[[27.72, 157.38]]",64,"{""rf_profile"": ""GFSK4K8"", ""tx_power_dbm"": -20}",ok,True,2567.169372893811,2567.169372893811,499.7882130849687,499.7882130849687,0.0
tx_p-20_rf_profile-GFSK4K8_s8,run_00001,web_sessions/20260719_003026_campaign_radio_ebyte_e79_cc1352p/packet_tx/20260719_003026_radio_ebyte_e79_cc1352p/raw/run_00001.csv.gz,3d54019b2fdf64d58a437c131b47cbf5fc2a7e913c4b44c1ddabe87eeb9b1e50,prior_full_integrity_audit_plus_size_and_mtime,5e454ed35b00b34505e8fceaf4373bdb181668c86f7c837f4219d97a19376fe1,03e9a7588705cdb92b3feae800d28367aa89d04e44debc6de26234e135679426,original_single_frame_window_verified,"[[27.62, 63.95]]",8,"{""rf_profile"": ""GFSK4K8"", ""tx_power_dbm"": -20}",ok,True,719.1335921794418,719.1335921794418,138.9977386453759,138.9977386453759,0.0
tx_p-20_rf_profile-GFSK4K8_s8,run_00002,web_sessions/20260719_003026_campaign_radio_ebyte_e79_cc1352p/packet_tx/20260719_003026_radio_ebyte_e79_cc1352p/raw/run_00002.csv.gz,b5082610cdad623111b8d0f77cc6603e99db84ae69281ddecbafd7a3c274c6b3,prior_full_integrity_audit_plus_size_and_mtime,5e454ed35b00b34505e8fceaf4373bdb181668c86f7c837f4219d97a19376fe1,03e9a7588705cdb92b3feae800d28367aa89d04e44debc6de26234e135679426,original_single_frame_window_verified,"[[26.88, 63.21]]",8,"{""rf_profile"": ""GFSK4K8"", ""tx_power_dbm"": -20}",ok,True,713.8422245776989,713.8422245776989,135.52210546797514,135.52210546797514,0.0
tx_p-20_rf_profile-GFSK4K8_s8,run_00003,web_sessions/20260719_003026_campaign_radio_ebyte_e79_cc1352p/packet_tx/20260719_003026_radio_ebyte_e79_cc1352p/raw/run_00003.csv.gz,85153ae6652bd7f2d07e924246f51dcd2f36463195176b3aeaacb028301c244b,prior_full_integrity_audit_plus_size_and_mtime,5e454ed35b00b34505e8fceaf4373bdb181668c86f7c837f4219d97a19376fe1,03e9a7588705cdb92b3feae800d28367aa89d04e44debc6de26234e135679426,original_single_frame_window_verified,"[[24.33, 60.66]]",8,"{""rf_profile"": ""GFSK4K8"", ""tx_power_dbm"": -20}",ok,True,714.4490936377658,714.4490936377658,138.54803769132658,138.54803769132658,0.0
tx_p-20_rf_profile-GFSK4K8_s8,run_00004,web_sessions/20260719_003026_campaign_radio_ebyte_e79_cc1352p/packet_tx/20260719_003026_radio_ebyte_e79_cc1352p/raw/run_00004.csv.gz,4aa21de12260ab72f4073b321904547001dea63029d59bae2cd41f142a50aabc,prior_full_integrity_audit_plus_size_and_mtime,5e454ed35b00b34505e8fceaf4373bdb181668c86f7c837f4219d97a19376fe1,03e9a7588705cdb92b3feae800d28367aa89d04e44debc6de26234e135679426,original_single_frame_window_verified,"[[27.46, 63.79]]",8,"{""rf_profile"": ""GFSK4K8"", ""tx_power_dbm"": -20}",ok,True,713.4250242812755,713.4250242812755,135.48618391735795,135.48618391735795,0.0
tx_p-20_rf_profile-GFSK4K8_s8,run_00005,web_sessions/20260719_003026_campaign_radio_ebyte_e79_cc1352p/packet_tx/20260719_003026_radio_ebyte_e79_cc1352p/raw/run_00005.csv.gz,0f33fa53ac28865fcc5a80588b6557ae65ac7c763d0a8f892b42301c8ff7d556,prior_full_integrity_audit_plus_size_and_mtime,5e454ed35b00b34505e8fceaf4373bdb181668c86f7c837f4219d97a19376fe1,03e9a7588705cdb92b3feae800d28367aa89d04e44debc6de26234e135679426,original_single_frame_window_verified,"[[26.02, 62.35]]",8,"{""rf_profile"": ""GFSK4K8"", ""tx_power_dbm"": -20}",ok,True,712.0729162659545,712.0729162659545,135.03660935650421,135.03660935650421,0.0
tx_p-20_rf_profile-GFSK50_s1024,run_00001,web_sessions/20260719_003026_campaign_radio_ebyte_e79_cc1352p/packet_tx/20260719_003609_radio_ebyte_e79_cc1352p/raw/run_00001.csv.gz,99b685e4ce98a33d15f818b47288c498c93f795c1b935ea33323244bf5dce68e,prior_full_integrity_audit_plus_size_and_mtime,09c5b8b7d82b2d89253fb11ed113af6cf126476c53105e5bc218bbb5aba7f638,9af8b1665cf551e765383ae1cc6e9c688347a313b9233f1833e63dea9c4a3cc1,per_frame_modeled_airtime_v1,"[[28.82, 43.98], [66.8, 81.96], [104.26, 119.42], [142.25, 157.41], [179.37, 194.53], [217.15, 232.31], [253.87, 269.03], [291.04, 306.2], [328.75, 343.91], [367.17, 382.33], [405.75, 420.91], [443.87, 459.03], [482.97, 498.13], [522.09, 537.25], [560.11, 575.27], [598.01, 613.17]]",1024,"{""rf_profile"": ""GFSK50"", ""tx_power_dbm"": -20}",ok,True,4070.83962963659,4512.526695484884,630.0027841839741,1095.6871806030106,10.850023730552216
tx_p-20_rf_profile-GFSK50_s1024,run_00002,web_sessions/20260719_003026_campaign_radio_ebyte_e79_cc1352p/packet_tx/20260719_003609_radio_ebyte_e79_cc1352p/raw/run_00002.csv.gz,44f373d04414c7929348ba30a556e537bea69ada8560f4df7d6e69265d6afffe,prior_full_integrity_audit_plus_size_and_mtime,09c5b8b7d82b2d89253fb11ed113af6cf126476c53105e5bc218bbb5aba7f638,9af8b1665cf551e765383ae1cc6e9c688347a313b9233f1833e63dea9c4a3cc1,per_frame_modeled_airtime_v1,"[[28.01, 43.17], [64.87, 80.03], [102.42, 117.58], [141.1, 156.26], [179.16, 194.32], [217.5, 232.66], [255.53, 270.69], [293.53, 308.69], [330.94, 346.1], [368.03, 383.19], [406.29, 421.45], [444.34, 459.5], [482.18, 497.34], [519.89, 535.05], [557.26, 572.42], [594.17, 609.33]]",1024,"{""rf_profile"": ""GFSK50"", ""tx_power_dbm"": -20}",ok,True,4064.5489939276554,4526.604719611253,632.3124357033431,1120.1041184617304,11.367945776367772
tx_p-20_rf_profile-GFSK50_s1024,run_00003,web_sessions/20260719_003026_campaign_radio_ebyte_e79_cc1352p/packet_tx/20260719_003609_radio_ebyte_e79_cc1352p/raw/run_00003.csv.gz,d9de29ecba5e3f1b22ae116e9a4984bc2bb1ad4ac415cfed05ed65b6db515e86,prior_full_integrity_audit_plus_size_and_mtime,09c5b8b7d82b2d89253fb11ed113af6cf126476c53105e5bc218bbb5aba7f638,9af8b1665cf551e765383ae1cc6e9c688347a313b9233f1833e63dea9c4a3cc1,per_frame_modeled_airtime_v1,"[[28.05, 43.21], [65.14, 80.3], [104.28, 119.44], [143.1, 158.26], [181.24, 196.4], [218.75, 233.91], [257.17, 272.33], [295.29, 310.45], [333.86, 349.02], [370.75, 385.91], [408.52, 423.68], [445.65, 460.81], [483.65, 498.81], [523.14, 538.3], [560.33, 575.49], [598.47, 613.63]]",1024,"{""rf_profile"": ""GFSK50"", ""tx_power_dbm"": -20}",ok,True,4073.781434663691,4527.963741895869,635.397016160376,1118.6732050665953,11.148912000225476
tx_p-20_rf_profile-GFSK50_s1024,run_00004,web_sessions/20260719_003026_campaign_radio_ebyte_e79_cc1352p/packet_tx/20260719_003609_radio_ebyte_e79_cc1352p/raw/run_00004.csv.gz,5fc1074856d67516e7d5442885358b65296526506a7ace231a25051f3531a6aa,prior_full_integrity_audit_plus_size_and_mtime,09c5b8b7d82b2d89253fb11ed113af6cf126476c53105e5bc218bbb5aba7f638,9af8b1665cf551e765383ae1cc6e9c688347a313b9233f1833e63dea9c4a3cc1,per_frame_modeled_airtime_v1,"[[27.24, 42.4], [65.28, 80.44], [104.33, 119.49], [142.38, 157.54], [180.59, 195.75], [223.04, 238.2], [265.75, 280.91], [308.13, 323.29], [344.32, 359.48], [382.32, 397.48], [420.23, 435.39], [458.68, 473.84], [496.15, 511.31], [533.89, 549.05], [570.96, 586.12], [610.16, 625.32]]",1024,"{""rf_profile"": ""GFSK50"", ""tx_power_dbm"": -20}",ok,True,4061.282900210625,4521.881655864821,626.1019345783267,1110.6804493741934,11.341213280914486
tx_p-20_rf_profile-GFSK50_s1024,run_00005,web_sessions/20260719_003026_campaign_radio_ebyte_e79_cc1352p/packet_tx/20260719_003609_radio_ebyte_e79_cc1352p/raw/run_00005.csv.gz,f1dc28f278264aba8d4737de37cefb765bbf1a47d8f9d5fb5cb6cab86f6675a0,prior_full_integrity_audit_plus_size_and_mtime,09c5b8b7d82b2d89253fb11ed113af6cf126476c53105e5bc218bbb5aba7f638,9af8b1665cf551e765383ae1cc6e9c688347a313b9233f1833e63dea9c4a3cc1,per_frame_modeled_airtime_v1,"[[27.64, 42.8], [64.84, 80.0], [101.94, 117.1], [139.78, 154.94], [177.93, 193.09], [215.71, 230.87], [252.56, 267.72], [290.37, 305.53], [328.67, 343.83], [366.41, 381.57], [404.41, 419.57], [443.1, 458.26], [480.91, 496.07], [518.11, 533.27], [556.0, 571.16], [593.93, 609.09]]",1024,"{""rf_profile"": ""GFSK50"", ""tx_power_dbm"": -20}",ok,True,4082.703200186142,4527.200919162745,648.8189778507017,1119.2397770942644,10.887338539728697
tx_p-20_rf_profile-GFSK50_s128,run_00001,web_sessions/20260719_003026_campaign_radio_ebyte_e79_cc1352p/packet_tx/20260719_003513_radio_ebyte_e79_cc1352p/raw/run_00001.csv.gz,ec9a9b3a9aa4b932dd2f24b4fe0f052414d5c9cbe7c0fd4ec401ca57640f3ddd,prior_full_integrity_audit_plus_size_and_mtime,82c6eb02124937660c3abab770af423aeb1e11e727ffd70ca66955abbdd82c29,2a1c4d0f916938e8c418ee94304a399f2a68d5867c465ee4d00141f742eeaabb,per_frame_modeled_airtime_v1,"[[30.08, 45.24], [67.3, 82.46]]",128,"{""rf_profile"": ""GFSK50"", ""tx_power_dbm"": -20}",ok,True,527.5552575594885,582.7377285237538,99.35102553080617,157.62927200847557,10.460036209200862
tx_p-20_rf_profile-GFSK50_s128,run_00002,web_sessions/20260719_003026_campaign_radio_ebyte_e79_cc1352p/packet_tx/20260719_003513_radio_ebyte_e79_cc1352p/raw/run_00002.csv.gz,a5a18a20c24484f5728ba05f7bd2cb14f2d1159d46988845b18c9aeb6664b346,prior_full_integrity_audit_plus_size_and_mtime,82c6eb02124937660c3abab770af423aeb1e11e727ffd70ca66955abbdd82c29,2a1c4d0f916938e8c418ee94304a399f2a68d5867c465ee4d00141f742eeaabb,per_frame_modeled_airtime_v1,"[[27.38, 42.54], [65.77, 80.93]]",128,"{""rf_profile"": ""GFSK50"", ""tx_power_dbm"": -20}",ok,True,519.6176252482157,570.8310059464483,90.11968812141427,144.27781819321527,9.855974510827735
tx_p-20_rf_profile-GFSK50_s128,run_00003,web_sessions/20260719_003026_campaign_radio_ebyte_e79_cc1352p/packet_tx/20260719_003513_radio_ebyte_e79_cc1352p/raw/run_00003.csv.gz,921be5f5a4539d8333f2baeed3d081ad757c2711443ee7f2d5e1a0792d0f6d8c,prior_full_integrity_audit_plus_size_and_mtime,82c6eb02124937660c3abab770af423aeb1e11e727ffd70ca66955abbdd82c29,2a1c4d0f916938e8c418ee94304a399f2a68d5867c465ee4d00141f742eeaabb,per_frame_modeled_airtime_v1,"[[26.68, 41.84], [63.93, 79.09]]",128,"{""rf_profile"": ""GFSK50"", ""tx_power_dbm"": -20}",ok,True,514.5992457525601,563.6352417122425,85.92510050860851,136.90802158163422,9.528967709226066
tx_p-20_rf_profile-GFSK50_s128,run_00004,web_sessions/20260719_003026_campaign_radio_ebyte_e79_cc1352p/packet_tx/20260719_003513_radio_ebyte_e79_cc1352p/raw/run_00004.csv.gz,54e81e7ba69e83e545c45b366159e329bbecda415583964705441342607dbd74,prior_full_integrity_audit_plus_size_and_mtime,82c6eb02124937660c3abab770af423aeb1e11e727ffd70ca66955abbdd82c29,2a1c4d0f916938e8c418ee94304a399f2a68d5867c465ee4d00141f742eeaabb,per_frame_modeled_airtime_v1,"[[27.25, 42.41], [65.29, 80.45]]",128,"{""rf_profile"": ""GFSK50"", ""tx_power_dbm"": -20}",ok,True,525.0778923526512,573.4136325144801,95.68210019159022,148.70629642732194,9.205441871730113
tx_p-20_rf_profile-GFSK50_s128,run_00005,web_sessions/20260719_003026_campaign_radio_ebyte_e79_cc1352p/packet_tx/20260719_003513_radio_ebyte_e79_cc1352p/raw/run_00005.csv.gz,0bdde6ca37028f30034b67c89bf1c51f8664686d4138c765c60c211a84b2fbdf,prior_full_integrity_audit_plus_size_and_mtime,82c6eb02124937660c3abab770af423aeb1e11e727ffd70ca66955abbdd82c29,2a1c4d0f916938e8c418ee94304a399f2a68d5867c465ee4d00141f742eeaabb,per_frame_modeled_airtime_v1,"[[27.09, 42.25], [64.37, 79.53]]",128,"{""rf_profile"": ""GFSK50"", ""tx_power_dbm"": -20}",ok,True,515.8416429786416,561.8340243518489,86.92817310407928,135.69670889195908,8.915988462589407
tx_p-20_rf_profile-GFSK50_s32,run_00001,web_sessions/20260719_003026_campaign_radio_ebyte_e79_cc1352p/packet_tx/20260719_003417_radio_ebyte_e79_cc1352p/raw/run_00001.csv.gz,e077e70b703e6528b4bb4297f999b86b8e196fb05ddaf1ee483d8af2486a3c96,prior_full_integrity_audit_plus_size_and_mtime,bfd9ad197be38372c64e3193f941770d421d97e795b51900b775b63a3ee770fb,6e72b25155a93c3a574fe02b087d5f738185de0c666b6bc28c4918779c5b570a,original_single_frame_window_verified,"[[28.0, 38.04]]",32,"{""rf_profile"": ""GFSK50"", ""tx_power_dbm"": -20}",ok,True,189.75353260652284,189.75353260652284,47.78129181494366,47.78129181494366,0.0
tx_p-20_rf_profile-GFSK50_s32,run_00002,web_sessions/20260719_003026_campaign_radio_ebyte_e79_cc1352p/packet_tx/20260719_003417_radio_ebyte_e79_cc1352p/raw/run_00002.csv.gz,e45dc88b3a5da1664d4179e76f30de030c43d0d51f2131a20f87146e392783ee,prior_full_integrity_audit_plus_size_and_mtime,bfd9ad197be38372c64e3193f941770d421d97e795b51900b775b63a3ee770fb,6e72b25155a93c3a574fe02b087d5f738185de0c666b6bc28c4918779c5b570a,original_single_frame_window_verified,"[[27.92, 37.96]]",32,"{""rf_profile"": ""GFSK50"", ""tx_power_dbm"": -20}",ok,True,182.79578141763994,182.79578141763994,41.40499509165064,41.40499509165064,0.0
tx_p-20_rf_profile-GFSK50_s32,run_00003,web_sessions/20260719_003026_campaign_radio_ebyte_e79_cc1352p/packet_tx/20260719_003417_radio_ebyte_e79_cc1352p/raw/run_00003.csv.gz,4b036bce69a10262ba8bd2d56ca748c06c707444cf01b2b61bb78c452a47a26a,prior_full_integrity_audit_plus_size_and_mtime,bfd9ad197be38372c64e3193f941770d421d97e795b51900b775b63a3ee770fb,6e72b25155a93c3a574fe02b087d5f738185de0c666b6bc28c4918779c5b570a,original_single_frame_window_verified,"[[27.13, 37.17]]",32,"{""rf_profile"": ""GFSK50"", ""tx_power_dbm"": -20}",ok,True,184.70931752315553,184.70931752315553,43.44703491295809,43.44703491295809,0.0
tx_p-20_rf_profile-GFSK50_s32,run_00004,web_sessions/20260719_003026_campaign_radio_ebyte_e79_cc1352p/packet_tx/20260719_003417_radio_ebyte_e79_cc1352p/raw/run_00004.csv.gz,b219d9d8d0da098a957df38e3fe839daec30ab6b6214d97f25e15cb808e7d993,prior_full_integrity_audit_plus_size_and_mtime,bfd9ad197be38372c64e3193f941770d421d97e795b51900b775b63a3ee770fb,6e72b25155a93c3a574fe02b087d5f738185de0c666b6bc28c4918779c5b570a,original_single_frame_window_verified,"[[26.07, 36.11]]",32,"{""rf_profile"": ""GFSK50"", ""tx_power_dbm"": -20}",ok,True,185.3719550495351,185.3719550495351,43.71218794940661,43.71218794940661,0.0
tx_p-20_rf_profile-GFSK50_s32,run_00005,web_sessions/20260719_003026_campaign_radio_ebyte_e79_cc1352p/packet_tx/20260719_003417_radio_ebyte_e79_cc1352p/raw/run_00005.csv.gz,05119035fcc9e4d0203285874a64683a488ed609c522ac7b278bc5f5ebc008a3,prior_full_integrity_audit_plus_size_and_mtime,bfd9ad197be38372c64e3193f941770d421d97e795b51900b775b63a3ee770fb,6e72b25155a93c3a574fe02b087d5f738185de0c666b6bc28c4918779c5b570a,original_single_frame_window_verified,"[[26.93, 36.97]]",32,"{""rf_profile"": ""GFSK50"", ""tx_power_dbm"": -20}",ok,True,187.38573682436368,187.38573682436368,45.930149036522884,45.930149036522884,0.0
tx_p-20_rf_profile-GFSK50_s512,run_00001,web_sessions/20260719_003026_campaign_radio_ebyte_e79_cc1352p/packet_tx/20260719_003541_radio_ebyte_e79_cc1352p/raw/run_00001.csv.gz,8856fa00455714f48bd0fdc01e4623f836f322ee71c50e9f06fc88519541b381,prior_full_integrity_audit_plus_size_and_mtime,9b2b456382ee6fe597f973c31d335457edbd664c16a990576175fedca5cf2283,9440532edf70973295a8b03709e9a4464defc916c5b7efd8f7da6daec5446524,per_frame_modeled_airtime_v1,"[[27.18, 42.34], [65.56, 80.72], [103.66, 118.82], [140.87, 156.03], [178.94, 194.1], [217.27, 232.43], [254.27, 269.43], [293.3, 308.46]]",512,"{""rf_profile"": ""GFSK50"", ""tx_power_dbm"": -20}",ok,True,2043.5050651602228,2264.43226409077,323.1499195543254,554.5139369124041,10.811189201198545
tx_p-20_rf_profile-GFSK50_s512,run_00002,web_sessions/20260719_003026_campaign_radio_ebyte_e79_cc1352p/packet_tx/20260719_003541_radio_ebyte_e79_cc1352p/raw/run_00002.csv.gz,9ce1a290d7869ea09bfb516872faa70817e527eaa60a06a4c2dd8294eaf9e93d,prior_full_integrity_audit_plus_size_and_mtime,9b2b456382ee6fe597f973c31d335457edbd664c16a990576175fedca5cf2283,9440532edf70973295a8b03709e9a4464defc916c5b7efd8f7da6daec5446524,per_frame_modeled_airtime_v1,"[[26.09, 41.25], [63.39, 78.55], [100.59, 115.75], [138.81, 153.97], [175.71, 190.87], [213.52, 228.68], [251.58, 266.74], [288.53, 303.69]]",512,"{""rf_profile"": ""GFSK50"", ""tx_power_dbm"": -20}",ok,True,2046.9623457733612,2263.45851292299,327.164926875549,557.7087596095191,10.576460656282105
tx_p-20_rf_profile-GFSK50_s512,run_00003,web_sessions/20260719_003026_campaign_radio_ebyte_e79_cc1352p/packet_tx/20260719_003541_radio_ebyte_e79_cc1352p/raw/run_00003.csv.gz,f3df484ad42ee3e2ba2694bcbdfdd68fb0104c19086334ed7ba5de5fc28d1b6b,prior_full_integrity_audit_plus_size_and_mtime,9b2b456382ee6fe597f973c31d335457edbd664c16a990576175fedca5cf2283,9440532edf70973295a8b03709e9a4464defc916c5b7efd8f7da6daec5446524,per_frame_modeled_airtime_v1,"[[27.21, 42.37], [64.81, 79.97], [103.01, 118.17], [139.75, 154.91], [178.55, 193.71], [215.74, 230.9], [254.44, 269.6], [292.23, 307.39]]",512,"{""rf_profile"": ""GFSK50"", ""tx_power_dbm"": -20}",ok,True,2038.6449012244925,2272.0085043287804,324.5935817647358,570.1516365637118,11.446996137685407
tx_p-20_rf_profile-GFSK50_s512,run_00004,web_sessions/20260719_003026_campaign_radio_ebyte_e79_cc1352p/packet_tx/20260719_003541_radio_ebyte_e79_cc1352p/raw/run_00004.csv.gz,c7dac2e700c896f3c602ed893798e0b6d5d7469ffebcca10896439f93ad45c88,prior_full_integrity_audit_plus_size_and_mtime,9b2b456382ee6fe597f973c31d335457edbd664c16a990576175fedca5cf2283,9440532edf70973295a8b03709e9a4464defc916c5b7efd8f7da6daec5446524,per_frame_modeled_airtime_v1,"[[26.96, 42.12], [63.89, 79.05], [102.1, 117.26], [139.35, 154.51], [177.63, 192.79], [216.84, 232.0], [254.05, 269.21], [295.96, 311.12]]",512,"{""rf_profile"": ""GFSK50"", ""tx_power_dbm"": -20}",ok,True,2048.496890112856,2276.1329911642188,326.13200934352176,572.355701969592,11.112347895183872
tx_p-20_rf_profile-GFSK50_s512,run_00005,web_sessions/20260719_003026_campaign_radio_ebyte_e79_cc1352p/packet_tx/20260719_003541_radio_ebyte_e79_cc1352p/raw/run_00005.csv.gz,2720b34a728e4b26fc2b6a456ca079c60dd64be0855830ea8c0959036be48b06,prior_full_integrity_audit_plus_size_and_mtime,9b2b456382ee6fe597f973c31d335457edbd664c16a990576175fedca5cf2283,9440532edf70973295a8b03709e9a4464defc916c5b7efd8f7da6daec5446524,per_frame_modeled_airtime_v1,"[[27.34, 42.5], [64.45, 79.61], [101.81, 116.97], [138.74, 153.9], [176.02, 191.18], [213.37, 228.53], [252.19, 267.35], [290.3, 305.46]]",512,"{""rf_profile"": ""GFSK50"", ""tx_power_dbm"": -20}",ok,True,2049.0404042374053,2265.0660179215533,331.9671345988675,560.2343779709586,10.542769836915289
tx_p-20_rf_profile-GFSK50_s64,run_00001,web_sessions/20260719_003026_campaign_radio_ebyte_e79_cc1352p/packet_tx/20260719_003445_radio_ebyte_e79_cc1352p/raw/run_00001.csv.gz,81a2ccd7dc43e60a48b7135a27532da737f2cde0488c1e5e3cc44f4ce12fd298,prior_full_integrity_audit_plus_size_and_mtime,abc9579e6037bddfbd5d01b4ac46b815937f27e9bc108056b1760667d7cc3191,e33b146f8a1daf119ca7e2aa9efc551914e956267eb7d6256cd5b36507bea307,original_single_frame_window_verified,"[[27.93, 43.09]]",64,"{""rf_profile"": ""GFSK50"", ""tx_power_dbm"": -20}",ok,True,282.2566299825299,282.2566299825299,69.76043495810423,69.76043495810423,0.0
tx_p-20_rf_profile-GFSK50_s64,run_00002,web_sessions/20260719_003026_campaign_radio_ebyte_e79_cc1352p/packet_tx/20260719_003445_radio_ebyte_e79_cc1352p/raw/run_00002.csv.gz,8ce05339f8c276f4780692347000e52f3f2ff3c31ef3a8f3be438cc5228cbc4b,prior_full_integrity_audit_plus_size_and_mtime,abc9579e6037bddfbd5d01b4ac46b815937f27e9bc108056b1760667d7cc3191,e33b146f8a1daf119ca7e2aa9efc551914e956267eb7d6256cd5b36507bea307,original_single_frame_window_verified,"[[26.91, 42.07]]",64,"{""rf_profile"": ""GFSK50"", ""tx_power_dbm"": -20}",ok,True,284.5332352146249,284.5332352146249,71.72804418721265,71.72804418721265,0.0
tx_p-20_rf_profile-GFSK50_s64,run_00003,web_sessions/20260719_003026_campaign_radio_ebyte_e79_cc1352p/packet_tx/20260719_003445_radio_ebyte_e79_cc1352p/raw/run_00003.csv.gz,e9716ca239cc32a28e399a04878885dda1c2fb9f099d4b3cb4fee3a16833ebfb,prior_full_integrity_audit_plus_size_and_mtime,abc9579e6037bddfbd5d01b4ac46b815937f27e9bc108056b1760667d7cc3191,e33b146f8a1daf119ca7e2aa9efc551914e956267eb7d6256cd5b36507bea307,original_single_frame_window_verified,"[[27.54, 42.7]]",64,"{""rf_profile"": ""GFSK50"", ""tx_power_dbm"": -20}",ok,True,280.2536038489222,280.2536038489222,66.96624820635301,66.96624820635301,0.0
tx_p-20_rf_profile-GFSK50_s64,run_00004,web_sessions/20260719_003026_campaign_radio_ebyte_e79_cc1352p/packet_tx/20260719_003445_radio_ebyte_e79_cc1352p/raw/run_00004.csv.gz,609cf57babc65c12da2485f735beb93e8c73a574f4f762f62184ab9b54dc9c6d,prior_full_integrity_audit_plus_size_and_mtime,abc9579e6037bddfbd5d01b4ac46b815937f27e9bc108056b1760667d7cc3191,e33b146f8a1daf119ca7e2aa9efc551914e956267eb7d6256cd5b36507bea307,original_single_frame_window_verified,"[[26.16, 41.32]]",64,"{""rf_profile"": ""GFSK50"", ""tx_power_dbm"": -20}",ok,True,280.9476461898298,280.9476461898298,67.41952208598025,67.41952208598025,0.0
tx_p-20_rf_profile-GFSK50_s64,run_00005,web_sessions/20260719_003026_campaign_radio_ebyte_e79_cc1352p/packet_tx/20260719_003445_radio_ebyte_e79_cc1352p/raw/run_00005.csv.gz,97c60b54dcad73cb2ea9898f8b1b41650832b96d829f554bd0159909cd92504b,prior_full_integrity_audit_plus_size_and_mtime,abc9579e6037bddfbd5d01b4ac46b815937f27e9bc108056b1760667d7cc3191,e33b146f8a1daf119ca7e2aa9efc551914e956267eb7d6256cd5b36507bea307,original_single_frame_window_verified,"[[26.72, 41.88]]",64,"{""rf_profile"": ""GFSK50"", ""tx_power_dbm"": -20}",ok,True,281.59802968789927,281.59802968789927,68.98133985054756,68.98133985054756,0.0
tx_p-20_rf_profile-GFSK50_s8,run_00001,web_sessions/20260719_003026_campaign_radio_ebyte_e79_cc1352p/packet_tx/20260719_003349_radio_ebyte_e79_cc1352p/raw/run_00001.csv.gz,e45daf89b60d8124f339fa116b385bea8dfe1fdf1f6023eea7e4f642823d9254,prior_full_integrity_audit_plus_size_and_mtime,9ea7f3752d9aac61158131616b165fa2caf023f6811a819a8ce2d39326fb4ad8,306e66cca3f78f94e7bbec5cd71976ad6d1119acadc5665585d66d12732f3539,original_single_frame_window_verified,"[[26.25, 32.45]]",8,"{""rf_profile"": ""GFSK50"", ""tx_power_dbm"": -20}",ok,True,111.90644117630588,111.90644117630588,24.492165588318116,24.492165588318116,0.0
tx_p-20_rf_profile-GFSK50_s8,run_00002,web_sessions/20260719_003026_campaign_radio_ebyte_e79_cc1352p/packet_tx/20260719_003349_radio_ebyte_e79_cc1352p/raw/run_00002.csv.gz,3a37b93560bd7a0c21e78dd1c3597ebfc12a91e500cc5e58c37a567a1b90f58a,prior_full_integrity_audit_plus_size_and_mtime,9ea7f3752d9aac61158131616b165fa2caf023f6811a819a8ce2d39326fb4ad8,306e66cca3f78f94e7bbec5cd71976ad6d1119acadc5665585d66d12732f3539,original_single_frame_window_verified,"[[27.41, 33.61]]",8,"{""rf_profile"": ""GFSK50"", ""tx_power_dbm"": -20}",ok,True,112.82187533800455,112.82187533800455,24.93492141302595,24.93492141302595,0.0
tx_p-20_rf_profile-GFSK50_s8,run_00003,web_sessions/20260719_003026_campaign_radio_ebyte_e79_cc1352p/packet_tx/20260719_003349_radio_ebyte_e79_cc1352p/raw/run_00003.csv.gz,fd2c851cecb9a9c52b6d20038b1f20b742aee2325dd13d79c651771065b50271,prior_full_integrity_audit_plus_size_and_mtime,9ea7f3752d9aac61158131616b165fa2caf023f6811a819a8ce2d39326fb4ad8,306e66cca3f78f94e7bbec5cd71976ad6d1119acadc5665585d66d12732f3539,original_single_frame_window_verified,"[[24.49, 30.69]]",8,"{""rf_profile"": ""GFSK50"", ""tx_power_dbm"": -20}",ok,True,109.8412054985621,109.8412054985621,22.133658228258202,22.133658228258202,0.0
tx_p-20_rf_profile-GFSK50_s8,run_00004,web_sessions/20260719_003026_campaign_radio_ebyte_e79_cc1352p/packet_tx/20260719_003349_radio_ebyte_e79_cc1352p/raw/run_00004.csv.gz,d6de3b97c3212ffb897dc8c49a80167ce58b0ae9fd39dfcf87fe8ac06a0c64d5,prior_full_integrity_audit_plus_size_and_mtime,9ea7f3752d9aac61158131616b165fa2caf023f6811a819a8ce2d39326fb4ad8,306e66cca3f78f94e7bbec5cd71976ad6d1119acadc5665585d66d12732f3539,original_single_frame_window_verified,"[[26.43, 32.63]]",8,"{""rf_profile"": ""GFSK50"", ""tx_power_dbm"": -20}",ok,True,110.6916590311267,110.6916590311267,23.04279040022973,23.04279040022973,0.0
tx_p-20_rf_profile-GFSK50_s8,run_00005,web_sessions/20260719_003026_campaign_radio_ebyte_e79_cc1352p/packet_tx/20260719_003349_radio_ebyte_e79_cc1352p/raw/run_00005.csv.gz,6b7f2af624aa694ecd7941ec9885d02a0af90955fd22d6a0ea9de2a6226d33c6,prior_full_integrity_audit_plus_size_and_mtime,9ea7f3752d9aac61158131616b165fa2caf023f6811a819a8ce2d39326fb4ad8,306e66cca3f78f94e7bbec5cd71976ad6d1119acadc5665585d66d12732f3539,original_single_frame_window_verified,"[[26.71, 32.91]]",8,"{""rf_profile"": ""GFSK50"", ""tx_power_dbm"": -20}",ok,True,109.82346862301779,109.82346862301779,21.84867417915821,21.84867417915821,0.0
tx_p-20_rf_profile-IEEE154G50_s1024,run_00001,web_sessions/20260719_003026_campaign_radio_ebyte_e79_cc1352p/packet_tx/20260719_005232_radio_ebyte_e79_cc1352p/raw/run_00001.csv.gz,d228d26af7fa7b1202bda784b6c6a0e2973e48a476a37b0b76bd020848201f69,prior_full_integrity_audit_plus_size_and_mtime,dd471747fddb922538e0bac5527c6c3d028db25ea7395ca78ee2e86f7bea1871,5419d0dc0eebe84de694e6150526f7c39e4eed0cad76a470236f2d13be22d101,per_frame_modeled_airtime_v1,"[[28.01, 43.49], [65.73, 81.21], [108.89, 124.37], [148.73, 164.21], [186.61, 202.09], [226.09, 241.57], [264.04, 279.52], [307.32, 322.8], [344.6, 360.08], [382.48, 397.96], [420.84, 436.32], [457.82, 473.3], [495.52, 511.0], [534.01, 549.49], [571.17, 586.65], [608.65, 624.13]]",1024,"{""rf_profile"": ""IEEE154G50"", ""tx_power_dbm"": -20}",ok,True,4258.95254659057,4719.714615628235,633.5296021968252,1117.3321581941018,10.818671116834121
tx_p-20_rf_profile-IEEE154G50_s1024,run_00002,web_sessions/20260719_003026_campaign_radio_ebyte_e79_cc1352p/packet_tx/20260719_005232_radio_ebyte_e79_cc1352p/raw/run_00002.csv.gz,d22af2bc0545d67f0e933bfbb19ac3dbbe940e703aeabf43c6fd240e67ebd55e,prior_full_integrity_audit_plus_size_and_mtime,dd471747fddb922538e0bac5527c6c3d028db25ea7395ca78ee2e86f7bea1871,5419d0dc0eebe84de694e6150526f7c39e4eed0cad76a470236f2d13be22d101,per_frame_modeled_airtime_v1,"[[27.82, 43.3], [66.84, 82.32], [104.33, 119.81], [141.88, 157.36], [179.5, 194.98], [217.56, 233.04], [255.56, 271.04], [295.12, 310.6], [333.97, 349.45], [376.52, 392.0], [413.66, 429.14], [450.75, 466.23], [488.25, 503.73], [526.34, 541.82], [562.74, 578.22], [605.29, 620.77]]",1024,"{""rf_profile"": ""IEEE154G50"", ""tx_power_dbm"": -20}",ok,True,4249.57229756222,4704.548568494309,632.2354566596482,1106.3949021454632,10.706401469933514
tx_p-20_rf_profile-IEEE154G50_s1024,run_00003,web_sessions/20260719_003026_campaign_radio_ebyte_e79_cc1352p/packet_tx/20260719_005232_radio_ebyte_e79_cc1352p/raw/run_00003.csv.gz,1bd8ea249219c1e144872d0e03752db0966578fc00e4b01f9500771777327930,prior_full_integrity_audit_plus_size_and_mtime,dd471747fddb922538e0bac5527c6c3d028db25ea7395ca78ee2e86f7bea1871,5419d0dc0eebe84de694e6150526f7c39e4eed0cad76a470236f2d13be22d101,per_frame_modeled_airtime_v1,"[[27.37, 42.85], [64.25, 79.73], [106.03, 121.51], [144.54, 160.02], [182.63, 198.11], [220.17, 235.65], [261.99, 277.47], [299.53, 315.01], [343.03, 358.51], [380.51, 395.99], [423.49, 438.97], [462.01, 477.49], [499.43, 514.91], [541.36, 556.84], [578.77, 594.25], [620.77, 636.25]]",1024,"{""rf_profile"": ""IEEE154G50"", ""tx_power_dbm"": -20}",ok,True,4242.908141625599,4697.601891874597,623.3946452097287,1099.234184706081,10.71655890421399
tx_p-20_rf_profile-IEEE154G50_s1024,run_00004,web_sessions/20260719_003026_campaign_radio_ebyte_e79_cc1352p/packet_tx/20260719_005232_radio_ebyte_e79_cc1352p/raw/run_00004.csv.gz,34369a2cd058509aea060f8b5070fc79ac19df9bfaa2ec4b357f403901a0c5fd,prior_full_integrity_audit_plus_size_and_mtime,dd471747fddb922538e0bac5527c6c3d028db25ea7395ca78ee2e86f7bea1871,5419d0dc0eebe84de694e6150526f7c39e4eed0cad76a470236f2d13be22d101,per_frame_modeled_airtime_v1,"[[26.36, 41.84], [63.4, 78.88], [100.85, 116.33], [140.36, 155.84], [177.69, 193.17], [220.03, 235.51], [257.63, 273.11], [301.17, 316.65], [339.23, 354.71], [377.19, 392.67], [414.66, 430.14], [452.11, 467.59], [489.74, 505.22], [528.83, 544.31], [566.52, 582.0], [604.46, 619.94]]",1024,"{""rf_profile"": ""IEEE154G50"", ""tx_power_dbm"": -20}",ok,True,4258.654997691356,4717.588918530546,641.395139398721,1119.8627478528329,10.776499178449095
tx_p-20_rf_profile-IEEE154G50_s1024,run_00005,web_sessions/20260719_003026_campaign_radio_ebyte_e79_cc1352p/packet_tx/20260719_005232_radio_ebyte_e79_cc1352p/raw/run_00005.csv.gz,f4a6a0b9c43203c9686447ccbed1641a4fb84283fcc6625637ba8c88c3c858a6,prior_full_integrity_audit_plus_size_and_mtime,dd471747fddb922538e0bac5527c6c3d028db25ea7395ca78ee2e86f7bea1871,5419d0dc0eebe84de694e6150526f7c39e4eed0cad76a470236f2d13be22d101,per_frame_modeled_airtime_v1,"[[28.35, 43.83], [70.82, 86.3], [108.88, 124.36], [151.76, 167.24], [189.87, 205.35], [227.39, 242.87], [269.48, 284.96], [307.27, 322.75], [345.29, 360.77], [382.99, 398.47], [422.02, 437.5], [459.48, 474.96], [497.6, 513.08], [541.11, 556.59], [583.89, 599.37], [620.92, 636.4]]",1024,"{""rf_profile"": ""IEEE154G50"", ""tx_power_dbm"": -20}",ok,True,4258.685045440147,4699.398299713757,641.0377439468571,1103.4996418838716,10.348575900100654
tx_p-20_rf_profile-IEEE154G50_s128,run_00001,web_sessions/20260719_003026_campaign_radio_ebyte_e79_cc1352p/packet_tx/20260719_005136_radio_ebyte_e79_cc1352p/raw/run_00001.csv.gz,d833f8aea25244a387c22a1ef28d9565b04cd7ea5c82b23fb078a46d77cb5795,prior_full_integrity_audit_plus_size_and_mtime,9832a01b730b0766be0a78d9bc61305fd320e3f6da96dbd614c098b9625d6688,be6e16bd90467a68f3e005533e8fff7b4e3690e64a6a0536142cf9a7044b3601,per_frame_modeled_airtime_v1,"[[29.23, 44.71], [73.18, 88.66]]",128,"{""rf_profile"": ""IEEE154G50"", ""tx_power_dbm"": -20}",ok,True,536.8543142415874,590.0344239926075,100.762748660397,156.77916532421608,9.905873593685733
tx_p-20_rf_profile-IEEE154G50_s128,run_00002,web_sessions/20260719_003026_campaign_radio_ebyte_e79_cc1352p/packet_tx/20260719_005136_radio_ebyte_e79_cc1352p/raw/run_00002.csv.gz,ced1eb729858899d2ac3b02505429c41e5ba7aeea1758f4bbd4fb35051c4fb55,prior_full_integrity_audit_plus_size_and_mtime,9832a01b730b0766be0a78d9bc61305fd320e3f6da96dbd614c098b9625d6688,be6e16bd90467a68f3e005533e8fff7b4e3690e64a6a0536142cf9a7044b3601,per_frame_modeled_airtime_v1,"[[27.29, 42.77], [65.19, 80.67]]",128,"{""rf_profile"": ""IEEE154G50"", ""tx_power_dbm"": -20}",ok,True,526.6126270035641,575.7600939165062,90.6677640239721,142.04058335821918,9.332755120702707
tx_p-20_rf_profile-IEEE154G50_s128,run_00003,web_sessions/20260719_003026_campaign_radio_ebyte_e79_cc1352p/packet_tx/20260719_005136_radio_ebyte_e79_cc1352p/raw/run_00003.csv.gz,35cf36925279ca6caf82cd339935ec38c5a67c405e2b8ba322679e8d8b1e9827,prior_full_integrity_audit_plus_size_and_mtime,9832a01b730b0766be0a78d9bc61305fd320e3f6da96dbd614c098b9625d6688,be6e16bd90467a68f3e005533e8fff7b4e3690e64a6a0536142cf9a7044b3601,per_frame_modeled_airtime_v1,"[[26.96, 42.44], [64.52, 80.0]]",128,"{""rf_profile"": ""IEEE154G50"", ""tx_power_dbm"": -20}",ok,True,526.6993894833231,578.3881364579742,89.76252498398901,144.6681594364125,9.813709301116958
tx_p-20_rf_profile-IEEE154G50_s128,run_00004,web_sessions/20260719_003026_campaign_radio_ebyte_e79_cc1352p/packet_tx/20260719_005136_radio_ebyte_e79_cc1352p/raw/run_00004.csv.gz,297dc9bd859316e4c9a833aaea8fb0057b0d9029692d0346fd313a67b29e9f30,prior_full_integrity_audit_plus_size_and_mtime,9832a01b730b0766be0a78d9bc61305fd320e3f6da96dbd614c098b9625d6688,be6e16bd90467a68f3e005533e8fff7b4e3690e64a6a0536142cf9a7044b3601,per_frame_modeled_airtime_v1,"[[27.07, 42.55], [65.84, 81.32]]",128,"{""rf_profile"": ""IEEE154G50"", ""tx_power_dbm"": -20}",ok,True,530.1555463053214,584.5278012434668,94.57909543537436,150.34573026947945,10.255906085877653
tx_p-20_rf_profile-IEEE154G50_s128,run_00005,web_sessions/20260719_003026_campaign_radio_ebyte_e79_cc1352p/packet_tx/20260719_005136_radio_ebyte_e79_cc1352p/raw/run_00005.csv.gz,12c1689bf5f3e27fc9814927bdc7447171be9961950a448da47c63e804b2584b,prior_full_integrity_audit_plus_size_and_mtime,9832a01b730b0766be0a78d9bc61305fd320e3f6da96dbd614c098b9625d6688,be6e16bd90467a68f3e005533e8fff7b4e3690e64a6a0536142cf9a7044b3601,per_frame_modeled_airtime_v1,"[[28.71, 44.19], [66.77, 82.25]]",128,"{""rf_profile"": ""IEEE154G50"", ""tx_power_dbm"": -20}",ok,True,526.6522536058242,578.9201439389465,89.91312634127578,144.86383963563517,9.924554575673096
tx_p-20_rf_profile-IEEE154G50_s32,run_00001,web_sessions/20260719_003026_campaign_radio_ebyte_e79_cc1352p/packet_tx/20260719_005040_radio_ebyte_e79_cc1352p/raw/run_00001.csv.gz,dd4dea06d3f84962e2ff487ac2cc7d4d0e47192e9b895fdfc004c4e0dc58d7c7,prior_full_integrity_audit_plus_size_and_mtime,9e5ebd41ac1b0630c6693c0c061dfe4520ba0ba6f6e7b7ba64a7f22414b3d855,b082e84f520d41a3bf323f469c3bcdf25153ae403f4378cab01b6e4125210ab5,original_single_frame_window_verified,"[[29.2, 39.56]]",32,"{""rf_profile"": ""IEEE154G50"", ""tx_power_dbm"": -20}",ok,True,190.08400228598526,190.08400228598526,45.085450478788026,45.085450478788026,0.0
tx_p-20_rf_profile-IEEE154G50_s32,run_00002,web_sessions/20260719_003026_campaign_radio_ebyte_e79_cc1352p/packet_tx/20260719_005040_radio_ebyte_e79_cc1352p/raw/run_00002.csv.gz,2ee25d77669237a59673621b3b2f1ec90f24d8e61427ede6e26e159b7aef3611,prior_full_integrity_audit_plus_size_and_mtime,9e5ebd41ac1b0630c6693c0c061dfe4520ba0ba6f6e7b7ba64a7f22414b3d855,b082e84f520d41a3bf323f469c3bcdf25153ae403f4378cab01b6e4125210ab5,original_single_frame_window_verified,"[[27.71, 38.07]]",32,"{""rf_profile"": ""IEEE154G50"", ""tx_power_dbm"": -20}",ok,True,190.46451629595032,190.46451629595032,44.62502038346983,44.62502038346983,0.0
tx_p-20_rf_profile-IEEE154G50_s32,run_00003,web_sessions/20260719_003026_campaign_radio_ebyte_e79_cc1352p/packet_tx/20260719_005040_radio_ebyte_e79_cc1352p/raw/run_00003.csv.gz,072ab64ced0662242a1b7998a4f9d5a5a48c3d6f55d116cfdb2af23e11c9b6d9,prior_full_integrity_audit_plus_size_and_mtime,9e5ebd41ac1b0630c6693c0c061dfe4520ba0ba6f6e7b7ba64a7f22414b3d855,b082e84f520d41a3bf323f469c3bcdf25153ae403f4378cab01b6e4125210ab5,original_single_frame_window_verified,"[[27.28, 37.64]]",32,"{""rf_profile"": ""IEEE154G50"", ""tx_power_dbm"": -20}",ok,True,190.8839938760295,190.8839938760295,45.29918118018865,45.29918118018865,0.0
tx_p-20_rf_profile-IEEE154G50_s32,run_00004,web_sessions/20260719_003026_campaign_radio_ebyte_e79_cc1352p/packet_tx/20260719_005040_radio_ebyte_e79_cc1352p/raw/run_00004.csv.gz,aad6df8767112e2dcc556343baf6a16f84a5d7e7d19dda0cad393c228cf5fdbf,prior_full_integrity_audit_plus_size_and_mtime,9e5ebd41ac1b0630c6693c0c061dfe4520ba0ba6f6e7b7ba64a7f22414b3d855,b082e84f520d41a3bf323f469c3bcdf25153ae403f4378cab01b6e4125210ab5,original_single_frame_window_verified,"[[28.08, 38.44]]",32,"{""rf_profile"": ""IEEE154G50"", ""tx_power_dbm"": -20}",ok,True,188.83165449310354,188.83165449310354,43.165544576290394,43.165544576290394,0.0
tx_p-20_rf_profile-IEEE154G50_s32,run_00005,web_sessions/20260719_003026_campaign_radio_ebyte_e79_cc1352p/packet_tx/20260719_005040_radio_ebyte_e79_cc1352p/raw/run_00005.csv.gz,4ac16db6c9090d9f3a275647c3e3d23f5280f3350de45a6a9de89b065ea015f0,prior_full_integrity_audit_plus_size_and_mtime,9e5ebd41ac1b0630c6693c0c061dfe4520ba0ba6f6e7b7ba64a7f22414b3d855,b082e84f520d41a3bf323f469c3bcdf25153ae403f4378cab01b6e4125210ab5,original_single_frame_window_verified,"[[26.71, 37.07]]",32,"{""rf_profile"": ""IEEE154G50"", ""tx_power_dbm"": -20}",ok,True,187.84823858394822,187.84823858394822,43.17755102431136,43.17755102431136,0.0
tx_p-20_rf_profile-IEEE154G50_s512,run_00001,web_sessions/20260719_003026_campaign_radio_ebyte_e79_cc1352p/packet_tx/20260719_005204_radio_ebyte_e79_cc1352p/raw/run_00001.csv.gz,9df8451f0b9b4212bf2284a2a8c0a239aecf8008c1ba2caf805cd1b0dd205a96,prior_full_integrity_audit_plus_size_and_mtime,33531f80000bcba48e2de3b82540572cfdc9049755668f4bcc702ba011cafb4f,4eb0590adc017b8590f4c0849cb32fa0cf9cd499fd419bde22feedc43849c814,per_frame_modeled_airtime_v1,"[[28.5, 43.98], [67.33, 82.81], [105.17, 120.65], [147.9, 163.38], [186.42, 201.9], [228.8, 244.28], [271.64, 287.12], [313.84, 329.32]]",512,"{""rf_profile"": ""IEEE154G50"", ""tx_power_dbm"": -20}",ok,True,2083.576746988403,2345.7817039278025,332.62232324693053,613.3738213401717,12.58436759377306
tx_p-20_rf_profile-IEEE154G50_s512,run_00002,web_sessions/20260719_003026_campaign_radio_ebyte_e79_cc1352p/packet_tx/20260719_005204_radio_ebyte_e79_cc1352p/raw/run_00002.csv.gz,915b8084838f9669f98868a8cf53312eb3d5627e44e6b9b9529320e55edf6dbd,prior_full_integrity_audit_plus_size_and_mtime,33531f80000bcba48e2de3b82540572cfdc9049755668f4bcc702ba011cafb4f,4eb0590adc017b8590f4c0849cb32fa0cf9cd499fd419bde22feedc43849c814,per_frame_modeled_airtime_v1,"[[26.35, 41.83], [64.54, 80.02], [107.2, 122.68], [145.12, 160.6], [183.18, 198.66], [221.22, 236.7], [262.94, 278.42], [300.89, 316.37]]",512,"{""rf_profile"": ""IEEE154G50"", ""tx_power_dbm"": -20}",ok,True,2082.3712113032616,2332.1781005619655,336.47904689534005,596.7465784353225,11.99627078509029
tx_p-20_rf_profile-IEEE154G50_s512,run_00003,web_sessions/20260719_003026_campaign_radio_ebyte_e79_cc1352p/packet_tx/20260719_005204_radio_ebyte_e79_cc1352p/raw/run_00003.csv.gz,79f2cfb653d52f1b5e26cb730b5c32700a4596d853fa9a2eba4307e0b0f9f117,prior_full_integrity_audit_plus_size_and_mtime,33531f80000bcba48e2de3b82540572cfdc9049755668f4bcc702ba011cafb4f,4eb0590adc017b8590f4c0849cb32fa0cf9cd499fd419bde22feedc43849c814,per_frame_modeled_airtime_v1,"[[26.22, 41.7], [63.7, 79.18], [100.85, 116.33], [138.75, 154.23], [176.73, 192.21], [214.2, 229.68], [252.23, 267.71], [290.63, 306.11]]",512,"{""rf_profile"": ""IEEE154G50"", ""tx_power_dbm"": -20}",ok,True,2088.5338429945564,2315.180000626976,338.4507247265585,575.2444357987025,10.851926503017673
tx_p-20_rf_profile-IEEE154G50_s512,run_00004,web_sessions/20260719_003026_campaign_radio_ebyte_e79_cc1352p/packet_tx/20260719_005204_radio_ebyte_e79_cc1352p/raw/run_00004.csv.gz,1ea30502180f8fbc8c896bcde7849a43214ff2c13d5f4859aedb13b54d6d5bee,prior_full_integrity_audit_plus_size_and_mtime,33531f80000bcba48e2de3b82540572cfdc9049755668f4bcc702ba011cafb4f,4eb0590adc017b8590f4c0849cb32fa0cf9cd499fd419bde22feedc43849c814,per_frame_modeled_airtime_v1,"[[26.94, 42.42], [65.62, 81.1], [107.53, 123.01], [149.71, 165.19], [191.94, 207.42], [234.86, 250.34], [271.83, 287.31], [310.33, 325.81]]",512,"{""rf_profile"": ""IEEE154G50"", ""tx_power_dbm"": -20}",ok,True,2080.563792285685,2335.4917686965705,333.23090726300563,602.3455481601393,12.252831533265528
tx_p-20_rf_profile-IEEE154G50_s512,run_00005,web_sessions/20260719_003026_campaign_radio_ebyte_e79_cc1352p/packet_tx/20260719_005204_radio_ebyte_e79_cc1352p/raw/run_00005.csv.gz,739915fbc3f427cb5a04b3a31f966748589747b476e6dddfb6ae9273dda5e476,prior_full_integrity_audit_plus_size_and_mtime,33531f80000bcba48e2de3b82540572cfdc9049755668f4bcc702ba011cafb4f,4eb0590adc017b8590f4c0849cb32fa0cf9cd499fd419bde22feedc43849c814,per_frame_modeled_airtime_v1,"[[27.38, 42.86], [65.4, 80.88], [102.32, 117.8], [140.44, 155.92], [178.01, 193.49], [216.57, 232.05], [254.87, 270.35], [296.69, 312.17]]",512,"{""rf_profile"": ""IEEE154G50"", ""tx_power_dbm"": -20}",ok,True,2094.5682986994834,2324.9209082291018,346.2000802055301,589.8376846245889,10.997617488655976
tx_p-20_rf_profile-IEEE154G50_s64,run_00001,web_sessions/20260719_003026_campaign_radio_ebyte_e79_cc1352p/packet_tx/20260719_005108_radio_ebyte_e79_cc1352p/raw/run_00001.csv.gz,44992a3584745e3556eb3aeee737930746909328e0bf13e89af66a938c78d656,prior_full_integrity_audit_plus_size_and_mtime,ba2dbd2c40bd756c187e3e65f3e9c738bcf3ea986dc8271976c15073b18acc6b,e353bf944de75a6a76440bbeb6efdfaebf609faa001aa4313502e88515feba0b,original_single_frame_window_verified,"[[29.16, 44.64]]",64,"{""rf_profile"": ""IEEE154G50"", ""tx_power_dbm"": -20}",rx_missing,False,297.3194872696573,297.3194872696573,73.52838634309475,73.52838634309475,0.0
tx_p-20_rf_profile-IEEE154G50_s64,run_00002,web_sessions/20260719_003026_campaign_radio_ebyte_e79_cc1352p/packet_tx/20260719_005108_radio_ebyte_e79_cc1352p/raw/run_00002.csv.gz,59a896c5640972225706e5d6a50d24568bd2c8eb1f0bf16ae59e914b9b54b941,prior_full_integrity_audit_plus_size_and_mtime,ba2dbd2c40bd756c187e3e65f3e9c738bcf3ea986dc8271976c15073b18acc6b,e353bf944de75a6a76440bbeb6efdfaebf609faa001aa4313502e88515feba0b,original_single_frame_window_verified,"[[27.77, 43.25]]",64,"{""rf_profile"": ""IEEE154G50"", ""tx_power_dbm"": -20}",ok,True,295.74853058732566,295.74853058732566,71.81131060362378,71.81131060362378,0.0
tx_p-20_rf_profile-IEEE154G50_s64,run_00003,web_sessions/20260719_003026_campaign_radio_ebyte_e79_cc1352p/packet_tx/20260719_005108_radio_ebyte_e79_cc1352p/raw/run_00003.csv.gz,c4de19770a0139399f8b9e299e18433849667d6dd64fcb29c0e85da156152d08,prior_full_integrity_audit_plus_size_and_mtime,ba2dbd2c40bd756c187e3e65f3e9c738bcf3ea986dc8271976c15073b18acc6b,e353bf944de75a6a76440bbeb6efdfaebf609faa001aa4313502e88515feba0b,original_single_frame_window_verified,"[[26.91, 42.39]]",64,"{""rf_profile"": ""IEEE154G50"", ""tx_power_dbm"": -20}",ok,True,289.4920986568474,289.4920986568474,65.84869561395561,65.84869561395561,0.0
tx_p-20_rf_profile-IEEE154G50_s64,run_00004,web_sessions/20260719_003026_campaign_radio_ebyte_e79_cc1352p/packet_tx/20260719_005108_radio_ebyte_e79_cc1352p/raw/run_00004.csv.gz,6f6c1e240b33708df1d9bd9e79997434e7596c644ce00407f004afaa4c389d10,prior_full_integrity_audit_plus_size_and_mtime,ba2dbd2c40bd756c187e3e65f3e9c738bcf3ea986dc8271976c15073b18acc6b,e353bf944de75a6a76440bbeb6efdfaebf609faa001aa4313502e88515feba0b,original_single_frame_window_verified,"[[26.81, 42.29]]",64,"{""rf_profile"": ""IEEE154G50"", ""tx_power_dbm"": -20}",ok,True,291.62666896125546,291.62666896125546,66.98017629367459,66.98017629367459,0.0
tx_p-20_rf_profile-IEEE154G50_s64,run_00005,web_sessions/20260719_003026_campaign_radio_ebyte_e79_cc1352p/packet_tx/20260719_005108_radio_ebyte_e79_cc1352p/raw/run_00005.csv.gz,f57628460fad120de6d285a1b03474a55b1bb9197ae76df06e05d36c17fd6835,prior_full_integrity_audit_plus_size_and_mtime,ba2dbd2c40bd756c187e3e65f3e9c738bcf3ea986dc8271976c15073b18acc6b,e353bf944de75a6a76440bbeb6efdfaebf609faa001aa4313502e88515feba0b,original_single_frame_window_verified,"[[28.94, 44.42]]",64,"{""rf_profile"": ""IEEE154G50"", ""tx_power_dbm"": -20}",ok,True,292.2178345571178,292.2178345571178,67.93247803598,67.93247803598,0.0
tx_p-20_rf_profile-IEEE154G50_s8,run_00001,web_sessions/20260719_003026_campaign_radio_ebyte_e79_cc1352p/packet_tx/20260719_005012_radio_ebyte_e79_cc1352p/raw/run_00001.csv.gz,7fce61a80decdfe847a5e6d865410395b802deac0cb070070d9a5c6425b6b679,prior_full_integrity_audit_plus_size_and_mtime,b05ee9491debe6d653af2659a1fbda3f7d77445820f480e3491a1302904a6e8a,3e7c0b580502d88998bed79200deeada8aa9ba75ea98099a2000be51de45655e,original_single_frame_window_verified,"[[27.73, 34.25]]",8,"{""rf_profile"": ""IEEE154G50"", ""tx_power_dbm"": -20}",ok,True,118.71666503067988,118.71666503067988,23.593143591683628,23.593143591683628,0.0
tx_p-20_rf_profile-IEEE154G50_s8,run_00002,web_sessions/20260719_003026_campaign_radio_ebyte_e79_cc1352p/packet_tx/20260719_005012_radio_ebyte_e79_cc1352p/raw/run_00002.csv.gz,4931ac33fa286b030fc7734e7a144ea1548455718e83f5af1cb20baa8add2c39,prior_full_integrity_audit_plus_size_and_mtime,b05ee9491debe6d653af2659a1fbda3f7d77445820f480e3491a1302904a6e8a,3e7c0b580502d88998bed79200deeada8aa9ba75ea98099a2000be51de45655e,original_single_frame_window_verified,"[[26.39, 32.91]]",8,"{""rf_profile"": ""IEEE154G50"", ""tx_power_dbm"": -20}",ok,True,120.53505561545424,120.53505561545424,25.530377365467967,25.530377365467967,0.0
tx_p-20_rf_profile-IEEE154G50_s8,run_00003,web_sessions/20260719_003026_campaign_radio_ebyte_e79_cc1352p/packet_tx/20260719_005012_radio_ebyte_e79_cc1352p/raw/run_00003.csv.gz,5786468b5a8b0c53f4d43ad229499f846e9a2b683393d022c35c4f0f0f51c6cb,prior_full_integrity_audit_plus_size_and_mtime,b05ee9491debe6d653af2659a1fbda3f7d77445820f480e3491a1302904a6e8a,3e7c0b580502d88998bed79200deeada8aa9ba75ea98099a2000be51de45655e,original_single_frame_window_verified,"[[26.9, 33.42]]",8,"{""rf_profile"": ""IEEE154G50"", ""tx_power_dbm"": -20}",ok,True,118.04403718524514,118.04403718524514,22.918937754152715,22.918937754152715,0.0
tx_p-20_rf_profile-IEEE154G50_s8,run_00004,web_sessions/20260719_003026_campaign_radio_ebyte_e79_cc1352p/packet_tx/20260719_005012_radio_ebyte_e79_cc1352p/raw/run_00004.csv.gz,52cac39583d9884c5f1e612463ca8b42cb186d25458b77f509fe1213182faeb3,prior_full_integrity_audit_plus_size_and_mtime,b05ee9491debe6d653af2659a1fbda3f7d77445820f480e3491a1302904a6e8a,3e7c0b580502d88998bed79200deeada8aa9ba75ea98099a2000be51de45655e,original_single_frame_window_verified,"[[26.94, 33.46]]",8,"{""rf_profile"": ""IEEE154G50"", ""tx_power_dbm"": -20}",ok,True,118.88158323973975,118.88158323973975,22.88641180254457,22.88641180254457,0.0
tx_p-20_rf_profile-IEEE154G50_s8,run_00005,web_sessions/20260719_003026_campaign_radio_ebyte_e79_cc1352p/packet_tx/20260719_005012_radio_ebyte_e79_cc1352p/raw/run_00005.csv.gz,dc73708d43c0d40f24b4993fbd1a481d8bc9a6257f3edc43f8a2f08444a2f211,prior_full_integrity_audit_plus_size_and_mtime,b05ee9491debe6d653af2659a1fbda3f7d77445820f480e3491a1302904a6e8a,3e7c0b580502d88998bed79200deeada8aa9ba75ea98099a2000be51de45655e,original_single_frame_window_verified,"[[27.96, 34.48]]",8,"{""rf_profile"": ""IEEE154G50"", ""tx_power_dbm"": -20}",ok,True,120.1790554456635,120.1790554456635,24.914668908941795,24.914668908941795,0.0
tx_p-20_rf_profile-OOK4K8_s1024,run_00001,web_sessions/20260719_003026_campaign_radio_ebyte_e79_cc1352p/packet_tx/20260719_004921_radio_ebyte_e79_cc1352p/raw/run_00001.csv.gz,9dc9b4450beb175e05fad6fa47ece5fe5acdb40ed732f5bab015e1bacf3f09b0,prior_full_integrity_audit_plus_size_and_mtime,0352385ecbe7bb1c35b24bebe9d2b69b90b3a605c9695ebf1b05c498a69b6f3e,150383570a79e1ab413b9f09acef2537b6ad1a339c9f69705877373c50e05085,per_frame_modeled_airtime_v1,"[[28.27, 157.94], [182.81, 312.48], [337.02, 466.69], [487.99, 617.66], [643.33, 773.0], [796.86, 926.53], [952.33, 1082.0], [1106.03, 1235.7], [1261.61, 1391.28], [1415.14, 1544.81], [1570.84, 1700.5], [1726.86, 1856.52], [1877.19, 2006.85], [2027.35, 2157.01], [2176.97, 2306.63], [2327.63, 2457.29]]",1024,"{""rf_profile"": ""OOK4K8"", ""tx_power_dbm"": -20}",ok,True,36234.93715919052,37019.32288266157,7143.897257872126,8020.2972018254,2.1647221851800458
tx_p-20_rf_profile-OOK4K8_s1024,run_00002,web_sessions/20260719_003026_campaign_radio_ebyte_e79_cc1352p/packet_tx/20260719_004921_radio_ebyte_e79_cc1352p/raw/run_00002.csv.gz,3c1dbd263804b65442548c2f6440e10d5f8af6a78f738d901c86db5fd1683832,prior_full_integrity_audit_plus_size_and_mtime,0352385ecbe7bb1c35b24bebe9d2b69b90b3a605c9695ebf1b05c498a69b6f3e,150383570a79e1ab413b9f09acef2537b6ad1a339c9f69705877373c50e05085,per_frame_modeled_airtime_v1,"[[27.62, 157.29], [176.71, 306.38], [331.34, 461.01], [481.91, 611.58], [635.41, 765.08], [788.69, 918.36], [941.28, 1070.95], [1092.81, 1222.48], [1246.45, 1376.12], [1397.98, 1527.65], [1552.55, 1682.21], [1703.77, 1833.43], [1856.68, 1986.34], [2008.11, 2137.77], [2157.27, 2286.93], [2310.9, 2440.56]]",1024,"{""rf_profile"": ""OOK4K8"", ""tx_power_dbm"": -20}",ok,True,36190.968473117915,36925.9790644578,7158.748595556628,7977.771869160393,2.0309226924552837
tx_p-20_rf_profile-OOK4K8_s1024,run_00003,web_sessions/20260719_003026_campaign_radio_ebyte_e79_cc1352p/packet_tx/20260719_004921_radio_ebyte_e79_cc1352p/raw/run_00003.csv.gz,8a29368cea2d9f3a91830b15172f22aa6231c84d847e2b121eec603cbb2f3052,prior_full_integrity_audit_plus_size_and_mtime,0352385ecbe7bb1c35b24bebe9d2b69b90b3a605c9695ebf1b05c498a69b6f3e,150383570a79e1ab413b9f09acef2537b6ad1a339c9f69705877373c50e05085,per_frame_modeled_airtime_v1,"[[26.89, 156.56], [180.69, 310.36], [333.32, 462.99], [488.75, 618.42], [639.43, 769.1], [791.57, 921.24], [942.21, 1071.88], [1093.89, 1223.56], [1244.28, 1373.95], [1399.55, 1529.22], [1554.02, 1683.68], [1709.51, 1839.17], [1858.6, 1988.26], [2010.62, 2140.28], [2163.57, 2293.23], [2315.0, 2444.66]]",1024,"{""rf_profile"": ""OOK4K8"", ""tx_power_dbm"": -20}",ok,True,36241.394243725954,36997.86361243002,7209.644665669078,8052.6341441257755,2.087307578777886
tx_p-20_rf_profile-OOK4K8_s1024,run_00004,web_sessions/20260719_003026_campaign_radio_ebyte_e79_cc1352p/packet_tx/20260719_004921_radio_ebyte_e79_cc1352p/raw/run_00004.csv.gz,8e98ef182c71e6c969d7eadac640c6ed14948cf6098fcaf6b872bcbe4f5c4425,prior_full_integrity_audit_plus_size_and_mtime,0352385ecbe7bb1c35b24bebe9d2b69b90b3a605c9695ebf1b05c498a69b6f3e,150383570a79e1ab413b9f09acef2537b6ad1a339c9f69705877373c50e05085,per_frame_modeled_airtime_v1,"[[27.9, 157.57], [178.32, 307.99], [329.26, 458.93], [480.61, 610.28], [634.73, 764.4], [785.97, 915.64], [938.33, 1068.0], [1094.95, 1224.62], [1246.04, 1375.71], [1395.2, 1524.87], [1547.41, 1677.07], [1697.27, 1826.93], [1846.75, 1976.41], [2000.7, 2130.36], [2152.89, 2282.55], [2307.33, 2436.99]]",1024,"{""rf_profile"": ""OOK4K8"", ""tx_power_dbm"": -20}",ok,True,36285.36767511242,37014.87848053045,7225.093225951572,8043.84830991508,2.010482054225937
tx_p-20_rf_profile-OOK4K8_s1024,run_00005,web_sessions/20260719_003026_campaign_radio_ebyte_e79_cc1352p/packet_tx/20260719_004921_radio_ebyte_e79_cc1352p/raw/run_00005.csv.gz,7e804a9367d40eea12f7b27c068171a5f0ea8f5653989f3b0bba36161bc3c7e1,prior_full_integrity_audit_plus_size_and_mtime,0352385ecbe7bb1c35b24bebe9d2b69b90b3a605c9695ebf1b05c498a69b6f3e,150383570a79e1ab413b9f09acef2537b6ad1a339c9f69705877373c50e05085,per_frame_modeled_airtime_v1,"[[27.2, 156.87], [178.46, 308.13], [328.91, 458.58], [480.49, 610.16], [629.8, 759.47], [785.39, 915.06], [941.05, 1070.72], [1094.05, 1223.72], [1248.27, 1377.94], [1402.85, 1532.52], [1560.49, 1690.15], [1713.53, 1843.19], [1869.13, 1998.79], [2019.79, 2149.45], [2172.35, 2302.01], [2328.46, 2458.12]]",1024,"{""rf_profile"": ""OOK4K8"", ""tx_power_dbm"": -20}",ok,True,36191.25000782162,36953.263589666756,7152.709092838909,8010.5667012608765,2.1055188248000567
tx_p-20_rf_profile-OOK4K8_s128,run_00001,web_sessions/20260719_003026_campaign_radio_ebyte_e79_cc1352p/packet_tx/20260719_004814_radio_ebyte_e79_cc1352p/raw/run_00001.csv.gz,79679dedb78e7cd52309cdbaa5233eb4c36f3ec1548f29f17292395ba0f82fce,prior_full_integrity_audit_plus_size_and_mtime,2917e05aa37f1d6af715ce70924f0c111321cea5aff5ab9619ade5b5f5ade8f4,32430b9239e230d3ec6b1a75ded5c7d99c3b92b2477beef781cb55ebd6ad9380,per_frame_modeled_airtime_v1,"[[26.95, 156.62], [183.1, 312.76]]",128,"{""rf_profile"": ""OOK4K8"", ""tx_power_dbm"": -20}",ok,True,4654.513252844893,4709.436795510337,923.6236065661534,986.575902153089,1.1800061506296977
tx_p-20_rf_profile-OOK4K8_s128,run_00002,web_sessions/20260719_003026_campaign_radio_ebyte_e79_cc1352p/packet_tx/20260719_004814_radio_ebyte_e79_cc1352p/raw/run_00002.csv.gz,23aabcf99953c19e8141e47bf06a51b39a040ff616e9dc0a0aed6fbae0d77623,prior_full_integrity_audit_plus_size_and_mtime,2917e05aa37f1d6af715ce70924f0c111321cea5aff5ab9619ade5b5f5ade8f4,32430b9239e230d3ec6b1a75ded5c7d99c3b92b2477beef781cb55ebd6ad9380,per_frame_modeled_airtime_v1,"[[24.41, 154.08], [179.98, 309.64]]",128,"{""rf_profile"": ""OOK4K8"", ""tx_power_dbm"": -20}",ok,True,4640.509225823382,4690.487040677923,909.7416167168564,969.2879092981372,1.0769898824126045
tx_p-20_rf_profile-OOK4K8_s128,run_00003,web_sessions/20260719_003026_campaign_radio_ebyte_e79_cc1352p/packet_tx/20260719_004814_radio_ebyte_e79_cc1352p/raw/run_00003.csv.gz,74eef2f594da452e06eddff4f8f150b21f96b18e0cc45e2fa1602c45b8def078,prior_full_integrity_audit_plus_size_and_mtime,2917e05aa37f1d6af715ce70924f0c111321cea5aff5ab9619ade5b5f5ade8f4,32430b9239e230d3ec6b1a75ded5c7d99c3b92b2477beef781cb55ebd6ad9380,per_frame_modeled_airtime_v1,"[[26.56, 156.23], [181.24, 310.9]]",128,"{""rf_profile"": ""OOK4K8"", ""tx_power_dbm"": -20}",ok,True,4660.058196218496,4720.043284773122,930.3772701770539,999.4961377891854,1.2872175846065925
tx_p-20_rf_profile-OOK4K8_s128,run_00004,web_sessions/20260719_003026_campaign_radio_ebyte_e79_cc1352p/packet_tx/20260719_004814_radio_ebyte_e79_cc1352p/raw/run_00004.csv.gz,1eedb79e9a4b2c99943dc7b672e4e5b5fe008063298d5146b79b1020260a9cd9,prior_full_integrity_audit_plus_size_and_mtime,2917e05aa37f1d6af715ce70924f0c111321cea5aff5ab9619ade5b5f5ade8f4,32430b9239e230d3ec6b1a75ded5c7d99c3b92b2477beef781cb55ebd6ad9380,per_frame_modeled_airtime_v1,"[[26.06, 155.73], [177.73, 307.39]]",128,"{""rf_profile"": ""OOK4K8"", ""tx_power_dbm"": -20}",ok,True,4667.588934656671,4718.330791946004,938.4899638550312,997.1656374981292,1.0871106689060994
tx_p-20_rf_profile-OOK4K8_s128,run_00005,web_sessions/20260719_003026_campaign_radio_ebyte_e79_cc1352p/packet_tx/20260719_004814_radio_ebyte_e79_cc1352p/raw/run_00005.csv.gz,09353e0b4fe43fb138f00d342d12ad6c8c822377de3c27afe2ce112938eb38f5,prior_full_integrity_audit_plus_size_and_mtime,2917e05aa37f1d6af715ce70924f0c111321cea5aff5ab9619ade5b5f5ade8f4,32430b9239e230d3ec6b1a75ded5c7d99c3b92b2477beef781cb55ebd6ad9380,per_frame_modeled_airtime_v1,"[[25.05, 154.72], [175.67, 305.33]]",128,"{""rf_profile"": ""OOK4K8"", ""tx_power_dbm"": -20}",ok,True,4669.275546803825,4708.747164886349,940.430815187243,986.8831933302133,0.8453477993934921
tx_p-20_rf_profile-OOK4K8_s32,run_00001,web_sessions/20260719_003026_campaign_radio_ebyte_e79_cc1352p/packet_tx/20260719_004718_radio_ebyte_e79_cc1352p/raw/run_00001.csv.gz,e03b70a18ee80eeb1472eb070d4f01226591dad148686dc89c2ae79ea2bd4804,prior_full_integrity_audit_plus_size_and_mtime,5537773f4df781e2b5e7ea4e7ca3b771575808c0a92f6561ce537d56d4df1602,8905d9c1e14cf3603e0ba766fe3246ac7cc840f37e39373552a829e5735bb646,original_single_frame_window_verified,"[[26.13, 102.46]]",32,"{""rf_profile"": ""OOK4K8"", ""tx_power_dbm"": -20}",ok,True,1388.904161396848,1388.904161396848,290.8725850198528,290.8725850198528,0.0
tx_p-20_rf_profile-OOK4K8_s32,run_00002,web_sessions/20260719_003026_campaign_radio_ebyte_e79_cc1352p/packet_tx/20260719_004718_radio_ebyte_e79_cc1352p/raw/run_00002.csv.gz,aea8aaf0cc601925e87d23906bc04d06f46da1d0f537448dfccffc7cb15000f6,prior_full_integrity_audit_plus_size_and_mtime,5537773f4df781e2b5e7ea4e7ca3b771575808c0a92f6561ce537d56d4df1602,8905d9c1e14cf3603e0ba766fe3246ac7cc840f37e39373552a829e5735bb646,original_single_frame_window_verified,"[[26.03, 102.36]]",32,"{""rf_profile"": ""OOK4K8"", ""tx_power_dbm"": -20}",ok,True,1392.4554809859221,1392.4554809859221,294.44330324599304,294.44330324599304,0.0
tx_p-20_rf_profile-OOK4K8_s32,run_00003,web_sessions/20260719_003026_campaign_radio_ebyte_e79_cc1352p/packet_tx/20260719_004718_radio_ebyte_e79_cc1352p/raw/run_00003.csv.gz,5834229bac9fccef3035f886f56ad97283ad1fab289f8511b6f878da8f2c68ae,prior_full_integrity_audit_plus_size_and_mtime,5537773f4df781e2b5e7ea4e7ca3b771575808c0a92f6561ce537d56d4df1602,8905d9c1e14cf3603e0ba766fe3246ac7cc840f37e39373552a829e5735bb646,original_single_frame_window_verified,"[[26.59, 102.92]]",32,"{""rf_profile"": ""OOK4K8"", ""tx_power_dbm"": -20}",ok,True,1395.2681389948743,1395.2681389948743,300.1198882331353,300.1198882331353,0.0
tx_p-20_rf_profile-OOK4K8_s32,run_00004,web_sessions/20260719_003026_campaign_radio_ebyte_e79_cc1352p/packet_tx/20260719_004718_radio_ebyte_e79_cc1352p/raw/run_00004.csv.gz,0f969874e3156d6af0488e5605c86c36277136148d6d56f9e5b14a80275d5a87,prior_full_integrity_audit_plus_size_and_mtime,5537773f4df781e2b5e7ea4e7ca3b771575808c0a92f6561ce537d56d4df1602,8905d9c1e14cf3603e0ba766fe3246ac7cc840f37e39373552a829e5735bb646,original_single_frame_window_verified,"[[26.89, 103.22]]",32,"{""rf_profile"": ""OOK4K8"", ""tx_power_dbm"": -20}",ok,True,1392.889073754645,1392.889073754645,298.24863733485773,298.24863733485773,0.0
tx_p-20_rf_profile-OOK4K8_s32,run_00005,web_sessions/20260719_003026_campaign_radio_ebyte_e79_cc1352p/packet_tx/20260719_004718_radio_ebyte_e79_cc1352p/raw/run_00005.csv.gz,d057680af157a325290b4f9782c7450938f7b96b95b0c23038f62d68f84611e0,prior_full_integrity_audit_plus_size_and_mtime,5537773f4df781e2b5e7ea4e7ca3b771575808c0a92f6561ce537d56d4df1602,8905d9c1e14cf3603e0ba766fe3246ac7cc840f37e39373552a829e5735bb646,original_single_frame_window_verified,"[[25.49, 101.82]]",32,"{""rf_profile"": ""OOK4K8"", ""tx_power_dbm"": -20}",ok,True,1377.1735101663048,1377.1735101663048,282.45040167187875,282.45040167187875,0.0
tx_p-20_rf_profile-OOK4K8_s512,run_00001,web_sessions/20260719_003026_campaign_radio_ebyte_e79_cc1352p/packet_tx/20260719_004842_radio_ebyte_e79_cc1352p/raw/run_00001.csv.gz,09efe74eb9dc03e79749783603cd831266bc069ac88ffbcc1df8aeca4dcb5b7e,prior_full_integrity_audit_plus_size_and_mtime,6b933edbbb3130fd5df897adf1de1db7a2141cae00420dd8a4ebabc5fb1f043c,adcb2c132203c8438a6526953aae72b89a3c9eabaf089418d52cdd3d22640ac2,per_frame_modeled_airtime_v1,"[[28.81, 158.48], [181.42, 311.09], [334.13, 463.8], [487.76, 617.43], [636.88, 766.55], [791.2, 920.86], [944.14, 1073.8], [1095.75, 1225.41]]",512,"{""rf_profile"": ""OOK4K8"", ""tx_power_dbm"": -20}",ok,True,18527.18311114934,18842.833116318805,3579.133976107051,3952.098072603184,1.7037128810990732
tx_p-20_rf_profile-OOK4K8_s512,run_00002,web_sessions/20260719_003026_campaign_radio_ebyte_e79_cc1352p/packet_tx/20260719_004842_radio_ebyte_e79_cc1352p/raw/run_00002.csv.gz,7af3d98ede70e8060987cfd342b355ad7a24e49f712e9a696c7695a488752cd9,prior_full_integrity_audit_plus_size_and_mtime,6b933edbbb3130fd5df897adf1de1db7a2141cae00420dd8a4ebabc5fb1f043c,adcb2c132203c8438a6526953aae72b89a3c9eabaf089418d52cdd3d22640ac2,per_frame_modeled_airtime_v1,"[[28.06, 157.73], [182.93, 312.6], [334.19, 463.86], [488.84, 618.51], [643.45, 773.12], [797.89, 927.55], [952.36, 1082.02], [1101.81, 1231.47]]",512,"{""rf_profile"": ""OOK4K8"", ""tx_power_dbm"": -20}",ok,True,18477.970119684527,18838.271379783408,3553.0845197843296,3966.044985892662,1.949896323920619
tx_p-20_rf_profile-OOK4K8_s512,run_00003,web_sessions/20260719_003026_campaign_radio_ebyte_e79_cc1352p/packet_tx/20260719_004842_radio_ebyte_e79_cc1352p/raw/run_00003.csv.gz,d131bb4b38930d18521ae02cc29be6b41c339295186cfc74740f2902656cce28,prior_full_integrity_audit_plus_size_and_mtime,6b933edbbb3130fd5df897adf1de1db7a2141cae00420dd8a4ebabc5fb1f043c,adcb2c132203c8438a6526953aae72b89a3c9eabaf089418d52cdd3d22640ac2,per_frame_modeled_airtime_v1,"[[26.78, 156.45], [178.08, 307.75], [334.05, 463.72], [487.01, 616.68], [639.97, 769.64], [795.17, 924.83], [947.65, 1077.31], [1099.34, 1229.0]]",512,"{""rf_profile"": ""OOK4K8"", ""tx_power_dbm"": -20}",ok,True,18501.08675183803,18831.77095554295,3567.9850859381945,3950.283854336943,1.7873771856783849
tx_p-20_rf_profile-OOK4K8_s512,run_00004,web_sessions/20260719_003026_campaign_radio_ebyte_e79_cc1352p/packet_tx/20260719_004842_radio_ebyte_e79_cc1352p/raw/run_00004.csv.gz,6f2612bb2e2eaf4b9842ecb209d35f19262869eed350f162b35bae6f0bb0fe30,prior_full_integrity_audit_plus_size_and_mtime,6b933edbbb3130fd5df897adf1de1db7a2141cae00420dd8a4ebabc5fb1f043c,adcb2c132203c8438a6526953aae72b89a3c9eabaf089418d52cdd3d22640ac2,per_frame_modeled_airtime_v1,"[[27.96, 157.63], [178.61, 308.28], [334.58, 464.25], [484.77, 614.44], [635.74, 765.41], [785.27, 914.93], [941.35, 1071.01], [1090.4, 1220.06]]",512,"{""rf_profile"": ""OOK4K8"", ""tx_power_dbm"": -20}",ok,True,18514.512166259003,18828.233030674208,3589.9913733158387,3954.035921197789,1.6944592522774249
tx_p-20_rf_profile-OOK4K8_s512,run_00005,web_sessions/20260719_003026_campaign_radio_ebyte_e79_cc1352p/packet_tx/20260719_004842_radio_ebyte_e79_cc1352p/raw/run_00005.csv.gz,480801039d518d03567a55a9a24f776a991c2454dcd399497e5f257f3d7398b5,prior_full_integrity_audit_plus_size_and_mtime,6b933edbbb3130fd5df897adf1de1db7a2141cae00420dd8a4ebabc5fb1f043c,adcb2c132203c8438a6526953aae72b89a3c9eabaf089418d52cdd3d22640ac2,per_frame_modeled_airtime_v1,"[[27.09, 156.76], [177.8, 307.47], [326.1, 455.77], [481.82, 611.49], [633.71, 763.38], [788.21, 917.87], [940.05, 1069.71], [1091.43, 1221.09]]",512,"{""rf_profile"": ""OOK4K8"", ""tx_power_dbm"": -20}",ok,True,18501.00873826655,18815.063842144093,3577.2708320825564,3940.2206477338127,1.6975025974014457
tx_p-20_rf_profile-OOK4K8_s64,run_00001,web_sessions/20260719_003026_campaign_radio_ebyte_e79_cc1352p/packet_tx/20260719_004746_radio_ebyte_e79_cc1352p/raw/run_00001.csv.gz,11895d3d396e843a5fb66dc0d20e13a4cb08dd60b9892fa9c851a454742bdbac,prior_full_integrity_audit_plus_size_and_mtime,76624075f4bc6bbd57f43835d997a49f75d5a5f789afa4310540c3fd1ee69548,61077890b3ed5f5edae31f884b079f923e1a3008b6f4188497b39a8630e77d99,original_single_frame_window_verified,"[[28.14, 157.8]]",64,"{""rf_profile"": ""OOK4K8"", ""tx_power_dbm"": -20}",ok,True,2326.4402990018084,2326.4402990018084,515.6870391512515,515.6870391512515,0.0
tx_p-20_rf_profile-OOK4K8_s64,run_00002,web_sessions/20260719_003026_campaign_radio_ebyte_e79_cc1352p/packet_tx/20260719_004746_radio_ebyte_e79_cc1352p/raw/run_00002.csv.gz,c71f05521afc4a78081bf23a275cd97772cc44181f89603cea56f600a9b35429,prior_full_integrity_audit_plus_size_and_mtime,76624075f4bc6bbd57f43835d997a49f75d5a5f789afa4310540c3fd1ee69548,61077890b3ed5f5edae31f884b079f923e1a3008b6f4188497b39a8630e77d99,original_single_frame_window_verified,"[[27.94, 157.6]]",64,"{""rf_profile"": ""OOK4K8"", ""tx_power_dbm"": -20}",ok,True,2322.761214713614,2322.761214713614,512.6999139087768,512.6999139087768,0.0
tx_p-20_rf_profile-OOK4K8_s64,run_00003,web_sessions/20260719_003026_campaign_radio_ebyte_e79_cc1352p/packet_tx/20260719_004746_radio_ebyte_e79_cc1352p/raw/run_00003.csv.gz,3296a3c6442970fdf39caa7a2bc78c7437f4ef8cee2266f01ad6db8b6522c42e,prior_full_integrity_audit_plus_size_and_mtime,76624075f4bc6bbd57f43835d997a49f75d5a5f789afa4310540c3fd1ee69548,61077890b3ed5f5edae31f884b079f923e1a3008b6f4188497b39a8630e77d99,original_single_frame_window_verified,"[[26.19, 155.85]]",64,"{""rf_profile"": ""OOK4K8"", ""tx_power_dbm"": -20}",ok,True,2301.923995734748,2301.923995734748,494.00219595494445,494.00219595494445,0.0
tx_p-20_rf_profile-OOK4K8_s64,run_00004,web_sessions/20260719_003026_campaign_radio_ebyte_e79_cc1352p/packet_tx/20260719_004746_radio_ebyte_e79_cc1352p/raw/run_00004.csv.gz,a1d56dbddecd50fa14a521e8c28887338c3e0ef9853b46f71a522addac624e1f,prior_full_integrity_audit_plus_size_and_mtime,76624075f4bc6bbd57f43835d997a49f75d5a5f789afa4310540c3fd1ee69548,61077890b3ed5f5edae31f884b079f923e1a3008b6f4188497b39a8630e77d99,original_single_frame_window_verified,"[[26.24, 155.9]]",64,"{""rf_profile"": ""OOK4K8"", ""tx_power_dbm"": -20}",ok,True,2308.2303070462676,2308.2303070462676,495.81066517518315,495.81066517518315,0.0
tx_p-20_rf_profile-OOK4K8_s64,run_00005,web_sessions/20260719_003026_campaign_radio_ebyte_e79_cc1352p/packet_tx/20260719_004746_radio_ebyte_e79_cc1352p/raw/run_00005.csv.gz,2fde28b68a7d32c99da345ff931b6f4ed01728209e5c01f9f0fb1311442e0b40,prior_full_integrity_audit_plus_size_and_mtime,76624075f4bc6bbd57f43835d997a49f75d5a5f789afa4310540c3fd1ee69548,61077890b3ed5f5edae31f884b079f923e1a3008b6f4188497b39a8630e77d99,original_single_frame_window_verified,"[[27.87, 157.53]]",64,"{""rf_profile"": ""OOK4K8"", ""tx_power_dbm"": -20}",ok,True,2314.8357385202944,2314.8357385202944,506.6009583447324,506.6009583447324,0.0
tx_p-20_rf_profile-OOK4K8_s8,run_00001,web_sessions/20260719_003026_campaign_radio_ebyte_e79_cc1352p/packet_tx/20260719_004650_radio_ebyte_e79_cc1352p/raw/run_00001.csv.gz,f2e729bf0de54f7aaa255f9c98574aca734ed5426fcf525269150f72e2869d49,prior_full_integrity_audit_plus_size_and_mtime,97f9bb71246f854e7ac640a2a08442383eb8b374c0aaefdd0dc7d41f9f6e59ad,6f3d6b758841b990b83f7a7ea594e7376951e5f7f64debeded2e108b3ec00142,original_single_frame_window_verified,"[[24.09, 60.42]]",8,"{""rf_profile"": ""OOK4K8"", ""tx_power_dbm"": -20}",ok,True,656.8199563506029,656.8199563506029,134.9613434686267,134.9613434686267,0.0
tx_p-20_rf_profile-OOK4K8_s8,run_00002,web_sessions/20260719_003026_campaign_radio_ebyte_e79_cc1352p/packet_tx/20260719_004650_radio_ebyte_e79_cc1352p/raw/run_00002.csv.gz,99cbde1c0795764c205b1f33ac0413ed708d555f656ea6228486650bcbdeef99,prior_full_integrity_audit_plus_size_and_mtime,97f9bb71246f854e7ac640a2a08442383eb8b374c0aaefdd0dc7d41f9f6e59ad,6f3d6b758841b990b83f7a7ea594e7376951e5f7f64debeded2e108b3ec00142,original_single_frame_window_verified,"[[27.21, 63.54]]",8,"{""rf_profile"": ""OOK4K8"", ""tx_power_dbm"": -20}",ok,True,652.2309899848807,652.2309899848807,130.21804978988033,130.21804978988033,0.0
tx_p-20_rf_profile-OOK4K8_s8,run_00003,web_sessions/20260719_003026_campaign_radio_ebyte_e79_cc1352p/packet_tx/20260719_004650_radio_ebyte_e79_cc1352p/raw/run_00003.csv.gz,44a816d95994483fb89be2db3338127d042089468389f3e267f986440f5bda05,prior_full_integrity_audit_plus_size_and_mtime,97f9bb71246f854e7ac640a2a08442383eb8b374c0aaefdd0dc7d41f9f6e59ad,6f3d6b758841b990b83f7a7ea594e7376951e5f7f64debeded2e108b3ec00142,original_single_frame_window_verified,"[[26.31, 62.64]]",8,"{""rf_profile"": ""OOK4K8"", ""tx_power_dbm"": -20}",ok,True,653.3363852464847,653.3363852464847,134.34549403983638,134.34549403983638,0.0
tx_p-20_rf_profile-OOK4K8_s8,run_00004,web_sessions/20260719_003026_campaign_radio_ebyte_e79_cc1352p/packet_tx/20260719_004650_radio_ebyte_e79_cc1352p/raw/run_00004.csv.gz,5343a0407b9e5400a5c67e73d10cc3c8466b0103cec9db0a69f702f978dbf6b7,prior_full_integrity_audit_plus_size_and_mtime,97f9bb71246f854e7ac640a2a08442383eb8b374c0aaefdd0dc7d41f9f6e59ad,6f3d6b758841b990b83f7a7ea594e7376951e5f7f64debeded2e108b3ec00142,original_single_frame_window_verified,"[[26.38, 62.71]]",8,"{""rf_profile"": ""OOK4K8"", ""tx_power_dbm"": -20}",ok,True,653.6330757993073,653.6330757993073,132.5319444349839,132.5319444349839,0.0
tx_p-20_rf_profile-OOK4K8_s8,run_00005,web_sessions/20260719_003026_campaign_radio_ebyte_e79_cc1352p/packet_tx/20260719_004650_radio_ebyte_e79_cc1352p/raw/run_00005.csv.gz,599a5301c8d2ca039837832a903e5f4b07520b3124c6e14bbd86c75a0e8c374b,prior_full_integrity_audit_plus_size_and_mtime,97f9bb71246f854e7ac640a2a08442383eb8b374c0aaefdd0dc7d41f9f6e59ad,6f3d6b758841b990b83f7a7ea594e7376951e5f7f64debeded2e108b3ec00142,original_single_frame_window_verified,"[[26.18, 62.51]]",8,"{""rf_profile"": ""OOK4K8"", ""tx_power_dbm"": -20}",ok,True,649.2128366269296,649.2128366269296,128.47790235617393,128.47790235617393,0.0
tx_p-20_rf_profile-SLR2K5_s1024,run_00001,web_sessions/20260719_003026_campaign_radio_ebyte_e79_cc1352p/packet_tx/20260719_004212_radio_ebyte_e79_cc1352p/raw/run_00001.csv.gz,65f822d2ef47a184aeab7035dcb513f98bfbe14cd71367d0e429181828e119b8,prior_full_integrity_audit_plus_size_and_mtime,71d09c903983227d27f2c17beab989c2f41e16e692738dd7553ac371b43d8c4a,203a03814ee5143765880b2a751136521f6b72b3115dd2a8c36c8b7d2848c483,per_frame_modeled_airtime_v1,"[[16.36, 262.56], [276.45, 522.65], [523.77, 769.97], [782.06, 1028.26], [1040.22, 1286.42], [1288.54, 1534.74], [1547.66, 1793.86], [1807.82, 2054.02], [2055.66, 2301.86], [2314.84, 2561.04], [2565.0, 2811.2], [2822.65, 3068.85], [3073.66, 3319.86], [3330.14, 3576.34], [3584.44, 3830.64], [3846.36, 4092.56]]",1024,"{""rf_profile"": ""SLR2K5"", ""tx_power_dbm"": -20}",ok,True,71714.63362301537,72082.23173831799,16583.194530116012,16972.214703389167,0.512584526660187
tx_p-20_rf_profile-SLR2K5_s1024,run_00002,web_sessions/20260719_003026_campaign_radio_ebyte_e79_cc1352p/packet_tx/20260719_004212_radio_ebyte_e79_cc1352p/raw/run_00002.csv.gz,0c42eefcced6c266c007d92155df3642b13d4586186ee0c4b14df41aec155286,prior_full_integrity_audit_plus_size_and_mtime,71d09c903983227d27f2c17beab989c2f41e16e692738dd7553ac371b43d8c4a,203a03814ee5143765880b2a751136521f6b72b3115dd2a8c36c8b7d2848c483,per_frame_modeled_airtime_v1,"[[24.31, 270.51], [273.07, 519.27], [532.74, 778.94], [788.04, 1034.24], [1046.31, 1292.51], [1295.04, 1541.24], [1556.61, 1802.81], [1806.96, 2053.16], [2065.55, 2311.75], [2325.72, 2571.92], [2579.02, 2825.22], [2826.17, 3072.37], [3081.09, 3327.29], [3343.93, 3590.13], [3595.9, 3842.1], [3857.07, 4103.27]]",1024,"{""rf_profile"": ""SLR2K5"", ""tx_power_dbm"": -20}",ok,True,71703.73348723096,72112.91180823342,16505.442601486473,16944.2637990837,0.5706513470115526
tx_p-20_rf_profile-SLR2K5_s1024,run_00003,web_sessions/20260719_003026_campaign_radio_ebyte_e79_cc1352p/packet_tx/20260719_004212_radio_ebyte_e79_cc1352p/raw/run_00003.csv.gz,59d76e8328168b646649e713d3c93c15c58b3497a6c6d513d898438ef039c1b7,prior_full_integrity_audit_plus_size_and_mtime,71d09c903983227d27f2c17beab989c2f41e16e692738dd7553ac371b43d8c4a,203a03814ee5143765880b2a751136521f6b72b3115dd2a8c36c8b7d2848c483,per_frame_modeled_airtime_v1,"[[11.13, 257.33], [268.1, 514.3], [531.22, 777.42], [778.08, 1024.28], [1037.32, 1283.52], [1286.36, 1532.56], [1540.43, 1786.63], [1799.49, 2045.69], [2050.72, 2296.92], [2302.87, 2549.07], [2558.92, 2805.12], [2823.1, 3069.3], [3079.26, 3325.46], [3330.26, 3576.46], [3587.14, 3833.34], [3847.68, 4093.88]]",1024,"{""rf_profile"": ""SLR2K5"", ""tx_power_dbm"": -20}",ok,True,71893.07289013125,72270.36273084179,16722.79582860835,17127.573748702598,0.5247930371360177
tx_p-20_rf_profile-SLR2K5_s1024,run_00004,web_sessions/20260719_003026_campaign_radio_ebyte_e79_cc1352p/packet_tx/20260719_004212_radio_ebyte_e79_cc1352p/raw/run_00004.csv.gz,310c9d3708234bfee01b2594e7d5bd394c1f6682f41096a0092aab3ef2c98858,prior_full_integrity_audit_plus_size_and_mtime,71d09c903983227d27f2c17beab989c2f41e16e692738dd7553ac371b43d8c4a,203a03814ee5143765880b2a751136521f6b72b3115dd2a8c36c8b7d2848c483,per_frame_modeled_airtime_v1,"[[22.85, 269.05], [270.92, 517.12], [533.05, 779.25], [787.1, 1033.3], [1036.92, 1283.12], [1300.58, 1546.78], [1551.66, 1797.86], [1803.75, 2049.95], [2060.45, 2306.65], [2321.83, 2568.03], [2572.62, 2818.82], [2825.69, 3071.89], [3085.65, 3331.85], [3336.95, 3583.15], [3599.12, 3845.32], [3851.95, 4098.15]]",1024,"{""rf_profile"": ""SLR2K5"", ""tx_power_dbm"": -20}",ok,True,71804.25644169649,72209.75368319996,16692.86550523573,17125.889931387752,0.5647259112455671
tx_p-20_rf_profile-SLR2K5_s1024,run_00005,web_sessions/20260719_003026_campaign_radio_ebyte_e79_cc1352p/packet_tx/20260719_004212_radio_ebyte_e79_cc1352p/raw/run_00005.csv.gz,c5f5ed4feda70199a3eac1fc892d333c73225101c8f1f9cb2929093ce4810089,prior_full_integrity_audit_plus_size_and_mtime,71d09c903983227d27f2c17beab989c2f41e16e692738dd7553ac371b43d8c4a,203a03814ee5143765880b2a751136521f6b72b3115dd2a8c36c8b7d2848c483,per_frame_modeled_airtime_v1,"[[10.52, 256.72], [270.77, 516.97], [528.45, 774.65], [780.15, 1026.35], [1035.0, 1281.2], [1293.53, 1539.73], [1547.27, 1793.47], [1804.22, 2050.42], [2056.91, 2303.11], [2307.85, 2554.05], [2559.8, 2806.0], [2814.82, 3061.02], [3068.32, 3314.52], [3334.76, 3580.96], [3584.04, 3830.24], [3843.18, 4089.38]]",1024,"{""rf_profile"": ""SLR2K5"", ""tx_power_dbm"": -20}",ok,True,71648.53543036048,72029.58205956609,16403.090090556627,16806.10160093386,0.5318275201535272
tx_p-20_rf_profile-SLR2K5_s128,run_00001,web_sessions/20260719_003026_campaign_radio_ebyte_e79_cc1352p/packet_tx/20260719_004051_radio_ebyte_e79_cc1352p/raw/run_00001.csv.gz,e6a0cf2e41ce3e47c4db0c2580d990084696c0b7d6d271ff750c79340aab9e9f,prior_full_integrity_audit_plus_size_and_mtime,00b4610d6147329b63b2cde1956337331cd26affb149613f67787d6518baba83,c6c79b475beff99870145e04cccf4ffcbdac9bfb02b79e77d9080e1d0c46d6bb,per_frame_modeled_airtime_v1,"[[23.24, 269.44], [275.72, 521.92]]",128,"{""rf_profile"": ""SLR2K5"", ""tx_power_dbm"": -20}",ok,True,9175.206913603075,9176.114462660287,2025.4866249548918,2026.9835957059295,0.009891319789923081
tx_p-20_rf_profile-SLR2K5_s128,run_00002,web_sessions/20260719_003026_campaign_radio_ebyte_e79_cc1352p/packet_tx/20260719_004051_radio_ebyte_e79_cc1352p/raw/run_00002.csv.gz,73abd44c441e03d9b80259c4bf056529b43e2b12edc568f7292a4fa36d240482,prior_full_integrity_audit_plus_size_and_mtime,00b4610d6147329b63b2cde1956337331cd26affb149613f67787d6518baba83,c6c79b475beff99870145e04cccf4ffcbdac9bfb02b79e77d9080e1d0c46d6bb,per_frame_modeled_airtime_v1,"[[22.33, 268.53], [270.34, 516.54]]",128,"{""rf_profile"": ""SLR2K5"", ""tx_power_dbm"": -20}",ok,True,9181.49407523312,9182.004806248202,2054.9366623637925,2054.9735599481915,0.0055626133491637475
tx_p-20_rf_profile-SLR2K5_s128,run_00003,web_sessions/20260719_003026_campaign_radio_ebyte_e79_cc1352p/packet_tx/20260719_004051_radio_ebyte_e79_cc1352p/raw/run_00003.csv.gz,e0e95ea097e133c26dc1c3e696d3dbceb5262fe7fdc2c4255efdd1c4ec3266e7,prior_full_integrity_audit_plus_size_and_mtime,00b4610d6147329b63b2cde1956337331cd26affb149613f67787d6518baba83,c6c79b475beff99870145e04cccf4ffcbdac9bfb02b79e77d9080e1d0c46d6bb,per_frame_modeled_airtime_v1,"[[12.99, 259.19], [276.75, 522.95]]",128,"{""rf_profile"": ""SLR2K5"", ""tx_power_dbm"": -20}",ok,True,9175.74322291328,9177.474741371316,2043.4790397934664,2045.0990858195794,0.01887060716470046
tx_p-20_rf_profile-SLR2K5_s128,run_00004,web_sessions/20260719_003026_campaign_radio_ebyte_e79_cc1352p/packet_tx/20260719_004051_radio_ebyte_e79_cc1352p/raw/run_00004.csv.gz,67ee966a6140df2280ef480029d1cc74546e0d33feb20e94e565f41b9032426b,prior_full_integrity_audit_plus_size_and_mtime,00b4610d6147329b63b2cde1956337331cd26affb149613f67787d6518baba83,c6c79b475beff99870145e04cccf4ffcbdac9bfb02b79e77d9080e1d0c46d6bb,per_frame_modeled_airtime_v1,"[[15.9, 262.1], [271.17, 517.37]]",128,"{""rf_profile"": ""SLR2K5"", ""tx_power_dbm"": -20}",ok,True,9167.818495504194,9169.722553675658,2037.2632269599487,2040.2761988527038,0.020768933987924676
tx_p-20_rf_profile-SLR2K5_s128,run_00005,web_sessions/20260719_003026_campaign_radio_ebyte_e79_cc1352p/packet_tx/20260719_004051_radio_ebyte_e79_cc1352p/raw/run_00005.csv.gz,5439bb97da62ec04816d04147fdd0c427274f8ac4d1ea0ed68f8d4e02b6b7f97,prior_full_integrity_audit_plus_size_and_mtime,00b4610d6147329b63b2cde1956337331cd26affb149613f67787d6518baba83,c6c79b475beff99870145e04cccf4ffcbdac9bfb02b79e77d9080e1d0c46d6bb,per_frame_modeled_airtime_v1,"[[21.37, 267.57], [270.45, 516.65]]",128,"{""rf_profile"": ""SLR2K5"", ""tx_power_dbm"": -20}",ok,True,9206.651519558429,9206.45403716749,2071.9037355562477,2072.026011441178,-0.0021449969135778346
tx_p-20_rf_profile-SLR2K5_s32,run_00001,web_sessions/20260719_003026_campaign_radio_ebyte_e79_cc1352p/packet_tx/20260719_003954_radio_ebyte_e79_cc1352p/raw/run_00001.csv.gz,96ff9b8c4ff243c0e080964573e7a94f563fc6fd6bd8b43c095008441c70e456,prior_full_integrity_audit_plus_size_and_mtime,6eb0f15d33d7e6d2197814778c7c916550fcfe0e13e4fadc50a098ac7f46346d,0d5e0f663eb51f49aef774e4f3a8bdd9218ad37d6d87170f6185a83f25907959,original_single_frame_window_verified,"[[14.02, 157.82]]",32,"{""rf_profile"": ""SLR2K5"", ""tx_power_dbm"": -20}",ok,True,2662.3405499280966,2662.3405499280966,579.0125100467324,579.0125100467324,0.0
tx_p-20_rf_profile-SLR2K5_s32,run_00002,web_sessions/20260719_003026_campaign_radio_ebyte_e79_cc1352p/packet_tx/20260719_003954_radio_ebyte_e79_cc1352p/raw/run_00002.csv.gz,3dfabad39c45da6c172177b811b7aba469ca96395a718416bba0336eca646422,prior_full_integrity_audit_plus_size_and_mtime,6eb0f15d33d7e6d2197814778c7c916550fcfe0e13e4fadc50a098ac7f46346d,0d5e0f663eb51f49aef774e4f3a8bdd9218ad37d6d87170f6185a83f25907959,original_single_frame_window_verified,"[[10.18, 153.98]]",32,"{""rf_profile"": ""SLR2K5"", ""tx_power_dbm"": -20}",ok,True,2658.783712422795,2658.783712422795,573.6764668455553,573.6764668455553,0.0
tx_p-20_rf_profile-SLR2K5_s32,run_00003,web_sessions/20260719_003026_campaign_radio_ebyte_e79_cc1352p/packet_tx/20260719_003954_radio_ebyte_e79_cc1352p/raw/run_00003.csv.gz,a0ebe84f5db5fc0d7252ca529ae8724f9f09b2948ca052e2fc85868452ead2ad,prior_full_integrity_audit_plus_size_and_mtime,6eb0f15d33d7e6d2197814778c7c916550fcfe0e13e4fadc50a098ac7f46346d,0d5e0f663eb51f49aef774e4f3a8bdd9218ad37d6d87170f6185a83f25907959,original_single_frame_window_verified,"[[13.64, 157.44]]",32,"{""rf_profile"": ""SLR2K5"", ""tx_power_dbm"": -20}",ok,True,2652.7678369991104,2652.7678369991104,565.8997953183396,565.8997953183396,0.0
tx_p-20_rf_profile-SLR2K5_s32,run_00004,web_sessions/20260719_003026_campaign_radio_ebyte_e79_cc1352p/packet_tx/20260719_003954_radio_ebyte_e79_cc1352p/raw/run_00004.csv.gz,848f5a34320bee5e13e83ad0a7d036567e13a0992e8d6a3c676c106ae750360b,prior_full_integrity_audit_plus_size_and_mtime,6eb0f15d33d7e6d2197814778c7c916550fcfe0e13e4fadc50a098ac7f46346d,0d5e0f663eb51f49aef774e4f3a8bdd9218ad37d6d87170f6185a83f25907959,original_single_frame_window_verified,"[[24.86, 168.66]]",32,"{""rf_profile"": ""SLR2K5"", ""tx_power_dbm"": -20}",ok,True,2654.700609701074,2654.700609701074,570.3170795360485,570.3170795360485,0.0
tx_p-20_rf_profile-SLR2K5_s32,run_00005,web_sessions/20260719_003026_campaign_radio_ebyte_e79_cc1352p/packet_tx/20260719_003954_radio_ebyte_e79_cc1352p/raw/run_00005.csv.gz,d4a319a0079bdd9cf627f10e1c77a9175ae1d3ef5a836e43462fffe6894d41d2,prior_full_integrity_audit_plus_size_and_mtime,6eb0f15d33d7e6d2197814778c7c916550fcfe0e13e4fadc50a098ac7f46346d,0d5e0f663eb51f49aef774e4f3a8bdd9218ad37d6d87170f6185a83f25907959,original_single_frame_window_verified,"[[16.42, 160.22]]",32,"{""rf_profile"": ""SLR2K5"", ""tx_power_dbm"": -20}",ok,True,2652.0279414326706,2652.0279414326706,565.170116492799,565.170116492799,0.0
tx_p-20_rf_profile-SLR2K5_s512,run_00001,web_sessions/20260719_003026_campaign_radio_ebyte_e79_cc1352p/packet_tx/20260719_004122_radio_ebyte_e79_cc1352p/raw/run_00001.csv.gz,f4084ef4da00fdfff51bf547a8c0cd2d7f88462f6479983c5c310ebc1feac20e,prior_full_integrity_audit_plus_size_and_mtime,602917c97232fc812c9d06649299deb2bed4238a93d1b9036ec6c719cf025a0f,c9a612023307920ed291e347c48be087ccb83e06b3e019330fe760c8080df28c,per_frame_modeled_airtime_v1,"[[24.88, 271.08], [271.62, 517.82], [527.13, 773.33], [789.43, 1035.63], [1043.99, 1290.19], [1294.03, 1540.23], [1548.73, 1794.93], [1808.9, 2055.1]]",512,"{""rf_profile"": ""SLR2K5"", ""tx_power_dbm"": -20}",ok,True,36449.89465834151,36611.25631993259,7979.925173363225,8152.598401086039,0.44269445249041084
tx_p-20_rf_profile-SLR2K5_s512,run_00002,web_sessions/20260719_003026_campaign_radio_ebyte_e79_cc1352p/packet_tx/20260719_004122_radio_ebyte_e79_cc1352p/raw/run_00002.csv.gz,5cc46e1def3fc368ebc039f89995e93d1270f99d393ad5f438013c57ae9aad8c,prior_full_integrity_audit_plus_size_and_mtime,602917c97232fc812c9d06649299deb2bed4238a93d1b9036ec6c719cf025a0f,c9a612023307920ed291e347c48be087ccb83e06b3e019330fe760c8080df28c,per_frame_modeled_airtime_v1,"[[23.61, 269.81], [278.4, 524.6], [534.51, 780.71], [781.23, 1027.43], [1040.85, 1287.05], [1292.94, 1539.14], [1555.73, 1801.93], [1813.67, 2059.87]]",512,"{""rf_profile"": ""SLR2K5"", ""tx_power_dbm"": -20}",ok,True,36435.36142014331,36592.26005365005,7967.280790189993,8134.039127567389,0.4306218667560646
tx_p-20_rf_profile-SLR2K5_s512,run_00003,web_sessions/20260719_003026_campaign_radio_ebyte_e79_cc1352p/packet_tx/20260719_004122_radio_ebyte_e79_cc1352p/raw/run_00003.csv.gz,98559326bf29915c4b0dff5337b8f0acc063553137c90b104206b9f694cc4388,prior_full_integrity_audit_plus_size_and_mtime,602917c97232fc812c9d06649299deb2bed4238a93d1b9036ec6c719cf025a0f,c9a612023307920ed291e347c48be087ccb83e06b3e019330fe760c8080df28c,per_frame_modeled_airtime_v1,"[[14.91, 261.11], [275.03, 521.23], [525.1, 771.3], [782.03, 1028.23], [1042.37, 1288.57], [1301.23, 1547.43], [1552.29, 1798.49], [1815.35, 2061.55]]",512,"{""rf_profile"": ""SLR2K5"", ""tx_power_dbm"": -20}",ok,True,36371.47700724577,36535.36515190923,7889.996863817686,8065.978306542827,0.4505952415152503
tx_p-20_rf_profile-SLR2K5_s512,run_00004,web_sessions/20260719_003026_campaign_radio_ebyte_e79_cc1352p/packet_tx/20260719_004122_radio_ebyte_e79_cc1352p/raw/run_00004.csv.gz,79017415e27105c4664deb5b4a21b1913536c16250429b637fb2a65ffeb5045f,prior_full_integrity_audit_plus_size_and_mtime,602917c97232fc812c9d06649299deb2bed4238a93d1b9036ec6c719cf025a0f,c9a612023307920ed291e347c48be087ccb83e06b3e019330fe760c8080df28c,per_frame_modeled_airtime_v1,"[[20.49, 266.69], [279.62, 525.82], [530.77, 776.97], [782.65, 1028.85], [1044.24, 1290.44], [1297.9, 1544.1], [1557.69, 1803.89], [1813.86, 2060.06]]",512,"{""rf_profile"": ""SLR2K5"", ""tx_power_dbm"": -20}",ok,True,36398.65753560298,36565.7417839654,7887.796285022821,8064.673682791488,0.45903959012496554
tx_p-20_rf_profile-SLR2K5_s512,run_00005,web_sessions/20260719_003026_campaign_radio_ebyte_e79_cc1352p/packet_tx/20260719_004122_radio_ebyte_e79_cc1352p/raw/run_00005.csv.gz,2468f11ae4fbbf6afa880ccd52f2203568728853acfd49dfdc9ec878361edfbe,prior_full_integrity_audit_plus_size_and_mtime,602917c97232fc812c9d06649299deb2bed4238a93d1b9036ec6c719cf025a0f,c9a612023307920ed291e347c48be087ccb83e06b3e019330fe760c8080df28c,per_frame_modeled_airtime_v1,"[[13.14, 259.34], [271.24, 517.44], [527.67, 773.87], [783.58, 1029.78], [1040.13, 1286.33], [1289.12, 1535.32], [1553.95, 1800.15], [1811.18, 2057.38]]",512,"{""rf_profile"": ""SLR2K5"", ""tx_power_dbm"": -20}",ok,True,36452.63365683497,36595.526639242686,7956.168040475691,8108.256008091741,0.39199631980753047
tx_p-20_rf_profile-SLR2K5_s64,run_00001,web_sessions/20260719_003026_campaign_radio_ebyte_e79_cc1352p/packet_tx/20260719_004022_radio_ebyte_e79_cc1352p/raw/run_00001.csv.gz,b539dec95998b53b77cf84f059129763fcfc06d9c4778f6d066ef2512081dbb5,prior_full_integrity_audit_plus_size_and_mtime,a06ee3b808ba2cd17136a11dc8cebd03eca288bfd2fe828136d0e32824095858,30b46c6ad67483b06b14b7af045a8a1363a854b842d6ad0b2fbae8a7d83867c7,original_single_frame_window_verified,"[[24.72, 270.92]]",64,"{""rf_profile"": ""SLR2K5"", ""tx_power_dbm"": -20}",ok,True,4561.6441086446985,4561.6441086446985,1105.919762728947,1105.919762728947,0.0
tx_p-20_rf_profile-SLR2K5_s64,run_00002,web_sessions/20260719_003026_campaign_radio_ebyte_e79_cc1352p/packet_tx/20260719_004022_radio_ebyte_e79_cc1352p/raw/run_00002.csv.gz,c4eafba505b33d02da0f25300c4ac6db325f22b83bf7d99ec956b518bbf3fa50,prior_full_integrity_audit_plus_size_and_mtime,a06ee3b808ba2cd17136a11dc8cebd03eca288bfd2fe828136d0e32824095858,30b46c6ad67483b06b14b7af045a8a1363a854b842d6ad0b2fbae8a7d83867c7,original_single_frame_window_verified,"[[11.93, 258.13]]",64,"{""rf_profile"": ""SLR2K5"", ""tx_power_dbm"": -20}",ok,True,4494.819775196001,4494.819775196001,1034.9612513054217,1034.9612513054217,0.0
tx_p-20_rf_profile-SLR2K5_s64,run_00003,web_sessions/20260719_003026_campaign_radio_ebyte_e79_cc1352p/packet_tx/20260719_004022_radio_ebyte_e79_cc1352p/raw/run_00003.csv.gz,7beafe63e65c16bc982e2036605e34891080727f04b903bcd4ba2de69c78842e,prior_full_integrity_audit_plus_size_and_mtime,a06ee3b808ba2cd17136a11dc8cebd03eca288bfd2fe828136d0e32824095858,30b46c6ad67483b06b14b7af045a8a1363a854b842d6ad0b2fbae8a7d83867c7,original_single_frame_window_verified,"[[21.77, 267.97]]",64,"{""rf_profile"": ""SLR2K5"", ""tx_power_dbm"": -20}",ok,True,4510.275564368856,4510.275564368856,1052.5239563141333,1052.5239563141333,0.0
tx_p-20_rf_profile-SLR2K5_s64,run_00004,web_sessions/20260719_003026_campaign_radio_ebyte_e79_cc1352p/packet_tx/20260719_004022_radio_ebyte_e79_cc1352p/raw/run_00004.csv.gz,0fe36b20947921d21842f238ae3646a6518df5cd23c23c07a547b6ea6202028a,prior_full_integrity_audit_plus_size_and_mtime,a06ee3b808ba2cd17136a11dc8cebd03eca288bfd2fe828136d0e32824095858,30b46c6ad67483b06b14b7af045a8a1363a854b842d6ad0b2fbae8a7d83867c7,original_single_frame_window_verified,"[[22.59, 268.79]]",64,"{""rf_profile"": ""SLR2K5"", ""tx_power_dbm"": -20}",ok,True,4505.312430060859,4505.312430060859,1047.5698309981576,1047.5698309981576,0.0
tx_p-20_rf_profile-SLR2K5_s64,run_00005,web_sessions/20260719_003026_campaign_radio_ebyte_e79_cc1352p/packet_tx/20260719_004022_radio_ebyte_e79_cc1352p/raw/run_00005.csv.gz,9c5037eaa7e370cf5b071dace5a29823f2bb7e8464a166b1883ca9e4a760068e,prior_full_integrity_audit_plus_size_and_mtime,a06ee3b808ba2cd17136a11dc8cebd03eca288bfd2fe828136d0e32824095858,30b46c6ad67483b06b14b7af045a8a1363a854b842d6ad0b2fbae8a7d83867c7,original_single_frame_window_verified,"[[23.57, 269.77]]",64,"{""rf_profile"": ""SLR2K5"", ""tx_power_dbm"": -20}",ok,True,4520.436912756136,4520.436912756136,1063.439691386774,1063.439691386774,0.0
tx_p-20_rf_profile-SLR2K5_s8,run_00001,web_sessions/20260719_003026_campaign_radio_ebyte_e79_cc1352p/packet_tx/20260719_003926_radio_ebyte_e79_cc1352p/raw/run_00001.csv.gz,de03910e3a07807579a0f77ed5143d6e03737426d27a6b07b836fa086ab25204,prior_full_integrity_audit_plus_size_and_mtime,bb01ec706f08b87b7aff696dc46fbcd299b1cfe2805709efc796a690b86292d5,d0768616a2d93d6cbff96caa07f26f3d75da05a2361cf631114ba9d59520eac3,original_single_frame_window_verified,"[[12.57, 79.57]]",8,"{""rf_profile"": ""SLR2K5"", ""tx_power_dbm"": -20}",ok,True,1217.0704822955727,1217.0704822955727,245.1056581710856,245.1056581710856,0.0
tx_p-20_rf_profile-SLR2K5_s8,run_00002,web_sessions/20260719_003026_campaign_radio_ebyte_e79_cc1352p/packet_tx/20260719_003926_radio_ebyte_e79_cc1352p/raw/run_00002.csv.gz,f090f9893bacc2bb03a928d1de6bacbcc938937f521b9fef3a9f39de67467ba3,prior_full_integrity_audit_plus_size_and_mtime,bb01ec706f08b87b7aff696dc46fbcd299b1cfe2805709efc796a690b86292d5,d0768616a2d93d6cbff96caa07f26f3d75da05a2361cf631114ba9d59520eac3,original_single_frame_window_verified,"[[20.71, 87.71]]",8,"{""rf_profile"": ""SLR2K5"", ""tx_power_dbm"": -20}",ok,True,1216.244804972094,1216.244804972094,242.4925363826627,242.4925363826627,0.0
tx_p-20_rf_profile-SLR2K5_s8,run_00003,web_sessions/20260719_003026_campaign_radio_ebyte_e79_cc1352p/packet_tx/20260719_003926_radio_ebyte_e79_cc1352p/raw/run_00003.csv.gz,e5216241789b636cf86b70bad303157e89bb5b4bb96fe8fceadc3c384db2b357,prior_full_integrity_audit_plus_size_and_mtime,bb01ec706f08b87b7aff696dc46fbcd299b1cfe2805709efc796a690b86292d5,d0768616a2d93d6cbff96caa07f26f3d75da05a2361cf631114ba9d59520eac3,original_single_frame_window_verified,"[[26.45, 93.45]]",8,"{""rf_profile"": ""SLR2K5"", ""tx_power_dbm"": -20}",ok,True,1209.084477132866,1209.084477132866,235.46279110847985,235.46279110847985,0.0
tx_p-20_rf_profile-SLR2K5_s8,run_00004,web_sessions/20260719_003026_campaign_radio_ebyte_e79_cc1352p/packet_tx/20260719_003926_radio_ebyte_e79_cc1352p/raw/run_00004.csv.gz,83af0f18cec9c3fd2632d8c6ec1fce3e6efd598df81f51649b92b529392c7fa6,prior_full_integrity_audit_plus_size_and_mtime,bb01ec706f08b87b7aff696dc46fbcd299b1cfe2805709efc796a690b86292d5,d0768616a2d93d6cbff96caa07f26f3d75da05a2361cf631114ba9d59520eac3,original_single_frame_window_verified,"[[9.46, 76.46]]",8,"{""rf_profile"": ""SLR2K5"", ""tx_power_dbm"": -20}",ok,True,1212.6022967253716,1212.6022967253716,239.19677012295503,239.19677012295503,0.0
tx_p-20_rf_profile-SLR2K5_s8,run_00005,web_sessions/20260719_003026_campaign_radio_ebyte_e79_cc1352p/packet_tx/20260719_003926_radio_ebyte_e79_cc1352p/raw/run_00005.csv.gz,fe91fce12c00871b4a95c71b52373b45476ab15dd6986ab46ca40dc43dad5710,prior_full_integrity_audit_plus_size_and_mtime,bb01ec706f08b87b7aff696dc46fbcd299b1cfe2805709efc796a690b86292d5,d0768616a2d93d6cbff96caa07f26f3d75da05a2361cf631114ba9d59520eac3,original_single_frame_window_verified,"[[13.88, 80.88]]",8,"{""rf_profile"": ""SLR2K5"", ""tx_power_dbm"": -20}",ok,True,1215.5547007709692,1215.5547007709692,241.15277037947055,241.15277037947055,0.0
tx_p-20_rf_profile-SLR5_s1024,run_00001,web_sessions/20260719_003026_campaign_radio_ebyte_e79_cc1352p/packet_tx/20260719_004559_radio_ebyte_e79_cc1352p/raw/run_00001.csv.gz,81372fe6c706d1dc676a7009abfaca144436b1b4dcdad058f437b1cea9ca5d15,prior_full_integrity_audit_plus_size_and_mtime,283d4fda2182f61f36e9214b01ddcb693c826511d6c208887edf24217349c269,123bbc110247d4c64fc038050487819d699c4ca88ae3ed9604bbb5fc13fa00a0,per_frame_modeled_airtime_v1,"[[25.77, 150.37], [171.14, 295.74], [321.94, 446.54], [464.71, 589.31], [607.26, 731.86], [752.63, 877.23], [900.7, 1025.3], [1044.29, 1168.89], [1189.02, 1313.62], [1334.66, 1459.26], [1480.89, 1605.49], [1625.03, 1749.63], [1770.23, 1894.83], [1914.83, 2039.43], [2063.03, 2187.63], [2205.24, 2329.84]]",1024,"{""rf_profile"": ""SLR5"", ""tx_power_dbm"": -20}",ok,True,35861.1875510706,36687.22384612395,7885.0683534393675,8766.04199193903,2.303427051535789
tx_p-20_rf_profile-SLR5_s1024,run_00002,web_sessions/20260719_003026_campaign_radio_ebyte_e79_cc1352p/packet_tx/20260719_004559_radio_ebyte_e79_cc1352p/raw/run_00002.csv.gz,7d4edfbb055636bf001ce2da0bfb912b04d94895cfe3041a295d752a642b1dbc,prior_full_integrity_audit_plus_size_and_mtime,283d4fda2182f61f36e9214b01ddcb693c826511d6c208887edf24217349c269,123bbc110247d4c64fc038050487819d699c4ca88ae3ed9604bbb5fc13fa00a0,per_frame_modeled_airtime_v1,"[[28.07, 152.67], [177.15, 301.75], [321.32, 445.92], [469.92, 594.52], [615.04, 739.64], [756.5, 881.1], [904.96, 1029.56], [1049.1, 1173.7], [1193.16, 1317.76], [1335.75, 1460.35], [1481.6, 1606.2], [1625.23, 1749.83], [1770.35, 1894.95], [1916.5, 2041.1], [2061.68, 2186.28], [2209.2, 2333.8]]",1024,"{""rf_profile"": ""SLR5"", ""tx_power_dbm"": -20}",ok,True,35864.69373179407,36676.787322663455,7904.20997648057,8775.043817617228,2.2643260163949686
tx_p-20_rf_profile-SLR5_s1024,run_00003,web_sessions/20260719_003026_campaign_radio_ebyte_e79_cc1352p/packet_tx/20260719_004559_radio_ebyte_e79_cc1352p/raw/run_00003.csv.gz,acf151dabd171ed930bf5a93e7de35ef0cf57807e500390b2a653ba75c8363bb,prior_full_integrity_audit_plus_size_and_mtime,283d4fda2182f61f36e9214b01ddcb693c826511d6c208887edf24217349c269,123bbc110247d4c64fc038050487819d699c4ca88ae3ed9604bbb5fc13fa00a0,per_frame_modeled_airtime_v1,"[[25.04, 149.64], [171.91, 296.51], [314.49, 439.09], [461.76, 586.36], [609.31, 733.91], [755.32, 879.92], [905.8, 1030.4], [1051.98, 1176.58], [1199.13, 1323.73], [1343.22, 1467.82], [1485.68, 1610.28], [1632.15, 1756.75], [1779.65, 1904.25], [1928.8, 2053.4], [2078.07, 2202.67], [2222.27, 2346.87]]",1024,"{""rf_profile"": ""SLR5"", ""tx_power_dbm"": -20}",ok,True,35937.683666745485,36824.35414562687,8001.582953900545,8942.592601225104,2.4672443753013917
tx_p-20_rf_profile-SLR5_s1024,run_00004,web_sessions/20260719_003026_campaign_radio_ebyte_e79_cc1352p/packet_tx/20260719_004559_radio_ebyte_e79_cc1352p/raw/run_00004.csv.gz,538c0b979fbd8fe08ae62bfc539c701007227a1eccdc4dadf471de479d4763a0,prior_full_integrity_audit_plus_size_and_mtime,283d4fda2182f61f36e9214b01ddcb693c826511d6c208887edf24217349c269,123bbc110247d4c64fc038050487819d699c4ca88ae3ed9604bbb5fc13fa00a0,per_frame_modeled_airtime_v1,"[[24.98, 149.58], [174.09, 298.69], [322.2, 446.8], [469.14, 593.74], [619.2, 743.8], [761.86, 886.46], [904.43, 1029.03], [1052.69, 1177.29], [1197.28, 1321.88], [1344.21, 1468.81], [1489.71, 1614.31], [1634.9, 1759.5], [1782.75, 1907.35], [1927.89, 2052.49], [2071.94, 2196.54], [2215.8, 2340.4]]",1024,"{""rf_profile"": ""SLR5"", ""tx_power_dbm"": -20}",ok,True,35965.388869679846,36846.76205742785,8011.088694341667,8948.2437718695,2.4506149257599974
tx_p-20_rf_profile-SLR5_s1024,run_00005,web_sessions/20260719_003026_campaign_radio_ebyte_e79_cc1352p/packet_tx/20260719_004559_radio_ebyte_e79_cc1352p/raw/run_00005.csv.gz,94730c880911c9de1727ae778c9ffa6df9ca64d1ad28b917d0bb76f90b7d17d2,prior_full_integrity_audit_plus_size_and_mtime,283d4fda2182f61f36e9214b01ddcb693c826511d6c208887edf24217349c269,123bbc110247d4c64fc038050487819d699c4ca88ae3ed9604bbb5fc13fa00a0,per_frame_modeled_airtime_v1,"[[26.72, 151.32], [168.31, 292.91], [315.91, 440.51], [461.71, 586.31], [608.2, 732.8], [755.74, 880.34], [899.9, 1024.5], [1046.14, 1170.74], [1192.28, 1316.88], [1337.92, 1462.52], [1484.5, 1609.1], [1630.78, 1755.38], [1776.2, 1900.8], [1921.09, 2045.69], [2072.92, 2197.52], [2219.02, 2343.62]]",1024,"{""rf_profile"": ""SLR5"", ""tx_power_dbm"": -20}",ok,True,35937.67000824487,36820.67217183775,8008.868519685042,8947.055909091989,2.4570378752720945
tx_p-20_rf_profile-SLR5_s128,run_00001,web_sessions/20260719_003026_campaign_radio_ebyte_e79_cc1352p/packet_tx/20260719_004453_radio_ebyte_e79_cc1352p/raw/run_00001.csv.gz,c11dd841d04740d662804cddcb7047c63cba9305812157e3edaedb64e534a164,prior_full_integrity_audit_plus_size_and_mtime,7893877be938c23261e4f582a21ed71c4e40108b0554a8e1130450c6fb4cfa7a,a32cf1dcfaad2af16e1baa1f869e252dcc3d77e721b6d554c55be7a3b56e6197,per_frame_modeled_airtime_v1,"[[27.68, 152.28], [170.88, 295.48]]",128,"{""rf_profile"": ""SLR5"", ""tx_power_dbm"": -20}",ok,True,4632.73556891735,4687.712529785927,1015.3992633433376,1073.7471145210513,1.1867062138714912
tx_p-20_rf_profile-SLR5_s128,run_00002,web_sessions/20260719_003026_campaign_radio_ebyte_e79_cc1352p/packet_tx/20260719_004453_radio_ebyte_e79_cc1352p/raw/run_00002.csv.gz,8b76ba47a4bc480a756d7302d9f0c14c29fc0a6c85cf1832b6d9787f3b4fecf7,prior_full_integrity_audit_plus_size_and_mtime,7893877be938c23261e4f582a21ed71c4e40108b0554a8e1130450c6fb4cfa7a,a32cf1dcfaad2af16e1baa1f869e252dcc3d77e721b6d554c55be7a3b56e6197,per_frame_modeled_airtime_v1,"[[25.33, 149.93], [169.12, 293.72]]",128,"{""rf_profile"": ""SLR5"", ""tx_power_dbm"": -20}",ok,True,4612.650002792072,4665.418223028296,1003.9029228562351,1060.1805257513056,1.14398925139092
tx_p-20_rf_profile-SLR5_s128,run_00003,web_sessions/20260719_003026_campaign_radio_ebyte_e79_cc1352p/packet_tx/20260719_004453_radio_ebyte_e79_cc1352p/raw/run_00003.csv.gz,5b32b3d8bded3d640899c48d08f2e5b91da887c0d21b132e6cec2c39f2ebf129,prior_full_integrity_audit_plus_size_and_mtime,7893877be938c23261e4f582a21ed71c4e40108b0554a8e1130450c6fb4cfa7a,a32cf1dcfaad2af16e1baa1f869e252dcc3d77e721b6d554c55be7a3b56e6197,per_frame_modeled_airtime_v1,"[[26.09, 150.69], [170.57, 295.17]]",128,"{""rf_profile"": ""SLR5"", ""tx_power_dbm"": -20}",ok,True,4649.987664786053,4696.104241400126,1049.8081921080345,1097.8407325931794,0.9917569666541226
tx_p-20_rf_profile-SLR5_s128,run_00004,web_sessions/20260719_003026_campaign_radio_ebyte_e79_cc1352p/packet_tx/20260719_004453_radio_ebyte_e79_cc1352p/raw/run_00004.csv.gz,c5b328e82066d380c930bb1819017cb2acdb0f66b42ef4bd570bc57ffbe16ddc,prior_full_integrity_audit_plus_size_and_mtime,7893877be938c23261e4f582a21ed71c4e40108b0554a8e1130450c6fb4cfa7a,a32cf1dcfaad2af16e1baa1f869e252dcc3d77e721b6d554c55be7a3b56e6197,per_frame_modeled_airtime_v1,"[[27.0, 151.6], [168.51, 293.11]]",128,"{""rf_profile"": ""SLR5"", ""tx_power_dbm"": -20}",ok,True,4642.797377962948,4697.897144677832,1038.3853305828932,1096.1992136778813,1.1867794829129252
tx_p-20_rf_profile-SLR5_s128,run_00005,web_sessions/20260719_003026_campaign_radio_ebyte_e79_cc1352p/packet_tx/20260719_004453_radio_ebyte_e79_cc1352p/raw/run_00005.csv.gz,e85ddeb5270ea9b72e7a3f58a29548ddb98d8507ab43eeaaeef194678c16ac28,prior_full_integrity_audit_plus_size_and_mtime,7893877be938c23261e4f582a21ed71c4e40108b0554a8e1130450c6fb4cfa7a,a32cf1dcfaad2af16e1baa1f869e252dcc3d77e721b6d554c55be7a3b56e6197,per_frame_modeled_airtime_v1,"[[27.3, 151.9], [170.85, 295.45]]",128,"{""rf_profile"": ""SLR5"", ""tx_power_dbm"": -20}",ok,True,4635.844269117239,4686.0160344337255,1028.7904986316714,1081.7057185486656,1.082257349555893
tx_p-20_rf_profile-SLR5_s32,run_00001,web_sessions/20260719_003026_campaign_radio_ebyte_e79_cc1352p/packet_tx/20260719_004357_radio_ebyte_e79_cc1352p/raw/run_00001.csv.gz,000afe5b916033489e6d8a6b57e5cfd7ddc5bf1825035c7238f7a8cddd3c1669,prior_full_integrity_audit_plus_size_and_mtime,8c09c848a241db00ccce442736f09e063cfc591d82121dd0e0db2571cd032b28,dc37c5c653326db343bbc96754e41c9bebe3162a04cd41c9b5fbea7c2500fe5e,original_single_frame_window_verified,"[[26.67, 100.07]]",32,"{""rf_profile"": ""SLR5"", ""tx_power_dbm"": -20}",ok,True,1377.5287429545058,1377.5287429545058,313.16982566866125,313.16982566866125,0.0
tx_p-20_rf_profile-SLR5_s32,run_00002,web_sessions/20260719_003026_campaign_radio_ebyte_e79_cc1352p/packet_tx/20260719_004357_radio_ebyte_e79_cc1352p/raw/run_00002.csv.gz,d993fab0ba8e0792e0594840cebb9112a5c3c491e714ecbdb571563e4b994678,prior_full_integrity_audit_plus_size_and_mtime,8c09c848a241db00ccce442736f09e063cfc591d82121dd0e0db2571cd032b28,dc37c5c653326db343bbc96754e41c9bebe3162a04cd41c9b5fbea7c2500fe5e,original_single_frame_window_verified,"[[25.74, 99.14]]",32,"{""rf_profile"": ""SLR5"", ""tx_power_dbm"": -20}",ok,True,1372.0488058964063,1372.0488058964063,307.43174272912097,307.43174272912097,0.0
tx_p-20_rf_profile-SLR5_s32,run_00003,web_sessions/20260719_003026_campaign_radio_ebyte_e79_cc1352p/packet_tx/20260719_004357_radio_ebyte_e79_cc1352p/raw/run_00003.csv.gz,9e9fede0e496d6f3fa7c81e860262065d4c8ef87dfa1562ddb72a95df23e6e45,prior_full_integrity_audit_plus_size_and_mtime,8c09c848a241db00ccce442736f09e063cfc591d82121dd0e0db2571cd032b28,dc37c5c653326db343bbc96754e41c9bebe3162a04cd41c9b5fbea7c2500fe5e,original_single_frame_window_verified,"[[25.34, 98.74]]",32,"{""rf_profile"": ""SLR5"", ""tx_power_dbm"": -20}",ok,True,1365.867039929062,1365.867039929062,301.5721070938212,301.5721070938212,0.0
tx_p-20_rf_profile-SLR5_s32,run_00004,web_sessions/20260719_003026_campaign_radio_ebyte_e79_cc1352p/packet_tx/20260719_004357_radio_ebyte_e79_cc1352p/raw/run_00004.csv.gz,9aefd13d1ff5f05c200629190be611c8853999e432be624ff24681740f272431,prior_full_integrity_audit_plus_size_and_mtime,8c09c848a241db00ccce442736f09e063cfc591d82121dd0e0db2571cd032b28,dc37c5c653326db343bbc96754e41c9bebe3162a04cd41c9b5fbea7c2500fe5e,original_single_frame_window_verified,"[[24.05, 97.45]]",32,"{""rf_profile"": ""SLR5"", ""tx_power_dbm"": -20}",ok,True,1384.2478863300942,1384.2478863300942,324.1030075805442,324.1030075805442,0.0
tx_p-20_rf_profile-SLR5_s32,run_00005,web_sessions/20260719_003026_campaign_radio_ebyte_e79_cc1352p/packet_tx/20260719_004357_radio_ebyte_e79_cc1352p/raw/run_00005.csv.gz,83f48f73a587881f28c7df773158f6a3b3584ccf2234d10c82f9d0f6f3650282,prior_full_integrity_audit_plus_size_and_mtime,8c09c848a241db00ccce442736f09e063cfc591d82121dd0e0db2571cd032b28,dc37c5c653326db343bbc96754e41c9bebe3162a04cd41c9b5fbea7c2500fe5e,original_single_frame_window_verified,"[[23.7, 97.1]]",32,"{""rf_profile"": ""SLR5"", ""tx_power_dbm"": -20}",ok,True,1369.37069022419,1369.37069022419,303.4929332134478,303.4929332134478,0.0
tx_p-20_rf_profile-SLR5_s512,run_00001,web_sessions/20260719_003026_campaign_radio_ebyte_e79_cc1352p/packet_tx/20260719_004521_radio_ebyte_e79_cc1352p/raw/run_00001.csv.gz,072e443327778aebcc45672527edfe743b63153fc952936fc760411ed3bf592d,prior_full_integrity_audit_plus_size_and_mtime,e9812defefb5e1f7ae11dc89df8187e7e072a663664784db0f3a87b62334289b,cb2e8d6cb7c0436c6cd52c57a078be137811704e15c096ddf2b81111dd2be5d1,per_frame_modeled_airtime_v1,"[[24.85, 149.45], [171.78, 296.38], [316.35, 440.95], [459.43, 584.03], [608.75, 733.35], [756.14, 880.74], [902.1, 1026.7], [1052.75, 1177.35]]",512,"{""rf_profile"": ""SLR5"", ""tx_power_dbm"": -20}",ok,True,18291.92070584487,18663.05904226168,3817.5299637257726,4214.766615272695,2.0289741158686425
tx_p-20_rf_profile-SLR5_s512,run_00002,web_sessions/20260719_003026_campaign_radio_ebyte_e79_cc1352p/packet_tx/20260719_004521_radio_ebyte_e79_cc1352p/raw/run_00002.csv.gz,f81c3aecbfe7f02ff6d16f71fc192543484470c20a228a3ad625649ff7b0211f,prior_full_integrity_audit_plus_size_and_mtime,e9812defefb5e1f7ae11dc89df8187e7e072a663664784db0f3a87b62334289b,cb2e8d6cb7c0436c6cd52c57a078be137811704e15c096ddf2b81111dd2be5d1,per_frame_modeled_airtime_v1,"[[27.55, 152.15], [174.82, 299.42], [319.44, 444.04], [461.77, 586.37], [608.9, 733.5], [755.01, 879.61], [904.36, 1028.96], [1046.79, 1171.39]]",512,"{""rf_profile"": ""SLR5"", ""tx_power_dbm"": -20}",ok,True,18252.68709195785,18626.77311977999,3807.359694447228,4208.592012004822,2.0494846919660636
tx_p-20_rf_profile-SLR5_s512,run_00003,web_sessions/20260719_003026_campaign_radio_ebyte_e79_cc1352p/packet_tx/20260719_004521_radio_ebyte_e79_cc1352p/raw/run_00003.csv.gz,065b26fed045096ac6d2272b6d7df86d268330800e71d29a0e3e939a16e9ceb9,prior_full_integrity_audit_plus_size_and_mtime,e9812defefb5e1f7ae11dc89df8187e7e072a663664784db0f3a87b62334289b,cb2e8d6cb7c0436c6cd52c57a078be137811704e15c096ddf2b81111dd2be5d1,per_frame_modeled_airtime_v1,"[[24.77, 149.37], [172.36, 296.96], [321.01, 445.61], [470.45, 595.05], [620.7, 745.3], [762.94, 887.54], [910.15, 1034.75], [1055.77, 1180.37]]",512,"{""rf_profile"": ""SLR5"", ""tx_power_dbm"": -20}",ok,True,18264.419200779903,18665.352648791963,3807.8963634027564,4230.380723249359,2.1951612236043028
tx_p-20_rf_profile-SLR5_s512,run_00004,web_sessions/20260719_003026_campaign_radio_ebyte_e79_cc1352p/packet_tx/20260719_004521_radio_ebyte_e79_cc1352p/raw/run_00004.csv.gz,56a0243609c47d329ebd0af9db28af4f4748d951f6aecae5ac01118149b2aefc,prior_full_integrity_audit_plus_size_and_mtime,e9812defefb5e1f7ae11dc89df8187e7e072a663664784db0f3a87b62334289b,cb2e8d6cb7c0436c6cd52c57a078be137811704e15c096ddf2b81111dd2be5d1,per_frame_modeled_airtime_v1,"[[27.77, 152.37], [171.27, 295.87], [316.98, 441.58], [466.09, 590.69], [610.1, 734.7], [758.76, 883.36], [903.67, 1028.27], [1051.27, 1175.87]]",512,"{""rf_profile"": ""SLR5"", ""tx_power_dbm"": -20}",ok,True,18248.65741489558,18627.59458616035,3781.5955073435034,4188.189393782349,2.076520823693362
tx_p-20_rf_profile-SLR5_s512,run_00005,web_sessions/20260719_003026_campaign_radio_ebyte_e79_cc1352p/packet_tx/20260719_004521_radio_ebyte_e79_cc1352p/raw/run_00005.csv.gz,5ebac26d7d1daefc67f8161b13f3abfa94af02b6b9d3d0ce0b04f7c675c020fd,prior_full_integrity_audit_plus_size_and_mtime,e9812defefb5e1f7ae11dc89df8187e7e072a663664784db0f3a87b62334289b,cb2e8d6cb7c0436c6cd52c57a078be137811704e15c096ddf2b81111dd2be5d1,per_frame_modeled_airtime_v1,"[[27.51, 152.11], [175.11, 299.71], [317.56, 442.16], [464.68, 589.28], [606.83, 731.43], [753.44, 878.04], [900.02, 1024.62], [1050.12, 1174.72]]",512,"{""rf_profile"": ""SLR5"", ""tx_power_dbm"": -20}",ok,True,18316.056982336355,18686.67391558115,3867.264613902371,4261.740367663036,2.023453702956979
tx_p-20_rf_profile-SLR5_s64,run_00001,web_sessions/20260719_003026_campaign_radio_ebyte_e79_cc1352p/packet_tx/20260719_004425_radio_ebyte_e79_cc1352p/raw/run_00001.csv.gz,ded055fa4973482624102a39a8ec6138ea004a474545c4a1d312075d29b8e8d0,prior_full_integrity_audit_plus_size_and_mtime,9a76084fb8ca5fc172e272b7569386b99497776715898e8daae0f5e032d57ce1,cc88a0c6f073cacdddc01fc5ab1eb125674a74d73e5dd7ab0c9707e7f027a70d,original_single_frame_window_verified,"[[28.02, 152.62]]",64,"{""rf_profile"": ""SLR5"", ""tx_power_dbm"": -20}",ok,True,2394.679965361909,2394.679965361909,603.9706744216501,603.9706744216501,0.0
tx_p-20_rf_profile-SLR5_s64,run_00002,web_sessions/20260719_003026_campaign_radio_ebyte_e79_cc1352p/packet_tx/20260719_004425_radio_ebyte_e79_cc1352p/raw/run_00002.csv.gz,1254749e52c6180b8ec520af51b7af9c1b7d41ba8d4897b932b47d0701ed2dbc,prior_full_integrity_audit_plus_size_and_mtime,9a76084fb8ca5fc172e272b7569386b99497776715898e8daae0f5e032d57ce1,cc88a0c6f073cacdddc01fc5ab1eb125674a74d73e5dd7ab0c9707e7f027a70d,original_single_frame_window_verified,"[[25.07, 149.67]]",64,"{""rf_profile"": ""SLR5"", ""tx_power_dbm"": -20}",ok,True,2344.4562817348296,2344.4562817348296,549.5451385765022,549.5451385765022,0.0
tx_p-20_rf_profile-SLR5_s64,run_00003,web_sessions/20260719_003026_campaign_radio_ebyte_e79_cc1352p/packet_tx/20260719_004425_radio_ebyte_e79_cc1352p/raw/run_00003.csv.gz,94345145b1cdb6eb2d4ac1980c15a4c7b51d02d226a567071283d41553987e4f,prior_full_integrity_audit_plus_size_and_mtime,9a76084fb8ca5fc172e272b7569386b99497776715898e8daae0f5e032d57ce1,cc88a0c6f073cacdddc01fc5ab1eb125674a74d73e5dd7ab0c9707e7f027a70d,original_single_frame_window_verified,"[[25.01, 149.61]]",64,"{""rf_profile"": ""SLR5"", ""tx_power_dbm"": -20}",ok,True,2349.077773822149,2349.077773822149,552.4976736603878,552.4976736603878,0.0
tx_p-20_rf_profile-SLR5_s64,run_00004,web_sessions/20260719_003026_campaign_radio_ebyte_e79_cc1352p/packet_tx/20260719_004425_radio_ebyte_e79_cc1352p/raw/run_00004.csv.gz,7a7d364bd3fdf7cc4742d412f3dccda499d1dd8e510a4c57d1170817df584749,prior_full_integrity_audit_plus_size_and_mtime,9a76084fb8ca5fc172e272b7569386b99497776715898e8daae0f5e032d57ce1,cc88a0c6f073cacdddc01fc5ab1eb125674a74d73e5dd7ab0c9707e7f027a70d,original_single_frame_window_verified,"[[24.72, 149.32]]",64,"{""rf_profile"": ""SLR5"", ""tx_power_dbm"": -20}",ok,True,2347.390590105755,2347.390590105755,548.9799533156032,548.9799533156032,0.0
tx_p-20_rf_profile-SLR5_s64,run_00005,web_sessions/20260719_003026_campaign_radio_ebyte_e79_cc1352p/packet_tx/20260719_004425_radio_ebyte_e79_cc1352p/raw/run_00005.csv.gz,2e6c199b33219c9cb89c0c31d71b1b4708c6d591d32053096270bba6ada1e652,prior_full_integrity_audit_plus_size_and_mtime,9a76084fb8ca5fc172e272b7569386b99497776715898e8daae0f5e032d57ce1,cc88a0c6f073cacdddc01fc5ab1eb125674a74d73e5dd7ab0c9707e7f027a70d,original_single_frame_window_verified,"[[26.38, 150.98]]",64,"{""rf_profile"": ""SLR5"", ""tx_power_dbm"": -20}",ok,True,2375.3438107698967,2375.3438107698967,585.0177158693157,585.0177158693157,0.0
tx_p-20_rf_profile-SLR5_s8,run_00001,web_sessions/20260719_003026_campaign_radio_ebyte_e79_cc1352p/packet_tx/20260719_004329_radio_ebyte_e79_cc1352p/raw/run_00001.csv.gz,f2d87ec5075167a31c2d8b8ae81f5a96e739db3849bb2f2fcf5b122c36f23a2e,prior_full_integrity_audit_plus_size_and_mtime,b6bf9446449cc602cc86a01249eb91597214f02f31987f4dd96da487e001a7b7,7874c3eddb21bd8912a42f1ef42762371e4d00fffa73a359ee1c6ff242feed0a,original_single_frame_window_verified,"[[26.53, 61.53]]",8,"{""rf_profile"": ""SLR5"", ""tx_power_dbm"": -20}",ok,True,637.0579213584057,637.0579213584057,145.35479813182263,145.35479813182263,0.0
tx_p-20_rf_profile-SLR5_s8,run_00002,web_sessions/20260719_003026_campaign_radio_ebyte_e79_cc1352p/packet_tx/20260719_004329_radio_ebyte_e79_cc1352p/raw/run_00002.csv.gz,198e4a6dca85c75517ca8e1c69e5ca88e8e5ee351d28303889b82f497af6e28d,prior_full_integrity_audit_plus_size_and_mtime,b6bf9446449cc602cc86a01249eb91597214f02f31987f4dd96da487e001a7b7,7874c3eddb21bd8912a42f1ef42762371e4d00fffa73a359ee1c6ff242feed0a,original_single_frame_window_verified,"[[22.29, 57.29]]",8,"{""rf_profile"": ""SLR5"", ""tx_power_dbm"": -20}",ok,True,640.7157734302508,640.7157734302508,150.13693755460147,150.13693755460147,0.0
tx_p-20_rf_profile-SLR5_s8,run_00003,web_sessions/20260719_003026_campaign_radio_ebyte_e79_cc1352p/packet_tx/20260719_004329_radio_ebyte_e79_cc1352p/raw/run_00003.csv.gz,ae32762a653d3024808c351f386314ce892fd1c0d6db0a9f8fc20db2b04457c0,prior_full_integrity_audit_plus_size_and_mtime,b6bf9446449cc602cc86a01249eb91597214f02f31987f4dd96da487e001a7b7,7874c3eddb21bd8912a42f1ef42762371e4d00fffa73a359ee1c6ff242feed0a,original_single_frame_window_verified,"[[25.61, 60.61]]",8,"{""rf_profile"": ""SLR5"", ""tx_power_dbm"": -20}",ok,True,634.6395243948157,634.6395243948157,144.98333577020446,144.98333577020446,0.0
tx_p-20_rf_profile-SLR5_s8,run_00004,web_sessions/20260719_003026_campaign_radio_ebyte_e79_cc1352p/packet_tx/20260719_004329_radio_ebyte_e79_cc1352p/raw/run_00004.csv.gz,ea0fe12be2b191f96d9d2b993581fc44ac1552c94c24e7af53fcfd9843352c0b,prior_full_integrity_audit_plus_size_and_mtime,b6bf9446449cc602cc86a01249eb91597214f02f31987f4dd96da487e001a7b7,7874c3eddb21bd8912a42f1ef42762371e4d00fffa73a359ee1c6ff242feed0a,original_single_frame_window_verified,"[[25.47, 60.47]]",8,"{""rf_profile"": ""SLR5"", ""tx_power_dbm"": -20}",ok,True,638.1717109216976,638.1717109216976,147.45230676725575,147.45230676725575,0.0
tx_p-20_rf_profile-SLR5_s8,run_00005,web_sessions/20260719_003026_campaign_radio_ebyte_e79_cc1352p/packet_tx/20260719_004329_radio_ebyte_e79_cc1352p/raw/run_00005.csv.gz,15d21a69ea5036ef543529432c52d0dda0accc2358072ee7443f6e28f37bb4aa,prior_full_integrity_audit_plus_size_and_mtime,b6bf9446449cc602cc86a01249eb91597214f02f31987f4dd96da487e001a7b7,7874c3eddb21bd8912a42f1ef42762371e4d00fffa73a359ee1c6ff242feed0a,original_single_frame_window_verified,"[[24.91, 59.91]]",8,"{""rf_profile"": ""SLR5"", ""tx_power_dbm"": -20}",ok,True,633.5770160782336,633.5770160782336,143.64078908192445,143.64078908192445,0.0
tx_p0_rf_profile-GFSK200_s1024,run_00001,web_sessions/20260719_003026_campaign_radio_ebyte_e79_cc1352p/packet_tx/20260719_010154_radio_ebyte_e79_cc1352p/raw/run_00001.csv.gz,5eb049a2a8e557e25de9425f54e2d07ae040c4627417e4dcfe3fb7c947861da1,prior_full_integrity_audit_plus_size_and_mtime,6a4d2ab01a327673f083ea4b0551b9e528302db29ebd22cfb47e945c49307151,40451a75b83f4210d1a8400ef565c225ac53674fe537c7084ad45b92ab1df4d9,per_frame_modeled_airtime_v1,"[[29.73, 35.77], [62.24, 68.28], [95.08, 101.12], [127.84, 133.88], [159.81, 165.85], [192.29, 198.33], [225.27, 231.31], [258.63, 264.67], [290.79, 296.83], [323.73, 329.77], [356.62, 362.66], [388.53, 394.57], [420.28, 426.32], [453.29, 459.33], [485.73, 491.77], [518.14, 524.18]]",1024,"{""rf_profile"": ""GFSK200"", ""tx_power_dbm"": 0}",ok,True,1597.2948667221783,2099.689704105452,217.91585386196806,701.8548166185847,31.4528549393164
tx_p0_rf_profile-GFSK200_s1024,run_00002,web_sessions/20260719_003026_campaign_radio_ebyte_e79_cc1352p/packet_tx/20260719_010154_radio_ebyte_e79_cc1352p/raw/run_00002.csv.gz,da6ec3e8df58e660c9c027f3731c0052812846eef3ab4f923b717fd79f288c8a,prior_full_integrity_audit_plus_size_and_mtime,6a4d2ab01a327673f083ea4b0551b9e528302db29ebd22cfb47e945c49307151,40451a75b83f4210d1a8400ef565c225ac53674fe537c7084ad45b92ab1df4d9,per_frame_modeled_airtime_v1,"[[27.74, 33.78], [59.72, 65.76], [92.62, 98.66], [124.98, 131.02], [157.73, 163.77], [190.6, 196.64], [222.84, 228.88], [254.98, 261.02], [287.96, 294.0], [320.38, 326.42], [353.36, 359.4], [385.43, 391.47], [417.68, 423.72], [450.08, 456.12], [481.48, 487.52], [514.13, 520.17]]",1024,"{""rf_profile"": ""GFSK200"", ""tx_power_dbm"": 0}",ok,True,1598.456446057143,2094.6917487049213,219.7385868139351,699.1038327299296,31.044655853578295
tx_p0_rf_profile-GFSK200_s1024,run_00003,web_sessions/20260719_003026_campaign_radio_ebyte_e79_cc1352p/packet_tx/20260719_010154_radio_ebyte_e79_cc1352p/raw/run_00003.csv.gz,28b2e22e8af9003fc76182e8769388ded3e1906e4dccecf4039278674a287fc2,prior_full_integrity_audit_plus_size_and_mtime,6a4d2ab01a327673f083ea4b0551b9e528302db29ebd22cfb47e945c49307151,40451a75b83f4210d1a8400ef565c225ac53674fe537c7084ad45b92ab1df4d9,per_frame_modeled_airtime_v1,"[[29.09, 35.13], [56.5, 62.54], [88.27, 94.31], [120.1, 126.14], [151.73, 157.77], [185.22, 191.26], [215.73, 221.77], [248.82, 254.86], [281.95, 287.99], [314.91, 320.95], [347.38, 353.42], [378.9, 384.94], [411.36, 417.4], [442.95, 448.99], [474.18, 480.22], [507.29, 513.33]]",1024,"{""rf_profile"": ""GFSK200"", ""tx_power_dbm"": 0}",ok,True,1634.045777185307,2091.754995636653,255.55553175222641,693.650964746139,28.0107953425738
tx_p0_rf_profile-GFSK200_s1024,run_00004,web_sessions/20260719_003026_campaign_radio_ebyte_e79_cc1352p/packet_tx/20260719_010154_radio_ebyte_e79_cc1352p/raw/run_00004.csv.gz,6384abe18d905c54af4b46fb2ae75b8fbf3a9152041fee7c477f68fae1bc9643,prior_full_integrity_audit_plus_size_and_mtime,6a4d2ab01a327673f083ea4b0551b9e528302db29ebd22cfb47e945c49307151,40451a75b83f4210d1a8400ef565c225ac53674fe537c7084ad45b92ab1df4d9,per_frame_modeled_airtime_v1,"[[27.57, 33.61], [58.66, 64.7], [90.89, 96.93], [123.67, 129.71], [155.61, 161.65], [187.39, 193.43], [220.73, 226.77], [253.29, 259.33], [285.5, 291.54], [317.6, 323.64], [350.94, 356.98], [381.33, 387.37], [413.9, 419.94], [445.37, 451.41], [478.76, 484.8], [509.87, 515.91]]",1024,"{""rf_profile"": ""GFSK200"", ""tx_power_dbm"": 0}",ok,True,1605.3222952498602,2085.9016739515137,225.27865939661072,688.7567561897336,29.936628932625254
tx_p0_rf_profile-GFSK200_s1024,run_00005,web_sessions/20260719_003026_campaign_radio_ebyte_e79_cc1352p/packet_tx/20260719_010154_radio_ebyte_e79_cc1352p/raw/run_00005.csv.gz,df41590a9c596305104de7db9f9aeadd4455e0835799a166d4401abf059a0ace,prior_full_integrity_audit_plus_size_and_mtime,6a4d2ab01a327673f083ea4b0551b9e528302db29ebd22cfb47e945c49307151,40451a75b83f4210d1a8400ef565c225ac53674fe537c7084ad45b92ab1df4d9,per_frame_modeled_airtime_v1,"[[27.49, 33.53], [59.82, 65.86], [90.89, 96.93], [122.83, 128.87], [156.29, 162.33], [189.64, 195.68], [221.09, 227.13], [253.88, 259.92], [285.56, 291.6], [318.62, 324.66], [350.1, 356.14], [382.19, 388.23], [415.38, 421.42], [448.38, 454.42], [480.49, 486.53], [513.96, 520.0]]",1024,"{""rf_profile"": ""GFSK200"", ""tx_power_dbm"": 0}",ok,True,1604.614791534893,2099.0767486894874,225.3015605972276,702.6202904714792,30.81499433777608
tx_p0_rf_profile-GFSK200_s128,run_00001,web_sessions/20260719_003026_campaign_radio_ebyte_e79_cc1352p/packet_tx/20260719_010058_radio_ebyte_e79_cc1352p/raw/run_00001.csv.gz,2c20dfd9506f91e6804884367e8965d74a7f7746fd67958e9a6b2b07b290be1b,prior_full_integrity_audit_plus_size_and_mtime,c54f9267fe6708e62ea873d02a6ff51664139be8abbd1221ea06e5570c18aded,8d7c3807dd6cf7b27482bffdfa669c55e715d4ecefc938d92a08cb196250cd7a,per_frame_modeled_airtime_v1,"[[30.03, 36.07], [61.81, 67.85]]",128,"{""rf_profile"": ""GFSK200"", ""tx_power_dbm"": 0}",ok,True,224.43616339507645,260.14389015095395,50.21436020902284,84.64766514566632,15.909970218578785
tx_p0_rf_profile-GFSK200_s128,run_00002,web_sessions/20260719_003026_campaign_radio_ebyte_e79_cc1352p/packet_tx/20260719_010058_radio_ebyte_e79_cc1352p/raw/run_00002.csv.gz,224bce147c4c99ad86946bf50df4d458f198551048d1525d129231fdfab267af,prior_full_integrity_audit_plus_size_and_mtime,c54f9267fe6708e62ea873d02a6ff51664139be8abbd1221ea06e5570c18aded,8d7c3807dd6cf7b27482bffdfa669c55e715d4ecefc938d92a08cb196250cd7a,per_frame_modeled_airtime_v1,"[[26.67, 32.71], [59.39, 65.43]]",128,"{""rf_profile"": ""GFSK200"", ""tx_power_dbm"": 0}",ok,True,225.0986914893636,262.2583434610213,50.85550791193886,86.19483991217552,16.50815992122885
tx_p0_rf_profile-GFSK200_s128,run_00003,web_sessions/20260719_003026_campaign_radio_ebyte_e79_cc1352p/packet_tx/20260719_010058_radio_ebyte_e79_cc1352p/raw/run_00003.csv.gz,b221a0613117152f0a5161fab2a2827161dec16a1f86e42a0d0a856f0ec95289,prior_full_integrity_audit_plus_size_and_mtime,c54f9267fe6708e62ea873d02a6ff51664139be8abbd1221ea06e5570c18aded,8d7c3807dd6cf7b27482bffdfa669c55e715d4ecefc938d92a08cb196250cd7a,per_frame_modeled_airtime_v1,"[[27.83, 33.87], [59.84, 65.88]]",128,"{""rf_profile"": ""GFSK200"", ""tx_power_dbm"": 0}",ok,True,225.08888975936443,262.46576083654617,51.94724087080109,88.03607623781451,16.605382485621647
tx_p0_rf_profile-GFSK200_s128,run_00004,web_sessions/20260719_003026_campaign_radio_ebyte_e79_cc1352p/packet_tx/20260719_010058_radio_ebyte_e79_cc1352p/raw/run_00004.csv.gz,d87f88ab9d2800a90b57f61ba765768c4de2f203db4193157534c4e396b667da,prior_full_integrity_audit_plus_size_and_mtime,c54f9267fe6708e62ea873d02a6ff51664139be8abbd1221ea06e5570c18aded,8d7c3807dd6cf7b27482bffdfa669c55e715d4ecefc938d92a08cb196250cd7a,per_frame_modeled_airtime_v1,"[[28.31, 34.35], [60.38, 66.42]]",128,"{""rf_profile"": ""GFSK200"", ""tx_power_dbm"": 0}",ok,True,226.08297876403165,263.7708831219132,52.91714931853612,89.03807907380916,16.669943294235033
tx_p0_rf_profile-GFSK200_s128,run_00005,web_sessions/20260719_003026_campaign_radio_ebyte_e79_cc1352p/packet_tx/20260719_010058_radio_ebyte_e79_cc1352p/raw/run_00005.csv.gz,dbe5a54d79be2950f9c6d4a3ad78540878e498df43596e41388921bd8d6e4962,prior_full_integrity_audit_plus_size_and_mtime,c54f9267fe6708e62ea873d02a6ff51664139be8abbd1221ea06e5570c18aded,8d7c3807dd6cf7b27482bffdfa669c55e715d4ecefc938d92a08cb196250cd7a,per_frame_modeled_airtime_v1,"[[27.32, 33.36], [59.14, 65.18]]",128,"{""rf_profile"": ""GFSK200"", ""tx_power_dbm"": 0}",ok,True,225.53738736013634,262.8824796255485,51.55539991940113,86.97860756741235,16.558271203957787
tx_p0_rf_profile-GFSK200_s32,run_00001,web_sessions/20260719_003026_campaign_radio_ebyte_e79_cc1352p/packet_tx/20260719_010002_radio_ebyte_e79_cc1352p/raw/run_00001.csv.gz,2e33faffca94494e581850445062404d19cbc8efedf7d75954a319bf7a7b9443,prior_full_integrity_audit_plus_size_and_mtime,614d4372bceeaa02cf208a9906aaa37122f4ec9d38d48ef629f3f0aa80262732,e939c3b55ab009be957571d4d33c43f728bc86961da51d8ff2a42baba41912ba,original_single_frame_window_verified,"[[29.78, 34.54]]",32,"{""rf_profile"": ""GFSK200"", ""tx_power_dbm"": 0}",ok,True,96.90969476448507,96.90969476448507,28.279843125594102,28.279843125594102,0.0
tx_p0_rf_profile-GFSK200_s32,run_00002,web_sessions/20260719_003026_campaign_radio_ebyte_e79_cc1352p/packet_tx/20260719_010002_radio_ebyte_e79_cc1352p/raw/run_00002.csv.gz,e8fde7d69c4fd3ab8858b66a5957b2a2080b88abf0f09394032fa2d80525fd47,prior_full_integrity_audit_plus_size_and_mtime,614d4372bceeaa02cf208a9906aaa37122f4ec9d38d48ef629f3f0aa80262732,e939c3b55ab009be957571d4d33c43f728bc86961da51d8ff2a42baba41912ba,original_single_frame_window_verified,"[[27.26, 32.02]]",32,"{""rf_profile"": ""GFSK200"", ""tx_power_dbm"": 0}",ok,True,96.49601810657151,96.49601810657151,27.872168411026088,27.872168411026088,0.0
tx_p0_rf_profile-GFSK200_s32,run_00003,web_sessions/20260719_003026_campaign_radio_ebyte_e79_cc1352p/packet_tx/20260719_010002_radio_ebyte_e79_cc1352p/raw/run_00003.csv.gz,b3d243bafa60ff1e183a6659ba2c0d30e78f84fdb456be69589acb4d1b34b14a,prior_full_integrity_audit_plus_size_and_mtime,614d4372bceeaa02cf208a9906aaa37122f4ec9d38d48ef629f3f0aa80262732,e939c3b55ab009be957571d4d33c43f728bc86961da51d8ff2a42baba41912ba,original_single_frame_window_verified,"[[25.55, 30.31]]",32,"{""rf_profile"": ""GFSK200"", ""tx_power_dbm"": 0}",ok,True,96.85548371549292,96.85548371549292,28.096792614489036,28.096792614489036,0.0
tx_p0_rf_profile-GFSK200_s32,run_00004,web_sessions/20260719_003026_campaign_radio_ebyte_e79_cc1352p/packet_tx/20260719_010002_radio_ebyte_e79_cc1352p/raw/run_00004.csv.gz,aea8b21576db9e99bbf37d0cdcdad2d4e400c0b51d0a1c37b329c09a8cc4a043,prior_full_integrity_audit_plus_size_and_mtime,614d4372bceeaa02cf208a9906aaa37122f4ec9d38d48ef629f3f0aa80262732,e939c3b55ab009be957571d4d33c43f728bc86961da51d8ff2a42baba41912ba,original_single_frame_window_verified,"[[26.59, 31.35]]",32,"{""rf_profile"": ""GFSK200"", ""tx_power_dbm"": 0}",ok,True,97.49502478818422,97.49502478818422,29.314189026032345,29.314189026032345,0.0
tx_p0_rf_profile-GFSK200_s32,run_00005,web_sessions/20260719_003026_campaign_radio_ebyte_e79_cc1352p/packet_tx/20260719_010002_radio_ebyte_e79_cc1352p/raw/run_00005.csv.gz,8ede90b0e16c5339d473ad329e5101c45601d11fc96eb9fc99e7b54856232a7e,prior_full_integrity_audit_plus_size_and_mtime,614d4372bceeaa02cf208a9906aaa37122f4ec9d38d48ef629f3f0aa80262732,e939c3b55ab009be957571d4d33c43f728bc86961da51d8ff2a42baba41912ba,original_single_frame_window_verified,"[[27.09, 31.85]]",32,"{""rf_profile"": ""GFSK200"", ""tx_power_dbm"": 0}",ok,True,97.97419528915219,97.97419528915219,29.206392877680386,29.206392877680386,0.0
tx_p0_rf_profile-GFSK200_s512,run_00001,web_sessions/20260719_003026_campaign_radio_ebyte_e79_cc1352p/packet_tx/20260719_010126_radio_ebyte_e79_cc1352p/raw/run_00001.csv.gz,560b3fbe30063eb08d1054353d5ca503a7bc52102c057c4a81d08883a3df7286,prior_full_integrity_audit_plus_size_and_mtime,c4ee8a1e3135e5da4633711fb287de6dc17f352392029b7c3ebef44448d0ab86,32b45ec9e41246cf84fa10fa8cc1d43203ad6c2f100ad23824d42b7b82a9b226,per_frame_modeled_airtime_v1,"[[28.1, 34.14], [60.1, 66.14], [92.88, 98.92], [124.98, 131.02], [157.26, 163.3], [190.37, 196.41], [222.45, 228.49], [254.44, 260.48]]",512,"{""rf_profile"": ""GFSK200"", ""tx_power_dbm"": 0}",ok,True,819.1326000681427,1054.918737163111,128.81412704669427,355.2677190018281,28.784855721204792
tx_p0_rf_profile-GFSK200_s512,run_00002,web_sessions/20260719_003026_campaign_radio_ebyte_e79_cc1352p/packet_tx/20260719_010126_radio_ebyte_e79_cc1352p/raw/run_00002.csv.gz,5958e100ea7b5b9bc9be836f771f91b514faf0fd29e5564c6349f474e8890007,prior_full_integrity_audit_plus_size_and_mtime,c4ee8a1e3135e5da4633711fb287de6dc17f352392029b7c3ebef44448d0ab86,32b45ec9e41246cf84fa10fa8cc1d43203ad6c2f100ad23824d42b7b82a9b226,per_frame_modeled_airtime_v1,"[[27.65, 33.69], [59.64, 65.68], [91.98, 98.02], [123.25, 129.29], [154.95, 160.99], [187.83, 193.87], [220.3, 226.34], [252.22, 258.26]]",512,"{""rf_profile"": ""GFSK200"", ""tx_power_dbm"": 0}",ok,True,818.0674786028417,1052.031482691511,129.5319277816108,353.978830560044,28.599597246947273
tx_p0_rf_profile-GFSK200_s512,run_00003,web_sessions/20260719_003026_campaign_radio_ebyte_e79_cc1352p/packet_tx/20260719_010126_radio_ebyte_e79_cc1352p/raw/run_00003.csv.gz,9a2aacf595363a89d2f3304785e9c257145b2a0725dfed56a1db79e134f820c5,prior_full_integrity_audit_plus_size_and_mtime,c4ee8a1e3135e5da4633711fb287de6dc17f352392029b7c3ebef44448d0ab86,32b45ec9e41246cf84fa10fa8cc1d43203ad6c2f100ad23824d42b7b82a9b226,per_frame_modeled_airtime_v1,"[[28.45, 34.49], [60.86, 66.9], [92.37, 98.41], [125.48, 131.52], [159.03, 165.07], [191.01, 197.05], [223.09, 229.13], [256.29, 262.33]]",512,"{""rf_profile"": ""GFSK200"", ""tx_power_dbm"": 0}",ok,True,820.5658759905917,1048.7266526386868,130.7794990610118,350.95107092560306,27.80529672558685
tx_p0_rf_profile-GFSK200_s512,run_00004,web_sessions/20260719_003026_campaign_radio_ebyte_e79_cc1352p/packet_tx/20260719_010126_radio_ebyte_e79_cc1352p/raw/run_00004.csv.gz,7601226c3b9b4f804691db0be2e7f89d5d5c7079b0975a5e0911c41108344562,prior_full_integrity_audit_plus_size_and_mtime,c4ee8a1e3135e5da4633711fb287de6dc17f352392029b7c3ebef44448d0ab86,32b45ec9e41246cf84fa10fa8cc1d43203ad6c2f100ad23824d42b7b82a9b226,per_frame_modeled_airtime_v1,"[[27.68, 33.72], [60.36, 66.4], [92.26, 98.3], [124.28, 130.32], [156.77, 162.81], [188.56, 194.6], [221.34, 227.38], [253.15, 259.19]]",512,"{""rf_profile"": ""GFSK200"", ""tx_power_dbm"": 0}",ok,True,818.0534705110159,1047.3292738930838,129.60253681552035,348.6598505501453,28.02699476830597
tx_p0_rf_profile-GFSK200_s512,run_00005,web_sessions/20260719_003026_campaign_radio_ebyte_e79_cc1352p/packet_tx/20260719_010126_radio_ebyte_e79_cc1352p/raw/run_00005.csv.gz,cb2b83414215bfb341ee4ccdd53186bbd9871a7fe65d1a1faefb696c510a684a,prior_full_integrity_audit_plus_size_and_mtime,c4ee8a1e3135e5da4633711fb287de6dc17f352392029b7c3ebef44448d0ab86,32b45ec9e41246cf84fa10fa8cc1d43203ad6c2f100ad23824d42b7b82a9b226,per_frame_modeled_airtime_v1,"[[26.49, 32.53], [58.57, 64.61], [90.55, 96.59], [122.96, 129.0], [155.95, 161.99], [188.84, 194.88], [221.93, 227.97], [254.72, 260.76]]",512,"{""rf_profile"": ""GFSK200"", ""tx_power_dbm"": 0}",ok,True,818.1710714512523,1048.7928283932529,128.1063585134028,351.09047762357784,28.187473865695267
tx_p0_rf_profile-GFSK200_s64,run_00001,web_sessions/20260719_003026_campaign_radio_ebyte_e79_cc1352p/packet_tx/20260719_010030_radio_ebyte_e79_cc1352p/raw/run_00001.csv.gz,1f5ac5f1b2458f503b78c4ef768b72cb3efd4a54c6dcceee632d1e03216752af,prior_full_integrity_audit_plus_size_and_mtime,e5973e8dcc1c0f0e4300cbf9c7a17d9c494db1f30a67c88f3e05bd2b7520341e,e91977ddc59aa97b89e39a4dcb192b00bc87ad9bc4b75c2d7b0effd95380cd70,original_single_frame_window_verified,"[[28.93, 34.97]]",64,"{""rf_profile"": ""GFSK200"", ""tx_power_dbm"": 0}",ok,True,132.59024104026915,132.59024104026915,45.05494768360837,45.05494768360837,0.0
tx_p0_rf_profile-GFSK200_s64,run_00002,web_sessions/20260719_003026_campaign_radio_ebyte_e79_cc1352p/packet_tx/20260719_010030_radio_ebyte_e79_cc1352p/raw/run_00002.csv.gz,8194e2d015f70f161918adbe1b05e9290115280aae3e862adc5fa32b251dd98f,prior_full_integrity_audit_plus_size_and_mtime,e5973e8dcc1c0f0e4300cbf9c7a17d9c494db1f30a67c88f3e05bd2b7520341e,e91977ddc59aa97b89e39a4dcb192b00bc87ad9bc4b75c2d7b0effd95380cd70,original_single_frame_window_verified,"[[27.38, 33.42]]",64,"{""rf_profile"": ""GFSK200"", ""tx_power_dbm"": 0}",ok,True,130.7953769374527,130.7953769374527,43.40112466580253,43.40112466580253,0.0
tx_p0_rf_profile-GFSK200_s64,run_00003,web_sessions/20260719_003026_campaign_radio_ebyte_e79_cc1352p/packet_tx/20260719_010030_radio_ebyte_e79_cc1352p/raw/run_00003.csv.gz,473cb0f342d912c42d4155eb63833de511f42511a9b845092c27c763f3d97ddd,prior_full_integrity_audit_plus_size_and_mtime,e5973e8dcc1c0f0e4300cbf9c7a17d9c494db1f30a67c88f3e05bd2b7520341e,e91977ddc59aa97b89e39a4dcb192b00bc87ad9bc4b75c2d7b0effd95380cd70,original_single_frame_window_verified,"[[27.42, 33.46]]",64,"{""rf_profile"": ""GFSK200"", ""tx_power_dbm"": 0}",ok,True,130.74624624588094,130.74624624588094,43.21941928360283,43.21941928360283,0.0
tx_p0_rf_profile-GFSK200_s64,run_00004,web_sessions/20260719_003026_campaign_radio_ebyte_e79_cc1352p/packet_tx/20260719_010030_radio_ebyte_e79_cc1352p/raw/run_00004.csv.gz,30ce00c0d43022ddcb3c4a3e2f5303f6d2b563ce9bbc8d24e45b0778623a5fec,prior_full_integrity_audit_plus_size_and_mtime,e5973e8dcc1c0f0e4300cbf9c7a17d9c494db1f30a67c88f3e05bd2b7520341e,e91977ddc59aa97b89e39a4dcb192b00bc87ad9bc4b75c2d7b0effd95380cd70,original_single_frame_window_verified,"[[27.51, 33.55]]",64,"{""rf_profile"": ""GFSK200"", ""tx_power_dbm"": 0}",ok,True,133.95193622957873,133.95193622957873,46.635457835893575,46.635457835893575,0.0
tx_p0_rf_profile-GFSK200_s64,run_00005,web_sessions/20260719_003026_campaign_radio_ebyte_e79_cc1352p/packet_tx/20260719_010030_radio_ebyte_e79_cc1352p/raw/run_00005.csv.gz,8d98ba6ee0eb9a542dafa029f5daf8f6e6640727646ee162e9bb0e15b125a9c7,prior_full_integrity_audit_plus_size_and_mtime,e5973e8dcc1c0f0e4300cbf9c7a17d9c494db1f30a67c88f3e05bd2b7520341e,e91977ddc59aa97b89e39a4dcb192b00bc87ad9bc4b75c2d7b0effd95380cd70,original_single_frame_window_verified,"[[27.3, 33.34]]",64,"{""rf_profile"": ""GFSK200"", ""tx_power_dbm"": 0}",ok,True,131.54716321507544,131.54716321507544,44.881667431680505,44.881667431680505,0.0
tx_p0_rf_profile-GFSK200_s8,run_00001,web_sessions/20260719_003026_campaign_radio_ebyte_e79_cc1352p/packet_tx/20260719_005934_radio_ebyte_e79_cc1352p/raw/run_00001.csv.gz,283d108d23aa98d32416fbd5233f16d10abf3c0bcfdb4b06e81e98dec5226725,prior_full_integrity_audit_plus_size_and_mtime,86e2553d617c0312a5f8e599456d7d1a21d464c4f7653cb6bfa16f592fe7acd9,37d8cda536d6073fa289254e241bbe0da2010bd938cf8f05344e19a58d006723,original_single_frame_window_verified,"[[27.27, 31.07]]",8,"{""rf_profile"": ""GFSK200"", ""tx_power_dbm"": 0}",ok,True,71.16999088929653,71.16999088929653,17.49498318873561,17.49498318873561,0.0
tx_p0_rf_profile-GFSK200_s8,run_00002,web_sessions/20260719_003026_campaign_radio_ebyte_e79_cc1352p/packet_tx/20260719_005934_radio_ebyte_e79_cc1352p/raw/run_00002.csv.gz,8cf01eaa9738eacee25250780e8119f177da1e4229e6f753a780ae6ae4c19935,prior_full_integrity_audit_plus_size_and_mtime,86e2553d617c0312a5f8e599456d7d1a21d464c4f7653cb6bfa16f592fe7acd9,37d8cda536d6073fa289254e241bbe0da2010bd938cf8f05344e19a58d006723,original_single_frame_window_verified,"[[24.67, 28.47]]",8,"{""rf_profile"": ""GFSK200"", ""tx_power_dbm"": 0}",ok,True,70.00871428098121,70.00871428098121,16.250502567200446,16.250502567200446,0.0
tx_p0_rf_profile-GFSK200_s8,run_00003,web_sessions/20260719_003026_campaign_radio_ebyte_e79_cc1352p/packet_tx/20260719_005934_radio_ebyte_e79_cc1352p/raw/run_00003.csv.gz,fac2b967255d8cae22aabb3e1edf25271e1efe7272885e5323d84727d9084dcb,prior_full_integrity_audit_plus_size_and_mtime,86e2553d617c0312a5f8e599456d7d1a21d464c4f7653cb6bfa16f592fe7acd9,37d8cda536d6073fa289254e241bbe0da2010bd938cf8f05344e19a58d006723,original_single_frame_window_verified,"[[25.33, 29.13]]",8,"{""rf_profile"": ""GFSK200"", ""tx_power_dbm"": 0}",ok,True,71.38943195335288,71.38943195335288,17.346674245996965,17.346674245996965,0.0
tx_p0_rf_profile-GFSK200_s8,run_00004,web_sessions/20260719_003026_campaign_radio_ebyte_e79_cc1352p/packet_tx/20260719_005934_radio_ebyte_e79_cc1352p/raw/run_00004.csv.gz,4b39228a113d1f6e8166221b9719e8d155e887155a3b4640a5979a498a84c27a,prior_full_integrity_audit_plus_size_and_mtime,86e2553d617c0312a5f8e599456d7d1a21d464c4f7653cb6bfa16f592fe7acd9,37d8cda536d6073fa289254e241bbe0da2010bd938cf8f05344e19a58d006723,original_single_frame_window_verified,"[[25.31, 29.11]]",8,"{""rf_profile"": ""GFSK200"", ""tx_power_dbm"": 0}",ok,True,70.52359637176872,70.52359637176872,16.27418404976842,16.27418404976842,0.0
tx_p0_rf_profile-GFSK200_s8,run_00005,web_sessions/20260719_003026_campaign_radio_ebyte_e79_cc1352p/packet_tx/20260719_005934_radio_ebyte_e79_cc1352p/raw/run_00005.csv.gz,90a9200bdb44cd720023dee81ba913c0fac0107692a3c52dbcbff77a0a4bca44,prior_full_integrity_audit_plus_size_and_mtime,86e2553d617c0312a5f8e599456d7d1a21d464c4f7653cb6bfa16f592fe7acd9,37d8cda536d6073fa289254e241bbe0da2010bd938cf8f05344e19a58d006723,original_single_frame_window_verified,"[[25.05, 28.85]]",8,"{""rf_profile"": ""GFSK200"", ""tx_power_dbm"": 0}",ok,True,70.87965892078608,70.87965892078608,16.85932105940794,16.85932105940794,0.0
tx_p0_rf_profile-GFSK4K8_s1024,run_00001,web_sessions/20260719_003026_campaign_radio_ebyte_e79_cc1352p/packet_tx/20260719_005554_radio_ebyte_e79_cc1352p/raw/run_00001.csv.gz,4dc236a394631d3ddda644b2464c1b5e43b6f8129c101dfad307d0f34ed00c5e,prior_full_integrity_audit_plus_size_and_mtime,528658bac770ed302c78c736c22e0fd875bfb9a44cc6400892709612129a04a4,1f414e65cebb46351ed952f00a4b1bcecbeeb844e9842cffaa6e71d86eba2e76,per_frame_modeled_airtime_v1,"[[28.38, 158.05], [179.34, 309.01], [333.58, 463.25], [486.82, 616.49], [639.38, 769.05], [791.92, 921.59], [946.97, 1076.64], [1101.6, 1231.27], [1254.11, 1383.78], [1409.41, 1539.08], [1564.77, 1694.43], [1717.89, 1847.55], [1874.14, 2003.8], [2029.67, 2159.33], [2181.05, 2310.71], [2336.21, 2465.87]]",1024,"{""rf_profile"": ""GFSK4K8"", ""tx_power_dbm"": 0}",ok,True,49427.885839938324,52090.11662199485,16434.075646892252,18951.31935531344,5.386090739704286
tx_p0_rf_profile-GFSK4K8_s1024,run_00002,web_sessions/20260719_003026_campaign_radio_ebyte_e79_cc1352p/packet_tx/20260719_005554_radio_ebyte_e79_cc1352p/raw/run_00002.csv.gz,85ded66ff226290e76f4b99ea48ad5603dee97271420070b30bd85f64d8da2d8,prior_full_integrity_audit_plus_size_and_mtime,528658bac770ed302c78c736c22e0fd875bfb9a44cc6400892709612129a04a4,1f414e65cebb46351ed952f00a4b1bcecbeeb844e9842cffaa6e71d86eba2e76,per_frame_modeled_airtime_v1,"[[26.53, 156.2], [180.73, 310.4], [332.39, 462.06], [485.66, 615.33], [641.03, 770.7], [796.18, 925.85], [950.81, 1080.48], [1105.07, 1234.74], [1259.33, 1389.0], [1414.33, 1544.0], [1569.25, 1698.91], [1723.48, 1853.14], [1877.89, 2007.55], [2031.57, 2161.23], [2187.95, 2317.61], [2342.37, 2472.03]]",1024,"{""rf_profile"": ""GFSK4K8"", ""tx_power_dbm"": 0}",ok,True,49498.129739948614,52212.98476115627,16554.273150566645,19126.88804431909,5.484762829365186
tx_p0_rf_profile-GFSK4K8_s1024,run_00003,web_sessions/20260719_003026_campaign_radio_ebyte_e79_cc1352p/packet_tx/20260719_005554_radio_ebyte_e79_cc1352p/raw/run_00003.csv.gz,769afaddd380f534bbcf31430e1443eb5e8348afd9b6c85728952f17e4f7f3af,prior_full_integrity_audit_plus_size_and_mtime,528658bac770ed302c78c736c22e0fd875bfb9a44cc6400892709612129a04a4,1f414e65cebb46351ed952f00a4b1bcecbeeb844e9842cffaa6e71d86eba2e76,per_frame_modeled_airtime_v1,"[[27.85, 157.52], [182.39, 312.06], [335.66, 465.33], [490.24, 619.91], [644.54, 774.21], [799.96, 929.63], [954.44, 1084.11], [1110.16, 1239.83], [1266.86, 1396.53], [1418.32, 1547.99], [1571.4, 1701.06], [1725.89, 1855.55], [1880.6, 2010.26], [2036.0, 2165.66], [2191.69, 2321.35], [2341.96, 2471.62]]",1024,"{""rf_profile"": ""GFSK4K8"", ""tx_power_dbm"": 0}",ok,True,49420.79271556404,52173.19203773137,16477.284832337606,19088.40655061377,5.5693143936570655
tx_p0_rf_profile-GFSK4K8_s1024,run_00004,web_sessions/20260719_003026_campaign_radio_ebyte_e79_cc1352p/packet_tx/20260719_005554_radio_ebyte_e79_cc1352p/raw/run_00004.csv.gz,bd2821b7b1cb9ae2d31ee736a89fd24277b385b106b5b0be13ab165d9301d07d,prior_full_integrity_audit_plus_size_and_mtime,528658bac770ed302c78c736c22e0fd875bfb9a44cc6400892709612129a04a4,1f414e65cebb46351ed952f00a4b1bcecbeeb844e9842cffaa6e71d86eba2e76,per_frame_modeled_airtime_v1,"[[27.7, 157.37], [183.83, 313.5], [335.18, 464.85], [491.93, 621.6], [646.76, 776.43], [799.3, 928.97], [951.27, 1080.94], [1105.52, 1235.19], [1256.63, 1386.3], [1408.06, 1537.73], [1561.63, 1691.29], [1714.74, 1844.4], [1866.44, 1996.1], [2022.07, 2151.73], [2173.96, 2303.62], [2329.07, 2458.73]]",1024,"{""rf_profile"": ""GFSK4K8"", ""tx_power_dbm"": 0}",ok,True,49499.823611279455,52108.39584176662,16550.897568132295,19021.003061091546,5.269861668542908
tx_p0_rf_profile-GFSK4K8_s1024,run_00005,web_sessions/20260719_003026_campaign_radio_ebyte_e79_cc1352p/packet_tx/20260719_005554_radio_ebyte_e79_cc1352p/raw/run_00005.csv.gz,ac5f3d67feb17d0bce434b0491d774fa27da70ebedf5ddee4648a03d567f0ee9,prior_full_integrity_audit_plus_size_and_mtime,528658bac770ed302c78c736c22e0fd875bfb9a44cc6400892709612129a04a4,1f414e65cebb46351ed952f00a4b1bcecbeeb844e9842cffaa6e71d86eba2e76,per_frame_modeled_airtime_v1,"[[26.18, 155.85], [180.18, 309.85], [335.53, 465.2], [487.81, 617.48], [638.46, 768.13], [794.58, 924.25], [945.5, 1075.17], [1098.42, 1228.09], [1252.55, 1382.22], [1404.61, 1534.28], [1555.97, 1685.63], [1708.19, 1837.85], [1864.75, 1994.41], [2020.02, 2149.68], [2173.58, 2303.24], [2327.62, 2457.28]]",1024,"{""rf_profile"": ""GFSK4K8"", ""tx_power_dbm"": 0}",ok,True,49462.825628280574,52104.55655182473,16518.043643291647,19015.320777128054,5.340841106404026
tx_p0_rf_profile-GFSK4K8_s128,run_00001,web_sessions/20260719_003026_campaign_radio_ebyte_e79_cc1352p/packet_tx/20260719_005447_radio_ebyte_e79_cc1352p/raw/run_00001.csv.gz,6bb1965aefbd79e1daa33cd23c355e9ae19551fa0ff0dc119257c772e24d6f20,prior_full_integrity_audit_plus_size_and_mtime,3ce8717e2b608669eb6a5b51d14792ad604a957ea2ce562560316c64f849ab10,5ddc78d3cf622a3b485724e8183b4c4fe16f940f8e681ae33252ded92b69328d,per_frame_modeled_airtime_v1,"[[29.35, 159.02], [182.83, 312.49]]",128,"{""rf_profile"": ""GFSK4K8"", ""tx_power_dbm"": 0}",ok,True,6370.191164071685,6567.271375631723,2234.3222543358547,2419.2259576001857,3.093788027454858
tx_p0_rf_profile-GFSK4K8_s128,run_00002,web_sessions/20260719_003026_campaign_radio_ebyte_e79_cc1352p/packet_tx/20260719_005447_radio_ebyte_e79_cc1352p/raw/run_00002.csv.gz,2237574385b57ec4e4f8f00f5a28a97a68976262dce630e058e5997fa601be2b,prior_full_integrity_audit_plus_size_and_mtime,3ce8717e2b608669eb6a5b51d14792ad604a957ea2ce562560316c64f849ab10,5ddc78d3cf622a3b485724e8183b4c4fe16f940f8e681ae33252ded92b69328d,per_frame_modeled_airtime_v1,"[[27.23, 156.9], [181.67, 311.33]]",128,"{""rf_profile"": ""GFSK4K8"", ""tx_power_dbm"": 0}",ok,True,6350.760479113299,6551.984003144868,2217.0627963576926,2408.4747274259757,3.168494933691224
tx_p0_rf_profile-GFSK4K8_s128,run_00003,web_sessions/20260719_003026_campaign_radio_ebyte_e79_cc1352p/packet_tx/20260719_005447_radio_ebyte_e79_cc1352p/raw/run_00003.csv.gz,1a6b64cbe361fb2d15574434ece607b79272c426b3a7a53753aa9459a3c56724,prior_full_integrity_audit_plus_size_and_mtime,3ce8717e2b608669eb6a5b51d14792ad604a957ea2ce562560316c64f849ab10,5ddc78d3cf622a3b485724e8183b4c4fe16f940f8e681ae33252ded92b69328d,per_frame_modeled_airtime_v1,"[[27.08, 156.75], [183.15, 312.81]]",128,"{""rf_profile"": ""GFSK4K8"", ""tx_power_dbm"": 0}",ok,True,6353.353669466814,6562.874690004894,2218.9915865795274,2418.8689949065406,3.297801939548939
tx_p0_rf_profile-GFSK4K8_s128,run_00004,web_sessions/20260719_003026_campaign_radio_ebyte_e79_cc1352p/packet_tx/20260719_005447_radio_ebyte_e79_cc1352p/raw/run_00004.csv.gz,c481c89dd36646f50ae362e460e85da486ce20b62313a9d02de42560966412d9,prior_full_integrity_audit_plus_size_and_mtime,3ce8717e2b608669eb6a5b51d14792ad604a957ea2ce562560316c64f849ab10,5ddc78d3cf622a3b485724e8183b4c4fe16f940f8e681ae33252ded92b69328d,per_frame_modeled_airtime_v1,"[[27.27, 156.94], [181.44, 311.1]]",128,"{""rf_profile"": ""GFSK4K8"", ""tx_power_dbm"": 0}",ok,True,6365.337135854082,6559.034795190993,2231.1878606111054,2414.852170157477,3.0430070741401583
tx_p0_rf_profile-GFSK4K8_s128,run_00005,web_sessions/20260719_003026_campaign_radio_ebyte_e79_cc1352p/packet_tx/20260719_005447_radio_ebyte_e79_cc1352p/raw/run_00005.csv.gz,effa5bb3ac6f8833b03d333041c0ad9bb5589bdc7c2b3f918224bd8c187f2966,prior_full_integrity_audit_plus_size_and_mtime,3ce8717e2b608669eb6a5b51d14792ad604a957ea2ce562560316c64f849ab10,5ddc78d3cf622a3b485724e8183b4c4fe16f940f8e681ae33252ded92b69328d,per_frame_modeled_airtime_v1,"[[26.43, 156.1], [182.82, 312.48]]",128,"{""rf_profile"": ""GFSK4K8"", ""tx_power_dbm"": 0}",ok,True,6348.711610907406,6563.04801405616,2215.8074889047375,2418.114915684042,3.376061416626852
tx_p0_rf_profile-GFSK4K8_s32,run_00001,web_sessions/20260719_003026_campaign_radio_ebyte_e79_cc1352p/packet_tx/20260719_005329_radio_ebyte_e79_cc1352p/raw/run_00001.csv.gz,c43e763c46376109378bba143f9a8c6e87590f24ebffa42939358ece367b0d42,prior_full_integrity_audit_plus_size_and_mtime,b25247c775456e424840874fe5f7b099c261ba9e41ad48669379d7166e995150,37d0aec9def5bdece5f8a9050d43c44048d8f5cecdf4f3b75bd12a623edb7124,original_single_frame_window_verified,"[[27.26, 103.59]]",32,"{""rf_profile"": ""GFSK4K8"", ""tx_power_dbm"": 0}",ok,True,1953.1992560381746,1953.1992560381746,707.4336181310816,707.4336181310816,0.0
tx_p0_rf_profile-GFSK4K8_s32,run_00002,web_sessions/20260719_003026_campaign_radio_ebyte_e79_cc1352p/packet_tx/20260719_005329_radio_ebyte_e79_cc1352p/raw/run_00002.csv.gz,d0c7a414935d48cceec2a22b443489c9936642013e5f8c8b0a586f14b77ef1cb,prior_full_integrity_audit_plus_size_and_mtime,b25247c775456e424840874fe5f7b099c261ba9e41ad48669379d7166e995150,37d0aec9def5bdece5f8a9050d43c44048d8f5cecdf4f3b75bd12a623edb7124,original_single_frame_window_verified,"[[25.9, 102.23]]",32,"{""rf_profile"": ""GFSK4K8"", ""tx_power_dbm"": 0}",ok,True,1952.0663143931667,1952.0663143931667,706.9030449541498,706.9030449541498,0.0
tx_p0_rf_profile-GFSK4K8_s32,run_00003,web_sessions/20260719_003026_campaign_radio_ebyte_e79_cc1352p/packet_tx/20260719_005329_radio_ebyte_e79_cc1352p/raw/run_00003.csv.gz,bf7528aa39b6eb4fd1e1c0cc9923a0eaafceb61a229758ff7ec225a5d65ab14a,prior_full_integrity_audit_plus_size_and_mtime,b25247c775456e424840874fe5f7b099c261ba9e41ad48669379d7166e995150,37d0aec9def5bdece5f8a9050d43c44048d8f5cecdf4f3b75bd12a623edb7124,original_single_frame_window_verified,"[[26.31, 102.64]]",32,"{""rf_profile"": ""GFSK4K8"", ""tx_power_dbm"": 0}",ok,True,1941.6080967153973,1941.6080967153973,697.1722063418468,697.1722063418468,0.0
tx_p0_rf_profile-GFSK4K8_s32,run_00004,web_sessions/20260719_003026_campaign_radio_ebyte_e79_cc1352p/packet_tx/20260719_005329_radio_ebyte_e79_cc1352p/raw/run_00004.csv.gz,e4b85ec79528ae8494ba08dc9136cf1a63763a292030e34b65272cd921834145,prior_full_integrity_audit_plus_size_and_mtime,b25247c775456e424840874fe5f7b099c261ba9e41ad48669379d7166e995150,37d0aec9def5bdece5f8a9050d43c44048d8f5cecdf4f3b75bd12a623edb7124,original_single_frame_window_verified,"[[25.48, 101.81]]",32,"{""rf_profile"": ""GFSK4K8"", ""tx_power_dbm"": 0}",ok,True,1950.956167586987,1950.956167586987,704.8784414577469,704.8784414577469,0.0
tx_p0_rf_profile-GFSK4K8_s32,run_00005,web_sessions/20260719_003026_campaign_radio_ebyte_e79_cc1352p/packet_tx/20260719_005329_radio_ebyte_e79_cc1352p/raw/run_00005.csv.gz,dddf6fdcf6de538317ed02e8d6fb4006e6b43263b911d73b43bc6ef8a44d6d30,prior_full_integrity_audit_plus_size_and_mtime,b25247c775456e424840874fe5f7b099c261ba9e41ad48669379d7166e995150,37d0aec9def5bdece5f8a9050d43c44048d8f5cecdf4f3b75bd12a623edb7124,original_single_frame_window_verified,"[[25.46, 101.79]]",32,"{""rf_profile"": ""GFSK4K8"", ""tx_power_dbm"": 0}",ok,True,1948.2295886755055,1948.2295886755055,700.4493961990053,700.4493961990053,0.0
tx_p0_rf_profile-GFSK4K8_s512,run_00001,web_sessions/20260719_003026_campaign_radio_ebyte_e79_cc1352p/packet_tx/20260719_005516_radio_ebyte_e79_cc1352p/raw/run_00001.csv.gz,2d4553d8c5f923c30d3fec58a337867b7c33c742695c33df2311c87289c34f2b,prior_full_integrity_audit_plus_size_and_mtime,4563e482a6fe2cb661ecd0739d395aee05db7d4585ce39342e81768853c9ca07,39b9e14c3ec8586e207b817a3907f971c565b3248540d621d2352913823c1fb5,per_frame_modeled_airtime_v1,"[[27.57, 157.24], [183.28, 312.95], [336.62, 466.29], [488.94, 618.61], [642.32, 771.99], [796.97, 926.63], [952.21, 1081.87], [1105.93, 1235.59]]",512,"{""rf_profile"": ""GFSK4K8"", ""tx_power_dbm"": 0}",ok,True,24914.62747882437,26127.263334835225,8406.337031955176,9550.916911851282,4.8671643075599125
tx_p0_rf_profile-GFSK4K8_s512,run_00002,web_sessions/20260719_003026_campaign_radio_ebyte_e79_cc1352p/packet_tx/20260719_005516_radio_ebyte_e79_cc1352p/raw/run_00002.csv.gz,a03e85bc13ea260d80ed1f6c539f2d41dbfef070b7f0bd81f048c287f2f1a055,prior_full_integrity_audit_plus_size_and_mtime,4563e482a6fe2cb661ecd0739d395aee05db7d4585ce39342e81768853c9ca07,39b9e14c3ec8586e207b817a3907f971c565b3248540d621d2352913823c1fb5,per_frame_modeled_airtime_v1,"[[26.65, 156.32], [181.32, 310.99], [335.04, 464.71], [489.66, 619.33], [646.22, 775.89], [802.46, 932.12], [957.77, 1087.43], [1110.46, 1240.12]]",512,"{""rf_profile"": ""GFSK4K8"", ""tx_power_dbm"": 0}",ok,True,24760.504028331972,26036.452100066177,8288.792109548116,9494.726776172058,5.153158717101292
tx_p0_rf_profile-GFSK4K8_s512,run_00003,web_sessions/20260719_003026_campaign_radio_ebyte_e79_cc1352p/packet_tx/20260719_005516_radio_ebyte_e79_cc1352p/raw/run_00003.csv.gz,cd039a8627e0c563449ed906ef522726c7ec1f745e6002fc12192208799e0063,prior_full_integrity_audit_plus_size_and_mtime,4563e482a6fe2cb661ecd0739d395aee05db7d4585ce39342e81768853c9ca07,39b9e14c3ec8586e207b817a3907f971c565b3248540d621d2352913823c1fb5,per_frame_modeled_airtime_v1,"[[27.45, 157.12], [182.76, 312.43], [337.97, 467.64], [494.65, 624.32], [646.82, 776.49], [799.39, 929.05], [954.8, 1084.46], [1110.51, 1240.17]]",512,"{""rf_profile"": ""GFSK4K8"", ""tx_power_dbm"": 0}",ok,True,24801.035412367582,26040.832870663562,8306.243333022765,9482.7105124618,4.998974589898486
tx_p0_rf_profile-GFSK4K8_s512,run_00004,web_sessions/20260719_003026_campaign_radio_ebyte_e79_cc1352p/packet_tx/20260719_005516_radio_ebyte_e79_cc1352p/raw/run_00004.csv.gz,d872ecce579595460ba8020ba944745046585a4f60fbf6602c0f494dd3ba017c,prior_full_integrity_audit_plus_size_and_mtime,4563e482a6fe2cb661ecd0739d395aee05db7d4585ce39342e81768853c9ca07,39b9e14c3ec8586e207b817a3907f971c565b3248540d621d2352913823c1fb5,per_frame_modeled_airtime_v1,"[[26.88, 156.55], [182.6, 312.27], [337.28, 466.95], [491.93, 621.6], [642.99, 772.66], [796.2, 925.86], [949.92, 1079.58], [1105.61, 1235.27]]",512,"{""rf_profile"": ""GFSK4K8"", ""tx_power_dbm"": 0}",ok,True,24827.83819904453,26036.188691075626,8351.283955141753,9493.351982480748,4.866917861892617
tx_p0_rf_profile-GFSK4K8_s512,run_00005,web_sessions/20260719_003026_campaign_radio_ebyte_e79_cc1352p/packet_tx/20260719_005516_radio_ebyte_e79_cc1352p/raw/run_00005.csv.gz,1f2920982529e710eba1489ee25f3d7b137042fe59dd940696067d74eed909e2,prior_full_integrity_audit_plus_size_and_mtime,4563e482a6fe2cb661ecd0739d395aee05db7d4585ce39342e81768853c9ca07,39b9e14c3ec8586e207b817a3907f971c565b3248540d621d2352913823c1fb5,per_frame_modeled_airtime_v1,"[[27.38, 157.05], [182.58, 312.25], [340.27, 469.94], [493.04, 622.71], [645.64, 775.31], [799.23, 928.89], [953.8, 1083.46], [1108.47, 1238.13]]",512,"{""rf_profile"": ""GFSK4K8"", ""tx_power_dbm"": 0}",ok,True,24800.105550273536,26032.258704612446,8324.039862590258,9488.600451518354,4.968338347758849
tx_p0_rf_profile-GFSK4K8_s64,run_00001,web_sessions/20260719_003026_campaign_radio_ebyte_e79_cc1352p/packet_tx/20260719_005357_radio_ebyte_e79_cc1352p/raw/run_00001.csv.gz,476cf3cbda9047906116e55e94716062ffaab30041d2b34461007068772491f9,prior_full_integrity_audit_plus_size_and_mtime,185faad6e692668064599e31811671ddcf45c728cf5c28de1fb1bf09fec17649,ddbabd701f6e395b1ecce87e04e66bbad2f8099005bf3831b95f269b01d8dc33,original_single_frame_window_verified,"[[28.68, 158.34]]",64,"{""rf_profile"": ""GFSK4K8"", ""tx_power_dbm"": 0}",ok,True,3291.029558456656,3291.029558456656,1219.5058640246464,1219.5058640246464,0.0
tx_p0_rf_profile-GFSK4K8_s64,run_00002,web_sessions/20260719_003026_campaign_radio_ebyte_e79_cc1352p/packet_tx/20260719_005357_radio_ebyte_e79_cc1352p/raw/run_00002.csv.gz,e5a17f30998a478ac304fb806d0442e50142e36ea786e66df4a9180f1ad37d1a,prior_full_integrity_audit_plus_size_and_mtime,185faad6e692668064599e31811671ddcf45c728cf5c28de1fb1bf09fec17649,ddbabd701f6e395b1ecce87e04e66bbad2f8099005bf3831b95f269b01d8dc33,original_single_frame_window_verified,"[[28.13, 157.79]]",64,"{""rf_profile"": ""GFSK4K8"", ""tx_power_dbm"": 0}",ok,True,3275.460325337021,3275.460325337021,1205.1311487280116,1205.1311487280116,0.0
tx_p0_rf_profile-GFSK4K8_s64,run_00003,web_sessions/20260719_003026_campaign_radio_ebyte_e79_cc1352p/packet_tx/20260719_005357_radio_ebyte_e79_cc1352p/raw/run_00003.csv.gz,ab8c4af9506d053076b7687bd01df0f497846b586db039e60c2b60d3232fccf1,prior_full_integrity_audit_plus_size_and_mtime,185faad6e692668064599e31811671ddcf45c728cf5c28de1fb1bf09fec17649,ddbabd701f6e395b1ecce87e04e66bbad2f8099005bf3831b95f269b01d8dc33,original_single_frame_window_verified,"[[27.36, 157.02]]",64,"{""rf_profile"": ""GFSK4K8"", ""tx_power_dbm"": 0}",ok,True,3278.8439746243416,3278.8439746243416,1208.5770781762053,1208.5770781762053,0.0
tx_p0_rf_profile-GFSK4K8_s64,run_00004,web_sessions/20260719_003026_campaign_radio_ebyte_e79_cc1352p/packet_tx/20260719_005357_radio_ebyte_e79_cc1352p/raw/run_00004.csv.gz,1ae426f97483a2790dbe1f24000737776a4762583474643b98e5bb4c2eed7097,prior_full_integrity_audit_plus_size_and_mtime,185faad6e692668064599e31811671ddcf45c728cf5c28de1fb1bf09fec17649,ddbabd701f6e395b1ecce87e04e66bbad2f8099005bf3831b95f269b01d8dc33,original_single_frame_window_verified,"[[27.05, 156.71]]",64,"{""rf_profile"": ""GFSK4K8"", ""tx_power_dbm"": 0}",ok,True,3272.5928197462385,3272.5928197462385,1202.4073889214549,1202.4073889214549,0.0
tx_p0_rf_profile-GFSK4K8_s64,run_00005,web_sessions/20260719_003026_campaign_radio_ebyte_e79_cc1352p/packet_tx/20260719_005357_radio_ebyte_e79_cc1352p/raw/run_00005.csv.gz,0fd8b7a90442736394ed03a7fade5dc95eed150b0d36b2335802b57db93fa421,prior_full_integrity_audit_plus_size_and_mtime,185faad6e692668064599e31811671ddcf45c728cf5c28de1fb1bf09fec17649,ddbabd701f6e395b1ecce87e04e66bbad2f8099005bf3831b95f269b01d8dc33,original_single_frame_window_verified,"[[27.98, 157.64]]",64,"{""rf_profile"": ""GFSK4K8"", ""tx_power_dbm"": 0}",ok,True,3267.6105926502987,3267.6105926502987,1197.7409706183814,1197.7409706183814,0.0
tx_p0_rf_profile-GFSK4K8_s8,run_00001,web_sessions/20260719_003026_campaign_radio_ebyte_e79_cc1352p/packet_tx/20260719_005301_radio_ebyte_e79_cc1352p/raw/run_00001.csv.gz,5e85b53005c62945332cb2a2cd2683ce5d6a7c1845bc387ba918515e3346c965,prior_full_integrity_audit_plus_size_and_mtime,298a922df25859757a7aeb33f0042184037972361e01f3c689beb941c67a5447,65e1f6fafeda9d261d62533eda7297ab39ea564aa1d67623a03bc6e6e87c6f22,original_single_frame_window_verified,"[[28.91, 65.24]]",8,"{""rf_profile"": ""GFSK4K8"", ""tx_power_dbm"": 0}",ok,True,900.09722295296,900.09722295296,321.0507480724279,321.0507480724279,0.0
tx_p0_rf_profile-GFSK4K8_s8,run_00002,web_sessions/20260719_003026_campaign_radio_ebyte_e79_cc1352p/packet_tx/20260719_005301_radio_ebyte_e79_cc1352p/raw/run_00002.csv.gz,a886d0ee9eeca47557098ec74cdc831fd5ed9ed55fe8c3ccc86c042698d12f02,prior_full_integrity_audit_plus_size_and_mtime,298a922df25859757a7aeb33f0042184037972361e01f3c689beb941c67a5447,65e1f6fafeda9d261d62533eda7297ab39ea564aa1d67623a03bc6e6e87c6f22,original_single_frame_window_verified,"[[28.17, 64.5]]",8,"{""rf_profile"": ""GFSK4K8"", ""tx_power_dbm"": 0}",ok,True,899.954279619505,899.954279619505,321.78045363668224,321.78045363668224,0.0
tx_p0_rf_profile-GFSK4K8_s8,run_00003,web_sessions/20260719_003026_campaign_radio_ebyte_e79_cc1352p/packet_tx/20260719_005301_radio_ebyte_e79_cc1352p/raw/run_00003.csv.gz,e3b7e51fc91ff3719d0edb5f1e89432142ea0e1823fbd210adb56563fc23ac16,prior_full_integrity_audit_plus_size_and_mtime,298a922df25859757a7aeb33f0042184037972361e01f3c689beb941c67a5447,65e1f6fafeda9d261d62533eda7297ab39ea564aa1d67623a03bc6e6e87c6f22,original_single_frame_window_verified,"[[27.3, 63.63]]",8,"{""rf_profile"": ""GFSK4K8"", ""tx_power_dbm"": 0}",ok,True,896.1220379759668,896.1220379759668,317.94926728581646,317.94926728581646,0.0
tx_p0_rf_profile-GFSK4K8_s8,run_00004,web_sessions/20260719_003026_campaign_radio_ebyte_e79_cc1352p/packet_tx/20260719_005301_radio_ebyte_e79_cc1352p/raw/run_00004.csv.gz,0af631f90aeebea08ff61bb32420c41aa65fbd21e51d16678a73059e92cba68e,prior_full_integrity_audit_plus_size_and_mtime,298a922df25859757a7aeb33f0042184037972361e01f3c689beb941c67a5447,65e1f6fafeda9d261d62533eda7297ab39ea564aa1d67623a03bc6e6e87c6f22,original_single_frame_window_verified,"[[25.77, 62.1]]",8,"{""rf_profile"": ""GFSK4K8"", ""tx_power_dbm"": 0}",ok,True,900.1370754448054,900.1370754448054,321.9094480088112,321.9094480088112,0.0
tx_p0_rf_profile-GFSK4K8_s8,run_00005,web_sessions/20260719_003026_campaign_radio_ebyte_e79_cc1352p/packet_tx/20260719_005301_radio_ebyte_e79_cc1352p/raw/run_00005.csv.gz,74a4fc7ffc531c48524054c24336b6c6a63179a8f8fcd7b757a55ae4493c8f23,prior_full_integrity_audit_plus_size_and_mtime,298a922df25859757a7aeb33f0042184037972361e01f3c689beb941c67a5447,65e1f6fafeda9d261d62533eda7297ab39ea564aa1d67623a03bc6e6e87c6f22,original_single_frame_window_verified,"[[26.0, 62.33]]",8,"{""rf_profile"": ""GFSK4K8"", ""tx_power_dbm"": 0}",ok,True,892.6232797178436,892.6232797178436,315.1285353696829,315.1285353696829,0.0
tx_p0_rf_profile-GFSK50_s1024,run_00001,web_sessions/20260719_003026_campaign_radio_ebyte_e79_cc1352p/packet_tx/20260719_005905_radio_ebyte_e79_cc1352p/raw/run_00001.csv.gz,a1421d2c05c945a04e8cbed191633b4a61f191bdbbe388b7f94a75b5a88cf103,prior_full_integrity_audit_plus_size_and_mtime,ac986ff69cfd62250f7bcb4c93187142726d485f09249e0a0f7f8fca74d0ac07,6daa723d342c346f20a254613e5dd553a20f23653b9758fe3ce9f0ffe4746773,per_frame_modeled_airtime_v1,"[[27.72, 42.88], [67.3, 82.46], [105.5, 120.66], [143.9, 159.06], [181.61, 196.77], [218.78, 233.94], [256.73, 271.89], [293.91, 309.07], [332.85, 348.01], [370.78, 385.94], [409.32, 424.48], [445.92, 461.08], [483.69, 498.85], [521.65, 536.81], [558.46, 573.62], [595.25, 610.41]]",1024,"{""rf_profile"": ""GFSK50"", ""tx_power_dbm"": 0}",ok,True,4564.235678679166,5635.058250380905,1060.344883201966,2083.8689563173566,23.46115860545619
tx_p0_rf_profile-GFSK50_s1024,run_00002,web_sessions/20260719_003026_campaign_radio_ebyte_e79_cc1352p/packet_tx/20260719_005905_radio_ebyte_e79_cc1352p/raw/run_00002.csv.gz,ca5b632ceb5a1702f8c7089641526f62878e9539417239c20328cf9f2ba0777b,prior_full_integrity_audit_plus_size_and_mtime,ac986ff69cfd62250f7bcb4c93187142726d485f09249e0a0f7f8fca74d0ac07,6daa723d342c346f20a254613e5dd553a20f23653b9758fe3ce9f0ffe4746773,per_frame_modeled_airtime_v1,"[[27.76, 42.92], [64.94, 80.1], [103.28, 118.44], [141.16, 156.32], [179.31, 194.47], [217.55, 232.71], [254.74, 269.9], [294.11, 309.27], [332.86, 348.02], [371.32, 386.48], [408.95, 424.11], [446.6, 461.76], [484.45, 499.61], [523.94, 539.1], [560.75, 575.91], [598.15, 613.31]]",1024,"{""rf_profile"": ""GFSK50"", ""tx_power_dbm"": 0}",ok,True,4567.679916709439,5619.33043996423,1061.6182944331103,2067.1022734604644,23.02373507845099
tx_p0_rf_profile-GFSK50_s1024,run_00003,web_sessions/20260719_003026_campaign_radio_ebyte_e79_cc1352p/packet_tx/20260719_005905_radio_ebyte_e79_cc1352p/raw/run_00003.csv.gz,48853d7e15c6b86bf1f64be444508e43dc75fc7856d36c06c818f8aecf510749,prior_full_integrity_audit_plus_size_and_mtime,ac986ff69cfd62250f7bcb4c93187142726d485f09249e0a0f7f8fca74d0ac07,6daa723d342c346f20a254613e5dd553a20f23653b9758fe3ce9f0ffe4746773,per_frame_modeled_airtime_v1,"[[28.08, 43.24], [69.78, 84.94], [107.64, 122.8], [145.85, 161.01], [184.99, 200.15], [224.06, 239.22], [262.02, 277.18], [301.16, 316.32], [338.57, 353.73], [376.05, 391.21], [418.01, 433.17], [456.98, 472.14], [494.56, 509.72], [532.67, 547.83], [571.26, 586.42], [610.05, 625.21]]",1024,"{""rf_profile"": ""GFSK50"", ""tx_power_dbm"": 0}",ok,True,4544.741016441572,5628.2172977422915,1037.5647639312447,2077.2448985772116,23.840220540202672
tx_p0_rf_profile-GFSK50_s1024,run_00004,web_sessions/20260719_003026_campaign_radio_ebyte_e79_cc1352p/packet_tx/20260719_005905_radio_ebyte_e79_cc1352p/raw/run_00004.csv.gz,0ef02ab560763f9a587558bb200b52368a19037b5907f4a4ab7122b55fb58e88,prior_full_integrity_audit_plus_size_and_mtime,ac986ff69cfd62250f7bcb4c93187142726d485f09249e0a0f7f8fca74d0ac07,6daa723d342c346f20a254613e5dd553a20f23653b9758fe3ce9f0ffe4746773,per_frame_modeled_airtime_v1,"[[26.88, 42.04], [64.07, 79.23], [102.25, 117.41], [140.18, 155.34], [178.62, 193.78], [216.15, 231.31], [252.0, 267.16], [290.15, 305.31], [327.7, 342.86], [366.08, 381.24], [408.79, 423.95], [446.96, 462.12], [485.14, 500.3], [522.94, 538.1], [560.05, 575.21], [596.53, 611.69]]",1024,"{""rf_profile"": ""GFSK50"", ""tx_power_dbm"": 0}",ok,True,4557.001046534355,5625.797903360399,1054.2960768810406,2075.61586596599,23.453952411068112
tx_p0_rf_profile-GFSK50_s1024,run_00005,web_sessions/20260719_003026_campaign_radio_ebyte_e79_cc1352p/packet_tx/20260719_005905_radio_ebyte_e79_cc1352p/raw/run_00005.csv.gz,b1388fdc91e832a02921748a11c825e00531c8f386c7ab73828b0438b3cdda77,prior_full_integrity_audit_plus_size_and_mtime,ac986ff69cfd62250f7bcb4c93187142726d485f09249e0a0f7f8fca74d0ac07,6daa723d342c346f20a254613e5dd553a20f23653b9758fe3ce9f0ffe4746773,per_frame_modeled_airtime_v1,"[[28.43, 43.59], [67.88, 83.04], [110.34, 125.5], [152.16, 167.32], [189.88, 205.04], [228.71, 243.87], [264.98, 280.14], [302.82, 317.98], [340.6, 355.76], [379.85, 395.01], [421.46, 436.62], [460.9, 476.06], [503.15, 518.31], [541.12, 556.28], [578.31, 593.47], [616.44, 631.6]]",1024,"{""rf_profile"": ""GFSK50"", ""tx_power_dbm"": 0}",ok,True,4554.001091390942,5612.823842799711,1050.276532425038,2066.7239131686733,23.250384226090958
tx_p0_rf_profile-GFSK50_s128,run_00001,web_sessions/20260719_003026_campaign_radio_ebyte_e79_cc1352p/packet_tx/20260719_005809_radio_ebyte_e79_cc1352p/raw/run_00001.csv.gz,77013cabb20db7299f888cbda5c8ddbec9af1d4d030e5038a50ed659524a324b,prior_full_integrity_audit_plus_size_and_mtime,c9b4dd82218e76b9593bc00b6cc4dab703f34e63c3eb4e8a0a893dbeeddb86ef,9a2e2ddd07910842fa2c6740cdc9aed4b0c566a1207815e73d1765cc8a278a9f,per_frame_modeled_airtime_v1,"[[29.41, 44.57], [66.61, 81.77]]",128,"{""rf_profile"": ""GFSK50"", ""tx_power_dbm"": 0}",ok,True,584.7170264545214,701.2851335472958,146.62854393968632,257.54432281486834,19.93581541478182
tx_p0_rf_profile-GFSK50_s128,run_00002,web_sessions/20260719_003026_campaign_radio_ebyte_e79_cc1352p/packet_tx/20260719_005809_radio_ebyte_e79_cc1352p/raw/run_00002.csv.gz,484cdaf12713ad288923d1e478caad93315ac5dbe4e5e2da4c8ebe14af07973d,prior_full_integrity_audit_plus_size_and_mtime,c9b4dd82218e76b9593bc00b6cc4dab703f34e63c3eb4e8a0a893dbeeddb86ef,9a2e2ddd07910842fa2c6740cdc9aed4b0c566a1207815e73d1765cc8a278a9f,per_frame_modeled_airtime_v1,"[[26.78, 41.94], [63.79, 78.95]]",128,"{""rf_profile"": ""GFSK50"", ""tx_power_dbm"": 0}",ok,True,589.4624852352385,709.4148426867498,151.40637894746607,266.74130836187186,20.349447243218787
tx_p0_rf_profile-GFSK50_s128,run_00003,web_sessions/20260719_003026_campaign_radio_ebyte_e79_cc1352p/packet_tx/20260719_005809_radio_ebyte_e79_cc1352p/raw/run_00003.csv.gz,04d560f01f58e6d8c28c5bb6e5a8cf06c19f73bc4c98833c31e73874f6c1a966,prior_full_integrity_audit_plus_size_and_mtime,c9b4dd82218e76b9593bc00b6cc4dab703f34e63c3eb4e8a0a893dbeeddb86ef,9a2e2ddd07910842fa2c6740cdc9aed4b0c566a1207815e73d1765cc8a278a9f,per_frame_modeled_airtime_v1,"[[28.88, 44.04], [70.07, 85.23]]",128,"{""rf_profile"": ""GFSK50"", ""tx_power_dbm"": 0}",ok,True,587.8574084846496,703.7331419700794,148.64980477769666,260.89773778170814,19.71153749412271
tx_p0_rf_profile-GFSK50_s128,run_00004,web_sessions/20260719_003026_campaign_radio_ebyte_e79_cc1352p/packet_tx/20260719_005809_radio_ebyte_e79_cc1352p/raw/run_00004.csv.gz,225a1ff36704f8b2a4a31c13798f2939a50ec5d01a1b6153c4b74a6ac2f52c5d,prior_full_integrity_audit_plus_size_and_mtime,c9b4dd82218e76b9593bc00b6cc4dab703f34e63c3eb4e8a0a893dbeeddb86ef,9a2e2ddd07910842fa2c6740cdc9aed4b0c566a1207815e73d1765cc8a278a9f,per_frame_modeled_airtime_v1,"[[26.77, 41.93], [69.96, 85.12]]",128,"{""rf_profile"": ""GFSK50"", ""tx_power_dbm"": 0}",ok,True,586.617722200096,703.628858511343,149.16622932257752,260.054450931913,19.946744171382935
tx_p0_rf_profile-GFSK50_s128,run_00005,web_sessions/20260719_003026_campaign_radio_ebyte_e79_cc1352p/packet_tx/20260719_005809_radio_ebyte_e79_cc1352p/raw/run_00005.csv.gz,07319eca6a8bbdc9824769671ab7afde99e858ee9bc257bfc12dc2ed13106a5b,prior_full_integrity_audit_plus_size_and_mtime,c9b4dd82218e76b9593bc00b6cc4dab703f34e63c3eb4e8a0a893dbeeddb86ef,9a2e2ddd07910842fa2c6740cdc9aed4b0c566a1207815e73d1765cc8a278a9f,per_frame_modeled_airtime_v1,"[[27.71, 42.87], [65.87, 81.03]]",128,"{""rf_profile"": ""GFSK50"", ""tx_power_dbm"": 0}",ok,True,586.771801171463,706.7686322008711,148.9163267536778,263.77459112798357,20.450340454302673
tx_p0_rf_profile-GFSK50_s32,run_00001,web_sessions/20260719_003026_campaign_radio_ebyte_e79_cc1352p/packet_tx/20260719_005713_radio_ebyte_e79_cc1352p/raw/run_00001.csv.gz,f03901204e92f8d18df8161483a221080cde0ef6b709c3fc083fe62fa72aa84e,prior_full_integrity_audit_plus_size_and_mtime,b222376824112a5b8a4b305345b599b8f884f2889cb0c610b00642f8e7d89a3e,53863f7d8e96f23bc2400c3d01623fc8ad75115d95dee7f09fc5aa6fa640f499,original_single_frame_window_verified,"[[27.13, 37.17]]",32,"{""rf_profile"": ""GFSK50"", ""tx_power_dbm"": 0}",ok,True,223.17266018624773,223.17266018624773,77.06082931495573,77.06082931495573,0.0
tx_p0_rf_profile-GFSK50_s32,run_00002,web_sessions/20260719_003026_campaign_radio_ebyte_e79_cc1352p/packet_tx/20260719_005713_radio_ebyte_e79_cc1352p/raw/run_00002.csv.gz,6146dd3f63775d09aa5a87a85a370fb766a613a7062353982fbdcce4e6dbfa97,prior_full_integrity_audit_plus_size_and_mtime,b222376824112a5b8a4b305345b599b8f884f2889cb0c610b00642f8e7d89a3e,53863f7d8e96f23bc2400c3d01623fc8ad75115d95dee7f09fc5aa6fa640f499,original_single_frame_window_verified,"[[27.63, 37.67]]",32,"{""rf_profile"": ""GFSK50"", ""tx_power_dbm"": 0}",ok,True,224.3707239052954,224.3707239052954,78.08229568846983,78.08229568846983,0.0
tx_p0_rf_profile-GFSK50_s32,run_00003,web_sessions/20260719_003026_campaign_radio_ebyte_e79_cc1352p/packet_tx/20260719_005713_radio_ebyte_e79_cc1352p/raw/run_00003.csv.gz,10878bbd5edb18b3be7161f139718b164977a5179c05bec3ccebabb75caf0681,prior_full_integrity_audit_plus_size_and_mtime,b222376824112a5b8a4b305345b599b8f884f2889cb0c610b00642f8e7d89a3e,53863f7d8e96f23bc2400c3d01623fc8ad75115d95dee7f09fc5aa6fa640f499,original_single_frame_window_verified,"[[27.44, 37.48]]",32,"{""rf_profile"": ""GFSK50"", ""tx_power_dbm"": 0}",ok,True,223.56059890691301,223.56059890691301,77.0823258068637,77.0823258068637,0.0
tx_p0_rf_profile-GFSK50_s32,run_00004,web_sessions/20260719_003026_campaign_radio_ebyte_e79_cc1352p/packet_tx/20260719_005713_radio_ebyte_e79_cc1352p/raw/run_00004.csv.gz,25715a3efb70df86cd913e805d219a2f5275f237a7dc513d5bc19c10ae5e0c55,prior_full_integrity_audit_plus_size_and_mtime,b222376824112a5b8a4b305345b599b8f884f2889cb0c610b00642f8e7d89a3e,53863f7d8e96f23bc2400c3d01623fc8ad75115d95dee7f09fc5aa6fa640f499,original_single_frame_window_verified,"[[26.01, 36.05]]",32,"{""rf_profile"": ""GFSK50"", ""tx_power_dbm"": 0}",ok,True,222.04677149511338,222.04677149511338,75.98014532463247,75.98014532463247,0.0
tx_p0_rf_profile-GFSK50_s32,run_00005,web_sessions/20260719_003026_campaign_radio_ebyte_e79_cc1352p/packet_tx/20260719_005713_radio_ebyte_e79_cc1352p/raw/run_00005.csv.gz,820204ea7b3940378c91faa60895d141c83b9835996d3b2f09299766c20576c5,prior_full_integrity_audit_plus_size_and_mtime,b222376824112a5b8a4b305345b599b8f884f2889cb0c610b00642f8e7d89a3e,53863f7d8e96f23bc2400c3d01623fc8ad75115d95dee7f09fc5aa6fa640f499,original_single_frame_window_verified,"[[26.15, 36.19]]",32,"{""rf_profile"": ""GFSK50"", ""tx_power_dbm"": 0}",ok,True,223.27685884754843,223.27685884754843,77.46535682073294,77.46535682073294,0.0
tx_p0_rf_profile-GFSK50_s512,run_00001,web_sessions/20260719_003026_campaign_radio_ebyte_e79_cc1352p/packet_tx/20260719_005837_radio_ebyte_e79_cc1352p/raw/run_00001.csv.gz,d365ea9e287b9466314c3a6b0b25251d883d564b07d5776a10dafd1a3211ff8e,prior_full_integrity_audit_plus_size_and_mtime,885181ca3669c85a3a16a446eac5b43e81544086b9715d10d3b637af53ef76da,92e8188199d5efb2da9e948fdf3b238d9620014a9107a2674eeabacbf586a314,per_frame_modeled_airtime_v1,"[[27.4, 42.56], [64.6, 79.76], [103.13, 118.29], [141.27, 156.43], [179.77, 194.93], [216.81, 231.97], [256.21, 271.37], [297.81, 312.97]]",512,"{""rf_profile"": ""GFSK50"", ""tx_power_dbm"": 0}",ok,True,2296.9852421219366,2822.13774298017,543.0032651724847,1046.5380500991937,22.862685019826333
tx_p0_rf_profile-GFSK50_s512,run_00002,web_sessions/20260719_003026_campaign_radio_ebyte_e79_cc1352p/packet_tx/20260719_005837_radio_ebyte_e79_cc1352p/raw/run_00002.csv.gz,1dd8821e23123fcaa1945cf689dedb5d277ceec3bcd5552c26cdf8fe01dff0bb,prior_full_integrity_audit_plus_size_and_mtime,885181ca3669c85a3a16a446eac5b43e81544086b9715d10d3b637af53ef76da,92e8188199d5efb2da9e948fdf3b238d9620014a9107a2674eeabacbf586a314,per_frame_modeled_airtime_v1,"[[27.02, 42.18], [64.79, 79.95], [102.0, 117.16], [139.58, 154.74], [176.74, 191.9], [214.7, 229.86], [252.6, 267.76], [290.64, 305.8]]",512,"{""rf_profile"": ""GFSK50"", ""tx_power_dbm"": 0}",ok,True,2297.9469429558185,2809.643135566121,544.961512936843,1034.3803844228644,22.267537297972375
tx_p0_rf_profile-GFSK50_s512,run_00003,web_sessions/20260719_003026_campaign_radio_ebyte_e79_cc1352p/packet_tx/20260719_005837_radio_ebyte_e79_cc1352p/raw/run_00003.csv.gz,be1439c16a0b90f661eb72168ec05490790fbec5c9e49ca951733c809aee3516,prior_full_integrity_audit_plus_size_and_mtime,885181ca3669c85a3a16a446eac5b43e81544086b9715d10d3b637af53ef76da,92e8188199d5efb2da9e948fdf3b238d9620014a9107a2674eeabacbf586a314,per_frame_modeled_airtime_v1,"[[26.52, 41.68], [64.36, 79.52], [102.33, 117.49], [141.1, 156.26], [180.6, 195.76], [223.5, 238.66], [261.38, 276.54], [298.57, 313.73]]",512,"{""rf_profile"": ""GFSK50"", ""tx_power_dbm"": 0}",ok,True,2280.345235196321,2822.573631164056,525.5119540579911,1047.1993880544323,23.77834669937833
tx_p0_rf_profile-GFSK50_s512,run_00004,web_sessions/20260719_003026_campaign_radio_ebyte_e79_cc1352p/packet_tx/20260719_005837_radio_ebyte_e79_cc1352p/raw/run_00004.csv.gz,1289417e33d1d0a29c360b425df496ddb737d681dc267696c42569a89c4b6cb0,prior_full_integrity_audit_plus_size_and_mtime,885181ca3669c85a3a16a446eac5b43e81544086b9715d10d3b637af53ef76da,92e8188199d5efb2da9e948fdf3b238d9620014a9107a2674eeabacbf586a314,per_frame_modeled_airtime_v1,"[[26.73, 41.89], [63.9, 79.06], [101.23, 116.39], [140.99, 156.15], [180.06, 195.22], [217.4, 232.56], [254.83, 269.99], [292.09, 307.25]]",512,"{""rf_profile"": ""GFSK50"", ""tx_power_dbm"": 0}",ok,True,2294.3819304929284,2812.67316246375,543.0445965084839,1039.4037828989945,22.589579576207306
tx_p0_rf_profile-GFSK50_s512,run_00005,web_sessions/20260719_003026_campaign_radio_ebyte_e79_cc1352p/packet_tx/20260719_005837_radio_ebyte_e79_cc1352p/raw/run_00005.csv.gz,c9f1478f612b7b3db1f14db845abaaf1eb3a061afa6d0fbf5532d59284396c01,prior_full_integrity_audit_plus_size_and_mtime,885181ca3669c85a3a16a446eac5b43e81544086b9715d10d3b637af53ef76da,92e8188199d5efb2da9e948fdf3b238d9620014a9107a2674eeabacbf586a314,per_frame_modeled_airtime_v1,"[[27.16, 42.32], [64.72, 79.88], [103.28, 118.44], [140.2, 155.36], [178.39, 193.55], [216.77, 231.93], [253.81, 268.97], [290.68, 305.84]]",512,"{""rf_profile"": ""GFSK50"", ""tx_power_dbm"": 0}",ok,True,2291.865490502147,2813.9806985087325,540.8954102698948,1039.3700247177305,22.78123258848799
tx_p0_rf_profile-GFSK50_s64,run_00001,web_sessions/20260719_003026_campaign_radio_ebyte_e79_cc1352p/packet_tx/20260719_005741_radio_ebyte_e79_cc1352p/raw/run_00001.csv.gz,d14791d0981379478da4907f75faa04d03a2167714e6518dbcbd305375d9c6c4,prior_full_integrity_audit_plus_size_and_mtime,21c8eca63a03c7b1d2ca29f5c60b42821d391dea09a75cba983fe23b853af798,0b1a8eb04d8aef086f0724ab5af93b1fd7fb9b16bfe6ed5f11b7256bcdcc7839,original_single_frame_window_verified,"[[29.0, 44.16]]",64,"{""rf_profile"": ""GFSK50"", ""tx_power_dbm"": 0}",ok,True,348.6428871353879,348.6428871353879,126.88422684557504,126.88422684557504,0.0
tx_p0_rf_profile-GFSK50_s64,run_00002,web_sessions/20260719_003026_campaign_radio_ebyte_e79_cc1352p/packet_tx/20260719_005741_radio_ebyte_e79_cc1352p/raw/run_00002.csv.gz,145222dfe864092a6d9ee33755353c1b5977acf6113639fddbd594d24e6bd269,prior_full_integrity_audit_plus_size_and_mtime,21c8eca63a03c7b1d2ca29f5c60b42821d391dea09a75cba983fe23b853af798,0b1a8eb04d8aef086f0724ab5af93b1fd7fb9b16bfe6ed5f11b7256bcdcc7839,original_single_frame_window_verified,"[[27.31, 42.47]]",64,"{""rf_profile"": ""GFSK50"", ""tx_power_dbm"": 0}",ok,True,350.6913169113279,350.6913169113279,129.05656076548607,129.05656076548607,0.0
tx_p0_rf_profile-GFSK50_s64,run_00003,web_sessions/20260719_003026_campaign_radio_ebyte_e79_cc1352p/packet_tx/20260719_005741_radio_ebyte_e79_cc1352p/raw/run_00003.csv.gz,15bfd21f4f177028726c60d316fd8fa0ee58a3d30e240f2d9b075449da46180f,prior_full_integrity_audit_plus_size_and_mtime,21c8eca63a03c7b1d2ca29f5c60b42821d391dea09a75cba983fe23b853af798,0b1a8eb04d8aef086f0724ab5af93b1fd7fb9b16bfe6ed5f11b7256bcdcc7839,original_single_frame_window_verified,"[[27.14, 42.3]]",64,"{""rf_profile"": ""GFSK50"", ""tx_power_dbm"": 0}",ok,True,349.18325961043024,349.18325961043024,127.94397969573075,127.94397969573075,0.0
tx_p0_rf_profile-GFSK50_s64,run_00004,web_sessions/20260719_003026_campaign_radio_ebyte_e79_cc1352p/packet_tx/20260719_005741_radio_ebyte_e79_cc1352p/raw/run_00004.csv.gz,6d2fc8a9745357f7f065ce1d7eba98dcab90abc233b2b43a9ba54e2f1986f2b1,prior_full_integrity_audit_plus_size_and_mtime,21c8eca63a03c7b1d2ca29f5c60b42821d391dea09a75cba983fe23b853af798,0b1a8eb04d8aef086f0724ab5af93b1fd7fb9b16bfe6ed5f11b7256bcdcc7839,original_single_frame_window_verified,"[[26.53, 41.69]]",64,"{""rf_profile"": ""GFSK50"", ""tx_power_dbm"": 0}",ok,True,350.6833076599761,350.6833076599761,128.77221227806027,128.77221227806027,0.0
tx_p0_rf_profile-GFSK50_s64,run_00005,web_sessions/20260719_003026_campaign_radio_ebyte_e79_cc1352p/packet_tx/20260719_005741_radio_ebyte_e79_cc1352p/raw/run_00005.csv.gz,c6650a0f3bac7a8f4275d21b2e7f6565a2c17bb41adb1270afb7d1ad4163f715,prior_full_integrity_audit_plus_size_and_mtime,21c8eca63a03c7b1d2ca29f5c60b42821d391dea09a75cba983fe23b853af798,0b1a8eb04d8aef086f0724ab5af93b1fd7fb9b16bfe6ed5f11b7256bcdcc7839,original_single_frame_window_verified,"[[27.9, 43.06]]",64,"{""rf_profile"": ""GFSK50"", ""tx_power_dbm"": 0}",ok,True,350.2779345303668,350.2779345303668,128.44474758982952,128.44474758982952,0.0
tx_p0_rf_profile-GFSK50_s8,run_00001,web_sessions/20260719_003026_campaign_radio_ebyte_e79_cc1352p/packet_tx/20260719_005645_radio_ebyte_e79_cc1352p/raw/run_00001.csv.gz,730e0dedd73ee5300f467695df46bcadf6b43c4df0cad743c906b09d89ddbcdc,prior_full_integrity_audit_plus_size_and_mtime,503d6a00165bdfdf8730e1baf24a9b28542f680d35e291bf37fca496e9978fd1,cb72af2fc436bea7c7a6907016d1cc6fa198ffe7e53049788f0b2aca00f8fea3,original_single_frame_window_verified,"[[28.25, 34.45]]",8,"{""rf_profile"": ""GFSK50"", ""tx_power_dbm"": 0}",ok,True,128.1558817002412,128.1558817002412,37.93213717361971,37.93213717361971,0.0
tx_p0_rf_profile-GFSK50_s8,run_00002,web_sessions/20260719_003026_campaign_radio_ebyte_e79_cc1352p/packet_tx/20260719_005645_radio_ebyte_e79_cc1352p/raw/run_00002.csv.gz,849e6a4c2cbe08ddf7fb46cd3120977e04520d1ba7ffd1c4f6de7680e07b27e9,prior_full_integrity_audit_plus_size_and_mtime,503d6a00165bdfdf8730e1baf24a9b28542f680d35e291bf37fca496e9978fd1,cb72af2fc436bea7c7a6907016d1cc6fa198ffe7e53049788f0b2aca00f8fea3,original_single_frame_window_verified,"[[24.78, 30.98]]",8,"{""rf_profile"": ""GFSK50"", ""tx_power_dbm"": 0}",ok,True,128.13158517610051,128.13158517610051,38.77049539047873,38.77049539047873,0.0
tx_p0_rf_profile-GFSK50_s8,run_00003,web_sessions/20260719_003026_campaign_radio_ebyte_e79_cc1352p/packet_tx/20260719_005645_radio_ebyte_e79_cc1352p/raw/run_00003.csv.gz,70d3db15aadeede83016c226c92bb4f814a051483e9e5ca7922eb973833d639b,prior_full_integrity_audit_plus_size_and_mtime,503d6a00165bdfdf8730e1baf24a9b28542f680d35e291bf37fca496e9978fd1,cb72af2fc436bea7c7a6907016d1cc6fa198ffe7e53049788f0b2aca00f8fea3,original_single_frame_window_verified,"[[25.78, 31.98]]",8,"{""rf_profile"": ""GFSK50"", ""tx_power_dbm"": 0}",ok,True,128.88596048180847,128.88596048180847,39.38104817134595,39.38104817134595,0.0
tx_p0_rf_profile-GFSK50_s8,run_00004,web_sessions/20260719_003026_campaign_radio_ebyte_e79_cc1352p/packet_tx/20260719_005645_radio_ebyte_e79_cc1352p/raw/run_00004.csv.gz,5bb2bd34d939bfad6d6b624a6bf88475402b958d8a4241ad3595e0b5967b4077,prior_full_integrity_audit_plus_size_and_mtime,503d6a00165bdfdf8730e1baf24a9b28542f680d35e291bf37fca496e9978fd1,cb72af2fc436bea7c7a6907016d1cc6fa198ffe7e53049788f0b2aca00f8fea3,original_single_frame_window_verified,"[[26.84, 33.04]]",8,"{""rf_profile"": ""GFSK50"", ""tx_power_dbm"": 0}",ok,True,127.2252543259229,127.2252543259229,37.47639288676179,37.47639288676179,0.0
tx_p0_rf_profile-GFSK50_s8,run_00005,web_sessions/20260719_003026_campaign_radio_ebyte_e79_cc1352p/packet_tx/20260719_005645_radio_ebyte_e79_cc1352p/raw/run_00005.csv.gz,26b8505fc03fdc281d0f19cf7887d93e19e5a804701fee93113d4c31456ecb39,prior_full_integrity_audit_plus_size_and_mtime,503d6a00165bdfdf8730e1baf24a9b28542f680d35e291bf37fca496e9978fd1,cb72af2fc436bea7c7a6907016d1cc6fa198ffe7e53049788f0b2aca00f8fea3,original_single_frame_window_verified,"[[26.24, 32.44]]",8,"{""rf_profile"": ""GFSK50"", ""tx_power_dbm"": 0}",ok,True,126.64415058782157,126.64415058782157,37.79451147271622,37.79451147271622,0.0
tx_p0_rf_profile-IEEE154G50_s1024,run_00001,web_sessions/20260719_003026_campaign_radio_ebyte_e79_cc1352p/packet_tx/20260719_011525_radio_ebyte_e79_cc1352p/raw/run_00001.csv.gz,254392ee6d8ac60fe4924e1ca967b69ef95bf3213c4d7afef362c68d7cf3d6ee,prior_full_integrity_audit_plus_size_and_mtime,cd3d11114a23831b14ef89fa7ca16e6d8fbffceccaeec1e637038934de58b658,20a4df7422b3142b77bd4547f21127b8bd425f8b0927c9bbb4effd628e2e4da3,per_frame_modeled_airtime_v1,"[[29.82, 45.3], [66.59, 82.07], [104.6, 120.08], [146.18, 161.66], [185.35, 200.83], [224.44, 239.92], [266.62, 282.1], [305.74, 321.22], [348.14, 363.62], [385.64, 401.12], [423.18, 438.66], [461.67, 477.15], [503.88, 519.36], [541.71, 557.19], [579.54, 595.02], [617.9, 633.38]]",1024,"{""rf_profile"": ""IEEE154G50"", ""tx_power_dbm"": 0}",ok,True,4643.119068931168,5787.934755869356,1073.668450402606,2171.862435598915,24.656177667261957
tx_p0_rf_profile-IEEE154G50_s1024,run_00002,web_sessions/20260719_003026_campaign_radio_ebyte_e79_cc1352p/packet_tx/20260719_011525_radio_ebyte_e79_cc1352p/raw/run_00002.csv.gz,2bf23e1f80a44e7cb666214a20ea76fe2f8c05ae091369d3bc8b6d8079ee05b5,prior_full_integrity_audit_plus_size_and_mtime,cd3d11114a23831b14ef89fa7ca16e6d8fbffceccaeec1e637038934de58b658,20a4df7422b3142b77bd4547f21127b8bd425f8b0927c9bbb4effd628e2e4da3,per_frame_modeled_airtime_v1,"[[29.05, 44.53], [67.21, 82.69], [103.66, 119.14], [142.2, 157.68], [179.68, 195.16], [218.21, 233.69], [256.55, 272.03], [299.29, 314.77], [336.6, 352.08], [375.08, 390.56], [412.21, 427.69], [451.12, 466.6], [489.45, 504.93], [531.7, 547.18], [569.72, 585.2], [610.65, 626.13]]",1024,"{""rf_profile"": ""IEEE154G50"", ""tx_power_dbm"": 0}",ok,True,4669.108456172866,5779.419873099277,1099.0286097095925,2165.180198404958,23.779944872741332
tx_p0_rf_profile-IEEE154G50_s1024,run_00003,web_sessions/20260719_003026_campaign_radio_ebyte_e79_cc1352p/packet_tx/20260719_011525_radio_ebyte_e79_cc1352p/raw/run_00003.csv.gz,d7277dec9e2a6cf54d5c2906365e6aafaf6b03665ce307ccf5ef4d138322d4e1,prior_full_integrity_audit_plus_size_and_mtime,cd3d11114a23831b14ef89fa7ca16e6d8fbffceccaeec1e637038934de58b658,20a4df7422b3142b77bd4547f21127b8bd425f8b0927c9bbb4effd628e2e4da3,per_frame_modeled_airtime_v1,"[[27.59, 43.07], [66.11, 81.59], [104.76, 120.24], [147.25, 162.73], [184.15, 199.63], [221.45, 236.93], [259.53, 275.01], [299.32, 314.8], [335.78, 351.26], [373.28, 388.76], [410.74, 426.22], [453.71, 469.19], [495.61, 511.09], [533.76, 549.24], [571.89, 587.37], [614.81, 630.29]]",1024,"{""rf_profile"": ""IEEE154G50"", ""tx_power_dbm"": 0}",ok,True,4666.7126715819595,5759.928756661966,1097.7083227728695,2144.796210616733,23.42582802959281
tx_p0_rf_profile-IEEE154G50_s1024,run_00004,web_sessions/20260719_003026_campaign_radio_ebyte_e79_cc1352p/packet_tx/20260719_011525_radio_ebyte_e79_cc1352p/raw/run_00004.csv.gz,1da49be35f81e4ef87bb39fbdba02d4f7fa8d370575489a306f22f171b51b99a,prior_full_integrity_audit_plus_size_and_mtime,cd3d11114a23831b14ef89fa7ca16e6d8fbffceccaeec1e637038934de58b658,20a4df7422b3142b77bd4547f21127b8bd425f8b0927c9bbb4effd628e2e4da3,per_frame_modeled_airtime_v1,"[[28.72, 44.2], [66.69, 82.17], [104.7, 120.18], [143.95, 159.43], [182.12, 197.6], [219.07, 234.55], [258.87, 274.35], [297.7, 313.18], [336.17, 351.65], [375.04, 390.52], [413.54, 429.02], [452.07, 467.55], [490.13, 505.61], [533.65, 549.13], [575.19, 590.67], [614.34, 629.82]]",1024,"{""rf_profile"": ""IEEE154G50"", ""tx_power_dbm"": 0}",ok,True,4652.240755812445,5749.517745015039,1082.7526880682085,2138.1119912743775,23.585988920106303
tx_p0_rf_profile-IEEE154G50_s1024,run_00005,web_sessions/20260719_003026_campaign_radio_ebyte_e79_cc1352p/packet_tx/20260719_011525_radio_ebyte_e79_cc1352p/raw/run_00005.csv.gz,28ae1c53d76b2a6296a61a541fa0088bed7bc2f42c114f6b4989e7a359bf7360,prior_full_integrity_audit_plus_size_and_mtime,cd3d11114a23831b14ef89fa7ca16e6d8fbffceccaeec1e637038934de58b658,20a4df7422b3142b77bd4547f21127b8bd425f8b0927c9bbb4effd628e2e4da3,per_frame_modeled_airtime_v1,"[[27.29, 42.77], [65.71, 81.19], [103.23, 118.71], [140.94, 156.42], [183.27, 198.75], [221.15, 236.63], [258.65, 274.13], [296.67, 312.15], [335.11, 350.59], [373.22, 388.7], [411.24, 426.72], [449.1, 464.58], [486.05, 501.53], [523.89, 539.37], [561.19, 576.67], [602.77, 618.25]]",1024,"{""rf_profile"": ""IEEE154G50"", ""tx_power_dbm"": 0}",ok,True,4652.1899049310505,5756.193112918816,1088.336387811155,2149.7374886368543,23.73082850331596
tx_p0_rf_profile-IEEE154G50_s128,run_00001,web_sessions/20260719_003026_campaign_radio_ebyte_e79_cc1352p/packet_tx/20260719_011429_radio_ebyte_e79_cc1352p/raw/run_00001.csv.gz,0f7e1d63cc147acbbd50919040117f9a7a8e4d5fe4d254098381ef60a4383087,prior_full_integrity_audit_plus_size_and_mtime,6b96b1c11e2fd7edb81581f38516a8e8809b94f5b0eced0f99aa24bdad844614,ee3e55f43979236b5e6d2d0a86c2f24acd5926eaff2be308d346f419e2969b8b,per_frame_modeled_airtime_v1,"[[29.04, 44.52], [70.12, 85.6]]",128,"{""rf_profile"": ""IEEE154G50"", ""tx_power_dbm"": 0}",ok,True,602.3916949329947,724.808580872006,155.46341105450935,273.15139754146014,20.321808379617188
tx_p0_rf_profile-IEEE154G50_s128,run_00002,web_sessions/20260719_003026_campaign_radio_ebyte_e79_cc1352p/packet_tx/20260719_011429_radio_ebyte_e79_cc1352p/raw/run_00002.csv.gz,16ba4bf94aeb6641f14abb43dc75ec8c42a828d59c744c4f8e3b6acdb3cbcc05,prior_full_integrity_audit_plus_size_and_mtime,6b96b1c11e2fd7edb81581f38516a8e8809b94f5b0eced0f99aa24bdad844614,ee3e55f43979236b5e6d2d0a86c2f24acd5926eaff2be308d346f419e2969b8b,per_frame_modeled_airtime_v1,"[[27.21, 42.69], [64.98, 80.46]]",128,"{""rf_profile"": ""IEEE154G50"", ""tx_power_dbm"": 0}",ok,True,601.6649406354934,722.8703587604284,153.8775057933968,271.42106322714466,20.145002631683152
tx_p0_rf_profile-IEEE154G50_s128,run_00003,web_sessions/20260719_003026_campaign_radio_ebyte_e79_cc1352p/packet_tx/20260719_011429_radio_ebyte_e79_cc1352p/raw/run_00003.csv.gz,99ce219df6d9eae71ef392544dfb2155e3cc94b863d017923469db1802e58e87,prior_full_integrity_audit_plus_size_and_mtime,6b96b1c11e2fd7edb81581f38516a8e8809b94f5b0eced0f99aa24bdad844614,ee3e55f43979236b5e6d2d0a86c2f24acd5926eaff2be308d346f419e2969b8b,per_frame_modeled_airtime_v1,"[[28.73, 44.21], [70.59, 86.07]]",128,"{""rf_profile"": ""IEEE154G50"", ""tx_power_dbm"": 0}",ok,True,601.2937953023775,719.7627733223394,155.5631131563658,268.66746714274603,19.70234500098018
tx_p0_rf_profile-IEEE154G50_s128,run_00004,web_sessions/20260719_003026_campaign_radio_ebyte_e79_cc1352p/packet_tx/20260719_011429_radio_ebyte_e79_cc1352p/raw/run_00004.csv.gz,07aae824dbb344573b7c7ceb86e85cc5f58707a3f469fc216f01892253920ab8,prior_full_integrity_audit_plus_size_and_mtime,6b96b1c11e2fd7edb81581f38516a8e8809b94f5b0eced0f99aa24bdad844614,ee3e55f43979236b5e6d2d0a86c2f24acd5926eaff2be308d346f419e2969b8b,per_frame_modeled_airtime_v1,"[[27.29, 42.77], [64.81, 80.29]]",128,"{""rf_profile"": ""IEEE154G50"", ""tx_power_dbm"": 0}",ok,True,600.6098908387211,725.8309765453663,155.6421267807879,275.0203717876377,20.848988272867164
tx_p0_rf_profile-IEEE154G50_s128,run_00005,web_sessions/20260719_003026_campaign_radio_ebyte_e79_cc1352p/packet_tx/20260719_011429_radio_ebyte_e79_cc1352p/raw/run_00005.csv.gz,820d758de0dbbfb3d2c55d560e108bf4dd629f287f429bc8e6c8ebc79fa03723,prior_full_integrity_audit_plus_size_and_mtime,6b96b1c11e2fd7edb81581f38516a8e8809b94f5b0eced0f99aa24bdad844614,ee3e55f43979236b5e6d2d0a86c2f24acd5926eaff2be308d346f419e2969b8b,per_frame_modeled_airtime_v1,"[[27.46, 42.94], [64.83, 80.31]]",128,"{""rf_profile"": ""IEEE154G50"", ""tx_power_dbm"": 0}",ok,True,600.8107205223146,725.2878023142074,153.86543928631878,273.3153845264635,20.718185867868467
tx_p0_rf_profile-IEEE154G50_s32,run_00001,web_sessions/20260719_003026_campaign_radio_ebyte_e79_cc1352p/packet_tx/20260719_011333_radio_ebyte_e79_cc1352p/raw/run_00001.csv.gz,ff4c4c7f0c22f931797380c129197f6e95a419a86774ce76ab455c4081bcd21a,prior_full_integrity_audit_plus_size_and_mtime,9c7d6398f8ce05953e3ba4daa478e70a573643a59ef74ea4f400062dc00012b4,a0e38b343de5884ee4ebee012f800ef47ccfdda0211e5e9447016244539b6e70,original_single_frame_window_verified,"[[28.06, 38.42]]",32,"{""rf_profile"": ""IEEE154G50"", ""tx_power_dbm"": 0}",ok,True,236.17834447842097,236.17834447842097,85.74612124715996,85.74612124715996,0.0
tx_p0_rf_profile-IEEE154G50_s32,run_00002,web_sessions/20260719_003026_campaign_radio_ebyte_e79_cc1352p/packet_tx/20260719_011333_radio_ebyte_e79_cc1352p/raw/run_00002.csv.gz,a30f174c1c8d0065c85de888c718cb2205b2ea70ac3bcd947089fe6026a8bea8,prior_full_integrity_audit_plus_size_and_mtime,9c7d6398f8ce05953e3ba4daa478e70a573643a59ef74ea4f400062dc00012b4,a0e38b343de5884ee4ebee012f800ef47ccfdda0211e5e9447016244539b6e70,original_single_frame_window_verified,"[[26.41, 36.77]]",32,"{""rf_profile"": ""IEEE154G50"", ""tx_power_dbm"": 0}",ok,True,234.61708056869384,234.61708056869384,83.85316747455103,83.85316747455103,0.0
tx_p0_rf_profile-IEEE154G50_s32,run_00003,web_sessions/20260719_003026_campaign_radio_ebyte_e79_cc1352p/packet_tx/20260719_011333_radio_ebyte_e79_cc1352p/raw/run_00003.csv.gz,4fa9c809e81f6e913f0e6f9957365db4709b475c164b959ca40b335e486a46e1,prior_full_integrity_audit_plus_size_and_mtime,9c7d6398f8ce05953e3ba4daa478e70a573643a59ef74ea4f400062dc00012b4,a0e38b343de5884ee4ebee012f800ef47ccfdda0211e5e9447016244539b6e70,original_single_frame_window_verified,"[[27.0, 37.36]]",32,"{""rf_profile"": ""IEEE154G50"", ""tx_power_dbm"": 0}",ok,True,232.1513441963719,232.1513441963719,81.42354223003085,81.42354223003085,0.0
tx_p0_rf_profile-IEEE154G50_s32,run_00004,web_sessions/20260719_003026_campaign_radio_ebyte_e79_cc1352p/packet_tx/20260719_011333_radio_ebyte_e79_cc1352p/raw/run_00004.csv.gz,d8be4f3a3703c19e18bf4cf17da194b6fc0c5249f0e515c1bee3d3c837998b31,prior_full_integrity_audit_plus_size_and_mtime,9c7d6398f8ce05953e3ba4daa478e70a573643a59ef74ea4f400062dc00012b4,a0e38b343de5884ee4ebee012f800ef47ccfdda0211e5e9447016244539b6e70,original_single_frame_window_verified,"[[28.23, 38.59]]",32,"{""rf_profile"": ""IEEE154G50"", ""tx_power_dbm"": 0}",ok,True,234.62044105938102,234.62044105938102,84.05207277042597,84.05207277042597,0.0
tx_p0_rf_profile-IEEE154G50_s32,run_00005,web_sessions/20260719_003026_campaign_radio_ebyte_e79_cc1352p/packet_tx/20260719_011333_radio_ebyte_e79_cc1352p/raw/run_00005.csv.gz,26eddc9af7d93ed26637b07a4d7e6ae4ba9d34e8a33d6ffdfc6bf9036080e721,prior_full_integrity_audit_plus_size_and_mtime,9c7d6398f8ce05953e3ba4daa478e70a573643a59ef74ea4f400062dc00012b4,a0e38b343de5884ee4ebee012f800ef47ccfdda0211e5e9447016244539b6e70,original_single_frame_window_verified,"[[26.03, 36.39]]",32,"{""rf_profile"": ""IEEE154G50"", ""tx_power_dbm"": 0}",ok,True,233.1820829166391,233.1820829166391,82.84096351989149,82.84096351989149,0.0
tx_p0_rf_profile-IEEE154G50_s512,run_00001,web_sessions/20260719_003026_campaign_radio_ebyte_e79_cc1352p/packet_tx/20260719_011457_radio_ebyte_e79_cc1352p/raw/run_00001.csv.gz,1aedb62d2d3cf7e847a9d1b1c80731352e1c08ec7e5e615c1f1866c22c1f234a,prior_full_integrity_audit_plus_size_and_mtime,11a936dfa3b2bb4c6d3f581c06747304a4936230254f5e6129e1d7fab6c57ffd,09930e081cf2be135aecf5d0888ed106d93e075721980964171f652b8473d28e,per_frame_modeled_airtime_v1,"[[30.3, 45.78], [72.56, 88.04], [115.54, 131.02], [154.47, 169.95], [196.24, 211.72], [241.18, 256.66], [284.19, 299.67], [322.43, 337.91]]",512,"{""rf_profile"": ""IEEE154G50"", ""tx_power_dbm"": 0}",ok,True,2280.5268174540565,2896.074009417348,495.64342800081295,1085.8808240381636,26.991447206504617
tx_p0_rf_profile-IEEE154G50_s512,run_00002,web_sessions/20260719_003026_campaign_radio_ebyte_e79_cc1352p/packet_tx/20260719_011457_radio_ebyte_e79_cc1352p/raw/run_00002.csv.gz,3afaa8e55008388792f6fea4b08d8b221cc0168c9b771223e3bfbccd445cc0b9,prior_full_integrity_audit_plus_size_and_mtime,11a936dfa3b2bb4c6d3f581c06747304a4936230254f5e6129e1d7fab6c57ffd,09930e081cf2be135aecf5d0888ed106d93e075721980964171f652b8473d28e,per_frame_modeled_airtime_v1,"[[27.41, 42.89], [64.95, 80.43], [102.23, 117.71], [139.41, 154.89], [177.08, 192.56], [215.06, 230.54], [252.94, 268.42], [295.06, 310.54]]",512,"{""rf_profile"": ""IEEE154G50"", ""tx_power_dbm"": 0}",ok,True,2370.0663163097543,2878.6746857744247,584.7515170816935,1073.5341273848087,21.45966827867436
tx_p0_rf_profile-IEEE154G50_s512,run_00003,web_sessions/20260719_003026_campaign_radio_ebyte_e79_cc1352p/packet_tx/20260719_011457_radio_ebyte_e79_cc1352p/raw/run_00003.csv.gz,a1b382ee2798d4dca72de2dd3e53d127ecb25fe4d997f0e34cad6bfd5a3f7dcc,prior_full_integrity_audit_plus_size_and_mtime,11a936dfa3b2bb4c6d3f581c06747304a4936230254f5e6129e1d7fab6c57ffd,09930e081cf2be135aecf5d0888ed106d93e075721980964171f652b8473d28e,per_frame_modeled_airtime_v1,"[[27.12, 42.6], [65.09, 80.57], [103.0, 118.48], [146.97, 162.45], [190.14, 205.62], [227.25, 242.73], [264.61, 280.09], [307.15, 322.63]]",512,"{""rf_profile"": ""IEEE154G50"", ""tx_power_dbm"": 0}",ok,True,2322.430758184502,2885.8364449286687,538.6960696192461,1078.3596628306198,24.25931041253493
tx_p0_rf_profile-IEEE154G50_s512,run_00004,web_sessions/20260719_003026_campaign_radio_ebyte_e79_cc1352p/packet_tx/20260719_011457_radio_ebyte_e79_cc1352p/raw/run_00004.csv.gz,0dcc313274333f989550648a380d9679b3634aac30c9d61589fd3d87c47cf19a,prior_full_integrity_audit_plus_size_and_mtime,11a936dfa3b2bb4c6d3f581c06747304a4936230254f5e6129e1d7fab6c57ffd,09930e081cf2be135aecf5d0888ed106d93e075721980964171f652b8473d28e,per_frame_modeled_airtime_v1,"[[28.67, 44.15], [67.2, 82.68], [106.3, 121.78], [149.4, 164.88], [186.9, 202.38], [224.75, 240.23], [262.91, 278.39], [302.63, 318.11]]",512,"{""rf_profile"": ""IEEE154G50"", ""tx_power_dbm"": 0}",ok,True,2361.5108702926254,2887.4796477773384,576.0164560477124,1079.5795108200898,22.27255373249828
tx_p0_rf_profile-IEEE154G50_s512,run_00005,web_sessions/20260719_003026_campaign_radio_ebyte_e79_cc1352p/packet_tx/20260719_011457_radio_ebyte_e79_cc1352p/raw/run_00005.csv.gz,0f77b418948da71c1735b7654d5334637774e174198e4a2b57c566bfd34c5c29,prior_full_integrity_audit_plus_size_and_mtime,11a936dfa3b2bb4c6d3f581c06747304a4936230254f5e6129e1d7fab6c57ffd,09930e081cf2be135aecf5d0888ed106d93e075721980964171f652b8473d28e,per_frame_modeled_airtime_v1,"[[28.77, 44.25], [70.68, 86.16], [107.12, 122.6], [145.07, 160.55], [184.56, 200.04], [221.54, 237.02], [259.14, 274.62], [301.5, 316.98]]",512,"{""rf_profile"": ""IEEE154G50"", ""tx_power_dbm"": 0}",ok,True,2361.6632957190645,2897.6841024292094,574.878172094468,1090.4114865603785,22.69674968831408
tx_p0_rf_profile-IEEE154G50_s64,run_00001,web_sessions/20260719_003026_campaign_radio_ebyte_e79_cc1352p/packet_tx/20260719_011401_radio_ebyte_e79_cc1352p/raw/run_00001.csv.gz,91f868fd298ebd48cce3cfeda6df79f0b015aa151b82e3364aacc7aeb843783f,prior_full_integrity_audit_plus_size_and_mtime,64307df6d7c197a3467d696b8af7e7f91b50ad96f8fc29fb1f9bad9290da46eb,c06ef5ca95cb3aacae6e2440917c384328e4fbc97ddb8a6dfe28073645fcd009,original_single_frame_window_verified,"[[28.6, 44.08]]",64,"{""rf_profile"": ""IEEE154G50"", ""tx_power_dbm"": 0}",ok,True,363.20028829472955,363.20028829472955,137.59545546842514,137.59545546842514,0.0
tx_p0_rf_profile-IEEE154G50_s64,run_00002,web_sessions/20260719_003026_campaign_radio_ebyte_e79_cc1352p/packet_tx/20260719_011401_radio_ebyte_e79_cc1352p/raw/run_00002.csv.gz,59508fdba16c4d543a4d9d756fd3754ee9a00e82d6996e95d30222200a766e14,prior_full_integrity_audit_plus_size_and_mtime,64307df6d7c197a3467d696b8af7e7f91b50ad96f8fc29fb1f9bad9290da46eb,c06ef5ca95cb3aacae6e2440917c384328e4fbc97ddb8a6dfe28073645fcd009,original_single_frame_window_verified,"[[28.19, 43.67]]",64,"{""rf_profile"": ""IEEE154G50"", ""tx_power_dbm"": 0}",ok,True,359.6772455787153,359.6772455787153,133.94107520243824,133.94107520243824,0.0
tx_p0_rf_profile-IEEE154G50_s64,run_00003,web_sessions/20260719_003026_campaign_radio_ebyte_e79_cc1352p/packet_tx/20260719_011401_radio_ebyte_e79_cc1352p/raw/run_00003.csv.gz,a7c78ffd9e37a8ce910635bf801b7936044a84cb078d8a65de0bf002d9c61bc9,prior_full_integrity_audit_plus_size_and_mtime,64307df6d7c197a3467d696b8af7e7f91b50ad96f8fc29fb1f9bad9290da46eb,c06ef5ca95cb3aacae6e2440917c384328e4fbc97ddb8a6dfe28073645fcd009,original_single_frame_window_verified,"[[27.58, 43.06]]",64,"{""rf_profile"": ""IEEE154G50"", ""tx_power_dbm"": 0}",ok,True,361.6499808119426,361.6499808119426,136.75635406766833,136.75635406766833,0.0
tx_p0_rf_profile-IEEE154G50_s64,run_00004,web_sessions/20260719_003026_campaign_radio_ebyte_e79_cc1352p/packet_tx/20260719_011401_radio_ebyte_e79_cc1352p/raw/run_00004.csv.gz,838f7a21a6c7ef526b2cc8ced790b1a4c617cf48b9b75a0683e9bc1028b8de88,prior_full_integrity_audit_plus_size_and_mtime,64307df6d7c197a3467d696b8af7e7f91b50ad96f8fc29fb1f9bad9290da46eb,c06ef5ca95cb3aacae6e2440917c384328e4fbc97ddb8a6dfe28073645fcd009,original_single_frame_window_verified,"[[27.44, 42.92]]",64,"{""rf_profile"": ""IEEE154G50"", ""tx_power_dbm"": 0}",ok,True,362.22947087915975,362.22947087915975,136.25439830535737,136.25439830535737,0.0
tx_p0_rf_profile-IEEE154G50_s64,run_00005,web_sessions/20260719_003026_campaign_radio_ebyte_e79_cc1352p/packet_tx/20260719_011401_radio_ebyte_e79_cc1352p/raw/run_00005.csv.gz,d4687c027b35b5e4a567d99e0d36393bc74cb85136515af7f71c023f968110a1,prior_full_integrity_audit_plus_size_and_mtime,64307df6d7c197a3467d696b8af7e7f91b50ad96f8fc29fb1f9bad9290da46eb,c06ef5ca95cb3aacae6e2440917c384328e4fbc97ddb8a6dfe28073645fcd009,original_single_frame_window_verified,"[[27.17, 42.65]]",64,"{""rf_profile"": ""IEEE154G50"", ""tx_power_dbm"": 0}",ok,True,357.936602338236,357.936602338236,132.30345391639025,132.30345391639025,0.0
tx_p0_rf_profile-IEEE154G50_s8,run_00001,web_sessions/20260719_003026_campaign_radio_ebyte_e79_cc1352p/packet_tx/20260719_011305_radio_ebyte_e79_cc1352p/raw/run_00001.csv.gz,e807ae0f580b60291bce4b8d6f96acbee7dbe317e9eaa6dc9fb1e71bc7d2f8ab,prior_full_integrity_audit_plus_size_and_mtime,dd3c27692c32d661e4d4c37c4897a76946c030b57d888312e6df54ad13284c6f,47786403a21762665d5060aaf10af6c9e2388ee7b12661cb248304deafc80fe9,original_single_frame_window_verified,"[[26.77, 33.29]]",8,"{""rf_profile"": ""IEEE154G50"", ""tx_power_dbm"": 0}",ok,True,137.222462526867,137.222462526867,43.12945911975012,43.12945911975012,0.0
tx_p0_rf_profile-IEEE154G50_s8,run_00002,web_sessions/20260719_003026_campaign_radio_ebyte_e79_cc1352p/packet_tx/20260719_011305_radio_ebyte_e79_cc1352p/raw/run_00002.csv.gz,77b48067c342827a0d93cc310cd8c5bb429dbc23efcf12b64acc0dc41b9c98ec,prior_full_integrity_audit_plus_size_and_mtime,dd3c27692c32d661e4d4c37c4897a76946c030b57d888312e6df54ad13284c6f,47786403a21762665d5060aaf10af6c9e2388ee7b12661cb248304deafc80fe9,original_single_frame_window_verified,"[[26.23, 32.75]]",8,"{""rf_profile"": ""IEEE154G50"", ""tx_power_dbm"": 0}",ok,True,136.6024641502034,136.6024641502034,42.089660244212816,42.089660244212816,0.0
tx_p0_rf_profile-IEEE154G50_s8,run_00003,web_sessions/20260719_003026_campaign_radio_ebyte_e79_cc1352p/packet_tx/20260719_011305_radio_ebyte_e79_cc1352p/raw/run_00003.csv.gz,a37b038f2b2ee29c735c158740b8d190e6a06c08262abd1d07070c224169ea75,prior_full_integrity_audit_plus_size_and_mtime,dd3c27692c32d661e4d4c37c4897a76946c030b57d888312e6df54ad13284c6f,47786403a21762665d5060aaf10af6c9e2388ee7b12661cb248304deafc80fe9,original_single_frame_window_verified,"[[25.7, 32.22]]",8,"{""rf_profile"": ""IEEE154G50"", ""tx_power_dbm"": 0}",ok,True,137.1606685256056,137.1606685256056,42.46578714853637,42.46578714853637,0.0
tx_p0_rf_profile-IEEE154G50_s8,run_00004,web_sessions/20260719_003026_campaign_radio_ebyte_e79_cc1352p/packet_tx/20260719_011305_radio_ebyte_e79_cc1352p/raw/run_00004.csv.gz,752d40e59329edce0a4b859c8165a78cba997ca24cf49aea00295b3430179950,prior_full_integrity_audit_plus_size_and_mtime,dd3c27692c32d661e4d4c37c4897a76946c030b57d888312e6df54ad13284c6f,47786403a21762665d5060aaf10af6c9e2388ee7b12661cb248304deafc80fe9,original_single_frame_window_verified,"[[25.24, 31.76]]",8,"{""rf_profile"": ""IEEE154G50"", ""tx_power_dbm"": 0}",ok,True,139.06810660325038,139.06810660325038,44.80462545091426,44.80462545091426,0.0
tx_p0_rf_profile-IEEE154G50_s8,run_00005,web_sessions/20260719_003026_campaign_radio_ebyte_e79_cc1352p/packet_tx/20260719_011305_radio_ebyte_e79_cc1352p/raw/run_00005.csv.gz,eabab9e32cd11adf79656791df05dcb722f67973e45cb1660d8c9efccb286e61,prior_full_integrity_audit_plus_size_and_mtime,dd3c27692c32d661e4d4c37c4897a76946c030b57d888312e6df54ad13284c6f,47786403a21762665d5060aaf10af6c9e2388ee7b12661cb248304deafc80fe9,original_single_frame_window_verified,"[[26.43, 32.95]]",8,"{""rf_profile"": ""IEEE154G50"", ""tx_power_dbm"": 0}",ok,True,137.10165566186268,137.10165566186268,43.07312313141399,43.07312313141399,0.0
tx_p0_rf_profile-OOK4K8_s1024,run_00001,web_sessions/20260719_003026_campaign_radio_ebyte_e79_cc1352p/packet_tx/20260719_011214_radio_ebyte_e79_cc1352p/raw/run_00001.csv.gz,79885c1176579ae2a2cef766c506939493a252513288eaf49bd5447440ab8f10,prior_full_integrity_audit_plus_size_and_mtime,bc25f4b15a9e9d2e90615c23f269332047b333b25eac362f3366a7ed52932b78,d7e6ea8b51ede4769ae6677988a286e9f6a9c8e67e550ee77b73c7c2b910a130,per_frame_modeled_airtime_v1,"[[28.08, 157.75], [180.13, 309.8], [332.42, 462.09], [488.81, 618.48], [641.46, 771.13], [792.5, 922.17], [944.18, 1073.85], [1098.19, 1227.86], [1250.52, 1380.19], [1401.83, 1531.5], [1553.75, 1683.41], [1706.34, 1836.0], [1857.44, 1987.1], [2012.01, 2141.67], [2162.19, 2291.85], [2317.91, 2447.57]]",1024,"{""rf_profile"": ""OOK4K8"", ""tx_power_dbm"": 0}",ok,True,40255.509081696204,41689.534108259715,10807.479151630978,12269.363283310948,3.5623075183405017
tx_p0_rf_profile-OOK4K8_s1024,run_00002,web_sessions/20260719_003026_campaign_radio_ebyte_e79_cc1352p/packet_tx/20260719_011214_radio_ebyte_e79_cc1352p/raw/run_00002.csv.gz,93c585dd45db36ecfa710b162ff1c87cc4f8eb57f9b21b4cacd4cc1e1d78f285,prior_full_integrity_audit_plus_size_and_mtime,bc25f4b15a9e9d2e90615c23f269332047b333b25eac362f3366a7ed52932b78,d7e6ea8b51ede4769ae6677988a286e9f6a9c8e67e550ee77b73c7c2b910a130,per_frame_modeled_airtime_v1,"[[28.09, 157.76], [180.98, 310.65], [335.91, 465.58], [488.89, 618.56], [641.31, 770.98], [795.69, 925.36], [948.85, 1078.52], [1100.35, 1230.02], [1255.18, 1384.85], [1409.28, 1538.95], [1566.55, 1696.21], [1717.15, 1846.81], [1865.81, 1995.47], [2019.27, 2148.93], [2176.18, 2305.84], [2331.75, 2461.41]]",1024,"{""rf_profile"": ""OOK4K8"", ""tx_power_dbm"": 0}",ok,True,40224.19702594971,41695.395218454745,10796.346914882042,12296.295708424663,3.657495490975071
tx_p0_rf_profile-OOK4K8_s1024,run_00003,web_sessions/20260719_003026_campaign_radio_ebyte_e79_cc1352p/packet_tx/20260719_011214_radio_ebyte_e79_cc1352p/raw/run_00003.csv.gz,1d5a140de88e59c86442a1c2ce39cad6ca28bccc357e439028aae6016aaec7e5,prior_full_integrity_audit_plus_size_and_mtime,bc25f4b15a9e9d2e90615c23f269332047b333b25eac362f3366a7ed52932b78,d7e6ea8b51ede4769ae6677988a286e9f6a9c8e67e550ee77b73c7c2b910a130,per_frame_modeled_airtime_v1,"[[25.9, 155.57], [177.32, 306.99], [331.83, 461.5], [487.91, 617.58], [638.59, 768.26], [792.9, 922.57], [947.63, 1077.3], [1099.96, 1229.63], [1251.05, 1380.72], [1405.67, 1535.34], [1560.27, 1689.93], [1710.46, 1840.12], [1866.55, 1996.21], [2016.88, 2146.54], [2168.2, 2297.86], [2321.83, 2451.49]]",1024,"{""rf_profile"": ""OOK4K8"", ""tx_power_dbm"": 0}",ok,True,40240.53781729004,41691.24672324996,10750.860929537936,12225.421029774645,3.605093233462209
tx_p0_rf_profile-OOK4K8_s1024,run_00004,web_sessions/20260719_003026_campaign_radio_ebyte_e79_cc1352p/packet_tx/20260719_011214_radio_ebyte_e79_cc1352p/raw/run_00004.csv.gz,46a654757b6f58eb5888438c18adc717f65c67d0c882d3e906be88bcdcc3565c,prior_full_integrity_audit_plus_size_and_mtime,bc25f4b15a9e9d2e90615c23f269332047b333b25eac362f3366a7ed52932b78,d7e6ea8b51ede4769ae6677988a286e9f6a9c8e67e550ee77b73c7c2b910a130,per_frame_modeled_airtime_v1,"[[27.89, 157.56], [177.83, 307.5], [329.88, 459.55], [481.6, 611.27], [636.55, 766.22], [787.25, 916.92], [940.1, 1069.77], [1089.23, 1218.9], [1243.51, 1373.18], [1395.14, 1524.81], [1545.56, 1675.22], [1696.7, 1826.36], [1849.18, 1978.84], [2001.64, 2131.3], [2153.68, 2283.34], [2309.17, 2438.83]]",1024,"{""rf_profile"": ""OOK4K8"", ""tx_power_dbm"": 0}",ok,True,40323.55497378626,41704.77481148532,10885.546091618984,12296.809754672086,3.4253424297460144
tx_p0_rf_profile-OOK4K8_s1024,run_00005,web_sessions/20260719_003026_campaign_radio_ebyte_e79_cc1352p/packet_tx/20260719_011214_radio_ebyte_e79_cc1352p/raw/run_00005.csv.gz,fa9c71b0ec7ed3caa48134c0ec7802bd6159473851885854e3a175f2ddf5368b,prior_full_integrity_audit_plus_size_and_mtime,bc25f4b15a9e9d2e90615c23f269332047b333b25eac362f3366a7ed52932b78,d7e6ea8b51ede4769ae6677988a286e9f6a9c8e67e550ee77b73c7c2b910a130,per_frame_modeled_airtime_v1,"[[26.65, 156.32], [181.93, 311.6], [332.08, 461.75], [487.41, 617.08], [637.67, 767.34], [788.74, 918.41], [939.73, 1069.4], [1090.54, 1220.21], [1242.07, 1371.74], [1396.67, 1526.34], [1550.06, 1679.72], [1702.02, 1831.68], [1856.43, 1986.09], [2008.79, 2138.45], [2165.37, 2295.03], [2318.95, 2448.61]]",1024,"{""rf_profile"": ""OOK4K8"", ""tx_power_dbm"": 0}",ok,True,40286.492418508526,41707.277007687226,10855.319421795817,12300.371817631578,3.5267021373296847
tx_p0_rf_profile-OOK4K8_s128,run_00001,web_sessions/20260719_003026_campaign_radio_ebyte_e79_cc1352p/packet_tx/20260719_011107_radio_ebyte_e79_cc1352p/raw/run_00001.csv.gz,79e3d3bc0346653afb9d436ef7f9ab98e9092a7a2f8ab72414107ae2d0fb9ea7,prior_full_integrity_audit_plus_size_and_mtime,ff722f729c940a7597877049a2fb719bd9a2055949e0fb92ada3877b534f40db,65b83e3a0b048d6d123336c684e81871174a5340488dd43d4a39b1c54f45433b,per_frame_modeled_airtime_v1,"[[28.27, 157.94], [182.77, 312.43]]",128,"{""rf_profile"": ""OOK4K8"", ""tx_power_dbm"": 0}",ok,True,5152.559941192445,5260.122847472064,1471.6793064327999,1581.7117377963466,2.087562444828661
tx_p0_rf_profile-OOK4K8_s128,run_00002,web_sessions/20260719_003026_campaign_radio_ebyte_e79_cc1352p/packet_tx/20260719_011107_radio_ebyte_e79_cc1352p/raw/run_00002.csv.gz,517b5d41494592f7d1960ea01b276f3a3ce17cab7e4f780ebd78da61b174e797,prior_full_integrity_audit_plus_size_and_mtime,ff722f729c940a7597877049a2fb719bd9a2055949e0fb92ada3877b534f40db,65b83e3a0b048d6d123336c684e81871174a5340488dd43d4a39b1c54f45433b,per_frame_modeled_airtime_v1,"[[26.55, 156.22], [180.55, 310.21]]",128,"{""rf_profile"": ""OOK4K8"", ""tx_power_dbm"": 0}",ok,True,5145.106781701144,5249.7206070382545,1465.295187465929,1572.084905266891,2.033268302791602
tx_p0_rf_profile-OOK4K8_s128,run_00003,web_sessions/20260719_003026_campaign_radio_ebyte_e79_cc1352p/packet_tx/20260719_011107_radio_ebyte_e79_cc1352p/raw/run_00003.csv.gz,43667a0b06000b4fbbfa9c4d66d5ecec62f5ebde416d65fc122c180608c94157,prior_full_integrity_audit_plus_size_and_mtime,ff722f729c940a7597877049a2fb719bd9a2055949e0fb92ada3877b534f40db,65b83e3a0b048d6d123336c684e81871174a5340488dd43d4a39b1c54f45433b,per_frame_modeled_airtime_v1,"[[26.91, 156.58], [183.23, 312.89]]",128,"{""rf_profile"": ""OOK4K8"", ""tx_power_dbm"": 0}",ok,True,5135.5076924001005,5241.573239745193,1455.9135453999281,1565.6493814028559,2.065337133114542
tx_p0_rf_profile-OOK4K8_s128,run_00004,web_sessions/20260719_003026_campaign_radio_ebyte_e79_cc1352p/packet_tx/20260719_011107_radio_ebyte_e79_cc1352p/raw/run_00004.csv.gz,175437b13083f8f1d2358a2567700f951027b154b984fe014041cab2593401fc,prior_full_integrity_audit_plus_size_and_mtime,ff722f729c940a7597877049a2fb719bd9a2055949e0fb92ada3877b534f40db,65b83e3a0b048d6d123336c684e81871174a5340488dd43d4a39b1c54f45433b,per_frame_modeled_airtime_v1,"[[26.84, 156.51], [182.67, 312.33]]",128,"{""rf_profile"": ""OOK4K8"", ""tx_power_dbm"": 0}",ok,True,5128.11301966872,5240.22324723249,1449.58650979024,1564.5975598946177,2.1861887039886785
tx_p0_rf_profile-OOK4K8_s128,run_00005,web_sessions/20260719_003026_campaign_radio_ebyte_e79_cc1352p/packet_tx/20260719_011107_radio_ebyte_e79_cc1352p/raw/run_00005.csv.gz,615a9ef23b29406959f104e60717893dfe155633134482b4ce7b09dd289557de,prior_full_integrity_audit_plus_size_and_mtime,ff722f729c940a7597877049a2fb719bd9a2055949e0fb92ada3877b534f40db,65b83e3a0b048d6d123336c684e81871174a5340488dd43d4a39b1c54f45433b,per_frame_modeled_airtime_v1,"[[24.93, 154.6], [176.56, 306.22]]",128,"{""rf_profile"": ""OOK4K8"", ""tx_power_dbm"": 0}",ok,True,5145.450108681789,5238.792395106862,1466.007913035774,1563.0834294481608,1.8140742685966327
tx_p0_rf_profile-OOK4K8_s32,run_00001,web_sessions/20260719_003026_campaign_radio_ebyte_e79_cc1352p/packet_tx/20260719_011011_radio_ebyte_e79_cc1352p/raw/run_00001.csv.gz,b5c00ea08a5a25f2bee741b4dcc071bd98d210bd7908dc0eb3f2551ee9dfbe68,prior_full_integrity_audit_plus_size_and_mtime,7cccd6bd67791a66d0b4ecb8ef8eaac1cfe35730ab8fe3d95941544f863cd00f,3732ee71de0aadd9aec57d95e0afb01fd7e6bdd3fd70e8df83c2ff9833de9c14,original_single_frame_window_verified,"[[26.91, 103.24]]",32,"{""rf_profile"": ""OOK4K8"", ""tx_power_dbm"": 0}",ok,True,1554.2482944518233,1554.2482944518233,469.72981386222455,469.72981386222455,0.0
tx_p0_rf_profile-OOK4K8_s32,run_00002,web_sessions/20260719_003026_campaign_radio_ebyte_e79_cc1352p/packet_tx/20260719_011011_radio_ebyte_e79_cc1352p/raw/run_00002.csv.gz,130198a2beda23b495135e3c234e57c4dea1053d8a932ffedb78aa9c679faaa0,prior_full_integrity_audit_plus_size_and_mtime,7cccd6bd67791a66d0b4ecb8ef8eaac1cfe35730ab8fe3d95941544f863cd00f,3732ee71de0aadd9aec57d95e0afb01fd7e6bdd3fd70e8df83c2ff9833de9c14,original_single_frame_window_verified,"[[25.17, 101.5]]",32,"{""rf_profile"": ""OOK4K8"", ""tx_power_dbm"": 0}",ok,True,1550.8098473858286,1550.8098473858286,467.5193790120021,467.5193790120021,0.0
tx_p0_rf_profile-OOK4K8_s32,run_00003,web_sessions/20260719_003026_campaign_radio_ebyte_e79_cc1352p/packet_tx/20260719_011011_radio_ebyte_e79_cc1352p/raw/run_00003.csv.gz,ac4dd599dabf875481f1f30a7c977de65e73ee4a653c29a83fd1f4024918098e,prior_full_integrity_audit_plus_size_and_mtime,7cccd6bd67791a66d0b4ecb8ef8eaac1cfe35730ab8fe3d95941544f863cd00f,3732ee71de0aadd9aec57d95e0afb01fd7e6bdd3fd70e8df83c2ff9833de9c14,original_single_frame_window_verified,"[[25.94, 102.27]]",32,"{""rf_profile"": ""OOK4K8"", ""tx_power_dbm"": 0}",ok,True,1544.7619827980238,1544.7619827980238,461.0564315209823,461.0564315209823,0.0
tx_p0_rf_profile-OOK4K8_s32,run_00004,web_sessions/20260719_003026_campaign_radio_ebyte_e79_cc1352p/packet_tx/20260719_011011_radio_ebyte_e79_cc1352p/raw/run_00004.csv.gz,4eb75f62ee918db8a9ec934e0263522efc7fdedd20e1ecb42f28d8b705a800d3,prior_full_integrity_audit_plus_size_and_mtime,7cccd6bd67791a66d0b4ecb8ef8eaac1cfe35730ab8fe3d95941544f863cd00f,3732ee71de0aadd9aec57d95e0afb01fd7e6bdd3fd70e8df83c2ff9833de9c14,original_single_frame_window_verified,"[[25.77, 102.1]]",32,"{""rf_profile"": ""OOK4K8"", ""tx_power_dbm"": 0}",ok,True,1551.2372056667668,1551.2372056667668,465.3761015418406,465.3761015418406,0.0
tx_p0_rf_profile-OOK4K8_s32,run_00005,web_sessions/20260719_003026_campaign_radio_ebyte_e79_cc1352p/packet_tx/20260719_011011_radio_ebyte_e79_cc1352p/raw/run_00005.csv.gz,8d3d000160db38bee3ae7ac301ecb82594b5ff20dccfa638e7f217bb52ca1aae,prior_full_integrity_audit_plus_size_and_mtime,7cccd6bd67791a66d0b4ecb8ef8eaac1cfe35730ab8fe3d95941544f863cd00f,3732ee71de0aadd9aec57d95e0afb01fd7e6bdd3fd70e8df83c2ff9833de9c14,original_single_frame_window_verified,"[[27.51, 103.84]]",32,"{""rf_profile"": ""OOK4K8"", ""tx_power_dbm"": 0}",ok,True,1551.049966242117,1551.049966242117,466.7907646949886,466.7907646949886,0.0
tx_p0_rf_profile-OOK4K8_s512,run_00001,web_sessions/20260719_003026_campaign_radio_ebyte_e79_cc1352p/packet_tx/20260719_011135_radio_ebyte_e79_cc1352p/raw/run_00001.csv.gz,ffa93a4843a0120c26b1c67249eb7b04663a3454ccbfb89aa3315b9bd5a49416,prior_full_integrity_audit_plus_size_and_mtime,331aaedd9f49e65546d1504d91b6ea602c054749d107459b1ea3c96e2ce8c75e,6bf4f06508161ab67fbe0591d368e98dedd3264ad930450c6f9acd452c36cc8e,per_frame_modeled_airtime_v1,"[[26.62, 156.29], [180.13, 309.8], [332.46, 462.13], [482.93, 612.6], [636.95, 766.62], [787.51, 917.17], [942.2, 1071.86], [1094.2, 1223.86]]",512,"{""rf_profile"": ""OOK4K8"", ""tx_power_dbm"": 0}",ok,True,20301.41756317666,20955.64411022579,5558.881449286319,6231.311271625122,3.2225658381402233
tx_p0_rf_profile-OOK4K8_s512,run_00002,web_sessions/20260719_003026_campaign_radio_ebyte_e79_cc1352p/packet_tx/20260719_011135_radio_ebyte_e79_cc1352p/raw/run_00002.csv.gz,dfc233fbc2ece7afa86b80a4f717ab171dd5e446378e8d29a7fb1b236458f587,prior_full_integrity_audit_plus_size_and_mtime,331aaedd9f49e65546d1504d91b6ea602c054749d107459b1ea3c96e2ce8c75e,6bf4f06508161ab67fbe0591d368e98dedd3264ad930450c6f9acd452c36cc8e,per_frame_modeled_airtime_v1,"[[26.56, 156.23], [177.78, 307.45], [332.14, 461.81], [486.73, 616.4], [637.99, 767.66], [792.22, 921.88], [945.25, 1074.91], [1096.52, 1226.18]]",512,"{""rf_profile"": ""OOK4K8"", ""tx_power_dbm"": 0}",ok,True,20228.775633020105,20911.29177634976,5513.169239200731,6205.461840234023,3.3739864226659533
tx_p0_rf_profile-OOK4K8_s512,run_00003,web_sessions/20260719_003026_campaign_radio_ebyte_e79_cc1352p/packet_tx/20260719_011135_radio_ebyte_e79_cc1352p/raw/run_00003.csv.gz,9298c6f151b97ac6e40976a2b499806d1ea22d782253f7dda418911e459e889e,prior_full_integrity_audit_plus_size_and_mtime,331aaedd9f49e65546d1504d91b6ea602c054749d107459b1ea3c96e2ce8c75e,6bf4f06508161ab67fbe0591d368e98dedd3264ad930450c6f9acd452c36cc8e,per_frame_modeled_airtime_v1,"[[25.62, 155.29], [176.09, 305.76], [330.57, 460.24], [486.3, 615.97], [636.97, 766.64], [790.41, 920.07], [939.75, 1069.41], [1090.04, 1219.7]]",512,"{""rf_profile"": ""OOK4K8"", ""tx_power_dbm"": 0}",ok,True,20296.356229063003,20942.17059254016,5576.90139044541,6236.582616135991,3.18192268695201
tx_p0_rf_profile-OOK4K8_s512,run_00004,web_sessions/20260719_003026_campaign_radio_ebyte_e79_cc1352p/packet_tx/20260719_011135_radio_ebyte_e79_cc1352p/raw/run_00004.csv.gz,e5343f14cd5ee8a975e0e606f6298615de26214fbafb790a98c78c91da1b4de3,prior_full_integrity_audit_plus_size_and_mtime,331aaedd9f49e65546d1504d91b6ea602c054749d107459b1ea3c96e2ce8c75e,6bf4f06508161ab67fbe0591d368e98dedd3264ad930450c6f9acd452c36cc8e,per_frame_modeled_airtime_v1,"[[25.41, 155.08], [177.57, 307.24], [330.6, 460.27], [480.13, 609.8], [629.75, 759.42], [779.8, 909.46], [928.36, 1058.02], [1079.9, 1209.56]]",512,"{""rf_profile"": ""OOK4K8"", ""tx_power_dbm"": 0}",ok,True,20306.009087645663,20936.10566035806,5584.559560894683,6228.423267340733,3.1030054699214604
tx_p0_rf_profile-OOK4K8_s512,run_00005,web_sessions/20260719_003026_campaign_radio_ebyte_e79_cc1352p/packet_tx/20260719_011135_radio_ebyte_e79_cc1352p/raw/run_00005.csv.gz,54b34e180d7b3bff404f050645303cc1ae03a7bbcc911e114a9a61bb48b1cb93,prior_full_integrity_audit_plus_size_and_mtime,331aaedd9f49e65546d1504d91b6ea602c054749d107459b1ea3c96e2ce8c75e,6bf4f06508161ab67fbe0591d368e98dedd3264ad930450c6f9acd452c36cc8e,per_frame_modeled_airtime_v1,"[[25.6, 155.27], [175.56, 305.23], [330.22, 459.89], [484.92, 614.59], [636.09, 765.76], [786.35, 916.01], [942.54, 1072.2], [1091.6, 1221.26]]",512,"{""rf_profile"": ""OOK4K8"", ""tx_power_dbm"": 0}",ok,True,20273.704977266832,20920.793689296373,5571.005156317588,6227.967931271201,3.191763482575727
tx_p0_rf_profile-OOK4K8_s64,run_00001,web_sessions/20260719_003026_campaign_radio_ebyte_e79_cc1352p/packet_tx/20260719_011039_radio_ebyte_e79_cc1352p/raw/run_00001.csv.gz,f36fe998daf008f4a2562269a0ced92c23bd7623dcc19b5b6c3c149c4056b09f,prior_full_integrity_audit_plus_size_and_mtime,a1371bc3e48c95cf96850c85defcd1690aea5b675ddabd9e15214e097c77ccbb,57887e2b77f021f982998a51af971d5cda969a28cd2a61af654f8d4a934f4e94,original_single_frame_window_verified,"[[28.49, 158.15]]",64,"{""rf_profile"": ""OOK4K8"", ""tx_power_dbm"": 0}",ok,True,2643.1897180727165,2643.1897180727165,801.860765180937,801.860765180937,0.0
tx_p0_rf_profile-OOK4K8_s64,run_00002,web_sessions/20260719_003026_campaign_radio_ebyte_e79_cc1352p/packet_tx/20260719_011039_radio_ebyte_e79_cc1352p/raw/run_00002.csv.gz,e237245f4604d915fda73452e10d8a98d9eb284f33004cab53ed1dea0a9ff907,prior_full_integrity_audit_plus_size_and_mtime,a1371bc3e48c95cf96850c85defcd1690aea5b675ddabd9e15214e097c77ccbb,57887e2b77f021f982998a51af971d5cda969a28cd2a61af654f8d4a934f4e94,original_single_frame_window_verified,"[[25.36, 155.02]]",64,"{""rf_profile"": ""OOK4K8"", ""tx_power_dbm"": 0}",ok,True,2627.0231119322107,2627.0231119322107,789.6335310449654,789.6335310449654,0.0
tx_p0_rf_profile-OOK4K8_s64,run_00003,web_sessions/20260719_003026_campaign_radio_ebyte_e79_cc1352p/packet_tx/20260719_011039_radio_ebyte_e79_cc1352p/raw/run_00003.csv.gz,1735892c457618ebb526361c46bfc85011622474677617347ffac066e382f889,prior_full_integrity_audit_plus_size_and_mtime,a1371bc3e48c95cf96850c85defcd1690aea5b675ddabd9e15214e097c77ccbb,57887e2b77f021f982998a51af971d5cda969a28cd2a61af654f8d4a934f4e94,original_single_frame_window_verified,"[[26.45, 156.11]]",64,"{""rf_profile"": ""OOK4K8"", ""tx_power_dbm"": 0}",ok,True,2624.003989882551,2624.003989882551,784.0537047293526,784.0537047293526,0.0
tx_p0_rf_profile-OOK4K8_s64,run_00004,web_sessions/20260719_003026_campaign_radio_ebyte_e79_cc1352p/packet_tx/20260719_011039_radio_ebyte_e79_cc1352p/raw/run_00004.csv.gz,ca3b0296d1817afa5400441faf9e76f2d9360c0d9c7f6e08e64db262859da7bf,prior_full_integrity_audit_plus_size_and_mtime,a1371bc3e48c95cf96850c85defcd1690aea5b675ddabd9e15214e097c77ccbb,57887e2b77f021f982998a51af971d5cda969a28cd2a61af654f8d4a934f4e94,original_single_frame_window_verified,"[[27.39, 157.05]]",64,"{""rf_profile"": ""OOK4K8"", ""tx_power_dbm"": 0}",ok,True,2621.3253714020216,2621.3253714020216,782.7067593391309,782.7067593391309,0.0
tx_p0_rf_profile-OOK4K8_s64,run_00005,web_sessions/20260719_003026_campaign_radio_ebyte_e79_cc1352p/packet_tx/20260719_011039_radio_ebyte_e79_cc1352p/raw/run_00005.csv.gz,8a5ded708ff258fc3bb517dcee901801a9f1db824e2ce9029777162d8fe4526c,prior_full_integrity_audit_plus_size_and_mtime,a1371bc3e48c95cf96850c85defcd1690aea5b675ddabd9e15214e097c77ccbb,57887e2b77f021f982998a51af971d5cda969a28cd2a61af654f8d4a934f4e94,original_single_frame_window_verified,"[[25.84, 155.5]]",64,"{""rf_profile"": ""OOK4K8"", ""tx_power_dbm"": 0}",ok,True,2629.0370055417316,2629.0370055417316,788.6138845816188,788.6138845816188,0.0
tx_p0_rf_profile-OOK4K8_s8,run_00001,web_sessions/20260719_003026_campaign_radio_ebyte_e79_cc1352p/packet_tx/20260719_010943_radio_ebyte_e79_cc1352p/raw/run_00001.csv.gz,9a6725aeb0f2eadea42cff8ea61477680e0c713cbcd2c02b4f527655408de828,prior_full_integrity_audit_plus_size_and_mtime,38f58bfa1ceb3eac57944d42adcf1aa02843323975994da679de6b92a2d39098,c3ad26ac71d66322575e11a066ed32bb617af397d1a6f5084ed6b1ea68b8a328,original_single_frame_window_verified,"[[25.27, 61.6]]",8,"{""rf_profile"": ""OOK4K8"", ""tx_power_dbm"": 0}",ok,True,718.9807954936745,718.9807954936745,203.94895139459544,203.94895139459544,0.0
tx_p0_rf_profile-OOK4K8_s8,run_00002,web_sessions/20260719_003026_campaign_radio_ebyte_e79_cc1352p/packet_tx/20260719_010943_radio_ebyte_e79_cc1352p/raw/run_00002.csv.gz,5f207e32cee12d9de12e4664072710a19f21ebeae78ad99d5bcc0c35c834c97d,prior_full_integrity_audit_plus_size_and_mtime,38f58bfa1ceb3eac57944d42adcf1aa02843323975994da679de6b92a2d39098,c3ad26ac71d66322575e11a066ed32bb617af397d1a6f5084ed6b1ea68b8a328,original_single_frame_window_verified,"[[26.23, 62.56]]",8,"{""rf_profile"": ""OOK4K8"", ""tx_power_dbm"": 0}",ok,True,714.8543173472855,714.8543173472855,198.7788347021025,198.7788347021025,0.0
tx_p0_rf_profile-OOK4K8_s8,run_00003,web_sessions/20260719_003026_campaign_radio_ebyte_e79_cc1352p/packet_tx/20260719_010943_radio_ebyte_e79_cc1352p/raw/run_00003.csv.gz,fbbec0707bf365de1a8c655619698d53f97fa15c61c688ea50668959e7f79d73,prior_full_integrity_audit_plus_size_and_mtime,38f58bfa1ceb3eac57944d42adcf1aa02843323975994da679de6b92a2d39098,c3ad26ac71d66322575e11a066ed32bb617af397d1a6f5084ed6b1ea68b8a328,original_single_frame_window_verified,"[[27.71, 64.04]]",8,"{""rf_profile"": ""OOK4K8"", ""tx_power_dbm"": 0}",ok,True,714.2558542834983,714.2558542834983,199.98631429430327,199.98631429430327,0.0
tx_p0_rf_profile-OOK4K8_s8,run_00004,web_sessions/20260719_003026_campaign_radio_ebyte_e79_cc1352p/packet_tx/20260719_010943_radio_ebyte_e79_cc1352p/raw/run_00004.csv.gz,4ded2ce22fe8109e40a9e4c32cd6fd1e1ad7d25bc8837a3998ac238e2b14ae21,prior_full_integrity_audit_plus_size_and_mtime,38f58bfa1ceb3eac57944d42adcf1aa02843323975994da679de6b92a2d39098,c3ad26ac71d66322575e11a066ed32bb617af397d1a6f5084ed6b1ea68b8a328,original_single_frame_window_verified,"[[24.03, 60.36]]",8,"{""rf_profile"": ""OOK4K8"", ""tx_power_dbm"": 0}",ok,True,716.6290894757242,716.6290894757242,201.64811829563368,201.64811829563368,0.0
tx_p0_rf_profile-OOK4K8_s8,run_00005,web_sessions/20260719_003026_campaign_radio_ebyte_e79_cc1352p/packet_tx/20260719_010943_radio_ebyte_e79_cc1352p/raw/run_00005.csv.gz,4665c78d54bff5ac9ed593de6507cb100784cadae9f502914ba3afde17a44591,prior_full_integrity_audit_plus_size_and_mtime,38f58bfa1ceb3eac57944d42adcf1aa02843323975994da679de6b92a2d39098,c3ad26ac71d66322575e11a066ed32bb617af397d1a6f5084ed6b1ea68b8a328,original_single_frame_window_verified,"[[26.88, 63.21]]",8,"{""rf_profile"": ""OOK4K8"", ""tx_power_dbm"": 0}",ok,True,716.6673227721877,716.6673227721877,202.2811199074069,202.2811199074069,0.0
tx_p0_rf_profile-SLR2K5_s1024,run_00001,web_sessions/20260719_003026_campaign_radio_ebyte_e79_cc1352p/packet_tx/20260719_010507_radio_ebyte_e79_cc1352p/raw/run_00001.csv.gz,a1816bb6ba42ecd2563e4a36e39b94089489a0c34306ea23ebd2944aaff16f0d,prior_full_integrity_audit_plus_size_and_mtime,20bf91b96befa0e2265348305e7b4c41eee5612034a6909c4fcb73a635921f9f,bd31e21925d30c81f983026d2ea5187440386932ee46c2dc0e3e281a7583b94b,per_frame_modeled_airtime_v1,"[[23.29, 269.49], [278.05, 524.25], [525.74, 771.94], [782.88, 1029.08], [1037.99, 1284.19], [1290.65, 1536.85], [1548.19, 1794.39], [1799.02, 2045.22], [2061.71, 2307.91], [2313.43, 2559.63], [2572.35, 2818.55], [2825.93, 3072.13], [3081.51, 3327.71], [3335.32, 3581.52], [3600.91, 3847.11], [3852.54, 4098.74]]",1024,"{""rf_profile"": ""SLR2K5"", ""tx_power_dbm"": 0}",ok,True,91424.3764931624,92518.47045096122,33737.06917507505,34782.70833298061,1.1967201743843914
tx_p0_rf_profile-SLR2K5_s1024,run_00002,web_sessions/20260719_003026_campaign_radio_ebyte_e79_cc1352p/packet_tx/20260719_010507_radio_ebyte_e79_cc1352p/raw/run_00002.csv.gz,7396ed60e70a08393674f21b7127b11e1d16298b3429a982f9b43bd120e60834,prior_full_integrity_audit_plus_size_and_mtime,20bf91b96befa0e2265348305e7b4c41eee5612034a6909c4fcb73a635921f9f,bd31e21925d30c81f983026d2ea5187440386932ee46c2dc0e3e281a7583b94b,per_frame_modeled_airtime_v1,"[[24.17, 270.37], [271.85, 518.05], [537.84, 784.04], [795.37, 1041.57], [1050.13, 1296.33], [1300.44, 1546.64], [1560.38, 1806.58], [1817.96, 2064.16], [2078.77, 2324.97], [2335.37, 2581.57], [2590.32, 2836.52], [2850.54, 3096.74], [3098.97, 3345.17], [3358.89, 3605.09], [3613.29, 3859.49], [3872.23, 4118.43]]",1024,"{""rf_profile"": ""SLR2K5"", ""tx_power_dbm"": 0}",ok,True,91268.29451720005,92525.69517439824,33650.18555119407,34848.585653496506,1.377697111411691
tx_p0_rf_profile-SLR2K5_s1024,run_00003,web_sessions/20260719_003026_campaign_radio_ebyte_e79_cc1352p/packet_tx/20260719_010507_radio_ebyte_e79_cc1352p/raw/run_00003.csv.gz,023c8d69ce6c58db7e03cbfa4a351f0a6c01feb0f3642ab8ac681f9d13cecae4,prior_full_integrity_audit_plus_size_and_mtime,20bf91b96befa0e2265348305e7b4c41eee5612034a6909c4fcb73a635921f9f,bd31e21925d30c81f983026d2ea5187440386932ee46c2dc0e3e281a7583b94b,per_frame_modeled_airtime_v1,"[[13.27, 259.47], [271.34, 517.54], [525.23, 771.43], [781.1, 1027.3], [1040.74, 1286.94], [1293.82, 1540.02], [1552.93, 1799.13], [1808.79, 2054.99], [2056.12, 2302.32], [2320.33, 2566.53], [2577.17, 2823.37], [2824.17, 3070.37], [3084.73, 3330.93], [3340.43, 3586.63], [3595.67, 3841.87], [3845.76, 4091.96]]",1024,"{""rf_profile"": ""SLR2K5"", ""tx_power_dbm"": 0}",ok,True,91289.00391652754,92354.67738202297,33720.500703630394,34737.34093676089,1.1673623544735667
tx_p0_rf_profile-SLR2K5_s1024,run_00004,web_sessions/20260719_003026_campaign_radio_ebyte_e79_cc1352p/packet_tx/20260719_010507_radio_ebyte_e79_cc1352p/raw/run_00004.csv.gz,6c538f56e1ffe7a94e001f00b6233e6dc032a4d9f63dba51518b1a4d77739997,prior_full_integrity_audit_plus_size_and_mtime,20bf91b96befa0e2265348305e7b4c41eee5612034a6909c4fcb73a635921f9f,bd31e21925d30c81f983026d2ea5187440386932ee46c2dc0e3e281a7583b94b,per_frame_modeled_airtime_v1,"[[15.17, 261.37], [275.3, 521.5], [525.82, 772.02], [778.94, 1025.14], [1042.88, 1289.08], [1291.41, 1537.61], [1548.06, 1794.26], [1804.13, 2050.33], [2056.73, 2302.93], [2313.34, 2559.54], [2567.54, 2813.74], [2826.5, 3072.7], [3082.57, 3328.77], [3334.49, 3580.69], [3593.82, 3840.02], [3844.74, 4090.94]]",1024,"{""rf_profile"": ""SLR2K5"", ""tx_power_dbm"": 0}",ok,True,91310.71333658393,92366.13489838045,33630.111683849216,34634.77148881907,1.1558573175374232
tx_p0_rf_profile-SLR2K5_s1024,run_00005,web_sessions/20260719_003026_campaign_radio_ebyte_e79_cc1352p/packet_tx/20260719_010507_radio_ebyte_e79_cc1352p/raw/run_00005.csv.gz,5cd25762cd6a060832bab6a04c563b58f1e356fc66b8852961fdb1f3f9878dc7,prior_full_integrity_audit_plus_size_and_mtime,20bf91b96befa0e2265348305e7b4c41eee5612034a6909c4fcb73a635921f9f,bd31e21925d30c81f983026d2ea5187440386932ee46c2dc0e3e281a7583b94b,per_frame_modeled_airtime_v1,"[[14.8, 261.0], [275.02, 521.22], [528.22, 774.42], [787.42, 1033.62], [1044.51, 1290.71], [1293.48, 1539.68], [1551.78, 1797.98], [1803.0, 2049.2], [2069.6, 2315.8], [2323.35, 2569.55], [2581.49, 2827.69], [2829.61, 3075.81], [3090.05, 3336.25], [3339.83, 3586.03], [3600.69, 3846.89], [3859.44, 4105.64]]",1024,"{""rf_profile"": ""SLR2K5"", ""tx_power_dbm"": 0}",ok,True,91270.91360057211,92364.31821828774,33642.69862605977,34687.883961970714,1.1979770713161475
tx_p0_rf_profile-SLR2K5_s128,run_00001,web_sessions/20260719_003026_campaign_radio_ebyte_e79_cc1352p/packet_tx/20260719_010346_radio_ebyte_e79_cc1352p/raw/run_00001.csv.gz,cbe43340d48db99516cc11b2fd303de7eca70930e4aecc0d0add8b8472753b2a,prior_full_integrity_audit_plus_size_and_mtime,1e794d0459ca1cfd808614c76a71a5b8296fb31f8a85a3fbf6be868bb4292700,e9b7d984a96fcf5e8bcca17c20658e2d0a1b1d9768224f4d684b4ce85a232858,per_frame_modeled_airtime_v1,"[[17.96, 264.16], [285.69, 531.89]]",128,"{""rf_profile"": ""SLR2K5"", ""tx_power_dbm"": 0}",ok,True,11649.078725692063,11651.515814306975,4425.035174974296,4428.143955658804,0.02092086998721765
tx_p0_rf_profile-SLR2K5_s128,run_00002,web_sessions/20260719_003026_campaign_radio_ebyte_e79_cc1352p/packet_tx/20260719_010346_radio_ebyte_e79_cc1352p/raw/run_00002.csv.gz,6ed2f49e5eafbf48d62ac9c2bda2eac11821eeabfad558e7a7bddf3da6f27e5c,prior_full_integrity_audit_plus_size_and_mtime,1e794d0459ca1cfd808614c76a71a5b8296fb31f8a85a3fbf6be868bb4292700,e9b7d984a96fcf5e8bcca17c20658e2d0a1b1d9768224f4d684b4ce85a232858,per_frame_modeled_airtime_v1,"[[23.5, 269.7], [283.69, 529.89]]",128,"{""rf_profile"": ""SLR2K5"", ""tx_power_dbm"": 0}",ok,True,11607.324486436391,11608.677961963764,4405.348055234275,4406.999675744589,0.011660529771129191
tx_p0_rf_profile-SLR2K5_s128,run_00003,web_sessions/20260719_003026_campaign_radio_ebyte_e79_cc1352p/packet_tx/20260719_010346_radio_ebyte_e79_cc1352p/raw/run_00003.csv.gz,841aaf147584a9932ce9053a63782a87b19ba192a9de0804b5e94c96a60f18cd,prior_full_integrity_audit_plus_size_and_mtime,1e794d0459ca1cfd808614c76a71a5b8296fb31f8a85a3fbf6be868bb4292700,e9b7d984a96fcf5e8bcca17c20658e2d0a1b1d9768224f4d684b4ce85a232858,per_frame_modeled_airtime_v1,"[[11.46, 257.66], [270.94, 517.14]]",128,"{""rf_profile"": ""SLR2K5"", ""tx_power_dbm"": 0}",ok,True,11590.071807710028,11591.757492172848,4382.057387262309,4383.968494410439,0.014544210689870773
tx_p0_rf_profile-SLR2K5_s128,run_00004,web_sessions/20260719_003026_campaign_radio_ebyte_e79_cc1352p/packet_tx/20260719_010346_radio_ebyte_e79_cc1352p/raw/run_00004.csv.gz,c7f252a653bdf40231fa708a116b3fa232ccc24128aaa3c54690a979fd55133d,prior_full_integrity_audit_plus_size_and_mtime,1e794d0459ca1cfd808614c76a71a5b8296fb31f8a85a3fbf6be868bb4292700,e9b7d984a96fcf5e8bcca17c20658e2d0a1b1d9768224f4d684b4ce85a232858,per_frame_modeled_airtime_v1,"[[18.91, 265.11], [270.0, 516.2]]",128,"{""rf_profile"": ""SLR2K5"", ""tx_power_dbm"": 0}",ok,True,11606.464201656101,11607.638335025427,4403.745668473044,4406.580059731629,0.010116202048493506
tx_p0_rf_profile-SLR2K5_s128,run_00005,web_sessions/20260719_003026_campaign_radio_ebyte_e79_cc1352p/packet_tx/20260719_010346_radio_ebyte_e79_cc1352p/raw/run_00005.csv.gz,45eccbed10b5983b8abc1fd52a7fa9bfeb92c62e7554903f5b31e7d728e0e728,prior_full_integrity_audit_plus_size_and_mtime,1e794d0459ca1cfd808614c76a71a5b8296fb31f8a85a3fbf6be868bb4292700,e9b7d984a96fcf5e8bcca17c20658e2d0a1b1d9768224f4d684b4ce85a232858,per_frame_modeled_airtime_v1,"[[15.94, 262.14], [281.95, 528.15]]",128,"{""rf_profile"": ""SLR2K5"", ""tx_power_dbm"": 0}",ok,True,11569.310801606829,11573.766286505692,4365.26498592262,4369.821975318847,0.03851123870095563
tx_p0_rf_profile-SLR2K5_s32,run_00001,web_sessions/20260719_003026_campaign_radio_ebyte_e79_cc1352p/packet_tx/20260719_010250_radio_ebyte_e79_cc1352p/raw/run_00001.csv.gz,03deec2d2c121cc57fde0a5f2f5fe4a859846584ee90f6f411311433dea136d7,prior_full_integrity_audit_plus_size_and_mtime,2835566fb352c61b17434b36ece3f0360a27fa7ce8c931c33a704d78831d608b,4eeaab866a0d64d8f93f126771fd98c9ba7b7e8ab2f5a21bfef07be5cc317dd5,original_single_frame_window_verified,"[[14.04, 157.84]]",32,"{""rf_profile"": ""SLR2K5"", ""tx_power_dbm"": 0}",ok,True,3325.5364680935563,3325.5364680935563,1228.323375957072,1228.323375957072,0.0
tx_p0_rf_profile-SLR2K5_s32,run_00002,web_sessions/20260719_003026_campaign_radio_ebyte_e79_cc1352p/packet_tx/20260719_010250_radio_ebyte_e79_cc1352p/raw/run_00002.csv.gz,a8fc9ed1dea14148ab1f52484a580819e7bcda00c8422bb8c4058fa0cd0d1aa1,prior_full_integrity_audit_plus_size_and_mtime,2835566fb352c61b17434b36ece3f0360a27fa7ce8c931c33a704d78831d608b,4eeaab866a0d64d8f93f126771fd98c9ba7b7e8ab2f5a21bfef07be5cc317dd5,original_single_frame_window_verified,"[[16.46, 160.26]]",32,"{""rf_profile"": ""SLR2K5"", ""tx_power_dbm"": 0}",ok,True,3334.748630549488,3334.748630549488,1236.9970687383964,1236.9970687383964,0.0
tx_p0_rf_profile-SLR2K5_s32,run_00003,web_sessions/20260719_003026_campaign_radio_ebyte_e79_cc1352p/packet_tx/20260719_010250_radio_ebyte_e79_cc1352p/raw/run_00003.csv.gz,01d6778384ee409472921a3efc8fc2740512891571d582597142e125efb76a9a,prior_full_integrity_audit_plus_size_and_mtime,2835566fb352c61b17434b36ece3f0360a27fa7ce8c931c33a704d78831d608b,4eeaab866a0d64d8f93f126771fd98c9ba7b7e8ab2f5a21bfef07be5cc317dd5,original_single_frame_window_verified,"[[27.58, 171.38]]",32,"{""rf_profile"": ""SLR2K5"", ""tx_power_dbm"": 0}",ok,True,3322.024125321045,3322.024125321045,1223.5565191742724,1223.5565191742724,0.0
tx_p0_rf_profile-SLR2K5_s32,run_00004,web_sessions/20260719_003026_campaign_radio_ebyte_e79_cc1352p/packet_tx/20260719_010250_radio_ebyte_e79_cc1352p/raw/run_00004.csv.gz,b8343f394dee0e19581938d3af36f64d153589f3e08c73ef13402a2d4b9adff5,prior_full_integrity_audit_plus_size_and_mtime,2835566fb352c61b17434b36ece3f0360a27fa7ce8c931c33a704d78831d608b,4eeaab866a0d64d8f93f126771fd98c9ba7b7e8ab2f5a21bfef07be5cc317dd5,original_single_frame_window_verified,"[[28.34, 172.14]]",32,"{""rf_profile"": ""SLR2K5"", ""tx_power_dbm"": 0}",ok,True,3329.980117861791,3329.980117861791,1230.8669419539458,1230.8669419539458,0.0
tx_p0_rf_profile-SLR2K5_s32,run_00005,web_sessions/20260719_003026_campaign_radio_ebyte_e79_cc1352p/packet_tx/20260719_010250_radio_ebyte_e79_cc1352p/raw/run_00005.csv.gz,7735f65ccfb1be11b8176841e0b45ef8158ac345e65087c32f481b1f7104a0b5,prior_full_integrity_audit_plus_size_and_mtime,2835566fb352c61b17434b36ece3f0360a27fa7ce8c931c33a704d78831d608b,4eeaab866a0d64d8f93f126771fd98c9ba7b7e8ab2f5a21bfef07be5cc317dd5,original_single_frame_window_verified,"[[10.91, 154.71]]",32,"{""rf_profile"": ""SLR2K5"", ""tx_power_dbm"": 0}",ok,True,3327.8624244053235,3327.8624244053235,1231.118232545101,1231.118232545101,0.0
tx_p0_rf_profile-SLR2K5_s512,run_00001,web_sessions/20260719_003026_campaign_radio_ebyte_e79_cc1352p/packet_tx/20260719_010417_radio_ebyte_e79_cc1352p/raw/run_00001.csv.gz,e6ca36ffa523361deb0c29d81e6b902d22cebf324e51fdb5966117f2d64b2644,prior_full_integrity_audit_plus_size_and_mtime,32e67f2f128368886bc316c59189d6ac35d7d421f2cce69411a7f091a63b91ea,ff4258600dd448697dc2973da6b28c2de6d1ecdd1b7493541df6294e6733011c,per_frame_modeled_airtime_v1,"[[24.54, 270.74], [277.92, 524.12], [531.83, 778.03], [785.73, 1031.93], [1035.48, 1281.68], [1289.69, 1535.89], [1548.09, 1794.29], [1803.61, 2049.81]]",512,"{""rf_profile"": ""SLR2K5"", ""tx_power_dbm"": 0}",ok,True,45870.60715831418,46228.60517731647,17016.26024717769,17360.83739692576,0.7804518866879606
tx_p0_rf_profile-SLR2K5_s512,run_00002,web_sessions/20260719_003026_campaign_radio_ebyte_e79_cc1352p/packet_tx/20260719_010417_radio_ebyte_e79_cc1352p/raw/run_00002.csv.gz,ab70c6754c216557871cf86c15e4f66c7f843f44850d84c94596c4e10b30024a,prior_full_integrity_audit_plus_size_and_mtime,32e67f2f128368886bc316c59189d6ac35d7d421f2cce69411a7f091a63b91ea,ff4258600dd448697dc2973da6b28c2de6d1ecdd1b7493541df6294e6733011c,per_frame_modeled_airtime_v1,"[[22.12, 268.32], [274.94, 521.14], [532.49, 778.69], [785.61, 1031.81], [1042.4, 1288.6], [1299.9, 1546.1], [1549.6, 1795.8], [1813.49, 2059.69]]",512,"{""rf_profile"": ""SLR2K5"", ""tx_power_dbm"": 0}",ok,True,45783.21762945142,46200.52659018193,16961.440634256865,17362.91270598453,0.9114889305247509
tx_p0_rf_profile-SLR2K5_s512,run_00003,web_sessions/20260719_003026_campaign_radio_ebyte_e79_cc1352p/packet_tx/20260719_010417_radio_ebyte_e79_cc1352p/raw/run_00003.csv.gz,41d74d6a0c401ff9b467a424a0cb573eb532b43452ad199a2408d7ea6fefc182,prior_full_integrity_audit_plus_size_and_mtime,32e67f2f128368886bc316c59189d6ac35d7d421f2cce69411a7f091a63b91ea,ff4258600dd448697dc2973da6b28c2de6d1ecdd1b7493541df6294e6733011c,per_frame_modeled_airtime_v1,"[[14.33, 260.53], [273.08, 519.28], [535.94, 782.14], [788.79, 1034.99], [1043.3, 1289.5], [1305.42, 1551.62], [1556.89, 1803.09], [1823.1, 2069.3]]",512,"{""rf_profile"": ""SLR2K5"", ""tx_power_dbm"": 0}",ok,True,45774.34828318218,46279.49536718212,16959.37118810284,17438.58063364986,1.1035593142142641
tx_p0_rf_profile-SLR2K5_s512,run_00004,web_sessions/20260719_003026_campaign_radio_ebyte_e79_cc1352p/packet_tx/20260719_010417_radio_ebyte_e79_cc1352p/raw/run_00004.csv.gz,b8ee00fb6ad65522e4a08ff4cc14d367e490687946c14203b7ffbf30d06a4822,prior_full_integrity_audit_plus_size_and_mtime,32e67f2f128368886bc316c59189d6ac35d7d421f2cce69411a7f091a63b91ea,ff4258600dd448697dc2973da6b28c2de6d1ecdd1b7493541df6294e6733011c,per_frame_modeled_airtime_v1,"[[11.83, 258.03], [275.94, 522.14], [531.28, 777.48], [781.03, 1027.23], [1042.6, 1288.8], [1293.91, 1540.11], [1556.08, 1802.28], [1808.22, 2054.42]]",512,"{""rf_profile"": ""SLR2K5"", ""tx_power_dbm"": 0}",ok,True,45890.654484648156,46307.02915209612,17066.25671449643,17463.234312323024,0.9073190873476245
tx_p0_rf_profile-SLR2K5_s512,run_00005,web_sessions/20260719_003026_campaign_radio_ebyte_e79_cc1352p/packet_tx/20260719_010417_radio_ebyte_e79_cc1352p/raw/run_00005.csv.gz,60f9c336329d556124bd9af83480acbecda36b795f10e9147e7866b57a9f4bbc,prior_full_integrity_audit_plus_size_and_mtime,32e67f2f128368886bc316c59189d6ac35d7d421f2cce69411a7f091a63b91ea,ff4258600dd448697dc2973da6b28c2de6d1ecdd1b7493541df6294e6733011c,per_frame_modeled_airtime_v1,"[[23.58, 269.78], [273.48, 519.68], [537.26, 783.46], [789.33, 1035.53], [1041.83, 1288.03], [1304.0, 1550.2], [1552.67, 1798.87], [1816.48, 2062.68]]",512,"{""rf_profile"": ""SLR2K5"", ""tx_power_dbm"": 0}",ok,True,45729.54194241435,46238.00449465456,16913.26646750101,17398.59770641188,1.111890761732326
tx_p0_rf_profile-SLR2K5_s64,run_00001,web_sessions/20260719_003026_campaign_radio_ebyte_e79_cc1352p/packet_tx/20260719_010318_radio_ebyte_e79_cc1352p/raw/run_00001.csv.gz,6782a2589ca189ba2cc6692102431fa639330eb075389994ad696fcd3381aa0a,prior_full_integrity_audit_plus_size_and_mtime,dc4dae040ce459d78fe1ac2565ebde36edeab647a26759cd4fc2cb3e926c5d61,dce6e04743ae1485e32841bb7a720f46aeafa45674d029cba1d1642991af511d,original_single_frame_window_verified,"[[19.65, 265.85]]",64,"{""rf_profile"": ""SLR2K5"", ""tx_power_dbm"": 0}",ok,True,5821.622163673123,5821.622163673123,2208.928259116868,2208.928259116868,0.0
tx_p0_rf_profile-SLR2K5_s64,run_00002,web_sessions/20260719_003026_campaign_radio_ebyte_e79_cc1352p/packet_tx/20260719_010318_radio_ebyte_e79_cc1352p/raw/run_00002.csv.gz,022234ff5f182881487fb9152abf2e84ab4cbea1c55e0095fb665ea227d92871,prior_full_integrity_audit_plus_size_and_mtime,dc4dae040ce459d78fe1ac2565ebde36edeab647a26759cd4fc2cb3e926c5d61,dce6e04743ae1485e32841bb7a720f46aeafa45674d029cba1d1642991af511d,original_single_frame_window_verified,"[[12.61, 258.81]]",64,"{""rf_profile"": ""SLR2K5"", ""tx_power_dbm"": 0}",ok,True,5809.011111181702,5809.011111181702,2204.0532610530645,2204.0532610530645,0.0
tx_p0_rf_profile-SLR2K5_s64,run_00003,web_sessions/20260719_003026_campaign_radio_ebyte_e79_cc1352p/packet_tx/20260719_010318_radio_ebyte_e79_cc1352p/raw/run_00003.csv.gz,e9ff61c5e9c85f15c57b6b3a054a469c91fa3daf3dcd6b5cb2f671ca1c6db6be,prior_full_integrity_audit_plus_size_and_mtime,dc4dae040ce459d78fe1ac2565ebde36edeab647a26759cd4fc2cb3e926c5d61,dce6e04743ae1485e32841bb7a720f46aeafa45674d029cba1d1642991af511d,original_single_frame_window_verified,"[[12.01, 258.21]]",64,"{""rf_profile"": ""SLR2K5"", ""tx_power_dbm"": 0}",ok,True,5801.413414929258,5801.413414929258,2198.0522559694696,2198.0522559694696,0.0
tx_p0_rf_profile-SLR2K5_s64,run_00004,web_sessions/20260719_003026_campaign_radio_ebyte_e79_cc1352p/packet_tx/20260719_010318_radio_ebyte_e79_cc1352p/raw/run_00004.csv.gz,7a89653c512bd707c6a517bfee22662cbc62d515a5ac949f8aa327a5a88272ee,prior_full_integrity_audit_plus_size_and_mtime,dc4dae040ce459d78fe1ac2565ebde36edeab647a26759cd4fc2cb3e926c5d61,dce6e04743ae1485e32841bb7a720f46aeafa45674d029cba1d1642991af511d,original_single_frame_window_verified,"[[26.15, 272.35]]",64,"{""rf_profile"": ""SLR2K5"", ""tx_power_dbm"": 0}",ok,True,5813.761546378753,5813.761546378753,2205.1759686549785,2205.1759686549785,0.0
tx_p0_rf_profile-SLR2K5_s64,run_00005,web_sessions/20260719_003026_campaign_radio_ebyte_e79_cc1352p/packet_tx/20260719_010318_radio_ebyte_e79_cc1352p/raw/run_00005.csv.gz,dcd3e86ba82ef2d3ba69c6baeec7605aebbbd4f682e0d34df1d912e10886bdb2,prior_full_integrity_audit_plus_size_and_mtime,dc4dae040ce459d78fe1ac2565ebde36edeab647a26759cd4fc2cb3e926c5d61,dce6e04743ae1485e32841bb7a720f46aeafa45674d029cba1d1642991af511d,original_single_frame_window_verified,"[[12.15, 258.35]]",64,"{""rf_profile"": ""SLR2K5"", ""tx_power_dbm"": 0}",ok,True,5803.030802434865,5803.030802434865,2197.7396124456995,2197.7396124456995,0.0
tx_p0_rf_profile-SLR2K5_s8,run_00001,web_sessions/20260719_003026_campaign_radio_ebyte_e79_cc1352p/packet_tx/20260719_010222_radio_ebyte_e79_cc1352p/raw/run_00001.csv.gz,9b442e503fde3356a5559cb471c9e881c5e641697c2939b8a7914d66a7c55933,prior_full_integrity_audit_plus_size_and_mtime,e4fdb07f59fd7078caa46640b59ebc0faf8f3b068bf936f98df70aa8de57c08d,95fe8775e342c8777d6a04f61c0bd8ba0b95a637aa37c8971ecfb3e0456d83cc,original_single_frame_window_verified,"[[23.34, 90.34]]",8,"{""rf_profile"": ""SLR2K5"", ""tx_power_dbm"": 0}",ok,True,1471.2579223693633,1471.2579223693633,494.4229794709808,494.4229794709808,0.0
tx_p0_rf_profile-SLR2K5_s8,run_00002,web_sessions/20260719_003026_campaign_radio_ebyte_e79_cc1352p/packet_tx/20260719_010222_radio_ebyte_e79_cc1352p/raw/run_00002.csv.gz,7944eb7af4e36374bcb09850a33bcf6e9a8bfc0e00e4e6b2823bb1fa330917be,prior_full_integrity_audit_plus_size_and_mtime,e4fdb07f59fd7078caa46640b59ebc0faf8f3b068bf936f98df70aa8de57c08d,95fe8775e342c8777d6a04f61c0bd8ba0b95a637aa37c8971ecfb3e0456d83cc,original_single_frame_window_verified,"[[23.09, 90.09]]",8,"{""rf_profile"": ""SLR2K5"", ""tx_power_dbm"": 0}",ok,True,1469.301597880752,1469.301597880752,492.310962442344,492.310962442344,0.0
tx_p0_rf_profile-SLR2K5_s8,run_00003,web_sessions/20260719_003026_campaign_radio_ebyte_e79_cc1352p/packet_tx/20260719_010222_radio_ebyte_e79_cc1352p/raw/run_00003.csv.gz,1e0b565cd914806f6301697f3e26c248b20eb33abd944ca789289bf28a7efe81,prior_full_integrity_audit_plus_size_and_mtime,e4fdb07f59fd7078caa46640b59ebc0faf8f3b068bf936f98df70aa8de57c08d,95fe8775e342c8777d6a04f61c0bd8ba0b95a637aa37c8971ecfb3e0456d83cc,original_single_frame_window_verified,"[[12.03, 79.03]]",8,"{""rf_profile"": ""SLR2K5"", ""tx_power_dbm"": 0}",ok,True,1462.8674934372714,1462.8674934372714,485.1125241319025,485.1125241319025,0.0
tx_p0_rf_profile-SLR2K5_s8,run_00004,web_sessions/20260719_003026_campaign_radio_ebyte_e79_cc1352p/packet_tx/20260719_010222_radio_ebyte_e79_cc1352p/raw/run_00004.csv.gz,2dbdec1e0248e7d906dbdf23eab43b01bcd5992a3f567e529bb47286d929fd0d,prior_full_integrity_audit_plus_size_and_mtime,e4fdb07f59fd7078caa46640b59ebc0faf8f3b068bf936f98df70aa8de57c08d,95fe8775e342c8777d6a04f61c0bd8ba0b95a637aa37c8971ecfb3e0456d83cc,original_single_frame_window_verified,"[[27.5, 94.5]]",8,"{""rf_profile"": ""SLR2K5"", ""tx_power_dbm"": 0}",ok,True,1466.9425704083724,1466.9425704083724,488.4265918785593,488.4265918785593,0.0
tx_p0_rf_profile-SLR2K5_s8,run_00005,web_sessions/20260719_003026_campaign_radio_ebyte_e79_cc1352p/packet_tx/20260719_010222_radio_ebyte_e79_cc1352p/raw/run_00005.csv.gz,92e9471dd0eb42ca0aae63c2ea54b0679d5b66a71edcc76d9a946d984a05b71e,prior_full_integrity_audit_plus_size_and_mtime,e4fdb07f59fd7078caa46640b59ebc0faf8f3b068bf936f98df70aa8de57c08d,95fe8775e342c8777d6a04f61c0bd8ba0b95a637aa37c8971ecfb3e0456d83cc,original_single_frame_window_verified,"[[26.78, 93.78]]",8,"{""rf_profile"": ""SLR2K5"", ""tx_power_dbm"": 0}",ok,True,1473.867371526084,1473.867371526084,495.5487549433364,495.5487549433364,0.0
tx_p0_rf_profile-SLR5_s1024,run_00001,web_sessions/20260719_003026_campaign_radio_ebyte_e79_cc1352p/packet_tx/20260719_010852_radio_ebyte_e79_cc1352p/raw/run_00001.csv.gz,e9157206da7d9e7d6acab7b04d04d1326abd807615cd829587fa71b13acf99fe,prior_full_integrity_audit_plus_size_and_mtime,40c1cf5535c21214777cd3d80a30af4c3e0f2146c9e7b88ab32d6e1c156f089b,89c20112119c6f39a2e439e6c81954099e5a1cefbae1377e953128f5116c6d1e,per_frame_modeled_airtime_v1,"[[26.14, 150.74], [170.35, 294.95], [317.58, 442.18], [459.62, 584.22], [607.34, 731.94], [748.71, 873.31], [895.51, 1020.11], [1041.09, 1165.69], [1190.73, 1315.33], [1338.76, 1463.36], [1482.81, 1607.41], [1632.32, 1756.92], [1773.83, 1898.43], [1923.77, 2048.37], [2072.33, 2196.93], [2220.27, 2344.87]]",1024,"{""rf_profile"": ""SLR5"", ""tx_power_dbm"": 0}",ok,True,45119.631745066574,47437.839271094366,15953.717357772719,18163.151443576175,5.137913223951052
tx_p0_rf_profile-SLR5_s1024,run_00002,web_sessions/20260719_003026_campaign_radio_ebyte_e79_cc1352p/packet_tx/20260719_010852_radio_ebyte_e79_cc1352p/raw/run_00002.csv.gz,0aa9bb241fe6927ced21fd6bdc53a56d0ad280c010fd123a530df5a18f7e49d8,prior_full_integrity_audit_plus_size_and_mtime,40c1cf5535c21214777cd3d80a30af4c3e0f2146c9e7b88ab32d6e1c156f089b,89c20112119c6f39a2e439e6c81954099e5a1cefbae1377e953128f5116c6d1e,per_frame_modeled_airtime_v1,"[[24.71, 149.31], [168.55, 293.15], [311.97, 436.57], [461.88, 586.48], [604.49, 729.09], [750.18, 874.78], [899.55, 1024.15], [1042.51, 1167.11], [1193.12, 1317.72], [1335.25, 1459.85], [1482.58, 1607.18], [1626.78, 1751.38], [1773.34, 1897.94], [1921.24, 2045.84], [2066.43, 2191.03], [2210.57, 2335.17]]",1024,"{""rf_profile"": ""SLR5"", ""tx_power_dbm"": 0}",ok,True,45114.00001715776,47398.97778764291,15947.547398181545,18123.82979220028,5.064897303755189
tx_p0_rf_profile-SLR5_s1024,run_00003,web_sessions/20260719_003026_campaign_radio_ebyte_e79_cc1352p/packet_tx/20260719_010852_radio_ebyte_e79_cc1352p/raw/run_00003.csv.gz,44f868536d209447887f22fdf8c4c3357378ca50f98fae11d0a6348360c34dd5,prior_full_integrity_audit_plus_size_and_mtime,40c1cf5535c21214777cd3d80a30af4c3e0f2146c9e7b88ab32d6e1c156f089b,89c20112119c6f39a2e439e6c81954099e5a1cefbae1377e953128f5116c6d1e,per_frame_modeled_airtime_v1,"[[27.26, 151.86], [171.3, 295.9], [322.49, 447.09], [469.42, 594.02], [612.87, 737.47], [759.15, 883.75], [904.26, 1028.86], [1055.37, 1179.97], [1201.86, 1326.46], [1349.09, 1473.69], [1490.92, 1615.52], [1642.71, 1767.31], [1783.95, 1908.55], [1929.78, 2054.38], [2078.89, 2203.49], [2226.12, 2350.72]]",1024,"{""rf_profile"": ""SLR5"", ""tx_power_dbm"": 0}",ok,True,45041.687048038395,47415.3362032977,15873.567656831381,18142.457628835553,5.269893982274088
tx_p0_rf_profile-SLR5_s1024,run_00004,web_sessions/20260719_003026_campaign_radio_ebyte_e79_cc1352p/packet_tx/20260719_010852_radio_ebyte_e79_cc1352p/raw/run_00004.csv.gz,c9537a0ac56b9d22a4c3fa736322669aa2bd54d7cd133ee6f232ad5cfda3dde9,prior_full_integrity_audit_plus_size_and_mtime,40c1cf5535c21214777cd3d80a30af4c3e0f2146c9e7b88ab32d6e1c156f089b,89c20112119c6f39a2e439e6c81954099e5a1cefbae1377e953128f5116c6d1e,per_frame_modeled_airtime_v1,"[[25.03, 149.63], [174.49, 299.09], [320.52, 445.12], [467.59, 592.19], [616.92, 741.52], [760.23, 884.83], [907.73, 1032.33], [1054.82, 1179.42], [1202.36, 1326.96], [1347.65, 1472.25], [1493.87, 1618.47], [1634.4, 1759.0], [1781.05, 1905.65], [1927.02, 2051.62], [2069.57, 2194.17], [2216.57, 2341.17]]",1024,"{""rf_profile"": ""SLR5"", ""tx_power_dbm"": 0}",ok,True,45110.35583941521,47430.33013272358,15925.17690628653,18141.227427736143,5.142886262230029
tx_p0_rf_profile-SLR5_s1024,run_00005,web_sessions/20260719_003026_campaign_radio_ebyte_e79_cc1352p/packet_tx/20260719_010852_radio_ebyte_e79_cc1352p/raw/run_00005.csv.gz,8ac7c3a3c4a9917e5a7fa185c4d5448bb3fcd157927616b5a88f326af19195cd,prior_full_integrity_audit_plus_size_and_mtime,40c1cf5535c21214777cd3d80a30af4c3e0f2146c9e7b88ab32d6e1c156f089b,89c20112119c6f39a2e439e6c81954099e5a1cefbae1377e953128f5116c6d1e,per_frame_modeled_airtime_v1,"[[27.39, 151.99], [172.01, 296.61], [317.4, 442.0], [466.32, 590.92], [616.57, 741.17], [764.5, 889.1], [907.71, 1032.31], [1052.33, 1176.93], [1194.91, 1319.51], [1341.62, 1466.22], [1487.33, 1611.93], [1631.42, 1756.02], [1775.38, 1899.98], [1916.95, 2041.55], [2062.44, 2187.04], [2207.97, 2332.57]]",1024,"{""rf_profile"": ""SLR5"", ""tx_power_dbm"": 0}",ok,True,45168.2429105446,47446.017380633515,15997.094719144667,18173.31079281944,5.042867119272354
tx_p0_rf_profile-SLR5_s128,run_00001,web_sessions/20260719_003026_campaign_radio_ebyte_e79_cc1352p/packet_tx/20260719_010747_radio_ebyte_e79_cc1352p/raw/run_00001.csv.gz,286f474448d5ed39c8cde908968cea2203c88e5804d18fd4f5024fe918a64e53,prior_full_integrity_audit_plus_size_and_mtime,0a340169b95a62eb390098fea47aef2311069b80b9cc922301ff4e7027c8f068,b2c73b9bedc7edb3952e0ec0de6b8253bdfd7fa4187aceacfa62ba465926e61b,per_frame_modeled_airtime_v1,"[[26.84, 151.44], [176.8, 301.4]]",128,"{""rf_profile"": ""SLR5"", ""tx_power_dbm"": 0}",ok,True,5811.912209030457,5980.432964037337,2155.979307632163,2316.6450166610593,2.8995750270459197
tx_p0_rf_profile-SLR5_s128,run_00002,web_sessions/20260719_003026_campaign_radio_ebyte_e79_cc1352p/packet_tx/20260719_010747_radio_ebyte_e79_cc1352p/raw/run_00002.csv.gz,7d5320887436a14217fa57aab904eef742fbf21d6459f88a50e6e108c3251190,prior_full_integrity_audit_plus_size_and_mtime,0a340169b95a62eb390098fea47aef2311069b80b9cc922301ff4e7027c8f068,b2c73b9bedc7edb3952e0ec0de6b8253bdfd7fa4187aceacfa62ba465926e61b,per_frame_modeled_airtime_v1,"[[28.72, 153.32], [173.91, 298.51]]",128,"{""rf_profile"": ""SLR5"", ""tx_power_dbm"": 0}",ok,True,5824.61478568895,5956.731960051357,2171.5219873081614,2298.009356437406,2.2682560001567653
tx_p0_rf_profile-SLR5_s128,run_00003,web_sessions/20260719_003026_campaign_radio_ebyte_e79_cc1352p/packet_tx/20260719_010747_radio_ebyte_e79_cc1352p/raw/run_00003.csv.gz,9ffd520abaacc6e7f4f9dc656e93422dd6e2b725290fd527518fcb5fe478ef50,prior_full_integrity_audit_plus_size_and_mtime,0a340169b95a62eb390098fea47aef2311069b80b9cc922301ff4e7027c8f068,b2c73b9bedc7edb3952e0ec0de6b8253bdfd7fa4187aceacfa62ba465926e61b,per_frame_modeled_airtime_v1,"[[27.48, 152.08], [174.56, 299.16]]",128,"{""rf_profile"": ""SLR5"", ""tx_power_dbm"": 0}",ok,True,5756.0164941728035,5934.122072692463,2110.0980672822902,2282.422716146806,3.0942506627624766
tx_p0_rf_profile-SLR5_s128,run_00004,web_sessions/20260719_003026_campaign_radio_ebyte_e79_cc1352p/packet_tx/20260719_010747_radio_ebyte_e79_cc1352p/raw/run_00004.csv.gz,5b5f0f285d7c3552af916c64662acb1aa8ff5ac68fa75df833d6bdff1b20232a,prior_full_integrity_audit_plus_size_and_mtime,0a340169b95a62eb390098fea47aef2311069b80b9cc922301ff4e7027c8f068,b2c73b9bedc7edb3952e0ec0de6b8253bdfd7fa4187aceacfa62ba465926e61b,per_frame_modeled_airtime_v1,"[[27.46, 152.06], [170.76, 295.36]]",128,"{""rf_profile"": ""SLR5"", ""tx_power_dbm"": 0}",ok,True,5795.232845932706,5944.454401616649,2150.9853115973388,2292.583106085648,2.574901814146635
tx_p0_rf_profile-SLR5_s128,run_00005,web_sessions/20260719_003026_campaign_radio_ebyte_e79_cc1352p/packet_tx/20260719_010747_radio_ebyte_e79_cc1352p/raw/run_00005.csv.gz,57a4f9c4353e5bf41d8db6b4f648d08ee7a42d9e06c827c09eddb6faf1bbe93d,prior_full_integrity_audit_plus_size_and_mtime,0a340169b95a62eb390098fea47aef2311069b80b9cc922301ff4e7027c8f068,b2c73b9bedc7edb3952e0ec0de6b8253bdfd7fa4187aceacfa62ba465926e61b,per_frame_modeled_airtime_v1,"[[26.61, 151.21], [169.64, 294.24]]",128,"{""rf_profile"": ""SLR5"", ""tx_power_dbm"": 0}",ok,True,5814.511361302542,5956.7460428829345,2168.6937899015284,2304.600216030229,2.4462017999828944
tx_p0_rf_profile-SLR5_s32,run_00001,web_sessions/20260719_003026_campaign_radio_ebyte_e79_cc1352p/packet_tx/20260719_010650_radio_ebyte_e79_cc1352p/raw/run_00001.csv.gz,eddc5252fa4907d7701ba7f36792cc404e3ae173dfce9136b426aa7317031ceb,prior_full_integrity_audit_plus_size_and_mtime,0132a08ab7949aea6d1ded3e62b35f35f6e3b282e15a67c342f8ba9f6927995b,1a89d689f8c05740f17c2c37ae91c398b4f879f7572644a2ea86582ba9084e91,original_single_frame_window_verified,"[[27.28, 100.68]]",32,"{""rf_profile"": ""SLR5"", ""tx_power_dbm"": 0}",ok,True,1741.6924431743407,1741.6924431743407,664.7722146429743,664.7722146429743,0.0
tx_p0_rf_profile-SLR5_s32,run_00002,web_sessions/20260719_003026_campaign_radio_ebyte_e79_cc1352p/packet_tx/20260719_010650_radio_ebyte_e79_cc1352p/raw/run_00002.csv.gz,7d96ffed1221dc3cdf8ba9ae663287eae84aff24e975ea58228bc07395039bb5,prior_full_integrity_audit_plus_size_and_mtime,0132a08ab7949aea6d1ded3e62b35f35f6e3b282e15a67c342f8ba9f6927995b,1a89d689f8c05740f17c2c37ae91c398b4f879f7572644a2ea86582ba9084e91,original_single_frame_window_verified,"[[25.24, 98.64]]",32,"{""rf_profile"": ""SLR5"", ""tx_power_dbm"": 0}",ok,True,1736.1127405055752,1736.1127405055752,660.3998469002493,660.3998469002493,0.0
tx_p0_rf_profile-SLR5_s32,run_00003,web_sessions/20260719_003026_campaign_radio_ebyte_e79_cc1352p/packet_tx/20260719_010650_radio_ebyte_e79_cc1352p/raw/run_00003.csv.gz,5a999f8d5662ba9942be8885f828c2830d57c26bd8682748a73327ed72d0767c,prior_full_integrity_audit_plus_size_and_mtime,0132a08ab7949aea6d1ded3e62b35f35f6e3b282e15a67c342f8ba9f6927995b,1a89d689f8c05740f17c2c37ae91c398b4f879f7572644a2ea86582ba9084e91,original_single_frame_window_verified,"[[25.89, 99.29]]",32,"{""rf_profile"": ""SLR5"", ""tx_power_dbm"": 0}",ok,True,1733.6910885625887,1733.6910885625887,658.5380732097907,658.5380732097907,0.0
tx_p0_rf_profile-SLR5_s32,run_00004,web_sessions/20260719_003026_campaign_radio_ebyte_e79_cc1352p/packet_tx/20260719_010650_radio_ebyte_e79_cc1352p/raw/run_00004.csv.gz,f958ca36ef7db3b73f143c60ed86e170e6afc7670f3d8a9709d5f081518c3725,prior_full_integrity_audit_plus_size_and_mtime,0132a08ab7949aea6d1ded3e62b35f35f6e3b282e15a67c342f8ba9f6927995b,1a89d689f8c05740f17c2c37ae91c398b4f879f7572644a2ea86582ba9084e91,original_single_frame_window_verified,"[[26.04, 99.44]]",32,"{""rf_profile"": ""SLR5"", ""tx_power_dbm"": 0}",ok,True,1741.6832212503446,1741.6832212503446,665.6258280395843,665.6258280395843,0.0
tx_p0_rf_profile-SLR5_s32,run_00005,web_sessions/20260719_003026_campaign_radio_ebyte_e79_cc1352p/packet_tx/20260719_010650_radio_ebyte_e79_cc1352p/raw/run_00005.csv.gz,54f1770b276ed3f63caf20a1bdf34a1e18efbf0c685368c0767495db4e2635be,prior_full_integrity_audit_plus_size_and_mtime,0132a08ab7949aea6d1ded3e62b35f35f6e3b282e15a67c342f8ba9f6927995b,1a89d689f8c05740f17c2c37ae91c398b4f879f7572644a2ea86582ba9084e91,original_single_frame_window_verified,"[[24.27, 97.67]]",32,"{""rf_profile"": ""SLR5"", ""tx_power_dbm"": 0}",ok,True,1738.6262566130526,1738.6262566130526,662.9494659982068,662.9494659982068,0.0
tx_p0_rf_profile-SLR5_s512,run_00001,web_sessions/20260719_003026_campaign_radio_ebyte_e79_cc1352p/packet_tx/20260719_010815_radio_ebyte_e79_cc1352p/raw/run_00001.csv.gz,1ee9cb9787b3d37c5dd49f41f432f9175e242f406d27fc5c0eb09115aa6bd69a,prior_full_integrity_audit_plus_size_and_mtime,ed6b1ee42d29b2e8cd904d922e69867ee1917c4bc55555c35e6545082fd1b5df,e3a9c31f9032a5b72ecbe3ebb7e4b9f66a1cabd2b4c79ed42aa257a02fd19c5b,per_frame_modeled_airtime_v1,"[[25.84, 150.44], [175.11, 299.71], [321.1, 445.7], [463.56, 588.16], [610.13, 734.73], [753.25, 877.85], [904.89, 1029.49], [1046.53, 1171.13]]",512,"{""rf_profile"": ""SLR5"", ""tx_power_dbm"": 0}",ok,True,22731.331271167324,23763.003596161045,8136.707698229746,9125.469501011825,4.538547754580069
tx_p0_rf_profile-SLR5_s512,run_00002,web_sessions/20260719_003026_campaign_radio_ebyte_e79_cc1352p/packet_tx/20260719_010815_radio_ebyte_e79_cc1352p/raw/run_00002.csv.gz,a15a010190b4aa95eb66b0a150fde6bd7563bbff4cfaf0c662e2176dcc0f624e,prior_full_integrity_audit_plus_size_and_mtime,ed6b1ee42d29b2e8cd904d922e69867ee1917c4bc55555c35e6545082fd1b5df,e3a9c31f9032a5b72ecbe3ebb7e4b9f66a1cabd2b4c79ed42aa257a02fd19c5b,per_frame_modeled_airtime_v1,"[[24.53, 149.13], [171.42, 296.02], [313.97, 438.57], [462.47, 587.07], [612.06, 736.66], [755.28, 879.88], [899.39, 1023.99], [1047.84, 1172.44]]",512,"{""rf_profile"": ""SLR5"", ""tx_power_dbm"": 0}",ok,True,22618.2667323441,23663.028524094905,8071.115622799733,9071.373407722393,4.619106336104872
tx_p0_rf_profile-SLR5_s512,run_00003,web_sessions/20260719_003026_campaign_radio_ebyte_e79_cc1352p/packet_tx/20260719_010815_radio_ebyte_e79_cc1352p/raw/run_00003.csv.gz,5962bb0d38f024a4d3f617f561372dec85d4dc8f9d0f58eeb338a603b4718048,prior_full_integrity_audit_plus_size_and_mtime,ed6b1ee42d29b2e8cd904d922e69867ee1917c4bc55555c35e6545082fd1b5df,e3a9c31f9032a5b72ecbe3ebb7e4b9f66a1cabd2b4c79ed42aa257a02fd19c5b,per_frame_modeled_airtime_v1,"[[23.87, 148.47], [174.43, 299.03], [321.28, 445.88], [465.55, 590.15], [612.31, 736.91], [759.52, 884.12], [908.4, 1033.0], [1055.67, 1180.27]]",512,"{""rf_profile"": ""SLR5"", ""tx_power_dbm"": 0}",ok,True,22567.545351878278,23672.624036732577,8028.780206753489,9079.826348553423,4.896760669464317
tx_p0_rf_profile-SLR5_s512,run_00004,web_sessions/20260719_003026_campaign_radio_ebyte_e79_cc1352p/packet_tx/20260719_010815_radio_ebyte_e79_cc1352p/raw/run_00004.csv.gz,204e437789bc0e411407d20ec7afbb378bb9657ffa546197067e9d5927d82fda,prior_full_integrity_audit_plus_size_and_mtime,ed6b1ee42d29b2e8cd904d922e69867ee1917c4bc55555c35e6545082fd1b5df,e3a9c31f9032a5b72ecbe3ebb7e4b9f66a1cabd2b4c79ed42aa257a02fd19c5b,per_frame_modeled_airtime_v1,"[[24.36, 148.96], [169.86, 294.46], [316.98, 441.58], [461.22, 585.82], [607.85, 732.45], [754.19, 878.79], [897.3, 1021.9], [1043.7, 1168.3]]",512,"{""rf_profile"": ""SLR5"", ""tx_power_dbm"": 0}",ok,True,22659.973488687265,23710.79404196788,8111.863542271498,9117.169863333967,4.637342377321074
tx_p0_rf_profile-SLR5_s512,run_00005,web_sessions/20260719_003026_campaign_radio_ebyte_e79_cc1352p/packet_tx/20260719_010815_radio_ebyte_e79_cc1352p/raw/run_00005.csv.gz,b68dbed5e43357e1a98c810e4f74a592b218da0ec31d9f0baabdc46deab0b1b7,prior_full_integrity_audit_plus_size_and_mtime,ed6b1ee42d29b2e8cd904d922e69867ee1917c4bc55555c35e6545082fd1b5df,e3a9c31f9032a5b72ecbe3ebb7e4b9f66a1cabd2b4c79ed42aa257a02fd19c5b,per_frame_modeled_airtime_v1,"[[24.41, 149.01], [168.65, 293.25], [312.51, 437.11], [457.03, 581.63], [603.57, 728.17], [752.17, 876.77], [896.74, 1021.34], [1038.78, 1163.38]]",512,"{""rf_profile"": ""SLR5"", ""tx_power_dbm"": 0}",ok,True,22608.009089434578,23651.27030191648,8035.332194979932,9030.068376923708,4.614564725071046
tx_p0_rf_profile-SLR5_s64,run_00001,web_sessions/20260719_003026_campaign_radio_ebyte_e79_cc1352p/packet_tx/20260719_010718_radio_ebyte_e79_cc1352p/raw/run_00001.csv.gz,3108e7e153d9b26de1e76ce9c507345cc3a8bb628c134dee872fa95c4cddfb71,prior_full_integrity_audit_plus_size_and_mtime,3278d5d99496875db37f0251d6f09d300e766e71d2c938a416854c5e6059c2bd,3cd6a036d88e714eb951a83e15fbbde3f8b23e006d04dc6396d8083385479999,original_single_frame_window_verified,"[[26.94, 151.54]]",64,"{""rf_profile"": ""SLR5"", ""tx_power_dbm"": 0}",ok,True,2988.6298116236876,2988.6298116236876,1158.0253216908993,1158.0253216908993,0.0
tx_p0_rf_profile-SLR5_s64,run_00002,web_sessions/20260719_003026_campaign_radio_ebyte_e79_cc1352p/packet_tx/20260719_010718_radio_ebyte_e79_cc1352p/raw/run_00002.csv.gz,b58f88ad67d6e6086011e5d561b4a9c2f9fb55c26d804396e61ef68980cbd2a0,prior_full_integrity_audit_plus_size_and_mtime,3278d5d99496875db37f0251d6f09d300e766e71d2c938a416854c5e6059c2bd,3cd6a036d88e714eb951a83e15fbbde3f8b23e006d04dc6396d8083385479999,original_single_frame_window_verified,"[[26.26, 150.86]]",64,"{""rf_profile"": ""SLR5"", ""tx_power_dbm"": 0}",ok,True,2977.446854121614,2977.446854121614,1145.6165261041099,1145.6165261041099,0.0
tx_p0_rf_profile-SLR5_s64,run_00003,web_sessions/20260719_003026_campaign_radio_ebyte_e79_cc1352p/packet_tx/20260719_010718_radio_ebyte_e79_cc1352p/raw/run_00003.csv.gz,a510abe334efa42f77b3906e3c0d30a6e27015cf7e8b96a66315f23d0d8518c4,prior_full_integrity_audit_plus_size_and_mtime,3278d5d99496875db37f0251d6f09d300e766e71d2c938a416854c5e6059c2bd,3cd6a036d88e714eb951a83e15fbbde3f8b23e006d04dc6396d8083385479999,original_single_frame_window_verified,"[[26.38, 150.98]]",64,"{""rf_profile"": ""SLR5"", ""tx_power_dbm"": 0}",ok,True,2979.3597673432655,2979.3597673432655,1149.4798391425857,1149.4798391425857,0.0
tx_p0_rf_profile-SLR5_s64,run_00004,web_sessions/20260719_003026_campaign_radio_ebyte_e79_cc1352p/packet_tx/20260719_010718_radio_ebyte_e79_cc1352p/raw/run_00004.csv.gz,152734259855026584455bac8a4e251939b804d4e2db526ab04a207f682b6712,prior_full_integrity_audit_plus_size_and_mtime,3278d5d99496875db37f0251d6f09d300e766e71d2c938a416854c5e6059c2bd,3cd6a036d88e714eb951a83e15fbbde3f8b23e006d04dc6396d8083385479999,original_single_frame_window_verified,"[[26.21, 150.81]]",64,"{""rf_profile"": ""SLR5"", ""tx_power_dbm"": 0}",ok,True,2986.173923152343,2986.173923152343,1156.2245585273588,1156.2245585273588,0.0
tx_p0_rf_profile-SLR5_s64,run_00005,web_sessions/20260719_003026_campaign_radio_ebyte_e79_cc1352p/packet_tx/20260719_010718_radio_ebyte_e79_cc1352p/raw/run_00005.csv.gz,4ecc21ef055c03c4149941027e987c6fa09e0f0af37be2d4507f416f91951418,prior_full_integrity_audit_plus_size_and_mtime,3278d5d99496875db37f0251d6f09d300e766e71d2c938a416854c5e6059c2bd,3cd6a036d88e714eb951a83e15fbbde3f8b23e006d04dc6396d8083385479999,original_single_frame_window_verified,"[[25.82, 150.42]]",64,"{""rf_profile"": ""SLR5"", ""tx_power_dbm"": 0}",ok,True,2972.090439360545,2972.090439360545,1143.2656650068923,1143.2656650068923,0.0
tx_p0_rf_profile-SLR5_s8,run_00001,web_sessions/20260719_003026_campaign_radio_ebyte_e79_cc1352p/packet_tx/20260719_010622_radio_ebyte_e79_cc1352p/raw/run_00001.csv.gz,a3d66fabe91edafbc20db7c2692d71dab8c99107aaa22ec7511580f1db7022af,prior_full_integrity_audit_plus_size_and_mtime,e109c1ed9ac598889f31f18c59acd7f04c140943d29a9a033fce2c30191d1e50,cacb0b06d85af80593d13a6d70e057c5f1925859b553eabc4331225a9cc1519e,original_single_frame_window_verified,"[[28.28, 63.28]]",8,"{""rf_profile"": ""SLR5"", ""tx_power_dbm"": 0}",ok,True,805.518427544387,805.518427544387,292.9958636094393,292.9958636094393,0.0
tx_p0_rf_profile-SLR5_s8,run_00002,web_sessions/20260719_003026_campaign_radio_ebyte_e79_cc1352p/packet_tx/20260719_010622_radio_ebyte_e79_cc1352p/raw/run_00002.csv.gz,4caafb505745724e67c4e7958b3a2cbd15e0f2551d695f9f1eb4dec3821f8dcf,prior_full_integrity_audit_plus_size_and_mtime,e109c1ed9ac598889f31f18c59acd7f04c140943d29a9a033fce2c30191d1e50,cacb0b06d85af80593d13a6d70e057c5f1925859b553eabc4331225a9cc1519e,original_single_frame_window_verified,"[[26.62, 61.62]]",8,"{""rf_profile"": ""SLR5"", ""tx_power_dbm"": 0}",ok,True,798.8904313951458,798.8904313951458,287.86550406707875,287.86550406707875,0.0
tx_p0_rf_profile-SLR5_s8,run_00003,web_sessions/20260719_003026_campaign_radio_ebyte_e79_cc1352p/packet_tx/20260719_010622_radio_ebyte_e79_cc1352p/raw/run_00003.csv.gz,e197b4e08a42144471c8d7b17560a09a82708a758a7aaffa11aeb6fd823ce725,prior_full_integrity_audit_plus_size_and_mtime,e109c1ed9ac598889f31f18c59acd7f04c140943d29a9a033fce2c30191d1e50,cacb0b06d85af80593d13a6d70e057c5f1925859b553eabc4331225a9cc1519e,original_single_frame_window_verified,"[[23.16, 58.16]]",8,"{""rf_profile"": ""SLR5"", ""tx_power_dbm"": 0}",ok,True,802.4885723663605,802.4885723663605,290.60975828131905,290.60975828131905,0.0
tx_p0_rf_profile-SLR5_s8,run_00004,web_sessions/20260719_003026_campaign_radio_ebyte_e79_cc1352p/packet_tx/20260719_010622_radio_ebyte_e79_cc1352p/raw/run_00004.csv.gz,7632d32653991617bc1e340492fc2ebb5013956d0143896422f82dd35f5cd241,prior_full_integrity_audit_plus_size_and_mtime,e109c1ed9ac598889f31f18c59acd7f04c140943d29a9a033fce2c30191d1e50,cacb0b06d85af80593d13a6d70e057c5f1925859b553eabc4331225a9cc1519e,original_single_frame_window_verified,"[[23.1, 58.1]]",8,"{""rf_profile"": ""SLR5"", ""tx_power_dbm"": 0}",ok,True,803.4041374007061,803.4041374007061,291.80723188442687,291.80723188442687,0.0
tx_p0_rf_profile-SLR5_s8,run_00005,web_sessions/20260719_003026_campaign_radio_ebyte_e79_cc1352p/packet_tx/20260719_010622_radio_ebyte_e79_cc1352p/raw/run_00005.csv.gz,25414d6371f26c5e9947e0bb5e23b992ff6f07ee1179beb64a0df24dd873d819,prior_full_integrity_audit_plus_size_and_mtime,e109c1ed9ac598889f31f18c59acd7f04c140943d29a9a033fce2c30191d1e50,cacb0b06d85af80593d13a6d70e057c5f1925859b553eabc4331225a9cc1519e,original_single_frame_window_verified,"[[26.05, 61.05]]",8,"{""rf_profile"": ""SLR5"", ""tx_power_dbm"": 0}",ok,True,807.5872583042824,807.5872583042824,295.75386345335517,295.75386345335517,0.0
tx_p13_rf_profile-GFSK200_s1024,run_00001,web_sessions/20260719_003026_campaign_radio_ebyte_e79_cc1352p/packet_tx/20260719_012423_radio_ebyte_e79_cc1352p/raw/run_00001.csv.gz,876d201dd268839c7893d28f8347b3a68c6784f93296c4160ac8fc5c81b8518a,prior_full_integrity_audit_plus_size_and_mtime,1b2b8cb39db358aac00279da8ee38ef90ca314bae9330ffd5e405f8c09db58a4,325976ae2ec2b957e71ba50779b1927b4d9d6882f0f9770fc21c3d920eb9f71f,per_frame_modeled_airtime_v1,"[[28.6, 34.64], [61.58, 67.62], [93.49, 99.53], [125.59, 131.63], [158.46, 164.5], [189.54, 195.58], [222.04, 228.08], [254.76, 260.8], [287.61, 293.65], [320.58, 326.62], [352.63, 358.67], [385.04, 391.08], [418.6, 424.64], [451.22, 457.26], [483.73, 489.77], [515.67, 521.71]]",1024,"{""rf_profile"": ""GFSK200"", ""tx_power_dbm"": 13}",ok,True,1659.561435369033,2419.776115975812,281.3399547503727,1022.7061836371697,45.80816741127342
tx_p13_rf_profile-GFSK200_s1024,run_00002,web_sessions/20260719_003026_campaign_radio_ebyte_e79_cc1352p/packet_tx/20260719_012423_radio_ebyte_e79_cc1352p/raw/run_00002.csv.gz,bcfece0bb3ff3d001305b97d41f6b572d533297cee0c4b8c4241b51621bdeca4,prior_full_integrity_audit_plus_size_and_mtime,1b2b8cb39db358aac00279da8ee38ef90ca314bae9330ffd5e405f8c09db58a4,325976ae2ec2b957e71ba50779b1927b4d9d6882f0f9770fc21c3d920eb9f71f,per_frame_modeled_airtime_v1,"[[27.54, 33.58], [60.31, 66.35], [93.11, 99.15], [125.07, 131.11], [156.49, 162.53], [190.31, 196.35], [222.27, 228.31], [253.51, 259.55], [286.91, 292.95], [318.42, 324.46], [350.99, 357.03], [383.33, 389.37], [415.82, 421.86], [448.3, 454.34], [482.78, 488.82], [514.85, 520.89]]",1024,"{""rf_profile"": ""GFSK200"", ""tx_power_dbm"": 13}",ok,True,1655.1615340888734,2413.5581615775727,276.00935173233034,1015.5816279632612,45.820097426694886
tx_p13_rf_profile-GFSK200_s1024,run_00003,web_sessions/20260719_003026_campaign_radio_ebyte_e79_cc1352p/packet_tx/20260719_012423_radio_ebyte_e79_cc1352p/raw/run_00003.csv.gz,e6d4807e1c4f402ca94a2ce7ecc7779dc5d36927dc868444d8d7f2fff690011a,prior_full_integrity_audit_plus_size_and_mtime,1b2b8cb39db358aac00279da8ee38ef90ca314bae9330ffd5e405f8c09db58a4,325976ae2ec2b957e71ba50779b1927b4d9d6882f0f9770fc21c3d920eb9f71f,per_frame_modeled_airtime_v1,"[[26.59, 32.63], [59.66, 65.7], [91.07, 97.11], [124.42, 130.46], [156.53, 162.57], [188.92, 194.96], [221.4, 227.44], [253.1, 259.14], [285.61, 291.65], [318.97, 325.01], [350.08, 356.12], [382.74, 388.78], [414.84, 420.88], [448.37, 454.41], [479.86, 485.9], [512.32, 518.36]]",1024,"{""rf_profile"": ""GFSK200"", ""tx_power_dbm"": 13}",ok,True,1657.1772855062893,2399.293156694737,276.48183655579624,1001.9397105193782,44.78192391840088
tx_p13_rf_profile-GFSK200_s1024,run_00004,web_sessions/20260719_003026_campaign_radio_ebyte_e79_cc1352p/packet_tx/20260719_012423_radio_ebyte_e79_cc1352p/raw/run_00004.csv.gz,699b4e5be226f3fd4fedcf1ab54146246e2b8882a50dcda5b753f4b3ff90db9e,prior_full_integrity_audit_plus_size_and_mtime,1b2b8cb39db358aac00279da8ee38ef90ca314bae9330ffd5e405f8c09db58a4,325976ae2ec2b957e71ba50779b1927b4d9d6882f0f9770fc21c3d920eb9f71f,per_frame_modeled_airtime_v1,"[[28.45, 34.49], [60.9, 66.94], [93.09, 99.13], [123.97, 130.01], [156.16, 162.2], [189.68, 195.72], [221.88, 227.92], [253.95, 259.99], [286.11, 292.15], [318.83, 324.87], [351.47, 357.51], [383.93, 389.97], [411.73, 417.77], [443.12, 449.16], [476.2, 482.24], [508.92, 514.96]]",1024,"{""rf_profile"": ""GFSK200"", ""tx_power_dbm"": 13}",ok,True,1674.6235314329897,2405.16727782445,292.46594160418795,1008.1650844730364,43.62435691837723
tx_p13_rf_profile-GFSK200_s1024,run_00005,web_sessions/20260719_003026_campaign_radio_ebyte_e79_cc1352p/packet_tx/20260719_012423_radio_ebyte_e79_cc1352p/raw/run_00005.csv.gz,c476624395193fd894dc374ac68b970fe1bec59e3fb3b301c038613e4491e245,prior_full_integrity_audit_plus_size_and_mtime,1b2b8cb39db358aac00279da8ee38ef90ca314bae9330ffd5e405f8c09db58a4,325976ae2ec2b957e71ba50779b1927b4d9d6882f0f9770fc21c3d920eb9f71f,per_frame_modeled_airtime_v1,"[[27.26, 33.3], [60.32, 66.36], [91.95, 97.99], [124.95, 130.99], [157.13, 163.17], [190.58, 196.62], [221.58, 227.62], [253.97, 260.01], [287.06, 293.1], [319.56, 325.6], [352.47, 358.51], [384.41, 390.45], [417.14, 423.18], [450.19, 456.23], [482.55, 488.59], [514.9, 520.94]]",1024,"{""rf_profile"": ""GFSK200"", ""tx_power_dbm"": 13}",ok,True,1655.0854922553604,2416.25547657462,275.74646262166624,1017.5751454284784,45.98976837637703
tx_p13_rf_profile-GFSK200_s128,run_00001,web_sessions/20260719_003026_campaign_radio_ebyte_e79_cc1352p/packet_tx/20260719_012326_radio_ebyte_e79_cc1352p/raw/run_00001.csv.gz,b9340aed91b26b318f2b52d6bf7c660ab10035aee77cab578ecdaa887764bb3a,prior_full_integrity_audit_plus_size_and_mtime,d6bef23d1c95105073d689fbc29b5c0d36d92ca0d2863ef0bcd2418cc64d5363,602d8f8c32ff5018b7ac02df15603486f81f2e1bdc2ae344edcd91ddd478c2c6,per_frame_modeled_airtime_v1,"[[27.11, 33.15], [58.97, 65.01]]",128,"{""rf_profile"": ""GFSK200"", ""tx_power_dbm"": 13}",ok,True,247.4630742629016,307.0375393707538,74.26930830837262,131.33749325072213,24.07408268296265
tx_p13_rf_profile-GFSK200_s128,run_00002,web_sessions/20260719_003026_campaign_radio_ebyte_e79_cc1352p/packet_tx/20260719_012326_radio_ebyte_e79_cc1352p/raw/run_00002.csv.gz,ef4cecc805749e98872ddafeb1beef4c9c2ac6474a67a9300a3c5219f3b72dc5,prior_full_integrity_audit_plus_size_and_mtime,d6bef23d1c95105073d689fbc29b5c0d36d92ca0d2863ef0bcd2418cc64d5363,602d8f8c32ff5018b7ac02df15603486f81f2e1bdc2ae344edcd91ddd478c2c6,per_frame_modeled_airtime_v1,"[[27.77, 33.81], [59.21, 65.25]]",128,"{""rf_profile"": ""GFSK200"", ""tx_power_dbm"": 13}",ok,True,244.9981048182711,302.2230125397567,71.90200564456744,127.356663681223,23.35728587122443
tx_p13_rf_profile-GFSK200_s128,run_00003,web_sessions/20260719_003026_campaign_radio_ebyte_e79_cc1352p/packet_tx/20260719_012326_radio_ebyte_e79_cc1352p/raw/run_00003.csv.gz,819ee44a4ce265b2ed61460248b353e425cde3c94a190773c20c0c09bf6ad42a,prior_full_integrity_audit_plus_size_and_mtime,d6bef23d1c95105073d689fbc29b5c0d36d92ca0d2863ef0bcd2418cc64d5363,602d8f8c32ff5018b7ac02df15603486f81f2e1bdc2ae344edcd91ddd478c2c6,per_frame_modeled_airtime_v1,"[[27.19, 33.23], [58.85, 64.89]]",128,"{""rf_profile"": ""GFSK200"", ""tx_power_dbm"": 13}",ok,True,245.63632450451826,302.9762376474668,71.53931846576012,127.37067153786855,23.34341765559753
tx_p13_rf_profile-GFSK200_s128,run_00004,web_sessions/20260719_003026_campaign_radio_ebyte_e79_cc1352p/packet_tx/20260719_012326_radio_ebyte_e79_cc1352p/raw/run_00004.csv.gz,a06f9b1fa95191e13583a00e16e4b785549f4f0e5518a3575d17a45f2047bef9,prior_full_integrity_audit_plus_size_and_mtime,d6bef23d1c95105073d689fbc29b5c0d36d92ca0d2863ef0bcd2418cc64d5363,602d8f8c32ff5018b7ac02df15603486f81f2e1bdc2ae344edcd91ddd478c2c6,per_frame_modeled_airtime_v1,"[[26.39, 32.43], [59.24, 65.28]]",128,"{""rf_profile"": ""GFSK200"", ""tx_power_dbm"": 13}",ok,True,244.71687031827594,303.4993093234443,72.28304863739451,128.5210861177203,24.020591195333864
tx_p13_rf_profile-GFSK200_s128,run_00005,web_sessions/20260719_003026_campaign_radio_ebyte_e79_cc1352p/packet_tx/20260719_012326_radio_ebyte_e79_cc1352p/raw/run_00005.csv.gz,ec12bc4db220158a552febbb5d3ffe12780321f5e48ce8c9a19c633913726eef,prior_full_integrity_audit_plus_size_and_mtime,d6bef23d1c95105073d689fbc29b5c0d36d92ca0d2863ef0bcd2418cc64d5363,602d8f8c32ff5018b7ac02df15603486f81f2e1bdc2ae344edcd91ddd478c2c6,per_frame_modeled_airtime_v1,"[[27.26, 33.3], [59.23, 65.27]]",128,"{""rf_profile"": ""GFSK200"", ""tx_power_dbm"": 13}",ok,True,245.90718896707745,305.0160454236302,72.5940778334473,130.43238356554676,24.03705914610994
tx_p13_rf_profile-GFSK200_s32,run_00001,web_sessions/20260719_003026_campaign_radio_ebyte_e79_cc1352p/packet_tx/20260719_012230_radio_ebyte_e79_cc1352p/raw/run_00001.csv.gz,aad296a0e7138b3a0cccf6f1fe25cc176cf6cd9e7fa22cafde7fb89776c80c9b,prior_full_integrity_audit_plus_size_and_mtime,905baa92bd63b30ea263611c028bf24c4656c5c10b0068e09116a4f0c1ae1f5c,5eb531869698512d304152be269a4fabae0e3dc3a67d5367448b6ab98f0ae57b,original_single_frame_window_verified,"[[29.56, 34.32]]",32,"{""rf_profile"": ""GFSK200"", ""tx_power_dbm"": 13}",ok,True,109.92208679173956,109.92208679173956,40.81078295393534,40.81078295393534,0.0
tx_p13_rf_profile-GFSK200_s32,run_00002,web_sessions/20260719_003026_campaign_radio_ebyte_e79_cc1352p/packet_tx/20260719_012230_radio_ebyte_e79_cc1352p/raw/run_00002.csv.gz,fe10c974e58f4db6c4fbd23620225a7c52906996000087d056f132661e7af58e,prior_full_integrity_audit_plus_size_and_mtime,905baa92bd63b30ea263611c028bf24c4656c5c10b0068e09116a4f0c1ae1f5c,5eb531869698512d304152be269a4fabae0e3dc3a67d5367448b6ab98f0ae57b,original_single_frame_window_verified,"[[26.08, 30.84]]",32,"{""rf_profile"": ""GFSK200"", ""tx_power_dbm"": 13}",ok,True,107.06865704302285,107.06865704302285,38.33374505572642,38.33374505572642,0.0
tx_p13_rf_profile-GFSK200_s32,run_00003,web_sessions/20260719_003026_campaign_radio_ebyte_e79_cc1352p/packet_tx/20260719_012230_radio_ebyte_e79_cc1352p/raw/run_00003.csv.gz,909bae07a87dfb923d85c3cc2283bb34777386f1908a719db36c5aaf2cd5a053,prior_full_integrity_audit_plus_size_and_mtime,905baa92bd63b30ea263611c028bf24c4656c5c10b0068e09116a4f0c1ae1f5c,5eb531869698512d304152be269a4fabae0e3dc3a67d5367448b6ab98f0ae57b,original_single_frame_window_verified,"[[27.01, 31.77]]",32,"{""rf_profile"": ""GFSK200"", ""tx_power_dbm"": 13}",ok,True,107.84273739587444,107.84273739587444,39.49145769419498,39.49145769419498,0.0
tx_p13_rf_profile-GFSK200_s32,run_00004,web_sessions/20260719_003026_campaign_radio_ebyte_e79_cc1352p/packet_tx/20260719_012230_radio_ebyte_e79_cc1352p/raw/run_00004.csv.gz,87712a8c9549d73fd1ff3d7914b3afc57b41946c84456554abbd87addd803507,prior_full_integrity_audit_plus_size_and_mtime,905baa92bd63b30ea263611c028bf24c4656c5c10b0068e09116a4f0c1ae1f5c,5eb531869698512d304152be269a4fabae0e3dc3a67d5367448b6ab98f0ae57b,original_single_frame_window_verified,"[[27.49, 32.25]]",32,"{""rf_profile"": ""GFSK200"", ""tx_power_dbm"": 13}",ok,True,107.44113930827427,107.44113930827427,38.559260738756045,38.559260738756045,0.0
tx_p13_rf_profile-GFSK200_s32,run_00005,web_sessions/20260719_003026_campaign_radio_ebyte_e79_cc1352p/packet_tx/20260719_012230_radio_ebyte_e79_cc1352p/raw/run_00005.csv.gz,2bf642937b8032516f960111244f2b0085a296632513688cd77d5a9ac9ea00f6,prior_full_integrity_audit_plus_size_and_mtime,905baa92bd63b30ea263611c028bf24c4656c5c10b0068e09116a4f0c1ae1f5c,5eb531869698512d304152be269a4fabae0e3dc3a67d5367448b6ab98f0ae57b,original_single_frame_window_verified,"[[27.92, 32.68]]",32,"{""rf_profile"": ""GFSK200"", ""tx_power_dbm"": 13}",ok,True,107.1334317264421,107.1334317264421,38.870973483623445,38.870973483623445,0.0
tx_p13_rf_profile-GFSK200_s512,run_00001,web_sessions/20260719_003026_campaign_radio_ebyte_e79_cc1352p/packet_tx/20260719_012354_radio_ebyte_e79_cc1352p/raw/run_00001.csv.gz,ee18d54d2cbf3a4333b86896078760cbc858d6af68c875893365b9261e8ff732,prior_full_integrity_audit_plus_size_and_mtime,c9a886c320122b44a33af93d1ae7b05b9f52b74224abf9a6d50c682818076408,ae5c32df4fd50d566bfa7324dcdcece5007ed81e570bc3f966a5872165933ce4,per_frame_modeled_airtime_v1,"[[28.94, 34.98], [60.37, 66.41], [93.1, 99.14], [125.84, 131.88], [158.7, 164.74], [191.01, 197.05], [223.34, 229.38], [255.72, 261.76]]",512,"{""rf_profile"": ""GFSK200"", ""tx_power_dbm"": 13}",ok,True,858.3275434625282,1206.6088691282964,166.82058547260624,504.99973118350414,40.57673883571151
tx_p13_rf_profile-GFSK200_s512,run_00002,web_sessions/20260719_003026_campaign_radio_ebyte_e79_cc1352p/packet_tx/20260719_012354_radio_ebyte_e79_cc1352p/raw/run_00002.csv.gz,beec8986bd0d7222acd76fa4f346e06824a912bc3de50893ea3f0cb0363711d0,prior_full_integrity_audit_plus_size_and_mtime,c9a886c320122b44a33af93d1ae7b05b9f52b74224abf9a6d50c682818076408,ae5c32df4fd50d566bfa7324dcdcece5007ed81e570bc3f966a5872165933ce4,per_frame_modeled_airtime_v1,"[[27.96, 34.0], [60.07, 66.11], [92.59, 98.63], [125.34, 131.38], [158.74, 164.78], [189.66, 195.7], [223.1, 229.14], [253.94, 259.98]]",512,"{""rf_profile"": ""GFSK200"", ""tx_power_dbm"": 13}",ok,True,857.829466910749,1202.7176989916077,167.85633189588472,502.03277202581467,40.204754602669965
tx_p13_rf_profile-GFSK200_s512,run_00003,web_sessions/20260719_003026_campaign_radio_ebyte_e79_cc1352p/packet_tx/20260719_012354_radio_ebyte_e79_cc1352p/raw/run_00003.csv.gz,a37c31602ca37a9d3380fbe1f5dc817a1376b0daa6f0a1eac6983167f315bda5,prior_full_integrity_audit_plus_size_and_mtime,c9a886c320122b44a33af93d1ae7b05b9f52b74224abf9a6d50c682818076408,ae5c32df4fd50d566bfa7324dcdcece5007ed81e570bc3f966a5872165933ce4,per_frame_modeled_airtime_v1,"[[26.79, 32.83], [58.54, 64.58], [90.57, 96.61], [124.56, 130.6], [157.59, 163.63], [190.81, 196.85], [223.52, 229.56], [254.91, 260.95]]",512,"{""rf_profile"": ""GFSK200"", ""tx_power_dbm"": 13}",ok,True,858.2393357889846,1205.0347553669637,166.06128140480257,506.666391624784,40.40777497796324
tx_p13_rf_profile-GFSK200_s512,run_00004,web_sessions/20260719_003026_campaign_radio_ebyte_e79_cc1352p/packet_tx/20260719_012354_radio_ebyte_e79_cc1352p/raw/run_00004.csv.gz,222135f2168477e1e7388def830ceb3f5b9a5e7d1a6df49650f41aa36311e21c,prior_full_integrity_audit_plus_size_and_mtime,c9a886c320122b44a33af93d1ae7b05b9f52b74224abf9a6d50c682818076408,ae5c32df4fd50d566bfa7324dcdcece5007ed81e570bc3f966a5872165933ce4,per_frame_modeled_airtime_v1,"[[27.68, 33.72], [59.45, 65.49], [91.67, 97.71], [125.17, 131.21], [157.03, 163.07], [190.1, 196.14], [222.37, 228.41], [255.52, 261.56]]",512,"{""rf_profile"": ""GFSK200"", ""tx_power_dbm"": 13}",ok,True,857.0294619599554,1206.322795741035,166.26391510979084,508.0296988544212,40.75628076802338
tx_p13_rf_profile-GFSK200_s512,run_00005,web_sessions/20260719_003026_campaign_radio_ebyte_e79_cc1352p/packet_tx/20260719_012354_radio_ebyte_e79_cc1352p/raw/run_00005.csv.gz,81a0941d210fa9734466e5e6d3ae65e80c860a0a7152649d5bfb7f59581fc5e1,prior_full_integrity_audit_plus_size_and_mtime,c9a886c320122b44a33af93d1ae7b05b9f52b74224abf9a6d50c682818076408,ae5c32df4fd50d566bfa7324dcdcece5007ed81e570bc3f966a5872165933ce4,per_frame_modeled_airtime_v1,"[[27.34, 33.38], [60.7, 66.74], [93.78, 99.82], [127.23, 133.27], [158.73, 164.77], [190.65, 196.69], [223.14, 229.18], [254.94, 260.98]]",512,"{""rf_profile"": ""GFSK200"", ""tx_power_dbm"": 13}",ok,True,855.075342671487,1202.9294958490007,163.83222463978217,502.7844488184209,40.681111455128985
tx_p13_rf_profile-GFSK200_s64,run_00001,web_sessions/20260719_003026_campaign_radio_ebyte_e79_cc1352p/packet_tx/20260719_012258_radio_ebyte_e79_cc1352p/raw/run_00001.csv.gz,e341f434378bf0188235764a61bb9215797f1cf1172a1046a155f22146c03b2f,prior_full_integrity_audit_plus_size_and_mtime,8894989f9ff73d501ca1525f5ac95b0e431a73dd97e22f1ff5b9b9477ab25517,f3636b8f5913f6092e5e8d3118ffebc2fb5f20d9122af9d1fb377955b9bbcfb9,original_single_frame_window_verified,"[[29.61, 35.65]]",64,"{""rf_profile"": ""GFSK200"", ""tx_power_dbm"": 13}",ok,True,150.92381150260945,150.92381150260945,62.833753319692796,62.833753319692796,0.0
tx_p13_rf_profile-GFSK200_s64,run_00002,web_sessions/20260719_003026_campaign_radio_ebyte_e79_cc1352p/packet_tx/20260719_012258_radio_ebyte_e79_cc1352p/raw/run_00002.csv.gz,5e1dfe6b788606e5e8ac236456d569df2124f7ef27238b5a001d6e5b7f11cc63,prior_full_integrity_audit_plus_size_and_mtime,8894989f9ff73d501ca1525f5ac95b0e431a73dd97e22f1ff5b9b9477ab25517,f3636b8f5913f6092e5e8d3118ffebc2fb5f20d9122af9d1fb377955b9bbcfb9,original_single_frame_window_verified,"[[26.32, 32.36]]",64,"{""rf_profile"": ""GFSK200"", ""tx_power_dbm"": 13}",ok,True,152.67425721655096,152.67425721655096,65.25686053837319,65.25686053837319,0.0
tx_p13_rf_profile-GFSK200_s64,run_00003,web_sessions/20260719_003026_campaign_radio_ebyte_e79_cc1352p/packet_tx/20260719_012258_radio_ebyte_e79_cc1352p/raw/run_00003.csv.gz,89cf74d2c7fe2948baede6190ad035bb63e3495a69ac28fd8ac52bf79795945c,prior_full_integrity_audit_plus_size_and_mtime,8894989f9ff73d501ca1525f5ac95b0e431a73dd97e22f1ff5b9b9477ab25517,f3636b8f5913f6092e5e8d3118ffebc2fb5f20d9122af9d1fb377955b9bbcfb9,original_single_frame_window_verified,"[[27.62, 33.66]]",64,"{""rf_profile"": ""GFSK200"", ""tx_power_dbm"": 13}",ok,True,152.62585814521705,152.62585814521705,65.49725908744745,65.49725908744745,0.0
tx_p13_rf_profile-GFSK200_s64,run_00004,web_sessions/20260719_003026_campaign_radio_ebyte_e79_cc1352p/packet_tx/20260719_012258_radio_ebyte_e79_cc1352p/raw/run_00004.csv.gz,a2c88d96d160d3b5cfbbbb13869664de2b970639886764a339b7233f0872d1a1,prior_full_integrity_audit_plus_size_and_mtime,8894989f9ff73d501ca1525f5ac95b0e431a73dd97e22f1ff5b9b9477ab25517,f3636b8f5913f6092e5e8d3118ffebc2fb5f20d9122af9d1fb377955b9bbcfb9,original_single_frame_window_verified,"[[26.44, 32.48]]",64,"{""rf_profile"": ""GFSK200"", ""tx_power_dbm"": 13}",ok,True,150.72396400470654,150.72396400470654,63.78261948533569,63.78261948533569,0.0
tx_p13_rf_profile-GFSK200_s64,run_00005,web_sessions/20260719_003026_campaign_radio_ebyte_e79_cc1352p/packet_tx/20260719_012258_radio_ebyte_e79_cc1352p/raw/run_00005.csv.gz,53dfa710d948d6febd22ef0c674fc21f8c41bf8ced6530ef743606d441dfd8d3,prior_full_integrity_audit_plus_size_and_mtime,8894989f9ff73d501ca1525f5ac95b0e431a73dd97e22f1ff5b9b9477ab25517,f3636b8f5913f6092e5e8d3118ffebc2fb5f20d9122af9d1fb377955b9bbcfb9,original_single_frame_window_verified,"[[27.8, 33.84]]",64,"{""rf_profile"": ""GFSK200"", ""tx_power_dbm"": 13}",ok,True,150.75694963855048,150.75694963855048,63.009134836697754,63.009134836697754,0.0
tx_p13_rf_profile-GFSK200_s8,run_00001,web_sessions/20260719_003026_campaign_radio_ebyte_e79_cc1352p/packet_tx/20260719_012203_radio_ebyte_e79_cc1352p/raw/run_00001.csv.gz,f7b7e41407f781fedbeb096d4cb463c4966cb5cda5422531225f5c040185fae7,prior_full_integrity_audit_plus_size_and_mtime,6779caedd26f5a7d5d4a54d4dce7f395be0276a16e652b26c79e4365019c506e,c02ac9a1ad13b74a8f4a2a348c914187fc45897615f9bda9c86a1dddf742d1b1,original_single_frame_window_verified,"[[25.97, 29.77]]",8,"{""rf_profile"": ""GFSK200"", ""tx_power_dbm"": 13}",ok,True,74.9268860425322,74.9268860425322,20.27318826733645,20.27318826733645,0.0
tx_p13_rf_profile-GFSK200_s8,run_00002,web_sessions/20260719_003026_campaign_radio_ebyte_e79_cc1352p/packet_tx/20260719_012203_radio_ebyte_e79_cc1352p/raw/run_00002.csv.gz,827008c19b0c100078f77c553f85614f0da314b20babf753ef4759cf7cde1f49,prior_full_integrity_audit_plus_size_and_mtime,6779caedd26f5a7d5d4a54d4dce7f395be0276a16e652b26c79e4365019c506e,c02ac9a1ad13b74a8f4a2a348c914187fc45897615f9bda9c86a1dddf742d1b1,original_single_frame_window_verified,"[[27.64, 31.44]]",8,"{""rf_profile"": ""GFSK200"", ""tx_power_dbm"": 13}",ok,True,75.3780389679907,75.3780389679907,20.96347125009725,20.96347125009725,0.0
tx_p13_rf_profile-GFSK200_s8,run_00003,web_sessions/20260719_003026_campaign_radio_ebyte_e79_cc1352p/packet_tx/20260719_012203_radio_ebyte_e79_cc1352p/raw/run_00003.csv.gz,bfb13f54f79b87dc0871d8a76a7138e485001d7da3093b0f477a28780bdac62d,prior_full_integrity_audit_plus_size_and_mtime,6779caedd26f5a7d5d4a54d4dce7f395be0276a16e652b26c79e4365019c506e,c02ac9a1ad13b74a8f4a2a348c914187fc45897615f9bda9c86a1dddf742d1b1,original_single_frame_window_verified,"[[26.99, 30.79]]",8,"{""rf_profile"": ""GFSK200"", ""tx_power_dbm"": 13}",ok,True,75.77285297462107,75.77285297462107,20.753179564478028,20.753179564478028,0.0
tx_p13_rf_profile-GFSK200_s8,run_00004,web_sessions/20260719_003026_campaign_radio_ebyte_e79_cc1352p/packet_tx/20260719_012203_radio_ebyte_e79_cc1352p/raw/run_00004.csv.gz,6e2d4692ef2aa7a377e3228434c54d4d8a8c20306aa1d0c32aa612e0f1db72be,prior_full_integrity_audit_plus_size_and_mtime,6779caedd26f5a7d5d4a54d4dce7f395be0276a16e652b26c79e4365019c506e,c02ac9a1ad13b74a8f4a2a348c914187fc45897615f9bda9c86a1dddf742d1b1,original_single_frame_window_verified,"[[25.18, 28.98]]",8,"{""rf_profile"": ""GFSK200"", ""tx_power_dbm"": 13}",ok,True,77.11329107179799,77.11329107179799,22.803700703006573,22.803700703006573,0.0
tx_p13_rf_profile-GFSK200_s8,run_00005,web_sessions/20260719_003026_campaign_radio_ebyte_e79_cc1352p/packet_tx/20260719_012203_radio_ebyte_e79_cc1352p/raw/run_00005.csv.gz,5384cd13c102dc3a4b1f2b80ff22fa405c0de136da17017ecc22c38e1b8a5225,prior_full_integrity_audit_plus_size_and_mtime,6779caedd26f5a7d5d4a54d4dce7f395be0276a16e652b26c79e4365019c506e,c02ac9a1ad13b74a8f4a2a348c914187fc45897615f9bda9c86a1dddf742d1b1,original_single_frame_window_verified,"[[25.34, 29.14]]",8,"{""rf_profile"": ""GFSK200"", ""tx_power_dbm"": 13}",ok,True,75.07256196366987,75.07256196366987,20.730873289121313,20.730873289121313,0.0
tx_p13_rf_profile-GFSK4K8_s1024,run_00001,web_sessions/20260719_003026_campaign_radio_ebyte_e79_cc1352p/packet_tx/20260719_011824_radio_ebyte_e79_cc1352p/raw/run_00001.csv.gz,57dc74b0b0e9a7ca5e78e86aac9f61a2a890b0c2e22a716fcedc518a79ca19de,prior_full_integrity_audit_plus_size_and_mtime,7fadc5cd1cb070064cf37ca331f489a8d3a30796443695addaa10e0168160d67,c627c1980ace384b25f084c8dfa62d374debae4b4e5990ff32e0d94971fd63ac,per_frame_modeled_airtime_v1,"[[29.43, 159.1], [183.58, 313.25], [337.21, 466.88], [490.8, 620.47], [642.23, 771.9], [797.43, 927.1], [952.56, 1082.23], [1106.24, 1235.91], [1261.9, 1391.57], [1411.84, 1541.51], [1565.17, 1694.83], [1720.27, 1849.93], [1873.9, 2003.56], [2026.86, 2156.52], [2182.26, 2311.92], [2336.51, 2466.17]]",1024,"{""rf_profile"": ""GFSK4K8"", ""tx_power_dbm"": 13}",ok,True,60785.98186896186,65422.67377132727,27787.909489770627,32263.74365539351,7.627896695591518
tx_p13_rf_profile-GFSK4K8_s1024,run_00002,web_sessions/20260719_003026_campaign_radio_ebyte_e79_cc1352p/packet_tx/20260719_011824_radio_ebyte_e79_cc1352p/raw/run_00002.csv.gz,9475a90d67e9350837c36f20234ff5d0a53a39036cf22bf35285eabfdd6fc3fc,prior_full_integrity_audit_plus_size_and_mtime,7fadc5cd1cb070064cf37ca331f489a8d3a30796443695addaa10e0168160d67,c627c1980ace384b25f084c8dfa62d374debae4b4e5990ff32e0d94971fd63ac,per_frame_modeled_airtime_v1,"[[25.64, 155.31], [181.81, 311.48], [337.26, 466.93], [492.82, 622.49], [644.52, 774.19], [798.12, 927.79], [952.41, 1082.08], [1103.49, 1233.16], [1258.11, 1387.78], [1412.85, 1542.52], [1570.58, 1700.24], [1723.33, 1852.99], [1879.86, 2009.52], [2034.03, 2163.69], [2187.66, 2317.32], [2339.3, 2468.96]]",1024,"{""rf_profile"": ""GFSK4K8"", ""tx_power_dbm"": 13}",ok,True,60551.89168501972,65311.22714952218,27584.54004053231,32182.154035441505,7.859928620000312
tx_p13_rf_profile-GFSK4K8_s1024,run_00003,web_sessions/20260719_003026_campaign_radio_ebyte_e79_cc1352p/packet_tx/20260719_011824_radio_ebyte_e79_cc1352p/raw/run_00003.csv.gz,d1411f5432fd4b5eb0719a325cd294d5c0c36679bfdbff8e6520718eaf7087bf,prior_full_integrity_audit_plus_size_and_mtime,7fadc5cd1cb070064cf37ca331f489a8d3a30796443695addaa10e0168160d67,c627c1980ace384b25f084c8dfa62d374debae4b4e5990ff32e0d94971fd63ac,per_frame_modeled_airtime_v1,"[[27.07, 156.74], [179.65, 309.32], [334.3, 463.97], [485.44, 615.11], [641.57, 771.24], [796.96, 926.63], [952.64, 1082.31], [1108.17, 1237.84], [1259.72, 1389.39], [1413.25, 1542.92], [1567.61, 1697.27], [1723.24, 1852.9], [1877.94, 2007.6], [2034.55, 2164.21], [2189.04, 2318.7], [2341.03, 2470.69]]",1024,"{""rf_profile"": ""GFSK4K8"", ""tx_power_dbm"": 13}",ok,True,60562.56386989722,65346.48437664011,27602.27174052769,32219.38578666316,7.899138017042828
tx_p13_rf_profile-GFSK4K8_s1024,run_00004,web_sessions/20260719_003026_campaign_radio_ebyte_e79_cc1352p/packet_tx/20260719_011824_radio_ebyte_e79_cc1352p/raw/run_00004.csv.gz,ebcf43d9ab8eafe4668d26548100ca9114db7e5b02ba0656720d81d45bb46d97,prior_full_integrity_audit_plus_size_and_mtime,7fadc5cd1cb070064cf37ca331f489a8d3a30796443695addaa10e0168160d67,c627c1980ace384b25f084c8dfa62d374debae4b4e5990ff32e0d94971fd63ac,per_frame_modeled_airtime_v1,"[[27.8, 157.47], [184.09, 313.76], [338.33, 468.0], [490.9, 620.57], [644.13, 773.8], [799.38, 929.05], [955.11, 1084.78], [1109.68, 1239.35], [1262.47, 1392.14], [1416.04, 1545.71], [1569.69, 1699.35], [1720.32, 1849.98], [1876.06, 2005.72], [2029.52, 2159.18], [2184.03, 2313.69], [2339.6, 2469.26]]",1024,"{""rf_profile"": ""GFSK4K8"", ""tx_power_dbm"": 13}",ok,True,60671.04918413495,65383.24695697873,27732.095596768762,32287.001934861655,7.766797898190925
tx_p13_rf_profile-GFSK4K8_s1024,run_00005,web_sessions/20260719_003026_campaign_radio_ebyte_e79_cc1352p/packet_tx/20260719_011824_radio_ebyte_e79_cc1352p/raw/run_00005.csv.gz,01faad4914ca5530f2fc070c251d3a48860f42a234054ec293ef02b8e1182dc1,prior_full_integrity_audit_plus_size_and_mtime,7fadc5cd1cb070064cf37ca331f489a8d3a30796443695addaa10e0168160d67,c627c1980ace384b25f084c8dfa62d374debae4b4e5990ff32e0d94971fd63ac,per_frame_modeled_airtime_v1,"[[27.83, 157.5], [183.09, 312.76], [338.39, 468.06], [488.96, 618.63], [644.25, 773.92], [801.37, 931.04], [954.66, 1084.33], [1110.79, 1240.46], [1264.44, 1394.11], [1420.02, 1549.69], [1574.86, 1704.52], [1728.15, 1857.81], [1883.69, 2013.35], [2040.26, 2169.92], [2194.98, 2324.64], [2346.47, 2476.13]]",1024,"{""rf_profile"": ""GFSK4K8"", ""tx_power_dbm"": 13}",ok,True,60502.26059532457,65358.44836927647,27538.15641766839,32230.220354295416,8.02645674090261
tx_p13_rf_profile-GFSK4K8_s128,run_00001,web_sessions/20260719_003026_campaign_radio_ebyte_e79_cc1352p/packet_tx/20260719_011718_radio_ebyte_e79_cc1352p/raw/run_00001.csv.gz,cf3d0ad606098c749b6048bb5b0c5add1fc9df268f1180404f9874a20123cb8c,prior_full_integrity_audit_plus_size_and_mtime,d2801ad2889b633216cfaabe728f5911c082851600334858a5472f5e999c830a,766eaa352cf2cd8fdc81203c5df57f8d686b15b12177f469796f628654a0e425,per_frame_modeled_airtime_v1,"[[28.36, 158.03], [181.96, 311.62]]",128,"{""rf_profile"": ""GFSK4K8"", ""tx_power_dbm"": 13}",ok,True,7898.745358756084,8226.838910903562,3768.6826433488027,4085.0527561557783,4.153742616652045
tx_p13_rf_profile-GFSK4K8_s128,run_00002,web_sessions/20260719_003026_campaign_radio_ebyte_e79_cc1352p/packet_tx/20260719_011718_radio_ebyte_e79_cc1352p/raw/run_00002.csv.gz,8298cf7e889a167dfb89e285d08c18684626b8346019cffe2ef24ed452008888,prior_full_integrity_audit_plus_size_and_mtime,d2801ad2889b633216cfaabe728f5911c082851600334858a5472f5e999c830a,766eaa352cf2cd8fdc81203c5df57f8d686b15b12177f469796f628654a0e425,per_frame_modeled_airtime_v1,"[[27.33, 157.0], [181.03, 310.69]]",128,"{""rf_profile"": ""GFSK4K8"", ""tx_power_dbm"": 13}",ok,True,7848.029344249916,8174.9827305168,3722.0145934605976,4040.1485271460865,4.166057132628276
tx_p13_rf_profile-GFSK4K8_s128,run_00003,web_sessions/20260719_003026_campaign_radio_ebyte_e79_cc1352p/packet_tx/20260719_011718_radio_ebyte_e79_cc1352p/raw/run_00003.csv.gz,d7e76400a36f7509db87d7c3156ef573892ebddb75cf3868efcda7d26fc66e5c,prior_full_integrity_audit_plus_size_and_mtime,d2801ad2889b633216cfaabe728f5911c082851600334858a5472f5e999c830a,766eaa352cf2cd8fdc81203c5df57f8d686b15b12177f469796f628654a0e425,per_frame_modeled_airtime_v1,"[[26.66, 156.33], [181.78, 311.44]]",128,"{""rf_profile"": ""GFSK4K8"", ""tx_power_dbm"": 13}",ok,True,7850.584620374371,8200.59984328568,3725.632522798221,4063.8270910206716,4.458460609454806
tx_p13_rf_profile-GFSK4K8_s128,run_00004,web_sessions/20260719_003026_campaign_radio_ebyte_e79_cc1352p/packet_tx/20260719_011718_radio_ebyte_e79_cc1352p/raw/run_00004.csv.gz,a8d09b6ae380da542964f9f3dde6fc950c29a053a88aab12ea2cfee83f1d1fc4,prior_full_integrity_audit_plus_size_and_mtime,d2801ad2889b633216cfaabe728f5911c082851600334858a5472f5e999c830a,766eaa352cf2cd8fdc81203c5df57f8d686b15b12177f469796f628654a0e425,per_frame_modeled_airtime_v1,"[[26.4, 156.07], [181.44, 311.1]]",128,"{""rf_profile"": ""GFSK4K8"", ""tx_power_dbm"": 13}",ok,True,7851.143346624165,8200.37070297978,3726.5216976124743,4063.2329018719493,4.448108268278861
tx_p13_rf_profile-GFSK4K8_s128,run_00005,web_sessions/20260719_003026_campaign_radio_ebyte_e79_cc1352p/packet_tx/20260719_011718_radio_ebyte_e79_cc1352p/raw/run_00005.csv.gz,8cb6983aa743b97322e6b75e60909ba9abfe87370cf81f0de26bf29f443e5d40,prior_full_integrity_audit_plus_size_and_mtime,d2801ad2889b633216cfaabe728f5911c082851600334858a5472f5e999c830a,766eaa352cf2cd8fdc81203c5df57f8d686b15b12177f469796f628654a0e425,per_frame_modeled_airtime_v1,"[[27.53, 157.2], [183.94, 313.6]]",128,"{""rf_profile"": ""GFSK4K8"", ""tx_power_dbm"": 13}",ok,True,7832.891261186664,8199.570684070532,3707.6759299504865,4061.301826658405,4.681278095877928
tx_p13_rf_profile-GFSK4K8_s32,run_00001,web_sessions/20260719_003026_campaign_radio_ebyte_e79_cc1352p/packet_tx/20260719_011622_radio_ebyte_e79_cc1352p/raw/run_00001.csv.gz,8bea143f6c82cd9403ad54e32af27194da33d5bdcf4b0051984668ef14aac42e,prior_full_integrity_audit_plus_size_and_mtime,ecfd63374a308f8bb7b55d323eb8bdf63c53a86985413731ad35681c8a0bbff9,7e1182ba129e6f848a09c1d300b77975b3c5a8817799dc8ee09785690e829ee6,original_single_frame_window_verified,"[[26.34, 102.67]]",32,"{""rf_profile"": ""GFSK4K8"", ""tx_power_dbm"": 13}",ok,True,2410.0673238424083,2410.0673238424083,1187.8929352689727,1187.8929352689727,0.0
tx_p13_rf_profile-GFSK4K8_s32,run_00002,web_sessions/20260719_003026_campaign_radio_ebyte_e79_cc1352p/packet_tx/20260719_011622_radio_ebyte_e79_cc1352p/raw/run_00002.csv.gz,a88618011eb6be1efd7d9b8fee89b27f4206660616d55c4ba3ff437fe910c70f,prior_full_integrity_audit_plus_size_and_mtime,ecfd63374a308f8bb7b55d323eb8bdf63c53a86985413731ad35681c8a0bbff9,7e1182ba129e6f848a09c1d300b77975b3c5a8817799dc8ee09785690e829ee6,original_single_frame_window_verified,"[[26.42, 102.75]]",32,"{""rf_profile"": ""GFSK4K8"", ""tx_power_dbm"": 13}",ok,True,2394.970229804782,2394.970229804782,1175.2393762770707,1175.2393762770707,0.0
tx_p13_rf_profile-GFSK4K8_s32,run_00003,web_sessions/20260719_003026_campaign_radio_ebyte_e79_cc1352p/packet_tx/20260719_011622_radio_ebyte_e79_cc1352p/raw/run_00003.csv.gz,65c4b68478bbcee8385fc0b05a2f6067e79bdb7b5752583668ac636066f62d7b,prior_full_integrity_audit_plus_size_and_mtime,ecfd63374a308f8bb7b55d323eb8bdf63c53a86985413731ad35681c8a0bbff9,7e1182ba129e6f848a09c1d300b77975b3c5a8817799dc8ee09785690e829ee6,original_single_frame_window_verified,"[[26.22, 102.55]]",32,"{""rf_profile"": ""GFSK4K8"", ""tx_power_dbm"": 13}",ok,True,2398.795702886417,2398.795702886417,1177.9360858312014,1177.9360858312014,0.0
tx_p13_rf_profile-GFSK4K8_s32,run_00004,web_sessions/20260719_003026_campaign_radio_ebyte_e79_cc1352p/packet_tx/20260719_011622_radio_ebyte_e79_cc1352p/raw/run_00004.csv.gz,741e2eece792c718ed41ff4735a840d20faf4eb77b076d935a418842f1c34ebb,prior_full_integrity_audit_plus_size_and_mtime,ecfd63374a308f8bb7b55d323eb8bdf63c53a86985413731ad35681c8a0bbff9,7e1182ba129e6f848a09c1d300b77975b3c5a8817799dc8ee09785690e829ee6,original_single_frame_window_verified,"[[26.21, 102.54]]",32,"{""rf_profile"": ""GFSK4K8"", ""tx_power_dbm"": 13}",ok,True,2393.5393176230127,2393.5393176230127,1173.9844811787875,1173.9844811787875,0.0
tx_p13_rf_profile-GFSK4K8_s32,run_00005,web_sessions/20260719_003026_campaign_radio_ebyte_e79_cc1352p/packet_tx/20260719_011622_radio_ebyte_e79_cc1352p/raw/run_00005.csv.gz,343e824a43b6e68a63a1c9a6eeeb10d0888867f35635d3fb99e1f86faba97752,prior_full_integrity_audit_plus_size_and_mtime,ecfd63374a308f8bb7b55d323eb8bdf63c53a86985413731ad35681c8a0bbff9,7e1182ba129e6f848a09c1d300b77975b3c5a8817799dc8ee09785690e829ee6,original_single_frame_window_verified,"[[26.34, 102.67]]",32,"{""rf_profile"": ""GFSK4K8"", ""tx_power_dbm"": 13}",ok,True,2399.5087825122177,2399.5087825122177,1179.014522007796,1179.014522007796,0.0
tx_p13_rf_profile-GFSK4K8_s512,run_00001,web_sessions/20260719_003026_campaign_radio_ebyte_e79_cc1352p/packet_tx/20260719_011746_radio_ebyte_e79_cc1352p/raw/run_00001.csv.gz,72a0783faf4fa05a8e18072268ecc1aa92e6eb7d815b4fffaad8edec6cd68f0b,prior_full_integrity_audit_plus_size_and_mtime,afe6074e04a293b3ba8fb6380484ca448b06dbdfefe2acf210788d343bd34675,b2da7267b0b95b40f4eb564ed2c680756318e0671fbfa7bddd960d56ca36a5da,per_frame_modeled_airtime_v1,"[[27.75, 157.42], [180.84, 310.51], [337.15, 466.82], [490.86, 620.53], [647.15, 776.82], [802.84, 932.5], [957.39, 1087.05], [1111.99, 1241.65]]",512,"{""rf_profile"": ""GFSK4K8"", ""tx_power_dbm"": 13}",ok,True,30513.335221291632,32731.71804767893,14011.462804983199,16150.264471242845,7.270207633151005
tx_p13_rf_profile-GFSK4K8_s512,run_00002,web_sessions/20260719_003026_campaign_radio_ebyte_e79_cc1352p/packet_tx/20260719_011746_radio_ebyte_e79_cc1352p/raw/run_00002.csv.gz,fafc2fcdf16bdf48d03c2534f956f22f5265c2dea2d73af4d6783c012710c913,prior_full_integrity_audit_plus_size_and_mtime,afe6074e04a293b3ba8fb6380484ca448b06dbdfefe2acf210788d343bd34675,b2da7267b0b95b40f4eb564ed2c680756318e0671fbfa7bddd960d56ca36a5da,per_frame_modeled_airtime_v1,"[[27.43, 157.1], [183.44, 313.11], [338.72, 468.39], [493.08, 622.75], [645.36, 775.03], [798.01, 927.67], [948.81, 1078.47], [1102.86, 1232.52]]",512,"{""rf_profile"": ""GFSK4K8"", ""tx_power_dbm"": 13}",ok,True,30585.75759280331,32685.78372130788,14113.041163519745,16136.70363893772,6.866026195796082
tx_p13_rf_profile-GFSK4K8_s512,run_00003,web_sessions/20260719_003026_campaign_radio_ebyte_e79_cc1352p/packet_tx/20260719_011746_radio_ebyte_e79_cc1352p/raw/run_00003.csv.gz,a43d50e0b0dd81473d9f3b46090cd0933d05b7a4999aab3ccb9eaee900a9b6d6,prior_full_integrity_audit_plus_size_and_mtime,afe6074e04a293b3ba8fb6380484ca448b06dbdfefe2acf210788d343bd34675,b2da7267b0b95b40f4eb564ed2c680756318e0671fbfa7bddd960d56ca36a5da,per_frame_modeled_airtime_v1,"[[26.73, 156.4], [180.09, 309.76], [333.13, 462.8], [486.63, 616.3], [639.34, 769.01], [793.74, 923.4], [946.42, 1076.08], [1098.04, 1227.7]]",512,"{""rf_profile"": ""GFSK4K8"", ""tx_power_dbm"": 13}",ok,True,30623.707256745718,32677.5871754201,14147.070562264544,16129.625222871246,6.70682978208641
tx_p13_rf_profile-GFSK4K8_s512,run_00004,web_sessions/20260719_003026_campaign_radio_ebyte_e79_cc1352p/packet_tx/20260719_011746_radio_ebyte_e79_cc1352p/raw/run_00004.csv.gz,1eaeacff311e456a334ce9dcabb9dff134501cb7e4fb33bccec741b2290097c6,prior_full_integrity_audit_plus_size_and_mtime,afe6074e04a293b3ba8fb6380484ca448b06dbdfefe2acf210788d343bd34675,b2da7267b0b95b40f4eb564ed2c680756318e0671fbfa7bddd960d56ca36a5da,per_frame_modeled_airtime_v1,"[[27.0, 156.67], [178.15, 307.82], [331.38, 461.05], [489.04, 618.71], [643.79, 773.46], [799.47, 929.13], [950.62, 1080.28], [1101.9, 1231.56]]",512,"{""rf_profile"": ""GFSK4K8"", ""tx_power_dbm"": 13}",ok,True,30590.291848018525,32729.01753389749,14095.874256773473,16165.223641129536,6.991517755060261
tx_p13_rf_profile-GFSK4K8_s512,run_00005,web_sessions/20260719_003026_campaign_radio_ebyte_e79_cc1352p/packet_tx/20260719_011746_radio_ebyte_e79_cc1352p/raw/run_00005.csv.gz,199bab9eda53d371bc9601b2b55014d390ffa8c37440769756d4e41f71793b75,prior_full_integrity_audit_plus_size_and_mtime,afe6074e04a293b3ba8fb6380484ca448b06dbdfefe2acf210788d343bd34675,b2da7267b0b95b40f4eb564ed2c680756318e0671fbfa7bddd960d56ca36a5da,per_frame_modeled_airtime_v1,"[[26.42, 156.09], [182.73, 312.4], [337.76, 467.43], [492.32, 621.99], [644.96, 774.63], [800.05, 929.71], [955.68, 1085.34], [1112.38, 1242.04]]",512,"{""rf_profile"": ""GFSK4K8"", ""tx_power_dbm"": 13}",ok,True,30502.46049844449,32721.586830437016,14033.518608549975,16175.664181194701,7.275237130806866
tx_p13_rf_profile-GFSK4K8_s64,run_00001,web_sessions/20260719_003026_campaign_radio_ebyte_e79_cc1352p/packet_tx/20260719_011650_radio_ebyte_e79_cc1352p/raw/run_00001.csv.gz,e11829fb9e7525e885f6cc1c61c9449e49077054324c47b49c9862eb01b08c59,prior_full_integrity_audit_plus_size_and_mtime,c277faf3ac7c205d86bd9f5ae7d03936563ee3f8f60b1b4e84a502305931a483,536d2eaf603b9df87fc14ec5c5f826c3fb484d3b5b0f1cce1e9e2526e6f3f956,original_single_frame_window_verified,"[[28.59, 158.25]]",64,"{""rf_profile"": ""GFSK4K8"", ""tx_power_dbm"": 13}",ok,True,4118.6846918222545,4118.6846918222545,2044.4186372714732,2044.4186372714732,0.0
tx_p13_rf_profile-GFSK4K8_s64,run_00002,web_sessions/20260719_003026_campaign_radio_ebyte_e79_cc1352p/packet_tx/20260719_011650_radio_ebyte_e79_cc1352p/raw/run_00002.csv.gz,73aaadf2ecf6c937f1fc8eaedf0ee48ea7153cf5d229d4b22e781b3741889c16,prior_full_integrity_audit_plus_size_and_mtime,c277faf3ac7c205d86bd9f5ae7d03936563ee3f8f60b1b4e84a502305931a483,536d2eaf603b9df87fc14ec5c5f826c3fb484d3b5b0f1cce1e9e2526e6f3f956,original_single_frame_window_verified,"[[27.87, 157.53]]",64,"{""rf_profile"": ""GFSK4K8"", ""tx_power_dbm"": 13}",ok,True,4105.475237350517,4105.475237350517,2033.512093626324,2033.512093626324,0.0
tx_p13_rf_profile-GFSK4K8_s64,run_00003,web_sessions/20260719_003026_campaign_radio_ebyte_e79_cc1352p/packet_tx/20260719_011650_radio_ebyte_e79_cc1352p/raw/run_00003.csv.gz,dc9edd3974bd8595c26108c4810066ea885139257aaf79948a0a1290e41f811a,prior_full_integrity_audit_plus_size_and_mtime,c277faf3ac7c205d86bd9f5ae7d03936563ee3f8f60b1b4e84a502305931a483,536d2eaf603b9df87fc14ec5c5f826c3fb484d3b5b0f1cce1e9e2526e6f3f956,original_single_frame_window_verified,"[[26.84, 156.5]]",64,"{""rf_profile"": ""GFSK4K8"", ""tx_power_dbm"": 13}",ok,True,4112.362246781905,4112.362246781905,2037.6680483017494,2037.6680483017494,0.0
tx_p13_rf_profile-GFSK4K8_s64,run_00004,web_sessions/20260719_003026_campaign_radio_ebyte_e79_cc1352p/packet_tx/20260719_011650_radio_ebyte_e79_cc1352p/raw/run_00004.csv.gz,924aa3983e719f93856919ea7c1fb5afb8ba201b6487ddeffb809e6e60d0c3ed,prior_full_integrity_audit_plus_size_and_mtime,c277faf3ac7c205d86bd9f5ae7d03936563ee3f8f60b1b4e84a502305931a483,536d2eaf603b9df87fc14ec5c5f826c3fb484d3b5b0f1cce1e9e2526e6f3f956,original_single_frame_window_verified,"[[27.33, 156.99]]",64,"{""rf_profile"": ""GFSK4K8"", ""tx_power_dbm"": 13}",ok,True,4100.54446526968,4100.54446526968,2028.1229026691826,2028.1229026691826,0.0
tx_p13_rf_profile-GFSK4K8_s64,run_00005,web_sessions/20260719_003026_campaign_radio_ebyte_e79_cc1352p/packet_tx/20260719_011650_radio_ebyte_e79_cc1352p/raw/run_00005.csv.gz,e372b77d57916334b9cd664cf56b9100947f23cec6b7ed3d676b34c05b0ef32b,prior_full_integrity_audit_plus_size_and_mtime,c277faf3ac7c205d86bd9f5ae7d03936563ee3f8f60b1b4e84a502305931a483,536d2eaf603b9df87fc14ec5c5f826c3fb484d3b5b0f1cce1e9e2526e6f3f956,original_single_frame_window_verified,"[[26.18, 155.84]]",64,"{""rf_profile"": ""GFSK4K8"", ""tx_power_dbm"": 13}",ok,True,4109.692228200732,4109.692228200732,2039.2832256972752,2039.2832256972752,0.0
tx_p13_rf_profile-GFSK4K8_s8,run_00001,web_sessions/20260719_003026_campaign_radio_ebyte_e79_cc1352p/packet_tx/20260719_011554_radio_ebyte_e79_cc1352p/raw/run_00001.csv.gz,f6e70e48cdfad7c0ea4a68b7504c22cd811a77f476abddc0afcd27606c53ef37,prior_full_integrity_audit_plus_size_and_mtime,550c8f36903cd9aff53de9cd8e7cabbd07124408aac0c287f007ae669b59759f,7fc5a968ac6ae1394a4f5acd6aacedf761f04b079db488ff8760babb8bfc3640,original_single_frame_window_verified,"[[25.57, 61.9]]",8,"{""rf_profile"": ""GFSK4K8"", ""tx_power_dbm"": 13}",ok,True,1120.7118757560866,1120.7118757560866,541.9681546976899,541.9681546976899,0.0
tx_p13_rf_profile-GFSK4K8_s8,run_00002,web_sessions/20260719_003026_campaign_radio_ebyte_e79_cc1352p/packet_tx/20260719_011554_radio_ebyte_e79_cc1352p/raw/run_00002.csv.gz,1f6688fed9ba5f6930d5b7c78de1cf00b6c2d5b03403ecd222ce7ec8969aeb83,prior_full_integrity_audit_plus_size_and_mtime,550c8f36903cd9aff53de9cd8e7cabbd07124408aac0c287f007ae669b59759f,7fc5a968ac6ae1394a4f5acd6aacedf761f04b079db488ff8760babb8bfc3640,original_single_frame_window_verified,"[[26.11, 62.44]]",8,"{""rf_profile"": ""GFSK4K8"", ""tx_power_dbm"": 13}",ok,True,1116.0115480259042,1116.0115480259042,536.2204399748059,536.2204399748059,0.0
tx_p13_rf_profile-GFSK4K8_s8,run_00003,web_sessions/20260719_003026_campaign_radio_ebyte_e79_cc1352p/packet_tx/20260719_011554_radio_ebyte_e79_cc1352p/raw/run_00003.csv.gz,bd8bc21e67bd1980950f1d073019e8d7a8dd872d062356685d23a5533ad5f61f,prior_full_integrity_audit_plus_size_and_mtime,550c8f36903cd9aff53de9cd8e7cabbd07124408aac0c287f007ae669b59759f,7fc5a968ac6ae1394a4f5acd6aacedf761f04b079db488ff8760babb8bfc3640,original_single_frame_window_verified,"[[26.01, 62.34]]",8,"{""rf_profile"": ""GFSK4K8"", ""tx_power_dbm"": 13}",ok,True,1114.3150512795605,1114.3150512795605,535.4655854410236,535.4655854410236,0.0
tx_p13_rf_profile-GFSK4K8_s8,run_00004,web_sessions/20260719_003026_campaign_radio_ebyte_e79_cc1352p/packet_tx/20260719_011554_radio_ebyte_e79_cc1352p/raw/run_00004.csv.gz,657bf30e68d9638b453e602e7741b297aecef2e09bff86d50ef91cf2df41f570,prior_full_integrity_audit_plus_size_and_mtime,550c8f36903cd9aff53de9cd8e7cabbd07124408aac0c287f007ae669b59759f,7fc5a968ac6ae1394a4f5acd6aacedf761f04b079db488ff8760babb8bfc3640,original_single_frame_window_verified,"[[25.75, 62.08]]",8,"{""rf_profile"": ""GFSK4K8"", ""tx_power_dbm"": 13}",ok,True,1114.8832960157715,1114.8832960157715,535.8464484539653,535.8464484539653,0.0
tx_p13_rf_profile-GFSK4K8_s8,run_00005,web_sessions/20260719_003026_campaign_radio_ebyte_e79_cc1352p/packet_tx/20260719_011554_radio_ebyte_e79_cc1352p/raw/run_00005.csv.gz,81dc7d2e4db94add8132ce3401f26e5ee7f293e850a4c0909f2e30f39b6e831f,prior_full_integrity_audit_plus_size_and_mtime,550c8f36903cd9aff53de9cd8e7cabbd07124408aac0c287f007ae669b59759f,7fc5a968ac6ae1394a4f5acd6aacedf761f04b079db488ff8760babb8bfc3640,original_single_frame_window_verified,"[[25.26, 61.59]]",8,"{""rf_profile"": ""GFSK4K8"", ""tx_power_dbm"": 13}",ok,True,1112.8438460354837,1112.8438460354837,535.0515583416477,535.0515583416477,0.0
tx_p13_rf_profile-GFSK50_s1024,run_00001,web_sessions/20260719_003026_campaign_radio_ebyte_e79_cc1352p/packet_tx/20260719_012135_radio_ebyte_e79_cc1352p/raw/run_00001.csv.gz,dd517bdf573e0bf93be62e5a03e90ef58f18f1e82d075ac36ce4a115bb82834c,prior_full_integrity_audit_plus_size_and_mtime,95dc85222f160b8c3f52da685b578f609907da27c3d804e4e044a2f0a5c7ec26,bf958e5765e7bf48571fc0638100f9ef8517bb2eb1543e4873b39de48626259c,per_frame_modeled_airtime_v1,"[[27.67, 42.83], [65.1, 80.26], [102.83, 117.99], [140.69, 155.85], [177.84, 193.0], [215.0, 230.16], [252.55, 267.71], [289.65, 304.81], [327.62, 342.78], [365.11, 380.27], [403.35, 418.51], [442.14, 457.3], [480.15, 495.31], [519.02, 534.18], [556.01, 571.17], [594.16, 609.32]]",1024,"{""rf_profile"": ""GFSK50"", ""tx_power_dbm"": 13}",ok,True,5128.445802682979,6914.693834346769,1615.8441842959871,3358.592699615033,34.830201983012145
tx_p13_rf_profile-GFSK50_s1024,run_00002,web_sessions/20260719_003026_campaign_radio_ebyte_e79_cc1352p/packet_tx/20260719_012135_radio_ebyte_e79_cc1352p/raw/run_00002.csv.gz,b03c5a7b98e945eb52859cebb02aa497830867ee52df9f3a306c3a970b2f780b,prior_full_integrity_audit_plus_size_and_mtime,95dc85222f160b8c3f52da685b578f609907da27c3d804e4e044a2f0a5c7ec26,bf958e5765e7bf48571fc0638100f9ef8517bb2eb1543e4873b39de48626259c,per_frame_modeled_airtime_v1,"[[27.22, 42.38], [64.62, 79.78], [101.95, 117.11], [138.39, 153.55], [176.49, 191.65], [214.25, 229.41], [251.66, 266.82], [289.77, 304.93], [326.65, 341.81], [364.77, 379.93], [403.19, 418.35], [439.7, 454.86], [476.85, 492.01], [514.72, 529.88], [553.25, 568.41], [597.12, 612.28]]",1024,"{""rf_profile"": ""GFSK50"", ""tx_power_dbm"": 13}",ok,True,5109.300619928704,6875.758314622686,1598.9812641816309,3316.6574417288916,34.57337561630172
tx_p13_rf_profile-GFSK50_s1024,run_00003,web_sessions/20260719_003026_campaign_radio_ebyte_e79_cc1352p/packet_tx/20260719_012135_radio_ebyte_e79_cc1352p/raw/run_00003.csv.gz,05dc6b67cc247c96186ba28e2da150a7e45df365e08f8f537831483a74f15d59,prior_full_integrity_audit_plus_size_and_mtime,95dc85222f160b8c3f52da685b578f609907da27c3d804e4e044a2f0a5c7ec26,bf958e5765e7bf48571fc0638100f9ef8517bb2eb1543e4873b39de48626259c,per_frame_modeled_airtime_v1,"[[26.59, 41.75], [64.12, 79.28], [102.05, 117.21], [139.77, 154.93], [176.66, 191.82], [213.45, 228.61], [250.96, 266.12], [288.01, 303.17], [326.05, 341.21], [363.47, 378.63], [401.37, 416.53], [438.18, 453.34], [476.1, 491.26], [513.99, 529.15], [552.15, 567.31], [589.06, 604.22]]",1024,"{""rf_profile"": ""GFSK50"", ""tx_power_dbm"": 13}",ok,True,5116.7285527008235,6887.531464473895,1606.764531439824,3329.570796672875,34.608107378265494
tx_p13_rf_profile-GFSK50_s1024,run_00004,web_sessions/20260719_003026_campaign_radio_ebyte_e79_cc1352p/packet_tx/20260719_012135_radio_ebyte_e79_cc1352p/raw/run_00004.csv.gz,667e73057fb90cf68397a37a64dae9f909b00559429da902d2d10c211af77381,prior_full_integrity_audit_plus_size_and_mtime,95dc85222f160b8c3f52da685b578f609907da27c3d804e4e044a2f0a5c7ec26,bf958e5765e7bf48571fc0638100f9ef8517bb2eb1543e4873b39de48626259c,per_frame_modeled_airtime_v1,"[[27.33, 42.49], [65.14, 80.3], [102.79, 117.95], [139.98, 155.14], [177.71, 192.87], [216.13, 231.29], [252.83, 267.99], [289.39, 304.55], [327.93, 343.09], [365.97, 381.13], [404.38, 419.54], [445.91, 461.07], [484.04, 499.2], [521.32, 536.48], [559.35, 574.51], [598.88, 614.04]]",1024,"{""rf_profile"": ""GFSK50"", ""tx_power_dbm"": 13}",ok,True,5112.3158651841895,6868.569293808103,1599.384010149298,3311.5904920518547,34.35338259484946
tx_p13_rf_profile-GFSK50_s1024,run_00005,web_sessions/20260719_003026_campaign_radio_ebyte_e79_cc1352p/packet_tx/20260719_012135_radio_ebyte_e79_cc1352p/raw/run_00005.csv.gz,140cc3f8bf0edeee85d2b82e046ff3ab2d46cbd3258be430e5e18f5bd20843b7,prior_full_integrity_audit_plus_size_and_mtime,95dc85222f160b8c3f52da685b578f609907da27c3d804e4e044a2f0a5c7ec26,bf958e5765e7bf48571fc0638100f9ef8517bb2eb1543e4873b39de48626259c,per_frame_modeled_airtime_v1,"[[26.85, 42.01], [63.38, 78.54], [101.11, 116.27], [139.52, 154.68], [181.24, 196.4], [218.04, 233.2], [256.07, 271.23], [294.2, 309.36], [332.68, 347.84], [369.8, 384.96], [407.54, 422.7], [444.99, 460.15], [483.19, 498.35], [520.88, 536.04], [557.93, 573.09], [595.76, 610.92]]",1024,"{""rf_profile"": ""GFSK50"", ""tx_power_dbm"": 13}",ok,True,5110.213494094617,6885.967848449588,1601.3262959223798,3329.7140885640442,34.74912264246963
tx_p13_rf_profile-GFSK50_s128,run_00001,web_sessions/20260719_003026_campaign_radio_ebyte_e79_cc1352p/packet_tx/20260719_012039_radio_ebyte_e79_cc1352p/raw/run_00001.csv.gz,0096bcd89960471387f7a68d05fdfbbc54339297e2d2a6ebc6077c069ddf1954,prior_full_integrity_audit_plus_size_and_mtime,514713f96c41c5eeb08cb24596894c8368d13a671719c3ca3950259a0db29c5a,c6ef2e4b96265ecda4f7b406fc70eb578b3a51a93688c3b68afee57b42af308f,per_frame_modeled_airtime_v1,"[[28.7, 43.86], [65.84, 81.0]]",128,"{""rf_profile"": ""GFSK50"", ""tx_power_dbm"": 13}",ok,True,667.5016955483799,863.0456302043484,227.637209777982,418.341348996271,29.294897070684023
tx_p13_rf_profile-GFSK50_s128,run_00002,web_sessions/20260719_003026_campaign_radio_ebyte_e79_cc1352p/packet_tx/20260719_012039_radio_ebyte_e79_cc1352p/raw/run_00002.csv.gz,811bc08910b7394eb2152c8c7e323dd6fee45254b048bc624f86027509b4fc7c,prior_full_integrity_audit_plus_size_and_mtime,514713f96c41c5eeb08cb24596894c8368d13a671719c3ca3950259a0db29c5a,c6ef2e4b96265ecda4f7b406fc70eb578b3a51a93688c3b68afee57b42af308f,per_frame_modeled_airtime_v1,"[[26.4, 41.56], [64.38, 79.54]]",128,"{""rf_profile"": ""GFSK50"", ""tx_power_dbm"": 13}",ok,True,666.7490741883976,866.3936167971569,226.6024144545439,421.2453089829732,29.94298010113885
tx_p13_rf_profile-GFSK50_s128,run_00003,web_sessions/20260719_003026_campaign_radio_ebyte_e79_cc1352p/packet_tx/20260719_012039_radio_ebyte_e79_cc1352p/raw/run_00003.csv.gz,90c7399d6538f748e533897ee8341d9705be63feca909fc8c722de0dae97138f,prior_full_integrity_audit_plus_size_and_mtime,514713f96c41c5eeb08cb24596894c8368d13a671719c3ca3950259a0db29c5a,c6ef2e4b96265ecda4f7b406fc70eb578b3a51a93688c3b68afee57b42af308f,per_frame_modeled_airtime_v1,"[[28.01, 43.17], [65.72, 80.88]]",128,"{""rf_profile"": ""GFSK50"", ""tx_power_dbm"": 13}",ok,True,666.1279844082378,865.1088696389863,226.9177165547784,420.44377033353396,29.871269468961792
tx_p13_rf_profile-GFSK50_s128,run_00004,web_sessions/20260719_003026_campaign_radio_ebyte_e79_cc1352p/packet_tx/20260719_012039_radio_ebyte_e79_cc1352p/raw/run_00004.csv.gz,8686049f070fa9dec1dd827dcb6b1c280c337a4f34f676fac92107de953a8219,prior_full_integrity_audit_plus_size_and_mtime,514713f96c41c5eeb08cb24596894c8368d13a671719c3ca3950259a0db29c5a,c6ef2e4b96265ecda4f7b406fc70eb578b3a51a93688c3b68afee57b42af308f,per_frame_modeled_airtime_v1,"[[26.69, 41.85], [65.15, 80.31]]",128,"{""rf_profile"": ""GFSK50"", ""tx_power_dbm"": 13}",ok,True,665.1896149448835,859.748210658707,227.15294796353314,415.02748654213065,29.24859188157114
tx_p13_rf_profile-GFSK50_s128,run_00005,web_sessions/20260719_003026_campaign_radio_ebyte_e79_cc1352p/packet_tx/20260719_012039_radio_ebyte_e79_cc1352p/raw/run_00005.csv.gz,8d54433e3e63c05a4447995f29f251e3b22d87d10d78971767ee17984a811fb6,prior_full_integrity_audit_plus_size_and_mtime,514713f96c41c5eeb08cb24596894c8368d13a671719c3ca3950259a0db29c5a,c6ef2e4b96265ecda4f7b406fc70eb578b3a51a93688c3b68afee57b42af308f,per_frame_modeled_airtime_v1,"[[26.35, 41.51], [63.77, 78.93]]",128,"{""rf_profile"": ""GFSK50"", ""tx_power_dbm"": 13}",ok,True,665.9869346602201,862.0696808550556,227.2772218421699,417.34088536366085,29.442431373653744
tx_p13_rf_profile-GFSK50_s32,run_00001,web_sessions/20260719_003026_campaign_radio_ebyte_e79_cc1352p/packet_tx/20260719_011943_radio_ebyte_e79_cc1352p/raw/run_00001.csv.gz,90ceab2a001463628fbaee63dfb84092ee60278a1b2b11067cb138e3119d8ae0,prior_full_integrity_audit_plus_size_and_mtime,69667125315b042270a5c83580238abd75f21047a0302735df2c4494dc2fe629,799012a79dfea6016f6f32451740a77ee2559d45de756f88516b48d7a1bc0e56,original_single_frame_window_verified,"[[29.41, 39.45]]",32,"{""rf_profile"": ""GFSK50"", ""tx_power_dbm"": 13}",ok,True,269.74864407655514,269.74864407655514,123.5638498260569,123.5638498260569,0.0
tx_p13_rf_profile-GFSK50_s32,run_00002,web_sessions/20260719_003026_campaign_radio_ebyte_e79_cc1352p/packet_tx/20260719_011943_radio_ebyte_e79_cc1352p/raw/run_00002.csv.gz,db919f854136626cf3471c8e452116368627d1ca62c932e8524b7c13c1cc7ddd,prior_full_integrity_audit_plus_size_and_mtime,69667125315b042270a5c83580238abd75f21047a0302735df2c4494dc2fe629,799012a79dfea6016f6f32451740a77ee2559d45de756f88516b48d7a1bc0e56,original_single_frame_window_verified,"[[26.82, 36.86]]",32,"{""rf_profile"": ""GFSK50"", ""tx_power_dbm"": 13}",ok,True,269.98534771560355,269.98534771560355,123.93689348969596,123.93689348969596,0.0
tx_p13_rf_profile-GFSK50_s32,run_00003,web_sessions/20260719_003026_campaign_radio_ebyte_e79_cc1352p/packet_tx/20260719_011943_radio_ebyte_e79_cc1352p/raw/run_00003.csv.gz,284c20c18a74b2ac7cf3b0e3a131a6742bf7e7e50f2f9fa01db75255274faec0,prior_full_integrity_audit_plus_size_and_mtime,69667125315b042270a5c83580238abd75f21047a0302735df2c4494dc2fe629,799012a79dfea6016f6f32451740a77ee2559d45de756f88516b48d7a1bc0e56,original_single_frame_window_verified,"[[26.01, 36.05]]",32,"{""rf_profile"": ""GFSK50"", ""tx_power_dbm"": 13}",ok,True,271.1348365052881,271.1348365052881,125.3688810876526,125.3688810876526,0.0
tx_p13_rf_profile-GFSK50_s32,run_00004,web_sessions/20260719_003026_campaign_radio_ebyte_e79_cc1352p/packet_tx/20260719_011943_radio_ebyte_e79_cc1352p/raw/run_00004.csv.gz,ed45026456495331ae8cb7e3d3636a436c70b48c5e776dfeb6e7e4d0bec93e1f,prior_full_integrity_audit_plus_size_and_mtime,69667125315b042270a5c83580238abd75f21047a0302735df2c4494dc2fe629,799012a79dfea6016f6f32451740a77ee2559d45de756f88516b48d7a1bc0e56,original_single_frame_window_verified,"[[26.97, 37.01]]",32,"{""rf_profile"": ""GFSK50"", ""tx_power_dbm"": 13}",ok,True,271.8571100745054,271.8571100745054,125.6010652586948,125.6010652586948,0.0
tx_p13_rf_profile-GFSK50_s32,run_00005,web_sessions/20260719_003026_campaign_radio_ebyte_e79_cc1352p/packet_tx/20260719_011943_radio_ebyte_e79_cc1352p/raw/run_00005.csv.gz,55db91331b03c677d714fc9ac9670eae81c8195bcd6ab43fe5f98ceac83197ca,prior_full_integrity_audit_plus_size_and_mtime,69667125315b042270a5c83580238abd75f21047a0302735df2c4494dc2fe629,799012a79dfea6016f6f32451740a77ee2559d45de756f88516b48d7a1bc0e56,original_single_frame_window_verified,"[[26.96, 37.0]]",32,"{""rf_profile"": ""GFSK50"", ""tx_power_dbm"": 13}",ok,True,269.1373350475196,269.1373350475196,123.6099970623264,123.6099970623264,0.0
tx_p13_rf_profile-GFSK50_s512,run_00001,web_sessions/20260719_003026_campaign_radio_ebyte_e79_cc1352p/packet_tx/20260719_012106_radio_ebyte_e79_cc1352p/raw/run_00001.csv.gz,ad79358b6bbf37160536316a1075c2d164afe60f011da3f682611d83e7d4080e,prior_full_integrity_audit_plus_size_and_mtime,1b046aa153daffcf6da9aa7094370ed74e42381dab9ffa7158ca5daf16e10046,86d3c84b9d353999515c21b3d24cceec6507aea91f89cf90da7f5e8398110274,per_frame_modeled_airtime_v1,"[[28.06, 43.22], [66.24, 81.4], [103.53, 118.69], [141.82, 156.98], [179.31, 194.47], [218.81, 233.97], [260.66, 275.82], [297.83, 312.99]]",512,"{""rf_profile"": ""GFSK50"", ""tx_power_dbm"": 13}",ok,True,2592.899297079881,3461.991233414061,834.7479513254776,1681.2298450358394,33.518152336766406
tx_p13_rf_profile-GFSK50_s512,run_00002,web_sessions/20260719_003026_campaign_radio_ebyte_e79_cc1352p/packet_tx/20260719_012106_radio_ebyte_e79_cc1352p/raw/run_00002.csv.gz,57b0820bc98d9174bba293b58a6992669621b9caabcff2db11f071091ec120c1,prior_full_integrity_audit_plus_size_and_mtime,1b046aa153daffcf6da9aa7094370ed74e42381dab9ffa7158ca5daf16e10046,86d3c84b9d353999515c21b3d24cceec6507aea91f89cf90da7f5e8398110274,per_frame_modeled_airtime_v1,"[[26.7, 41.86], [66.14, 81.3], [108.5, 123.66], [145.73, 160.89], [183.32, 198.48], [221.86, 237.02], [259.27, 274.43], [297.31, 312.47]]",512,"{""rf_profile"": ""GFSK50"", ""tx_power_dbm"": 13}",ok,True,2582.493326691466,3449.4191359754486,824.9971092910671,1670.688978649718,33.56933395814949
tx_p13_rf_profile-GFSK50_s512,run_00003,web_sessions/20260719_003026_campaign_radio_ebyte_e79_cc1352p/packet_tx/20260719_012106_radio_ebyte_e79_cc1352p/raw/run_00003.csv.gz,8110d06ec8b4a79a259572ead012d14e719776d53fafb39e985f8cd067943142,prior_full_integrity_audit_plus_size_and_mtime,1b046aa153daffcf6da9aa7094370ed74e42381dab9ffa7158ca5daf16e10046,86d3c84b9d353999515c21b3d24cceec6507aea91f89cf90da7f5e8398110274,per_frame_modeled_airtime_v1,"[[27.52, 42.68], [65.69, 80.85], [104.26, 119.42], [146.07, 161.23], [183.65, 198.81], [221.88, 237.04], [259.52, 274.68], [297.7, 312.86]]",512,"{""rf_profile"": ""GFSK50"", ""tx_power_dbm"": 13}",ok,True,2579.9778860614947,3445.366935487979,827.0280399798389,1666.391250317004,33.54249872069863
tx_p13_rf_profile-GFSK50_s512,run_00004,web_sessions/20260719_003026_campaign_radio_ebyte_e79_cc1352p/packet_tx/20260719_012106_radio_ebyte_e79_cc1352p/raw/run_00004.csv.gz,367d29e430e120474bf1508a49c0ba967a6f831cfe763113d6b7ed775cc838a8,prior_full_integrity_audit_plus_size_and_mtime,1b046aa153daffcf6da9aa7094370ed74e42381dab9ffa7158ca5daf16e10046,86d3c84b9d353999515c21b3d24cceec6507aea91f89cf90da7f5e8398110274,per_frame_modeled_airtime_v1,"[[27.66, 42.82], [65.11, 80.27], [103.51, 118.67], [140.66, 155.82], [177.76, 192.92], [215.7, 230.86], [253.83, 268.99], [289.98, 305.14]]",512,"{""rf_profile"": ""GFSK50"", ""tx_power_dbm"": 13}",ok,True,2596.588562731923,3444.1641760378957,841.5795328055657,1665.4710363816328,32.641891190270876
tx_p13_rf_profile-GFSK50_s512,run_00005,web_sessions/20260719_003026_campaign_radio_ebyte_e79_cc1352p/packet_tx/20260719_012106_radio_ebyte_e79_cc1352p/raw/run_00005.csv.gz,45e5444409df84c3b74efe30918526312bd2d0f1319b0f35090a8e2c178fc1ec,prior_full_integrity_audit_plus_size_and_mtime,1b046aa153daffcf6da9aa7094370ed74e42381dab9ffa7158ca5daf16e10046,86d3c84b9d353999515c21b3d24cceec6507aea91f89cf90da7f5e8398110274,per_frame_modeled_airtime_v1,"[[26.69, 41.85], [64.63, 79.79], [102.12, 117.28], [139.44, 154.6], [176.68, 191.84], [213.83, 228.99], [252.11, 267.27], [289.49, 304.65]]",512,"{""rf_profile"": ""GFSK50"", ""tx_power_dbm"": 13}",ok,True,2608.502162692087,3448.974159161143,854.2320610443436,1670.7771268233805,32.22048302239675
tx_p13_rf_profile-GFSK50_s64,run_00001,web_sessions/20260719_003026_campaign_radio_ebyte_e79_cc1352p/packet_tx/20260719_012011_radio_ebyte_e79_cc1352p/raw/run_00001.csv.gz,588029c26d627ccab00493261bd9e7b833358135aca01499fd03c3356d548012,prior_full_integrity_audit_plus_size_and_mtime,304b2b2eff9bacfb443f078eaa5eedd846be94e7623141d9974d148d30a88a86,d1813ab91776135f1edefde3952c9cb1e2aa179efb1be0d228d01a468e80735c,original_single_frame_window_verified,"[[29.26, 44.42]]",64,"{""rf_profile"": ""GFSK50"", ""tx_power_dbm"": 13}",ok,True,433.6259236388469,433.6259236388469,210.81961073531193,210.81961073531193,0.0
tx_p13_rf_profile-GFSK50_s64,run_00002,web_sessions/20260719_003026_campaign_radio_ebyte_e79_cc1352p/packet_tx/20260719_012011_radio_ebyte_e79_cc1352p/raw/run_00002.csv.gz,6bfe25d3f8107f4d3ea54a18769e87210ae61f2ce5002da8c440aca016451576,prior_full_integrity_audit_plus_size_and_mtime,304b2b2eff9bacfb443f078eaa5eedd846be94e7623141d9974d148d30a88a86,d1813ab91776135f1edefde3952c9cb1e2aa179efb1be0d228d01a468e80735c,original_single_frame_window_verified,"[[27.57, 42.73]]",64,"{""rf_profile"": ""GFSK50"", ""tx_power_dbm"": 13}",ok,True,430.21637249022524,430.21637249022524,208.11082380482335,208.11082380482335,0.0
tx_p13_rf_profile-GFSK50_s64,run_00003,web_sessions/20260719_003026_campaign_radio_ebyte_e79_cc1352p/packet_tx/20260719_012011_radio_ebyte_e79_cc1352p/raw/run_00003.csv.gz,d4cbb6de78ece56d1c0ddc8113f2fb349daf22105d1ff2011eb650d6c347a2cb,prior_full_integrity_audit_plus_size_and_mtime,304b2b2eff9bacfb443f078eaa5eedd846be94e7623141d9974d148d30a88a86,d1813ab91776135f1edefde3952c9cb1e2aa179efb1be0d228d01a468e80735c,original_single_frame_window_verified,"[[26.85, 42.01]]",64,"{""rf_profile"": ""GFSK50"", ""tx_power_dbm"": 13}",ok,True,428.41796675667166,428.41796675667166,206.69707819079085,206.69707819079085,0.0
tx_p13_rf_profile-GFSK50_s64,run_00004,web_sessions/20260719_003026_campaign_radio_ebyte_e79_cc1352p/packet_tx/20260719_012011_radio_ebyte_e79_cc1352p/raw/run_00004.csv.gz,48edab217112c05ed9cec33a0c9ff49e012cd21cabc7a18950375c2b6e2bc1bb,prior_full_integrity_audit_plus_size_and_mtime,304b2b2eff9bacfb443f078eaa5eedd846be94e7623141d9974d148d30a88a86,d1813ab91776135f1edefde3952c9cb1e2aa179efb1be0d228d01a468e80735c,original_single_frame_window_verified,"[[27.38, 42.54]]",64,"{""rf_profile"": ""GFSK50"", ""tx_power_dbm"": 13}",ok,True,428.17075988621434,428.17075988621434,206.09568450033973,206.09568450033973,0.0
tx_p13_rf_profile-GFSK50_s64,run_00005,web_sessions/20260719_003026_campaign_radio_ebyte_e79_cc1352p/packet_tx/20260719_012011_radio_ebyte_e79_cc1352p/raw/run_00005.csv.gz,dc6287c3d37126e06c872a0ca11f8c0f78a22326dc2e68f51fe00dbf6e102744,prior_full_integrity_audit_plus_size_and_mtime,304b2b2eff9bacfb443f078eaa5eedd846be94e7623141d9974d148d30a88a86,d1813ab91776135f1edefde3952c9cb1e2aa179efb1be0d228d01a468e80735c,original_single_frame_window_verified,"[[28.12, 43.28]]",64,"{""rf_profile"": ""GFSK50"", ""tx_power_dbm"": 13}",ok,True,431.01896549166133,431.01896549166133,208.13587451610545,208.13587451610545,0.0
tx_p13_rf_profile-GFSK50_s8,run_00001,web_sessions/20260719_003026_campaign_radio_ebyte_e79_cc1352p/packet_tx/20260719_011915_radio_ebyte_e79_cc1352p/raw/run_00001.csv.gz,661ed992b21ecaede08d6b8c3b745a62dd4b327300c2b7c557a7e27e20842ea0,prior_full_integrity_audit_plus_size_and_mtime,9e8bf4c3526891a9f987c387cfc9fa70492d93c34406db34abf496ab7b9ceff0,c1d2ac508988ee24425cc0499c7a6874602173c9f150dae293783f9e0a19f1f9,original_single_frame_window_verified,"[[27.9, 34.1]]",8,"{""rf_profile"": ""GFSK50"", ""tx_power_dbm"": 13}",ok,True,150.18182181106417,150.18182181106417,60.52626680604175,60.52626680604175,0.0
tx_p13_rf_profile-GFSK50_s8,run_00002,web_sessions/20260719_003026_campaign_radio_ebyte_e79_cc1352p/packet_tx/20260719_011915_radio_ebyte_e79_cc1352p/raw/run_00002.csv.gz,7318d131a66c74235a4696d70cf4d36ea63e1d38abb8a5038cb63395fc7e7881,prior_full_integrity_audit_plus_size_and_mtime,9e8bf4c3526891a9f987c387cfc9fa70492d93c34406db34abf496ab7b9ceff0,c1d2ac508988ee24425cc0499c7a6874602173c9f150dae293783f9e0a19f1f9,original_single_frame_window_verified,"[[27.49, 33.69]]",8,"{""rf_profile"": ""GFSK50"", ""tx_power_dbm"": 13}",ok,True,150.12258837744776,150.12258837744776,60.07318762229978,60.07318762229978,0.0
tx_p13_rf_profile-GFSK50_s8,run_00003,web_sessions/20260719_003026_campaign_radio_ebyte_e79_cc1352p/packet_tx/20260719_011915_radio_ebyte_e79_cc1352p/raw/run_00003.csv.gz,ab1ae8d53f7c284600d42105573b058fdbf62ee4907a5506c548016476fb6eee,prior_full_integrity_audit_plus_size_and_mtime,9e8bf4c3526891a9f987c387cfc9fa70492d93c34406db34abf496ab7b9ceff0,c1d2ac508988ee24425cc0499c7a6874602173c9f150dae293783f9e0a19f1f9,original_single_frame_window_verified,"[[25.46, 31.66]]",8,"{""rf_profile"": ""GFSK50"", ""tx_power_dbm"": 13}",ok,True,148.97866484160434,148.97866484160434,59.5094130239634,59.5094130239634,0.0
tx_p13_rf_profile-GFSK50_s8,run_00004,web_sessions/20260719_003026_campaign_radio_ebyte_e79_cc1352p/packet_tx/20260719_011915_radio_ebyte_e79_cc1352p/raw/run_00004.csv.gz,0d3a934c0e21c907645fd9ef4c75112bc86e253611e4c8e3d12225337e90eec1,prior_full_integrity_audit_plus_size_and_mtime,9e8bf4c3526891a9f987c387cfc9fa70492d93c34406db34abf496ab7b9ceff0,c1d2ac508988ee24425cc0499c7a6874602173c9f150dae293783f9e0a19f1f9,original_single_frame_window_verified,"[[26.07, 32.27]]",8,"{""rf_profile"": ""GFSK50"", ""tx_power_dbm"": 13}",ok,True,149.2625453522312,149.2625453522312,59.456038197471194,59.456038197471194,0.0
tx_p13_rf_profile-GFSK50_s8,run_00005,web_sessions/20260719_003026_campaign_radio_ebyte_e79_cc1352p/packet_tx/20260719_011915_radio_ebyte_e79_cc1352p/raw/run_00005.csv.gz,390b9b65e80bb9164dfa39e789c7dfbb8a40d00a5844ddaff62c2c1e2014ea26,prior_full_integrity_audit_plus_size_and_mtime,9e8bf4c3526891a9f987c387cfc9fa70492d93c34406db34abf496ab7b9ceff0,c1d2ac508988ee24425cc0499c7a6874602173c9f150dae293783f9e0a19f1f9,original_single_frame_window_verified,"[[27.14, 33.34]]",8,"{""rf_profile"": ""GFSK50"", ""tx_power_dbm"": 13}",ok,True,147.73975169269556,147.73975169269556,57.23296599253024,57.23296599253024,0.0
tx_p13_rf_profile-IEEE154G50_s1024,run_00001,web_sessions/20260719_003026_campaign_radio_ebyte_e79_cc1352p/packet_tx/20260719_013752_radio_ebyte_e79_cc1352p/raw/run_00001.csv.gz,7b550d96c07c8dc4941c10a7951739bb5076e20c5f4583ef845b57b22dbcb20a,prior_full_integrity_audit_plus_size_and_mtime,c2ebbb63cf32fb5919c4d8858efd1b62a3406f6afb65dfff64c0b202f428c8b3,664aa228d8bed51b56a5ebba0519aeb1f2d39ee5c18ea65ca83b8110ee455d71,per_frame_modeled_airtime_v1,"[[27.6, 43.08], [65.03, 80.51], [104.63, 120.11], [142.51, 157.99], [180.49, 195.97], [223.46, 238.94], [267.65, 283.13], [309.76, 325.24], [348.65, 364.13], [391.14, 406.62], [429.2, 444.68], [466.63, 482.11], [504.04, 519.52], [541.43, 556.91], [578.9, 594.38], [616.77, 632.25]]",1024,"{""rf_profile"": ""IEEE154G50"", ""tx_power_dbm"": 13}",ok,True,5208.454205572484,7107.4325441970395,1636.4171398485628,3483.52978846894,36.459537967960884
tx_p13_rf_profile-IEEE154G50_s1024,run_00002,web_sessions/20260719_003026_campaign_radio_ebyte_e79_cc1352p/packet_tx/20260719_013752_radio_ebyte_e79_cc1352p/raw/run_00002.csv.gz,0beae11bcd970a726381fecec44151ed01ae735701bdf9c24fea32a28fa1b779,prior_full_integrity_audit_plus_size_and_mtime,c2ebbb63cf32fb5919c4d8858efd1b62a3406f6afb65dfff64c0b202f428c8b3,664aa228d8bed51b56a5ebba0519aeb1f2d39ee5c18ea65ca83b8110ee455d71,per_frame_modeled_airtime_v1,"[[27.38, 42.86], [66.57, 82.05], [108.1, 123.58], [147.2, 162.68], [188.74, 204.22], [226.57, 242.05], [264.07, 279.55], [301.19, 316.67], [338.26, 353.74], [376.0, 391.48], [420.15, 435.63], [463.03, 478.51], [505.57, 521.05], [543.58, 559.06], [581.87, 597.35], [621.18, 636.66]]",1024,"{""rf_profile"": ""IEEE154G50"", ""tx_power_dbm"": 13}",ok,True,5224.74832390272,7063.2351314589905,1660.9620048084382,3446.0881607892175,35.188045310151516
tx_p13_rf_profile-IEEE154G50_s1024,run_00003,web_sessions/20260719_003026_campaign_radio_ebyte_e79_cc1352p/packet_tx/20260719_013752_radio_ebyte_e79_cc1352p/raw/run_00003.csv.gz,e0c9ed5c9a6b77667649528c1ca83810d29c48770761e5673c63dc70ad69387e,prior_full_integrity_audit_plus_size_and_mtime,c2ebbb63cf32fb5919c4d8858efd1b62a3406f6afb65dfff64c0b202f428c8b3,664aa228d8bed51b56a5ebba0519aeb1f2d39ee5c18ea65ca83b8110ee455d71,per_frame_modeled_airtime_v1,"[[27.1, 42.58], [65.82, 81.3], [108.31, 123.79], [146.35, 161.83], [184.19, 199.67], [221.46, 236.94], [259.84, 275.32], [297.69, 313.17], [336.63, 352.11], [374.27, 389.75], [416.06, 431.54], [453.64, 469.12], [491.57, 507.05], [529.77, 545.25], [568.57, 584.05], [607.45, 622.93]]",1024,"{""rf_profile"": ""IEEE154G50"", ""tx_power_dbm"": 13}",ok,True,5222.907892834855,7068.430779869822,1656.05541477303,3447.4409521522593,35.33516050640644
tx_p13_rf_profile-IEEE154G50_s1024,run_00004,web_sessions/20260719_003026_campaign_radio_ebyte_e79_cc1352p/packet_tx/20260719_013752_radio_ebyte_e79_cc1352p/raw/run_00004.csv.gz,e5e98813c71403d7f0eeae596b976fa258bc23573d414c6d320af82371197cc9,prior_full_integrity_audit_plus_size_and_mtime,c2ebbb63cf32fb5919c4d8858efd1b62a3406f6afb65dfff64c0b202f428c8b3,664aa228d8bed51b56a5ebba0519aeb1f2d39ee5c18ea65ca83b8110ee455d71,per_frame_modeled_airtime_v1,"[[27.17, 42.65], [64.92, 80.4], [102.69, 118.17], [139.53, 155.01], [177.05, 192.53], [215.7, 231.18], [257.68, 273.16], [294.7, 310.18], [333.0, 348.48], [374.56, 390.04], [411.96, 427.44], [449.47, 464.95], [487.97, 503.45], [526.49, 541.97], [569.33, 584.81], [608.24, 623.72]]",1024,"{""rf_profile"": ""IEEE154G50"", ""tx_power_dbm"": 13}",ok,True,5232.016750527874,7073.225639986786,1662.4696707231285,3451.719988247332,35.19118873755795
tx_p13_rf_profile-IEEE154G50_s1024,run_00005,web_sessions/20260719_003026_campaign_radio_ebyte_e79_cc1352p/packet_tx/20260719_013752_radio_ebyte_e79_cc1352p/raw/run_00005.csv.gz,b881031e43801edc67dcb846bed32d8fa6b6eef410ae5b6fabe987b5b8c2f025,prior_full_integrity_audit_plus_size_and_mtime,c2ebbb63cf32fb5919c4d8858efd1b62a3406f6afb65dfff64c0b202f428c8b3,664aa228d8bed51b56a5ebba0519aeb1f2d39ee5c18ea65ca83b8110ee455d71,per_frame_modeled_airtime_v1,"[[27.96, 43.44], [65.76, 81.24], [103.1, 118.58], [141.32, 156.8], [179.49, 194.97], [217.45, 232.93], [254.76, 270.24], [293.74, 309.22], [335.57, 351.05], [377.94, 393.42], [415.99, 431.47], [453.51, 468.99], [491.48, 506.96], [528.6, 544.08], [565.07, 580.55], [603.03, 618.51]]",1024,"{""rf_profile"": ""IEEE154G50"", ""tx_power_dbm"": 13}",ok,True,5235.832433177346,7076.151039130478,1669.8576625159467,3454.9757081520174,35.14853902297905
tx_p13_rf_profile-IEEE154G50_s128,run_00001,web_sessions/20260719_003026_campaign_radio_ebyte_e79_cc1352p/packet_tx/20260719_013655_radio_ebyte_e79_cc1352p/raw/run_00001.csv.gz,67d905847faefb695c7bef43445e491497527724f9e8d2afc3669018f6f1cb09,prior_full_integrity_audit_plus_size_and_mtime,d453f718148aa3c7ef40a996d72313aabaab9622df4c6f5ef47403c538469811,8d4cd185d5bd2cb6986cc3e186d69be29f342b8be4135542f194124bf1788936,per_frame_modeled_airtime_v1,"[[29.99, 45.47], [71.21, 86.69]]",128,"{""rf_profile"": ""IEEE154G50"", ""tx_power_dbm"": 13}",ok,True,679.3874056401443,881.5354676138006,233.35571294538514,429.4539291868976,29.754461194814887
tx_p13_rf_profile-IEEE154G50_s128,run_00002,web_sessions/20260719_003026_campaign_radio_ebyte_e79_cc1352p/packet_tx/20260719_013655_radio_ebyte_e79_cc1352p/raw/run_00002.csv.gz,400a03160604350a5f3d3bf8fc56c46da10d5ea733ed144450c1605c5c305dc8,prior_full_integrity_audit_plus_size_and_mtime,d453f718148aa3c7ef40a996d72313aabaab9622df4c6f5ef47403c538469811,8d4cd185d5bd2cb6986cc3e186d69be29f342b8be4135542f194124bf1788936,per_frame_modeled_airtime_v1,"[[27.6, 43.08], [65.11, 80.59]]",128,"{""rf_profile"": ""IEEE154G50"", ""tx_power_dbm"": 13}",ok,True,681.5743764468347,886.0397500778009,235.519964033415,433.80497822127,29.99898187148404
tx_p13_rf_profile-IEEE154G50_s128,run_00003,web_sessions/20260719_003026_campaign_radio_ebyte_e79_cc1352p/packet_tx/20260719_013655_radio_ebyte_e79_cc1352p/raw/run_00003.csv.gz,b5ffc3377955eb80479431de02673c2b992e1181ad0324d06fad0c5888d92f1d,prior_full_integrity_audit_plus_size_and_mtime,d453f718148aa3c7ef40a996d72313aabaab9622df4c6f5ef47403c538469811,8d4cd185d5bd2cb6986cc3e186d69be29f342b8be4135542f194124bf1788936,per_frame_modeled_airtime_v1,"[[27.57, 43.05], [66.41, 81.89]]",128,"{""rf_profile"": ""IEEE154G50"", ""tx_power_dbm"": 13}",ok,True,681.9871040950372,890.4045433599026,236.2856524730699,438.2588770371706,30.56031969129751
tx_p13_rf_profile-IEEE154G50_s128,run_00004,web_sessions/20260719_003026_campaign_radio_ebyte_e79_cc1352p/packet_tx/20260719_013655_radio_ebyte_e79_cc1352p/raw/run_00004.csv.gz,3b54c62c229a2908ca92afc18e95ea5987cd3a7e4bf1480d045c10ccd9e041d8,prior_full_integrity_audit_plus_size_and_mtime,d453f718148aa3c7ef40a996d72313aabaab9622df4c6f5ef47403c538469811,8d4cd185d5bd2cb6986cc3e186d69be29f342b8be4135542f194124bf1788936,per_frame_modeled_airtime_v1,"[[28.36, 43.84], [67.1, 82.58]]",128,"{""rf_profile"": ""IEEE154G50"", ""tx_power_dbm"": 13}",ok,True,684.9199644368234,890.3162569549696,237.8732458252322,438.00372759041096,29.988364069228666
tx_p13_rf_profile-IEEE154G50_s128,run_00005,web_sessions/20260719_003026_campaign_radio_ebyte_e79_cc1352p/packet_tx/20260719_013655_radio_ebyte_e79_cc1352p/raw/run_00005.csv.gz,0bbbef4c83cb2fc718cc0d288db6f9ea27f2c2e44e559351bbfcc8eaf59da188,prior_full_integrity_audit_plus_size_and_mtime,d453f718148aa3c7ef40a996d72313aabaab9622df4c6f5ef47403c538469811,8d4cd185d5bd2cb6986cc3e186d69be29f342b8be4135542f194124bf1788936,per_frame_modeled_airtime_v1,"[[26.65, 42.13], [69.82, 85.3]]",128,"{""rf_profile"": ""IEEE154G50"", ""tx_power_dbm"": 13}",ok,True,684.2450948373854,889.8297040200903,236.38332948390013,437.3828650131821,30.04546334841658
tx_p13_rf_profile-IEEE154G50_s32,run_00001,web_sessions/20260719_003026_campaign_radio_ebyte_e79_cc1352p/packet_tx/20260719_013559_radio_ebyte_e79_cc1352p/raw/run_00001.csv.gz,25ad8be4c7933a1960159ef79bec08af07b743bc05d0a2ebe0a84003eb161b3a,prior_full_integrity_audit_plus_size_and_mtime,916975ea91e422d6d36b97cc61cee47be06b29ffde6ba33310c7dbf50e6c1633,0b223a64fade02d7b12e5765f33f1fec5c70e96e29d9697837ce3c3db89c7b45,original_single_frame_window_verified,"[[28.44, 38.8]]",32,"{""rf_profile"": ""IEEE154G50"", ""tx_power_dbm"": 13}",ok,True,283.67527572611465,283.67527572611465,133.16889639971606,133.16889639971606,0.0
tx_p13_rf_profile-IEEE154G50_s32,run_00002,web_sessions/20260719_003026_campaign_radio_ebyte_e79_cc1352p/packet_tx/20260719_013559_radio_ebyte_e79_cc1352p/raw/run_00002.csv.gz,c6dc3242635e3df4823a9f27a54fc9d726a41b34238417b8f0207d12cc30a322,prior_full_integrity_audit_plus_size_and_mtime,916975ea91e422d6d36b97cc61cee47be06b29ffde6ba33310c7dbf50e6c1633,0b223a64fade02d7b12e5765f33f1fec5c70e96e29d9697837ce3c3db89c7b45,original_single_frame_window_verified,"[[27.55, 37.91]]",32,"{""rf_profile"": ""IEEE154G50"", ""tx_power_dbm"": 13}",ok,True,282.2590115505282,282.2590115505282,131.35800181207756,131.35800181207756,0.0
tx_p13_rf_profile-IEEE154G50_s32,run_00003,web_sessions/20260719_003026_campaign_radio_ebyte_e79_cc1352p/packet_tx/20260719_013559_radio_ebyte_e79_cc1352p/raw/run_00003.csv.gz,5629a586790cc173984f14c63428df243ea8a578302a2f80a7b932cedc0e976d,prior_full_integrity_audit_plus_size_and_mtime,916975ea91e422d6d36b97cc61cee47be06b29ffde6ba33310c7dbf50e6c1633,0b223a64fade02d7b12e5765f33f1fec5c70e96e29d9697837ce3c3db89c7b45,original_single_frame_window_verified,"[[27.15, 37.51]]",32,"{""rf_profile"": ""IEEE154G50"", ""tx_power_dbm"": 13}",ok,True,281.0433409427164,281.0433409427164,130.40594630174647,130.40594630174647,0.0
tx_p13_rf_profile-IEEE154G50_s32,run_00004,web_sessions/20260719_003026_campaign_radio_ebyte_e79_cc1352p/packet_tx/20260719_013559_radio_ebyte_e79_cc1352p/raw/run_00004.csv.gz,f19f10ac3c9b023f28a570d7b051a34bb9e79e2d65413c336cdfa1ede6dd8576,prior_full_integrity_audit_plus_size_and_mtime,916975ea91e422d6d36b97cc61cee47be06b29ffde6ba33310c7dbf50e6c1633,0b223a64fade02d7b12e5765f33f1fec5c70e96e29d9697837ce3c3db89c7b45,original_single_frame_window_verified,"[[27.32, 37.68]]",32,"{""rf_profile"": ""IEEE154G50"", ""tx_power_dbm"": 13}",ok,True,280.48837455701266,280.48837455701266,130.15226470895803,130.15226470895803,0.0
tx_p13_rf_profile-IEEE154G50_s32,run_00005,web_sessions/20260719_003026_campaign_radio_ebyte_e79_cc1352p/packet_tx/20260719_013559_radio_ebyte_e79_cc1352p/raw/run_00005.csv.gz,be773a40d982636dec3f1fdc89d685fe55e57ec42b27e8574fe4d17255fca607,prior_full_integrity_audit_plus_size_and_mtime,916975ea91e422d6d36b97cc61cee47be06b29ffde6ba33310c7dbf50e6c1633,0b223a64fade02d7b12e5765f33f1fec5c70e96e29d9697837ce3c3db89c7b45,original_single_frame_window_verified,"[[26.98, 37.34]]",32,"{""rf_profile"": ""IEEE154G50"", ""tx_power_dbm"": 13}",ok,True,285.30536712815194,285.30536712815194,135.245106439098,135.245106439098,0.0
tx_p13_rf_profile-IEEE154G50_s512,run_00001,web_sessions/20260719_003026_campaign_radio_ebyte_e79_cc1352p/packet_tx/20260719_013723_radio_ebyte_e79_cc1352p/raw/run_00001.csv.gz,679f8a30441df196994496dd6d0832983607db30bff526301ae24215b91e906a,prior_full_integrity_audit_plus_size_and_mtime,78fd62c68579825d4f25a49ceb24b6fa442ff2ec4d8c82e63c164ce47b434456,f84dec1ddf408a64ff1c9ed26b6b777cda71f6a4b0a6870ff4fa6569a06899ba,per_frame_modeled_airtime_v1,"[[29.33, 44.81], [67.51, 82.99], [109.47, 124.95], [147.56, 163.04], [185.4, 200.88], [223.68, 239.16], [262.54, 278.02], [300.05, 315.53]]",512,"{""rf_profile"": ""IEEE154G50"", ""tx_power_dbm"": 13}",ok,True,2667.939828685894,3555.3774910142147,883.2389572386722,1742.7377672299833,33.26303137673956
tx_p13_rf_profile-IEEE154G50_s512,run_00002,web_sessions/20260719_003026_campaign_radio_ebyte_e79_cc1352p/packet_tx/20260719_013723_radio_ebyte_e79_cc1352p/raw/run_00002.csv.gz,f87293960c0aedd362a30a2ec36a031e74529e9946bc767b8925c1b541537f08,prior_full_integrity_audit_plus_size_and_mtime,78fd62c68579825d4f25a49ceb24b6fa442ff2ec4d8c82e63c164ce47b434456,f84dec1ddf408a64ff1c9ed26b6b777cda71f6a4b0a6870ff4fa6569a06899ba,per_frame_modeled_airtime_v1,"[[27.26, 42.74], [65.27, 80.75], [109.44, 124.92], [151.01, 166.49], [188.23, 203.71], [225.7, 241.18], [267.65, 283.13], [305.99, 321.47]]",512,"{""rf_profile"": ""IEEE154G50"", ""tx_power_dbm"": 13}",ok,True,2627.820183772433,3540.384958943883,843.5388719971968,1731.192698512324,34.72706316843166
tx_p13_rf_profile-IEEE154G50_s512,run_00003,web_sessions/20260719_003026_campaign_radio_ebyte_e79_cc1352p/packet_tx/20260719_013723_radio_ebyte_e79_cc1352p/raw/run_00003.csv.gz,348a35b2944f9d498a2cc38fb7b77e0a8ddaa0e1c67383c4e142f5682be81bf1,prior_full_integrity_audit_plus_size_and_mtime,78fd62c68579825d4f25a49ceb24b6fa442ff2ec4d8c82e63c164ce47b434456,f84dec1ddf408a64ff1c9ed26b6b777cda71f6a4b0a6870ff4fa6569a06899ba,per_frame_modeled_airtime_v1,"[[28.08, 43.56], [71.26, 86.74], [109.13, 124.61], [147.1, 162.58], [190.18, 205.66], [231.4, 246.88], [269.56, 285.04], [312.88, 328.36]]",512,"{""rf_profile"": ""IEEE154G50"", ""tx_power_dbm"": 13}",ok,True,2582.903888797302,3528.862280728015,801.1404999988515,1718.5030189250233,36.623832424952795
tx_p13_rf_profile-IEEE154G50_s512,run_00004,web_sessions/20260719_003026_campaign_radio_ebyte_e79_cc1352p/packet_tx/20260719_013723_radio_ebyte_e79_cc1352p/raw/run_00004.csv.gz,3621fffdb12be4a127662d685211709e6a7eeb5f50afe864a6b5382250d3dc97,prior_full_integrity_audit_plus_size_and_mtime,78fd62c68579825d4f25a49ceb24b6fa442ff2ec4d8c82e63c164ce47b434456,f84dec1ddf408a64ff1c9ed26b6b777cda71f6a4b0a6870ff4fa6569a06899ba,per_frame_modeled_airtime_v1,"[[28.29, 43.77], [65.98, 81.46], [104.13, 119.61], [142.9, 158.38], [181.33, 196.81], [219.72, 235.2], [256.7, 272.18], [295.07, 310.55]]",512,"{""rf_profile"": ""IEEE154G50"", ""tx_power_dbm"": 13}",ok,True,2666.7906296525357,3550.2703738003365,879.2020015790218,1741.183559364736,33.1289503691901
tx_p13_rf_profile-IEEE154G50_s512,run_00005,web_sessions/20260719_003026_campaign_radio_ebyte_e79_cc1352p/packet_tx/20260719_013723_radio_ebyte_e79_cc1352p/raw/run_00005.csv.gz,d10d8f8486c3bfa9d0b43c21fe9caaed32ced7394cf2eab8c154daf46c91b30b,prior_full_integrity_audit_plus_size_and_mtime,78fd62c68579825d4f25a49ceb24b6fa442ff2ec4d8c82e63c164ce47b434456,f84dec1ddf408a64ff1c9ed26b6b777cda71f6a4b0a6870ff4fa6569a06899ba,per_frame_modeled_airtime_v1,"[[26.81, 42.29], [70.32, 85.8], [108.32, 123.8], [147.02, 162.5], [185.0, 200.48], [223.1, 238.58], [262.44, 277.92], [301.97, 317.45]]",512,"{""rf_profile"": ""IEEE154G50"", ""tx_power_dbm"": 13}",ok,True,2654.2103979420776,3544.242876440104,867.9862263717575,1734.2057154554757,33.53285328051258
tx_p13_rf_profile-IEEE154G50_s64,run_00001,web_sessions/20260719_003026_campaign_radio_ebyte_e79_cc1352p/packet_tx/20260719_013627_radio_ebyte_e79_cc1352p/raw/run_00001.csv.gz,f29f143f4db1b6313d7e3ac7bf780a7efd11afe8886b0545c39637f2c9045568,prior_full_integrity_audit_plus_size_and_mtime,2b9c3d85d6684921a9547c0393dad2bf51f95449093b7ef4ddae5e72883fbf26,b5da6b242ce1f2d821d7b0f9e96f5f39f1874ae70a6fbaa1d5a8a3ba536ea05e,original_single_frame_window_verified,"[[28.5, 43.98]]",64,"{""rf_profile"": ""IEEE154G50"", ""tx_power_dbm"": 13}",ok,True,444.7915626934763,444.7915626934763,218.4938683529139,218.4938683529139,0.0
tx_p13_rf_profile-IEEE154G50_s64,run_00002,web_sessions/20260719_003026_campaign_radio_ebyte_e79_cc1352p/packet_tx/20260719_013627_radio_ebyte_e79_cc1352p/raw/run_00002.csv.gz,3407b25c1baa6e61bae8c1695613491794dc6870d463e2483536310512b0957e,prior_full_integrity_audit_plus_size_and_mtime,2b9c3d85d6684921a9547c0393dad2bf51f95449093b7ef4ddae5e72883fbf26,b5da6b242ce1f2d821d7b0f9e96f5f39f1874ae70a6fbaa1d5a8a3ba536ea05e,original_single_frame_window_verified,"[[27.35, 42.83]]",64,"{""rf_profile"": ""IEEE154G50"", ""tx_power_dbm"": 13}",ok,True,442.0846057806314,442.0846057806314,215.79890744963984,215.79890744963984,0.0
tx_p13_rf_profile-IEEE154G50_s64,run_00003,web_sessions/20260719_003026_campaign_radio_ebyte_e79_cc1352p/packet_tx/20260719_013627_radio_ebyte_e79_cc1352p/raw/run_00003.csv.gz,981088124aa095efe448f137b5aaa6e38f3ae6cbbb3f2022893f3022d8363426,prior_full_integrity_audit_plus_size_and_mtime,2b9c3d85d6684921a9547c0393dad2bf51f95449093b7ef4ddae5e72883fbf26,b5da6b242ce1f2d821d7b0f9e96f5f39f1874ae70a6fbaa1d5a8a3ba536ea05e,original_single_frame_window_verified,"[[27.77, 43.25]]",64,"{""rf_profile"": ""IEEE154G50"", ""tx_power_dbm"": 13}",ok,True,444.3935786349128,444.3935786349128,218.43518054048172,218.43518054048172,0.0
tx_p13_rf_profile-IEEE154G50_s64,run_00004,web_sessions/20260719_003026_campaign_radio_ebyte_e79_cc1352p/packet_tx/20260719_013627_radio_ebyte_e79_cc1352p/raw/run_00004.csv.gz,436a05f1d9676a66144b161aacf52564ae98840267c654e6f182fd3e793445c5,prior_full_integrity_audit_plus_size_and_mtime,2b9c3d85d6684921a9547c0393dad2bf51f95449093b7ef4ddae5e72883fbf26,b5da6b242ce1f2d821d7b0f9e96f5f39f1874ae70a6fbaa1d5a8a3ba536ea05e,original_single_frame_window_verified,"[[26.75, 42.23]]",64,"{""rf_profile"": ""IEEE154G50"", ""tx_power_dbm"": 13}",ok,True,445.37314615347805,445.37314615347805,219.32784900310557,219.32784900310557,0.0
tx_p13_rf_profile-IEEE154G50_s64,run_00005,web_sessions/20260719_003026_campaign_radio_ebyte_e79_cc1352p/packet_tx/20260719_013627_radio_ebyte_e79_cc1352p/raw/run_00005.csv.gz,4114bdeef5ed96bdfbd180ad3c17ab2d35ef3ada8d25260d459d4913754bf59b,prior_full_integrity_audit_plus_size_and_mtime,2b9c3d85d6684921a9547c0393dad2bf51f95449093b7ef4ddae5e72883fbf26,b5da6b242ce1f2d821d7b0f9e96f5f39f1874ae70a6fbaa1d5a8a3ba536ea05e,original_single_frame_window_verified,"[[27.58, 43.06]]",64,"{""rf_profile"": ""IEEE154G50"", ""tx_power_dbm"": 13}",ok,True,443.25611713183054,443.25611713183054,216.84039401190182,216.84039401190182,0.0
tx_p13_rf_profile-IEEE154G50_s8,run_00001,web_sessions/20260719_003026_campaign_radio_ebyte_e79_cc1352p/packet_tx/20260719_013532_radio_ebyte_e79_cc1352p/raw/run_00001.csv.gz,d7640557b6af7dacdf22a80ee11d51839ab3746ca0b68c4e600a2f5a708b0971,prior_full_integrity_audit_plus_size_and_mtime,b6da7bc5433586da3b11427311f7c45910e44e827a312385b15445293c0f9554,09b3c48f8302924ba8ea34310ae1f24bfe672bd879af955f97929d610c6d10ec,original_single_frame_window_verified,"[[27.04, 33.56]]",8,"{""rf_profile"": ""IEEE154G50"", ""tx_power_dbm"": 13}",ok,True,160.51038402590967,160.51038402590967,64.90640379504092,64.90640379504092,0.0
tx_p13_rf_profile-IEEE154G50_s8,run_00002,web_sessions/20260719_003026_campaign_radio_ebyte_e79_cc1352p/packet_tx/20260719_013532_radio_ebyte_e79_cc1352p/raw/run_00002.csv.gz,3b76d3dd8ff3b1b95c6a87261f9e2c98fda6cd37bb9906932addcd2b2066262e,prior_full_integrity_audit_plus_size_and_mtime,b6da7bc5433586da3b11427311f7c45910e44e827a312385b15445293c0f9554,09b3c48f8302924ba8ea34310ae1f24bfe672bd879af955f97929d610c6d10ec,original_single_frame_window_verified,"[[26.69, 33.21]]",8,"{""rf_profile"": ""IEEE154G50"", ""tx_power_dbm"": 13}",ok,True,161.10310639153758,161.10310639153758,66.28973826127199,66.28973826127199,0.0
tx_p13_rf_profile-IEEE154G50_s8,run_00003,web_sessions/20260719_003026_campaign_radio_ebyte_e79_cc1352p/packet_tx/20260719_013532_radio_ebyte_e79_cc1352p/raw/run_00003.csv.gz,6a8d0bfc111e52161a57cbdff2177c7eca6733a352c70002d0222daecebb8b49,prior_full_integrity_audit_plus_size_and_mtime,b6da7bc5433586da3b11427311f7c45910e44e827a312385b15445293c0f9554,09b3c48f8302924ba8ea34310ae1f24bfe672bd879af955f97929d610c6d10ec,original_single_frame_window_verified,"[[26.74, 33.26]]",8,"{""rf_profile"": ""IEEE154G50"", ""tx_power_dbm"": 13}",ok,True,162.32916127894572,162.32916127894572,67.50190741134598,67.50190741134598,0.0
tx_p13_rf_profile-IEEE154G50_s8,run_00004,web_sessions/20260719_003026_campaign_radio_ebyte_e79_cc1352p/packet_tx/20260719_013532_radio_ebyte_e79_cc1352p/raw/run_00004.csv.gz,b42a27e2642745950a2f80f8b1bb84e115fd9a399d69571e09b06a2c96a5e8b3,prior_full_integrity_audit_plus_size_and_mtime,b6da7bc5433586da3b11427311f7c45910e44e827a312385b15445293c0f9554,09b3c48f8302924ba8ea34310ae1f24bfe672bd879af955f97929d610c6d10ec,original_single_frame_window_verified,"[[25.58, 32.1]]",8,"{""rf_profile"": ""IEEE154G50"", ""tx_power_dbm"": 13}",ok,True,162.45222110220797,162.45222110220797,67.55803424958516,67.55803424958516,0.0
tx_p13_rf_profile-IEEE154G50_s8,run_00005,web_sessions/20260719_003026_campaign_radio_ebyte_e79_cc1352p/packet_tx/20260719_013532_radio_ebyte_e79_cc1352p/raw/run_00005.csv.gz,50ec9b5447be24ce26d78c53e25cf3cbc9c504d53904a2a2573c3066c61c155b,prior_full_integrity_audit_plus_size_and_mtime,b6da7bc5433586da3b11427311f7c45910e44e827a312385b15445293c0f9554,09b3c48f8302924ba8ea34310ae1f24bfe672bd879af955f97929d610c6d10ec,original_single_frame_window_verified,"[[26.31, 32.83]]",8,"{""rf_profile"": ""IEEE154G50"", ""tx_power_dbm"": 13}",ok,True,162.28973251847182,162.28973251847182,67.23311870290802,67.23311870290802,0.0
tx_p13_rf_profile-OOK4K8_s1024,run_00001,web_sessions/20260719_003026_campaign_radio_ebyte_e79_cc1352p/packet_tx/20260719_013440_radio_ebyte_e79_cc1352p/raw/run_00001.csv.gz,a0da8422c3e20b4174c5294a597906add8ae980e042230e31c9cd60fc4a25b74,prior_full_integrity_audit_plus_size_and_mtime,1496da8d03703b49cabda6d77bc56d212271564e105bbcae03c4cd651d6a0968,fe26655b45789f49e26109e0d66e5f14c9e2a4905e9b9bbd43cf6b18c215d7ab,per_frame_modeled_airtime_v1,"[[26.81, 156.48], [178.6, 308.27], [329.57, 459.24], [480.26, 609.93], [635.5, 765.17], [791.09, 920.76], [942.73, 1072.4], [1098.85, 1228.52], [1253.52, 1383.19], [1403.7, 1533.37], [1557.4, 1687.06], [1709.52, 1839.18], [1858.78, 1988.44], [2011.44, 2141.1], [2162.43, 2292.09], [2316.04, 2445.7]]",1024,"{""rf_profile"": ""OOK4K8"", ""tx_power_dbm"": 13}",ok,True,45205.708731041996,47419.93102662699,15736.847573584293,17968.323776556248,4.898103265582754
tx_p13_rf_profile-OOK4K8_s1024,run_00002,web_sessions/20260719_003026_campaign_radio_ebyte_e79_cc1352p/packet_tx/20260719_013440_radio_ebyte_e79_cc1352p/raw/run_00002.csv.gz,6323c971c91eb5a8f55a4264db07b9087c652dd9cce85be2e574e5523842c4ed,prior_full_integrity_audit_plus_size_and_mtime,1496da8d03703b49cabda6d77bc56d212271564e105bbcae03c4cd651d6a0968,fe26655b45789f49e26109e0d66e5f14c9e2a4905e9b9bbd43cf6b18c215d7ab,per_frame_modeled_airtime_v1,"[[24.97, 154.64], [175.65, 305.32], [327.83, 457.5], [480.45, 610.12], [633.67, 763.34], [788.88, 918.55], [941.14, 1070.81], [1090.05, 1219.72], [1244.16, 1373.83], [1400.37, 1530.04], [1550.82, 1680.48], [1703.11, 1832.77], [1852.68, 1982.34], [2003.16, 2132.82], [2156.16, 2285.82], [2310.87, 2440.53]]",1024,"{""rf_profile"": ""OOK4K8"", ""tx_power_dbm"": 13}",ok,True,45216.710293297,47405.994048131266,15736.20369783816,17943.623881353105,4.841758147891628
tx_p13_rf_profile-OOK4K8_s1024,run_00003,web_sessions/20260719_003026_campaign_radio_ebyte_e79_cc1352p/packet_tx/20260719_013440_radio_ebyte_e79_cc1352p/raw/run_00003.csv.gz,419ac3a144fb87be3c5788064a75bf57475cab5fd4a62aa32bd1b6fffb84ad75,prior_full_integrity_audit_plus_size_and_mtime,1496da8d03703b49cabda6d77bc56d212271564e105bbcae03c4cd651d6a0968,fe26655b45789f49e26109e0d66e5f14c9e2a4905e9b9bbd43cf6b18c215d7ab,per_frame_modeled_airtime_v1,"[[26.12, 155.79], [175.6, 305.27], [327.55, 457.22], [482.16, 611.83], [637.19, 766.86], [791.22, 920.89], [942.56, 1072.23], [1098.16, 1227.83], [1252.87, 1382.54], [1407.55, 1537.22], [1561.84, 1691.5], [1714.16, 1843.82], [1865.81, 1995.47], [2015.79, 2145.45], [2166.92, 2296.58], [2322.25, 2451.91]]",1024,"{""rf_profile"": ""OOK4K8"", ""tx_power_dbm"": 13}",ok,True,45154.46290767344,47456.36453515746,15683.078814498876,18005.48743038598,5.097838572879665
tx_p13_rf_profile-OOK4K8_s1024,run_00004,web_sessions/20260719_003026_campaign_radio_ebyte_e79_cc1352p/packet_tx/20260719_013440_radio_ebyte_e79_cc1352p/raw/run_00004.csv.gz,a6187a0a0e602bb381f12acc3fa611e81b7d37a4fc6fa72847393666979385e5,prior_full_integrity_audit_plus_size_and_mtime,1496da8d03703b49cabda6d77bc56d212271564e105bbcae03c4cd651d6a0968,fe26655b45789f49e26109e0d66e5f14c9e2a4905e9b9bbd43cf6b18c215d7ab,per_frame_modeled_airtime_v1,"[[27.38, 157.05], [180.87, 310.54], [330.53, 460.2], [482.47, 612.14], [633.34, 763.01], [786.62, 916.29], [937.09, 1066.76], [1092.62, 1222.29], [1246.16, 1375.83], [1397.76, 1527.43], [1548.39, 1678.05], [1700.02, 1829.68], [1855.53, 1985.19], [2011.27, 2140.93], [2158.52, 2288.18], [2310.16, 2439.82]]",1024,"{""rf_profile"": ""OOK4K8"", ""tx_power_dbm"": 13}",ok,True,45317.82871421827,47536.63675432157,15807.698998162297,18042.45482370886,4.896104034673576
tx_p13_rf_profile-OOK4K8_s1024,run_00005,web_sessions/20260719_003026_campaign_radio_ebyte_e79_cc1352p/packet_tx/20260719_013440_radio_ebyte_e79_cc1352p/raw/run_00005.csv.gz,c22548f74d403f74417335adc743406eb4b7920b68474f500ef7cef3f8620c4b,prior_full_integrity_audit_plus_size_and_mtime,1496da8d03703b49cabda6d77bc56d212271564e105bbcae03c4cd651d6a0968,fe26655b45789f49e26109e0d66e5f14c9e2a4905e9b9bbd43cf6b18c215d7ab,per_frame_modeled_airtime_v1,"[[27.26, 156.93], [180.48, 310.15], [332.43, 462.1], [487.37, 617.04], [639.67, 769.34], [792.14, 921.81], [946.72, 1076.39], [1098.96, 1228.63], [1254.74, 1384.41], [1408.43, 1538.1], [1561.31, 1690.97], [1715.38, 1845.04], [1870.12, 1999.78], [2023.62, 2153.28], [2178.73, 2308.39], [2330.06, 2459.72]]",1024,"{""rf_profile"": ""OOK4K8"", ""tx_power_dbm"": 13}",ok,True,45183.4623309791,47522.79366240758,15695.406078631995,18062.368071561687,5.1774060922829435
tx_p13_rf_profile-OOK4K8_s128,run_00001,web_sessions/20260719_003026_campaign_radio_ebyte_e79_cc1352p/packet_tx/20260719_013334_radio_ebyte_e79_cc1352p/raw/run_00001.csv.gz,c513862e35eb49621fb1f4d6d6cb7d131a7bf7f49358dedc8a7b6622ce352f7b,prior_full_integrity_audit_plus_size_and_mtime,0358464e47938b6539f234322d1616dc474a6328e4612530454ee66a3258a195,c9766bdb0d8d6a7354e84d199afe2d967967f91d881507b085e9b6dac001d89c,per_frame_modeled_airtime_v1,"[[26.65, 156.32], [180.03, 309.69]]",128,"{""rf_profile"": ""OOK4K8"", ""tx_power_dbm"": 13}",ok,True,5845.043641673541,5981.7897947663805,2155.4497289096303,2294.212841778313,2.339523217891437
tx_p13_rf_profile-OOK4K8_s128,run_00002,web_sessions/20260719_003026_campaign_radio_ebyte_e79_cc1352p/packet_tx/20260719_013334_radio_ebyte_e79_cc1352p/raw/run_00002.csv.gz,15f75c9e186649831663aa904d2c7218fc35190097b690f3ab4375957f3e5c6b,prior_full_integrity_audit_plus_size_and_mtime,0358464e47938b6539f234322d1616dc474a6328e4612530454ee66a3258a195,c9766bdb0d8d6a7354e84d199afe2d967967f91d881507b085e9b6dac001d89c,per_frame_modeled_airtime_v1,"[[28.06, 157.73], [181.58, 311.24]]",128,"{""rf_profile"": ""OOK4K8"", ""tx_power_dbm"": 13}",ok,True,5816.644802736273,5971.439929582432,2128.3183205550713,2285.9783950850024,2.661244275623309
tx_p13_rf_profile-OOK4K8_s128,run_00003,web_sessions/20260719_003026_campaign_radio_ebyte_e79_cc1352p/packet_tx/20260719_013334_radio_ebyte_e79_cc1352p/raw/run_00003.csv.gz,f8ae13162f1bb6e724602dc11d1478e194433e655862ed1cd7a9cdb02a465dd7,prior_full_integrity_audit_plus_size_and_mtime,0358464e47938b6539f234322d1616dc474a6328e4612530454ee66a3258a195,c9766bdb0d8d6a7354e84d199afe2d967967f91d881507b085e9b6dac001d89c,per_frame_modeled_airtime_v1,"[[27.67, 157.34], [178.02, 307.68]]",128,"{""rf_profile"": ""OOK4K8"", ""tx_power_dbm"": 13}",ok,True,5829.726068056517,5961.81168961639,2139.235614839548,2272.249583587018,2.265726039575422
tx_p13_rf_profile-OOK4K8_s128,run_00004,web_sessions/20260719_003026_campaign_radio_ebyte_e79_cc1352p/packet_tx/20260719_013334_radio_ebyte_e79_cc1352p/raw/run_00004.csv.gz,3bc078935dd16aa191f33de15af233f40d955a8f434d7224600a56dc6fc770f5,prior_full_integrity_audit_plus_size_and_mtime,0358464e47938b6539f234322d1616dc474a6328e4612530454ee66a3258a195,c9766bdb0d8d6a7354e84d199afe2d967967f91d881507b085e9b6dac001d89c,per_frame_modeled_airtime_v1,"[[25.11, 154.78], [176.92, 306.58]]",128,"{""rf_profile"": ""OOK4K8"", ""tx_power_dbm"": 13}",ok,True,5838.853027877555,5972.6448346824245,2147.543979000918,2283.044477130898,2.2914056265174176
tx_p13_rf_profile-OOK4K8_s128,run_00005,web_sessions/20260719_003026_campaign_radio_ebyte_e79_cc1352p/packet_tx/20260719_013334_radio_ebyte_e79_cc1352p/raw/run_00005.csv.gz,34db020c0e744013988dc53f3d8ec1dd3019836bae471457e6d9745ab715d1bc,prior_full_integrity_audit_plus_size_and_mtime,0358464e47938b6539f234322d1616dc474a6328e4612530454ee66a3258a195,c9766bdb0d8d6a7354e84d199afe2d967967f91d881507b085e9b6dac001d89c,per_frame_modeled_airtime_v1,"[[25.87, 155.54], [179.12, 308.78]]",128,"{""rf_profile"": ""OOK4K8"", ""tx_power_dbm"": 13}",ok,True,5822.233922858855,5978.64967822109,2130.3280182491712,2289.0536106070167,2.6865247503733203
tx_p13_rf_profile-OOK4K8_s32,run_00001,web_sessions/20260719_003026_campaign_radio_ebyte_e79_cc1352p/packet_tx/20260719_013238_radio_ebyte_e79_cc1352p/raw/run_00001.csv.gz,6c009775bb5520bdb8371631cbe4ec78881b12f0594377c5d7582e4417a62d50,prior_full_integrity_audit_plus_size_and_mtime,225a369c6ca8397f04d2351a50d4ca4e42dc9670208e0e668d4b1fd3be759a59,80668c379c371b1c9fed0ca0aa66e665183106c9b67a8d5fefa0e5aded6d54b4,original_single_frame_window_verified,"[[27.56, 103.89]]",32,"{""rf_profile"": ""OOK4K8"", ""tx_power_dbm"": 13}",ok,True,1771.2073833693305,1771.2073833693305,684.1352777296116,684.1352777296116,0.0
tx_p13_rf_profile-OOK4K8_s32,run_00002,web_sessions/20260719_003026_campaign_radio_ebyte_e79_cc1352p/packet_tx/20260719_013238_radio_ebyte_e79_cc1352p/raw/run_00002.csv.gz,1c2f860f93fe046109430773b02107e8cf653a925cf4d4cfc7f08f73e0282297,prior_full_integrity_audit_plus_size_and_mtime,225a369c6ca8397f04d2351a50d4ca4e42dc9670208e0e668d4b1fd3be759a59,80668c379c371b1c9fed0ca0aa66e665183106c9b67a8d5fefa0e5aded6d54b4,original_single_frame_window_verified,"[[26.34, 102.67]]",32,"{""rf_profile"": ""OOK4K8"", ""tx_power_dbm"": 13}",ok,True,1756.3246501612607,1756.3246501612607,670.1908796211255,670.1908796211255,0.0
tx_p13_rf_profile-OOK4K8_s32,run_00003,web_sessions/20260719_003026_campaign_radio_ebyte_e79_cc1352p/packet_tx/20260719_013238_radio_ebyte_e79_cc1352p/raw/run_00003.csv.gz,cd22f446ea56ade7a24032a1c2a6accbe8b8b47da14afdc2a977dd7c1a01fb82,prior_full_integrity_audit_plus_size_and_mtime,225a369c6ca8397f04d2351a50d4ca4e42dc9670208e0e668d4b1fd3be759a59,80668c379c371b1c9fed0ca0aa66e665183106c9b67a8d5fefa0e5aded6d54b4,original_single_frame_window_verified,"[[26.05, 102.38]]",32,"{""rf_profile"": ""OOK4K8"", ""tx_power_dbm"": 13}",ok,True,1768.3306726548622,1768.3306726548622,682.4072178216101,682.4072178216101,0.0
tx_p13_rf_profile-OOK4K8_s32,run_00004,web_sessions/20260719_003026_campaign_radio_ebyte_e79_cc1352p/packet_tx/20260719_013238_radio_ebyte_e79_cc1352p/raw/run_00004.csv.gz,a7d8f3219f106489fa7779543f090a238c28bbc0bad51375cf9f1b06a8f72895,prior_full_integrity_audit_plus_size_and_mtime,225a369c6ca8397f04d2351a50d4ca4e42dc9670208e0e668d4b1fd3be759a59,80668c379c371b1c9fed0ca0aa66e665183106c9b67a8d5fefa0e5aded6d54b4,original_single_frame_window_verified,"[[23.77, 100.1]]",32,"{""rf_profile"": ""OOK4K8"", ""tx_power_dbm"": 13}",ok,True,1756.7115109594647,1756.7115109594647,670.9363056084062,670.9363056084062,0.0
tx_p13_rf_profile-OOK4K8_s32,run_00005,web_sessions/20260719_003026_campaign_radio_ebyte_e79_cc1352p/packet_tx/20260719_013238_radio_ebyte_e79_cc1352p/raw/run_00005.csv.gz,880341fed62ef2afe92d3ab9ac8ceb5cfa43bc493e2803a11bb5b9c6710fbb86,prior_full_integrity_audit_plus_size_and_mtime,225a369c6ca8397f04d2351a50d4ca4e42dc9670208e0e668d4b1fd3be759a59,80668c379c371b1c9fed0ca0aa66e665183106c9b67a8d5fefa0e5aded6d54b4,original_single_frame_window_verified,"[[26.94, 103.27]]",32,"{""rf_profile"": ""OOK4K8"", ""tx_power_dbm"": 13}",ok,True,1763.7367451880689,1763.7367451880689,677.3241565769697,677.3241565769697,0.0
tx_p13_rf_profile-OOK4K8_s512,run_00001,web_sessions/20260719_003026_campaign_radio_ebyte_e79_cc1352p/packet_tx/20260719_013402_radio_ebyte_e79_cc1352p/raw/run_00001.csv.gz,a9e85dd81591f32eaf10538440376fb4c6cfabc62b1c32df391eb497d0e93c24,prior_full_integrity_audit_plus_size_and_mtime,a6d79639ff9ab06d7cf19ab78c07767c7582774a9ae12618f5f6803daa613e39,04541e76646d7f1d3834452b68288ff683f5fa1e94bb8e32c4e5998eeabf6cf9,per_frame_modeled_airtime_v1,"[[29.25, 158.92], [178.96, 308.63], [331.12, 460.79], [483.45, 613.12], [637.46, 767.13], [788.06, 917.72], [944.73, 1074.39], [1098.11, 1227.77]]",512,"{""rf_profile"": ""OOK4K8"", ""tx_power_dbm"": 13}",ok,True,22792.435129345347,23806.17807784762,8033.06795853153,9060.246609760365,4.447716721576067
tx_p13_rf_profile-OOK4K8_s512,run_00002,web_sessions/20260719_003026_campaign_radio_ebyte_e79_cc1352p/packet_tx/20260719_013402_radio_ebyte_e79_cc1352p/raw/run_00002.csv.gz,f570ea3c941716ef7a08a447909261f722385d8fd97cdc11334e63f8511a67eb,prior_full_integrity_audit_plus_size_and_mtime,a6d79639ff9ab06d7cf19ab78c07767c7582774a9ae12618f5f6803daa613e39,04541e76646d7f1d3834452b68288ff683f5fa1e94bb8e32c4e5998eeabf6cf9,per_frame_modeled_airtime_v1,"[[26.99, 156.66], [178.89, 308.56], [333.43, 463.1], [484.05, 613.72], [633.62, 763.29], [790.06, 919.72], [937.91, 1067.57], [1087.98, 1217.64]]",512,"{""rf_profile"": ""OOK4K8"", ""tx_power_dbm"": 13}",ok,True,22763.948218155063,23744.65132848043,8023.149766004274,9017.563991002879,4.308141544370692
tx_p13_rf_profile-OOK4K8_s512,run_00003,web_sessions/20260719_003026_campaign_radio_ebyte_e79_cc1352p/packet_tx/20260719_013402_radio_ebyte_e79_cc1352p/raw/run_00003.csv.gz,71783a9349b4f138998bdeaa4aea84332c9ba71f2c393f0c69b2d3c68876bb3d,prior_full_integrity_audit_plus_size_and_mtime,a6d79639ff9ab06d7cf19ab78c07767c7582774a9ae12618f5f6803daa613e39,04541e76646d7f1d3834452b68288ff683f5fa1e94bb8e32c4e5998eeabf6cf9,per_frame_modeled_airtime_v1,"[[26.26, 155.93], [181.23, 310.9], [329.76, 459.43], [480.47, 610.14], [635.62, 765.29], [791.29, 920.95], [944.43, 1074.09], [1095.99, 1225.65]]",512,"{""rf_profile"": ""OOK4K8"", ""tx_power_dbm"": 13}",ok,True,22760.660793768544,23786.068492151866,8005.888996742621,9041.37275452211,4.505175432622144
tx_p13_rf_profile-OOK4K8_s512,run_00004,web_sessions/20260719_003026_campaign_radio_ebyte_e79_cc1352p/packet_tx/20260719_013402_radio_ebyte_e79_cc1352p/raw/run_00004.csv.gz,da3af1644b54287a4e95a5bc471c94116df93edd24c199383358ca14419d580b,prior_full_integrity_audit_plus_size_and_mtime,a6d79639ff9ab06d7cf19ab78c07767c7582774a9ae12618f5f6803daa613e39,04541e76646d7f1d3834452b68288ff683f5fa1e94bb8e32c4e5998eeabf6cf9,per_frame_modeled_airtime_v1,"[[26.11, 155.78], [176.3, 305.97], [327.87, 457.54], [480.58, 610.25], [632.11, 761.78], [783.91, 913.57], [935.07, 1064.73], [1087.67, 1217.33]]",512,"{""rf_profile"": ""OOK4K8"", ""tx_power_dbm"": 13}",ok,True,22763.168042991823,23747.78954542078,8020.414686413093,9014.564886623748,4.325502937769232
tx_p13_rf_profile-OOK4K8_s512,run_00005,web_sessions/20260719_003026_campaign_radio_ebyte_e79_cc1352p/packet_tx/20260719_013402_radio_ebyte_e79_cc1352p/raw/run_00005.csv.gz,a525d7e43bdf350c0b3879ea127adf45352b1d51d4a978f0cbcba74659ffde55,prior_full_integrity_audit_plus_size_and_mtime,a6d79639ff9ab06d7cf19ab78c07767c7582774a9ae12618f5f6803daa613e39,04541e76646d7f1d3834452b68288ff683f5fa1e94bb8e32c4e5998eeabf6cf9,per_frame_modeled_airtime_v1,"[[25.42, 155.09], [182.01, 311.68], [329.52, 459.19], [481.03, 610.7], [634.7, 764.37], [790.87, 920.53], [945.39, 1075.05], [1094.78, 1224.44]]",512,"{""rf_profile"": ""OOK4K8"", ""tx_power_dbm"": 13}",ok,True,22732.652712968586,23751.62606778228,7994.93715233966,9022.233950438149,4.482421685140103
tx_p13_rf_profile-OOK4K8_s64,run_00001,web_sessions/20260719_003026_campaign_radio_ebyte_e79_cc1352p/packet_tx/20260719_013306_radio_ebyte_e79_cc1352p/raw/run_00001.csv.gz,f9a57c4d2924c9848896fa17e87e0bec4c5c6c8b60018b8736d07cb4630e5c50,prior_full_integrity_audit_plus_size_and_mtime,5530539016cd61475651ea3e487a8fccff305c66c91e8818d4e7656fac0ccfb2,b1032e2fbeeca59787ebbc24cde42d639dee56b5dc2c0f7a127982c1d78f8e76,original_single_frame_window_verified,"[[28.36, 158.02]]",64,"{""rf_profile"": ""OOK4K8"", ""tx_power_dbm"": 13}",ok,True,2986.088602528863,2986.088602528863,1144.5137989371228,1144.5137989371228,0.0
tx_p13_rf_profile-OOK4K8_s64,run_00002,web_sessions/20260719_003026_campaign_radio_ebyte_e79_cc1352p/packet_tx/20260719_013306_radio_ebyte_e79_cc1352p/raw/run_00002.csv.gz,5efae807a4791b24533e8e3e840e846316dcb3341ea3cfee5dc370f5164594e6,prior_full_integrity_audit_plus_size_and_mtime,5530539016cd61475651ea3e487a8fccff305c66c91e8818d4e7656fac0ccfb2,b1032e2fbeeca59787ebbc24cde42d639dee56b5dc2c0f7a127982c1d78f8e76,original_single_frame_window_verified,"[[27.67, 157.33]]",64,"{""rf_profile"": ""OOK4K8"", ""tx_power_dbm"": 13}",ok,True,2984.8436169107395,2984.8436169107395,1144.9350083218098,1144.9350083218098,0.0
tx_p13_rf_profile-OOK4K8_s64,run_00003,web_sessions/20260719_003026_campaign_radio_ebyte_e79_cc1352p/packet_tx/20260719_013306_radio_ebyte_e79_cc1352p/raw/run_00003.csv.gz,2741235c2fe7aa2aa5c551e2d875ee24a8dc562c4f430ba2dc2a432596ebf474,prior_full_integrity_audit_plus_size_and_mtime,5530539016cd61475651ea3e487a8fccff305c66c91e8818d4e7656fac0ccfb2,b1032e2fbeeca59787ebbc24cde42d639dee56b5dc2c0f7a127982c1d78f8e76,original_single_frame_window_verified,"[[24.96, 154.62]]",64,"{""rf_profile"": ""OOK4K8"", ""tx_power_dbm"": 13}",ok,True,2979.4516007285642,2979.4516007285642,1137.6522526543329,1137.6522526543329,0.0
tx_p13_rf_profile-OOK4K8_s64,run_00004,web_sessions/20260719_003026_campaign_radio_ebyte_e79_cc1352p/packet_tx/20260719_013306_radio_ebyte_e79_cc1352p/raw/run_00004.csv.gz,5a19a02e67885eb1c7f72ec90353e83ce727ca11032cc407dd64552c99d8e486,prior_full_integrity_audit_plus_size_and_mtime,5530539016cd61475651ea3e487a8fccff305c66c91e8818d4e7656fac0ccfb2,b1032e2fbeeca59787ebbc24cde42d639dee56b5dc2c0f7a127982c1d78f8e76,original_single_frame_window_verified,"[[27.19, 156.85]]",64,"{""rf_profile"": ""OOK4K8"", ""tx_power_dbm"": 13}",ok,True,2983.045959761345,2983.045959761345,1139.368932718109,1139.368932718109,0.0
tx_p13_rf_profile-OOK4K8_s64,run_00005,web_sessions/20260719_003026_campaign_radio_ebyte_e79_cc1352p/packet_tx/20260719_013306_radio_ebyte_e79_cc1352p/raw/run_00005.csv.gz,cd4375e0352268ec1b4d4e3d2a1789fb057aafd4a52b0b498173401e41813e8f,prior_full_integrity_audit_plus_size_and_mtime,5530539016cd61475651ea3e487a8fccff305c66c91e8818d4e7656fac0ccfb2,b1032e2fbeeca59787ebbc24cde42d639dee56b5dc2c0f7a127982c1d78f8e76,original_single_frame_window_verified,"[[26.37, 156.03]]",64,"{""rf_profile"": ""OOK4K8"", ""tx_power_dbm"": 13}",ok,True,2980.4594652086266,2980.4594652086266,1139.7788916021686,1139.7788916021686,0.0
tx_p13_rf_profile-OOK4K8_s8,run_00001,web_sessions/20260719_003026_campaign_radio_ebyte_e79_cc1352p/packet_tx/20260719_013209_radio_ebyte_e79_cc1352p/raw/run_00001.csv.gz,f5ff55e5a87e76e33e365e22849c9006e2f40ed2c5395efac14639af313ab440,prior_full_integrity_audit_plus_size_and_mtime,abdb6bf1fbe45309ee89bd301747f568d5261dae3712ca58cf257e81aaa9403b,c3a3a52acbec24a4c6adce1441a7f1abb1bdc4d7948b1c23db8568cffcac3165,original_single_frame_window_verified,"[[29.08, 65.41]]",8,"{""rf_profile"": ""OOK4K8"", ""tx_power_dbm"": 13}",ok,True,803.6886691315705,803.6886691315705,286.96977359259733,286.96977359259733,0.0
tx_p13_rf_profile-OOK4K8_s8,run_00002,web_sessions/20260719_003026_campaign_radio_ebyte_e79_cc1352p/packet_tx/20260719_013209_radio_ebyte_e79_cc1352p/raw/run_00002.csv.gz,76a8f3b9ccf4bafe85fceb0586adc3df466f75474b0f1516a6fc8fc0689d32a1,prior_full_integrity_audit_plus_size_and_mtime,abdb6bf1fbe45309ee89bd301747f568d5261dae3712ca58cf257e81aaa9403b,c3a3a52acbec24a4c6adce1441a7f1abb1bdc4d7948b1c23db8568cffcac3165,original_single_frame_window_verified,"[[23.18, 59.51]]",8,"{""rf_profile"": ""OOK4K8"", ""tx_power_dbm"": 13}",ok,True,801.6190265186536,801.6190265186536,286.7117780255301,286.7117780255301,0.0
tx_p13_rf_profile-OOK4K8_s8,run_00003,web_sessions/20260719_003026_campaign_radio_ebyte_e79_cc1352p/packet_tx/20260719_013209_radio_ebyte_e79_cc1352p/raw/run_00003.csv.gz,5320b9946cfba70f9556a475d7f03b76896a3b7843012bc2ea4316f999e086bc,prior_full_integrity_audit_plus_size_and_mtime,abdb6bf1fbe45309ee89bd301747f568d5261dae3712ca58cf257e81aaa9403b,c3a3a52acbec24a4c6adce1441a7f1abb1bdc4d7948b1c23db8568cffcac3165,original_single_frame_window_verified,"[[24.13, 60.46]]",8,"{""rf_profile"": ""OOK4K8"", ""tx_power_dbm"": 13}",ok,True,797.0379280446317,797.0379280446317,281.8233214224365,281.8233214224365,0.0
tx_p13_rf_profile-OOK4K8_s8,run_00004,web_sessions/20260719_003026_campaign_radio_ebyte_e79_cc1352p/packet_tx/20260719_013209_radio_ebyte_e79_cc1352p/raw/run_00004.csv.gz,aaf344a74319780fb2c420f9f4700ab783a2867044d29a7e060dd4c3b00c32ed,prior_full_integrity_audit_plus_size_and_mtime,abdb6bf1fbe45309ee89bd301747f568d5261dae3712ca58cf257e81aaa9403b,c3a3a52acbec24a4c6adce1441a7f1abb1bdc4d7948b1c23db8568cffcac3165,original_single_frame_window_verified,"[[26.7, 63.03]]",8,"{""rf_profile"": ""OOK4K8"", ""tx_power_dbm"": 13}",ok,True,800.8672906452572,800.8672906452572,286.3292218779297,286.3292218779297,0.0
tx_p13_rf_profile-OOK4K8_s8,run_00005,web_sessions/20260719_003026_campaign_radio_ebyte_e79_cc1352p/packet_tx/20260719_013209_radio_ebyte_e79_cc1352p/raw/run_00005.csv.gz,cb093a5f3399ab0e4f1dde22d3dda16ee9842ae022176aaa4dc29885bbf5796f,prior_full_integrity_audit_plus_size_and_mtime,abdb6bf1fbe45309ee89bd301747f568d5261dae3712ca58cf257e81aaa9403b,c3a3a52acbec24a4c6adce1441a7f1abb1bdc4d7948b1c23db8568cffcac3165,original_single_frame_window_verified,"[[23.25, 59.58]]",8,"{""rf_profile"": ""OOK4K8"", ""tx_power_dbm"": 13}",ok,True,803.5268133615355,803.5268133615355,287.8200614034697,287.8200614034697,0.0
tx_p13_rf_profile-SLR2K5_s1024,run_00001,web_sessions/20260719_003026_campaign_radio_ebyte_e79_cc1352p/packet_tx/20260719_012735_radio_ebyte_e79_cc1352p/raw/run_00001.csv.gz,ec6a26be30543c8a2e5d4ef71902064db3b916f890aebf89a006b10b899d54ab,prior_full_integrity_audit_plus_size_and_mtime,ae070e7bbb8e6547477158b7331e3270c4f46a33433ec87643df2616a160f2e0,a5f89ad008625bc56890755b3eb436025920a49d8d837469aed41d650fdfb258,per_frame_modeled_airtime_v1,"[[26.29, 272.49], [279.42, 525.62], [532.48, 778.68], [779.51, 1025.71], [1033.5, 1279.7], [1298.43, 1544.63], [1551.21, 1797.41], [1812.38, 2058.58], [2070.63, 2316.83], [2322.83, 2569.03], [2577.18, 2823.38], [2833.6, 3079.8], [3098.49, 3344.69], [3350.14, 3596.34], [3599.0, 3845.2], [3861.84, 4108.04]]",1024,"{""rf_profile"": ""SLR2K5"", ""tx_power_dbm"": 13}",ok,True,114069.7065993747,115958.66486850384,56356.021123880746,58194.16185264337,1.6559683770936307
tx_p13_rf_profile-SLR2K5_s1024,run_00002,web_sessions/20260719_003026_campaign_radio_ebyte_e79_cc1352p/packet_tx/20260719_012735_radio_ebyte_e79_cc1352p/raw/run_00002.csv.gz,b9dd25dd17f6fa5c93e35b0a1200a41b66ed8e70a6e83b40e4fcb70fd8b407f4,prior_full_integrity_audit_plus_size_and_mtime,ae070e7bbb8e6547477158b7331e3270c4f46a33433ec87643df2616a160f2e0,a5f89ad008625bc56890755b3eb436025920a49d8d837469aed41d650fdfb258,per_frame_modeled_airtime_v1,"[[16.47, 262.67], [273.58, 519.78], [534.22, 780.42], [786.0, 1032.2], [1043.7, 1289.9], [1299.68, 1545.88], [1560.03, 1806.23], [1813.54, 2059.74], [2064.69, 2310.89], [2326.78, 2572.98], [2582.05, 2828.25], [2828.61, 3074.81], [3094.82, 3341.02], [3343.87, 3590.07], [3597.45, 3843.65], [3852.48, 4098.68]]",1024,"{""rf_profile"": ""SLR2K5"", ""tx_power_dbm"": 13}",ok,True,113900.0832477512,115807.19935045719,56248.50664746271,58103.78935134829,1.6743763905401998
tx_p13_rf_profile-SLR2K5_s1024,run_00003,web_sessions/20260719_003026_campaign_radio_ebyte_e79_cc1352p/packet_tx/20260719_012735_radio_ebyte_e79_cc1352p/raw/run_00003.csv.gz,d0702ead5a4a92560cf685bd881ff2a66223f46455b7b5c207337c649dccb8e6,prior_full_integrity_audit_plus_size_and_mtime,ae070e7bbb8e6547477158b7331e3270c4f46a33433ec87643df2616a160f2e0,a5f89ad008625bc56890755b3eb436025920a49d8d837469aed41d650fdfb258,per_frame_modeled_airtime_v1,"[[13.91, 260.11], [272.95, 519.15], [533.53, 779.73], [788.55, 1034.75], [1035.62, 1281.82], [1292.61, 1538.81], [1544.7, 1790.9], [1809.76, 2055.96], [2056.06, 2302.26], [2322.26, 2568.46], [2570.39, 2816.59], [2824.21, 3070.41], [3085.1, 3331.3], [3343.25, 3589.45], [3597.13, 3843.33], [3847.18, 4093.38]]",1024,"{""rf_profile"": ""SLR2K5"", ""tx_power_dbm"": 13}",ok,True,114203.10272301911,116076.03518926025,56498.211919953064,58317.84092276519,1.6400013848867356
tx_p13_rf_profile-SLR2K5_s1024,run_00004,web_sessions/20260719_003026_campaign_radio_ebyte_e79_cc1352p/packet_tx/20260719_012735_radio_ebyte_e79_cc1352p/raw/run_00004.csv.gz,9748c6a94cacbd068640c42152f536f08279ea5003a8b4f1ad62adb8da8ac12b,prior_full_integrity_audit_plus_size_and_mtime,ae070e7bbb8e6547477158b7331e3270c4f46a33433ec87643df2616a160f2e0,a5f89ad008625bc56890755b3eb436025920a49d8d837469aed41d650fdfb258,per_frame_modeled_airtime_v1,"[[11.36, 257.56], [279.99, 526.19], [535.12, 781.32], [789.18, 1035.38], [1039.07, 1285.27], [1302.49, 1548.69], [1550.6, 1796.8], [1808.86, 2055.06], [2069.79, 2315.99], [2320.72, 2566.92], [2581.32, 2827.52], [2837.42, 3083.62], [3084.48, 3330.68], [3339.03, 3585.23], [3599.18, 3845.38], [3850.21, 4096.41]]",1024,"{""rf_profile"": ""SLR2K5"", ""tx_power_dbm"": 13}",ok,True,114019.25910023993,115938.19596657688,56368.83742605894,58239.89758684207,1.6829936288657255
tx_p13_rf_profile-SLR2K5_s1024,run_00005,web_sessions/20260719_003026_campaign_radio_ebyte_e79_cc1352p/packet_tx/20260719_012735_radio_ebyte_e79_cc1352p/raw/run_00005.csv.gz,8006a12f6d8a859ff24e7fad09ed9362d732654750fde85b7aa7796eabd89919,prior_full_integrity_audit_plus_size_and_mtime,ae070e7bbb8e6547477158b7331e3270c4f46a33433ec87643df2616a160f2e0,a5f89ad008625bc56890755b3eb436025920a49d8d837469aed41d650fdfb258,per_frame_modeled_airtime_v1,"[[16.98, 263.18], [282.43, 528.63], [530.15, 776.35], [787.97, 1034.17], [1049.41, 1295.61], [1299.04, 1545.24], [1555.77, 1801.97], [1811.81, 2058.01], [2070.97, 2317.17], [2330.61, 2576.81], [2583.02, 2829.22], [2843.16, 3089.36], [3099.35, 3345.55], [3347.44, 3593.64], [3607.31, 3853.51], [3871.42, 4117.62]]",1024,"{""rf_profile"": ""SLR2K5"", ""tx_power_dbm"": 13}",ok,True,113950.61747596921,115993.2276838434,56478.607796175835,58473.511726269244,1.7925398327086395
tx_p13_rf_profile-SLR2K5_s128,run_00001,web_sessions/20260719_003026_campaign_radio_ebyte_e79_cc1352p/packet_tx/20260719_012615_radio_ebyte_e79_cc1352p/raw/run_00001.csv.gz,fc60754fd82e0d51adbcaedb3ee4b5e9b357d4190fd74e7c294942c193cb9e1f,prior_full_integrity_audit_plus_size_and_mtime,1b5341517ecbb50197845ca4a34a3a6ca172051bb0f182c60497e70ccc70bc8f,b40d3456fcf638b34d44a7a32072662ba435b09572e6d2e54ff9dd7258db4323,per_frame_modeled_airtime_v1,"[[25.02, 271.22], [280.07, 526.27]]",128,"{""rf_profile"": ""SLR2K5"", ""tx_power_dbm"": 13}",ok,True,14619.194014178245,14619.372604335027,7390.366523089632,7391.76836884736,0.0012216142463605806
tx_p13_rf_profile-SLR2K5_s128,run_00002,web_sessions/20260719_003026_campaign_radio_ebyte_e79_cc1352p/packet_tx/20260719_012615_radio_ebyte_e79_cc1352p/raw/run_00002.csv.gz,613b42b09635dcd676264a57c906dee5b830d47b9454eee8640c36262e87fc9b,prior_full_integrity_audit_plus_size_and_mtime,1b5341517ecbb50197845ca4a34a3a6ca172051bb0f182c60497e70ccc70bc8f,b40d3456fcf638b34d44a7a32072662ba435b09572e6d2e54ff9dd7258db4323,per_frame_modeled_airtime_v1,"[[20.33, 266.53], [273.23, 519.43]]",128,"{""rf_profile"": ""SLR2K5"", ""tx_power_dbm"": 13}",ok,True,14564.114640576237,14565.384521771643,7343.562081526074,7344.582253273998,0.008719247456800971
tx_p13_rf_profile-SLR2K5_s128,run_00003,web_sessions/20260719_003026_campaign_radio_ebyte_e79_cc1352p/packet_tx/20260719_012615_radio_ebyte_e79_cc1352p/raw/run_00003.csv.gz,54f7c614c8f6101516e7c39a6a967db16cc126ef0b0b3e941bd069dcdb5b48de,prior_full_integrity_audit_plus_size_and_mtime,1b5341517ecbb50197845ca4a34a3a6ca172051bb0f182c60497e70ccc70bc8f,b40d3456fcf638b34d44a7a32072662ba435b09572e6d2e54ff9dd7258db4323,per_frame_modeled_airtime_v1,"[[22.34, 268.54], [273.49, 519.69]]",128,"{""rf_profile"": ""SLR2K5"", ""tx_power_dbm"": 13}",ok,True,14539.185659544712,14539.626935591195,7319.952296039456,7320.15438766224,0.003035080896673925
tx_p13_rf_profile-SLR2K5_s128,run_00004,web_sessions/20260719_003026_campaign_radio_ebyte_e79_cc1352p/packet_tx/20260719_012615_radio_ebyte_e79_cc1352p/raw/run_00004.csv.gz,fd46a12b9fde6520e33a0dd9efa193c994e71db306c2e93e68ee1fa03985a8c8,prior_full_integrity_audit_plus_size_and_mtime,1b5341517ecbb50197845ca4a34a3a6ca172051bb0f182c60497e70ccc70bc8f,b40d3456fcf638b34d44a7a32072662ba435b09572e6d2e54ff9dd7258db4323,per_frame_modeled_airtime_v1,"[[24.8, 271.0], [278.73, 524.93]]",128,"{""rf_profile"": ""SLR2K5"", ""tx_power_dbm"": 13}",ok,True,14517.701905109663,14518.615246262694,7296.824856056369,7298.210536543405,0.006291224044963073
tx_p13_rf_profile-SLR2K5_s128,run_00005,web_sessions/20260719_003026_campaign_radio_ebyte_e79_cc1352p/packet_tx/20260719_012615_radio_ebyte_e79_cc1352p/raw/run_00005.csv.gz,768f9bb1e3e324381f8c2eb4fc3cde0fa94deca14f0e4d821a4e9bcfd0c9a0b9,prior_full_integrity_audit_plus_size_and_mtime,1b5341517ecbb50197845ca4a34a3a6ca172051bb0f182c60497e70ccc70bc8f,b40d3456fcf638b34d44a7a32072662ba435b09572e6d2e54ff9dd7258db4323,per_frame_modeled_airtime_v1,"[[24.3, 270.5], [280.46, 526.66]]",128,"{""rf_profile"": ""SLR2K5"", ""tx_power_dbm"": 13}",ok,True,14562.646907573871,14564.28878284295,7341.416972381208,7343.488545009117,0.011274566220675908
tx_p13_rf_profile-SLR2K5_s32,run_00001,web_sessions/20260719_003026_campaign_radio_ebyte_e79_cc1352p/packet_tx/20260719_012519_radio_ebyte_e79_cc1352p/raw/run_00001.csv.gz,d2ed16802b251557e14bfd57e37bbf509d641be93ac4e49e54115c2cae46956c,prior_full_integrity_audit_plus_size_and_mtime,6a0fc68d4955eb1710b5765421f3d304bf83f611c3912286b32eaf54f79ffc6d,3bce5f4b91724029e6d7e0bde6a09f65d6f0444b732f8897d03a1a3606a6985c,original_single_frame_window_verified,"[[25.34, 169.14]]",32,"{""rf_profile"": ""SLR2K5"", ""tx_power_dbm"": 13}",ok,True,4153.097217463873,4153.097217463873,2041.801694053062,2041.801694053062,0.0
tx_p13_rf_profile-SLR2K5_s32,run_00002,web_sessions/20260719_003026_campaign_radio_ebyte_e79_cc1352p/packet_tx/20260719_012519_radio_ebyte_e79_cc1352p/raw/run_00002.csv.gz,3833d8c4cc39468cbf1f8ea174a9ab794b8920839d902f203f910e8290ac48a0,prior_full_integrity_audit_plus_size_and_mtime,6a0fc68d4955eb1710b5765421f3d304bf83f611c3912286b32eaf54f79ffc6d,3bce5f4b91724029e6d7e0bde6a09f65d6f0444b732f8897d03a1a3606a6985c,original_single_frame_window_verified,"[[14.9, 158.7]]",32,"{""rf_profile"": ""SLR2K5"", ""tx_power_dbm"": 13}",ok,True,4148.930571309192,4148.930571309192,2041.199598539351,2041.199598539351,0.0
tx_p13_rf_profile-SLR2K5_s32,run_00003,web_sessions/20260719_003026_campaign_radio_ebyte_e79_cc1352p/packet_tx/20260719_012519_radio_ebyte_e79_cc1352p/raw/run_00003.csv.gz,318eb6c3d896bf03e598e130bb48f1a095319af7fab981a4b74f958f21522fe6,prior_full_integrity_audit_plus_size_and_mtime,6a0fc68d4955eb1710b5765421f3d304bf83f611c3912286b32eaf54f79ffc6d,3bce5f4b91724029e6d7e0bde6a09f65d6f0444b732f8897d03a1a3606a6985c,original_single_frame_window_verified,"[[26.86, 170.66]]",32,"{""rf_profile"": ""SLR2K5"", ""tx_power_dbm"": 13}",ok,True,4138.759348826007,4138.759348826007,2034.110196891257,2034.110196891257,0.0
tx_p13_rf_profile-SLR2K5_s32,run_00004,web_sessions/20260719_003026_campaign_radio_ebyte_e79_cc1352p/packet_tx/20260719_012519_radio_ebyte_e79_cc1352p/raw/run_00004.csv.gz,90972aeffc21c7249bea735a30d64256ec571a461e690a3c981a7ed72abbc556,prior_full_integrity_audit_plus_size_and_mtime,6a0fc68d4955eb1710b5765421f3d304bf83f611c3912286b32eaf54f79ffc6d,3bce5f4b91724029e6d7e0bde6a09f65d6f0444b732f8897d03a1a3606a6985c,original_single_frame_window_verified,"[[16.4, 160.2]]",32,"{""rf_profile"": ""SLR2K5"", ""tx_power_dbm"": 13}",ok,True,4154.807164891683,4154.807164891683,2045.7544594651747,2045.7544594651747,0.0
tx_p13_rf_profile-SLR2K5_s32,run_00005,web_sessions/20260719_003026_campaign_radio_ebyte_e79_cc1352p/packet_tx/20260719_012519_radio_ebyte_e79_cc1352p/raw/run_00005.csv.gz,395034cb8a093105418570b69c885fa630c4f65cb97da5e245995264410278b8,prior_full_integrity_audit_plus_size_and_mtime,6a0fc68d4955eb1710b5765421f3d304bf83f611c3912286b32eaf54f79ffc6d,3bce5f4b91724029e6d7e0bde6a09f65d6f0444b732f8897d03a1a3606a6985c,original_single_frame_window_verified,"[[12.9, 156.7]]",32,"{""rf_profile"": ""SLR2K5"", ""tx_power_dbm"": 13}",ok,True,4152.493749418684,4152.493749418684,2042.9574247018193,2042.9574247018193,0.0
tx_p13_rf_profile-SLR2K5_s512,run_00001,web_sessions/20260719_003026_campaign_radio_ebyte_e79_cc1352p/packet_tx/20260719_012646_radio_ebyte_e79_cc1352p/raw/run_00001.csv.gz,0713630d07983d0ac3575ae4be59e184d8d929e4f9645b77e86da3e394ef7eee,prior_full_integrity_audit_plus_size_and_mtime,f3b82b4e88a7a2b9f858f107e9446a69456cfbd85cb32b5ac949975594ce8024,491b67750fecfe76628cf527778b2a57e3ac158654cebb940f52bee709aa02ba,per_frame_modeled_airtime_v1,"[[20.42, 266.62], [272.5, 518.7], [535.63, 781.83], [783.9, 1030.1], [1046.49, 1292.69], [1296.35, 1542.55], [1552.57, 1798.77], [1810.69, 2056.89]]",512,"{""rf_profile"": ""SLR2K5"", ""tx_power_dbm"": 13}",ok,True,57315.45296316281,58042.8718921681,28392.176140600128,29099.579412271723,1.2691497517655526
tx_p13_rf_profile-SLR2K5_s512,run_00002,web_sessions/20260719_003026_campaign_radio_ebyte_e79_cc1352p/packet_tx/20260719_012646_radio_ebyte_e79_cc1352p/raw/run_00002.csv.gz,27e279f9aadf5ee07b5a4b32b6d968566fda05812a38dd65256d9f87498d4c27,prior_full_integrity_audit_plus_size_and_mtime,f3b82b4e88a7a2b9f858f107e9446a69456cfbd85cb32b5ac949975594ce8024,491b67750fecfe76628cf527778b2a57e3ac158654cebb940f52bee709aa02ba,per_frame_modeled_airtime_v1,"[[19.6, 265.8], [277.71, 523.91], [528.97, 775.17], [784.08, 1030.28], [1045.93, 1292.13], [1306.3, 1552.5], [1560.52, 1806.72], [1813.67, 2059.87]]",512,"{""rf_profile"": ""SLR2K5"", ""tx_power_dbm"": 13}",ok,True,57166.93284793181,57980.243010094884,28279.852500918816,29070.352132904776,1.4226933677315534
tx_p13_rf_profile-SLR2K5_s512,run_00003,web_sessions/20260719_003026_campaign_radio_ebyte_e79_cc1352p/packet_tx/20260719_012646_radio_ebyte_e79_cc1352p/raw/run_00003.csv.gz,e9d64a40b3363fcd5175874a36d29f6b2417775a302723f68518a1b505402232,prior_full_integrity_audit_plus_size_and_mtime,f3b82b4e88a7a2b9f858f107e9446a69456cfbd85cb32b5ac949975594ce8024,491b67750fecfe76628cf527778b2a57e3ac158654cebb940f52bee709aa02ba,per_frame_modeled_airtime_v1,"[[12.94, 259.14], [272.26, 518.46], [532.08, 778.28], [779.69, 1025.89], [1035.86, 1282.06], [1290.67, 1536.87], [1553.29, 1799.49], [1802.85, 2049.05]]",512,"{""rf_profile"": ""SLR2K5"", ""tx_power_dbm"": 13}",ok,True,57254.76381788182,57944.01446695424,28359.92744737521,29028.887588957597,1.2038310930158058
tx_p13_rf_profile-SLR2K5_s512,run_00004,web_sessions/20260719_003026_campaign_radio_ebyte_e79_cc1352p/packet_tx/20260719_012646_radio_ebyte_e79_cc1352p/raw/run_00004.csv.gz,fbf4c1db87e59e5f9a55e93a5a4856e8fb8af47b67d28f0d1e8c57a5b74e31cf,prior_full_integrity_audit_plus_size_and_mtime,f3b82b4e88a7a2b9f858f107e9446a69456cfbd85cb32b5ac949975594ce8024,491b67750fecfe76628cf527778b2a57e3ac158654cebb940f52bee709aa02ba,per_frame_modeled_airtime_v1,"[[25.3, 271.5], [271.51, 517.71], [534.09, 780.29], [790.0, 1036.2], [1045.1, 1291.3], [1293.25, 1539.45], [1548.23, 1794.43], [1815.63, 2061.83]]",512,"{""rf_profile"": ""SLR2K5"", ""tx_power_dbm"": 13}",ok,True,57302.15003353656,58039.34358157812,28446.367309783567,29162.91177977489,1.2865024220035437
tx_p13_rf_profile-SLR2K5_s512,run_00005,web_sessions/20260719_003026_campaign_radio_ebyte_e79_cc1352p/packet_tx/20260719_012646_radio_ebyte_e79_cc1352p/raw/run_00005.csv.gz,a59c6e27945635105c496cf328ce1a02c16de7f2274f823c71ef6f0217e55d1c,prior_full_integrity_audit_plus_size_and_mtime,f3b82b4e88a7a2b9f858f107e9446a69456cfbd85cb32b5ac949975594ce8024,491b67750fecfe76628cf527778b2a57e3ac158654cebb940f52bee709aa02ba,per_frame_modeled_airtime_v1,"[[16.97, 263.17], [271.84, 518.04], [531.59, 777.79], [789.28, 1035.48], [1038.95, 1285.15], [1304.99, 1551.19], [1555.89, 1802.09], [1818.46, 2064.66]]",512,"{""rf_profile"": ""SLR2K5"", ""tx_power_dbm"": 13}",ok,True,57224.47172407426,58014.12667108368,28309.311981485935,29076.86071810145,1.379925271860949
tx_p13_rf_profile-SLR2K5_s64,run_00001,web_sessions/20260719_003026_campaign_radio_ebyte_e79_cc1352p/packet_tx/20260719_012547_radio_ebyte_e79_cc1352p/raw/run_00001.csv.gz,33b66cdac4afdd72387fc8a900c17946ce03769d55b72683ebcb6291077174e3,prior_full_integrity_audit_plus_size_and_mtime,05d6f97e8853405c9aa70478e99e207fe4db5cf4f4f2ba6932e563e7de44919f,6bef34c5bf0494842f763195ebc38be7acecb32464f229088570a31d9e17d6e2,original_single_frame_window_verified,"[[27.76, 273.96]]",64,"{""rf_profile"": ""SLR2K5"", ""tx_power_dbm"": 13}",ok,True,7315.747855176327,7315.747855176327,3702.9665504678796,3702.9665504678796,0.0
tx_p13_rf_profile-SLR2K5_s64,run_00002,web_sessions/20260719_003026_campaign_radio_ebyte_e79_cc1352p/packet_tx/20260719_012547_radio_ebyte_e79_cc1352p/raw/run_00002.csv.gz,7362e0e4ba9c3403ef46c2c81b695b4182b6aa2ac25575f9c41ac9407da3c01d,prior_full_integrity_audit_plus_size_and_mtime,05d6f97e8853405c9aa70478e99e207fe4db5cf4f4f2ba6932e563e7de44919f,6bef34c5bf0494842f763195ebc38be7acecb32464f229088570a31d9e17d6e2,original_single_frame_window_verified,"[[11.32, 257.52]]",64,"{""rf_profile"": ""SLR2K5"", ""tx_power_dbm"": 13}",ok,True,7284.243334447574,7284.243334447574,3673.4585306080517,3673.4585306080517,0.0
tx_p13_rf_profile-SLR2K5_s64,run_00003,web_sessions/20260719_003026_campaign_radio_ebyte_e79_cc1352p/packet_tx/20260719_012547_radio_ebyte_e79_cc1352p/raw/run_00003.csv.gz,c6ebb1bcd4f3158f472e5c8942cd46b90c3c57fa47f8e2d47063e6e47eab2ed6,prior_full_integrity_audit_plus_size_and_mtime,05d6f97e8853405c9aa70478e99e207fe4db5cf4f4f2ba6932e563e7de44919f,6bef34c5bf0494842f763195ebc38be7acecb32464f229088570a31d9e17d6e2,original_single_frame_window_verified,"[[20.95, 267.15]]",64,"{""rf_profile"": ""SLR2K5"", ""tx_power_dbm"": 13}",ok,True,7289.3791555054495,7289.3791555054495,3678.970251971213,3678.970251971213,0.0
tx_p13_rf_profile-SLR2K5_s64,run_00004,web_sessions/20260719_003026_campaign_radio_ebyte_e79_cc1352p/packet_tx/20260719_012547_radio_ebyte_e79_cc1352p/raw/run_00004.csv.gz,9fc52f3703ab8dbf13733545bbb1958fd85ca07d53af7be5770caa5fcd79acf5,prior_full_integrity_audit_plus_size_and_mtime,05d6f97e8853405c9aa70478e99e207fe4db5cf4f4f2ba6932e563e7de44919f,6bef34c5bf0494842f763195ebc38be7acecb32464f229088570a31d9e17d6e2,original_single_frame_window_verified,"[[26.57, 272.77]]",64,"{""rf_profile"": ""SLR2K5"", ""tx_power_dbm"": 13}",ok,True,7297.933706568497,7297.933706568497,3688.867697080291,3688.867697080291,0.0
tx_p13_rf_profile-SLR2K5_s64,run_00005,web_sessions/20260719_003026_campaign_radio_ebyte_e79_cc1352p/packet_tx/20260719_012547_radio_ebyte_e79_cc1352p/raw/run_00005.csv.gz,0b91863bde81c82c4bfda450684f25a27763a80db5a38eb9d9abdd314c1aca78,prior_full_integrity_audit_plus_size_and_mtime,05d6f97e8853405c9aa70478e99e207fe4db5cf4f4f2ba6932e563e7de44919f,6bef34c5bf0494842f763195ebc38be7acecb32464f229088570a31d9e17d6e2,original_single_frame_window_verified,"[[27.03, 273.23]]",64,"{""rf_profile"": ""SLR2K5"", ""tx_power_dbm"": 13}",ok,True,7287.353370698994,7287.353370698994,3680.518260001761,3680.518260001761,0.0
tx_p13_rf_profile-SLR2K5_s8,run_00001,web_sessions/20260719_003026_campaign_radio_ebyte_e79_cc1352p/packet_tx/20260719_012451_radio_ebyte_e79_cc1352p/raw/run_00001.csv.gz,5c0aefe016420750a26bd2cac3840b4796e17cd585fba557880cc75117f08a6e,prior_full_integrity_audit_plus_size_and_mtime,6f954b730c3bbdf024245c820c362a178c3646ccd1fbfd7458657b5005d3c2d2,c6d3fa9f9dc530a2fa533a3583ceea03f9e30fec6980cda38e38e91ca8ca6aab,original_single_frame_window_verified,"[[27.36, 94.36]]",8,"{""rf_profile"": ""SLR2K5"", ""tx_power_dbm"": 13}",ok,True,1790.1056641808632,1790.1056641808632,813.5097006146668,813.5097006146668,0.0
tx_p13_rf_profile-SLR2K5_s8,run_00002,web_sessions/20260719_003026_campaign_radio_ebyte_e79_cc1352p/packet_tx/20260719_012451_radio_ebyte_e79_cc1352p/raw/run_00002.csv.gz,eceacae3a9706ec7122e0c3ac8229c5225d83f91a09b7778b55564bd22a71a2d,prior_full_integrity_audit_plus_size_and_mtime,6f954b730c3bbdf024245c820c362a178c3646ccd1fbfd7458657b5005d3c2d2,c6d3fa9f9dc530a2fa533a3583ceea03f9e30fec6980cda38e38e91ca8ca6aab,original_single_frame_window_verified,"[[28.56, 95.56]]",8,"{""rf_profile"": ""SLR2K5"", ""tx_power_dbm"": 13}",ok,True,1785.7028430160155,1785.7028430160155,807.8090714613719,807.8090714613719,0.0
tx_p13_rf_profile-SLR2K5_s8,run_00003,web_sessions/20260719_003026_campaign_radio_ebyte_e79_cc1352p/packet_tx/20260719_012451_radio_ebyte_e79_cc1352p/raw/run_00003.csv.gz,c4319f9c097a9b67b0d76335235790670694fdd88a3443ed1c36dfc01863b8e6,prior_full_integrity_audit_plus_size_and_mtime,6f954b730c3bbdf024245c820c362a178c3646ccd1fbfd7458657b5005d3c2d2,c6d3fa9f9dc530a2fa533a3583ceea03f9e30fec6980cda38e38e91ca8ca6aab,original_single_frame_window_verified,"[[26.4, 93.4]]",8,"{""rf_profile"": ""SLR2K5"", ""tx_power_dbm"": 13}",ok,True,1785.3179730330824,1785.3179730330824,808.8793652573947,808.8793652573947,0.0
tx_p13_rf_profile-SLR2K5_s8,run_00004,web_sessions/20260719_003026_campaign_radio_ebyte_e79_cc1352p/packet_tx/20260719_012451_radio_ebyte_e79_cc1352p/raw/run_00004.csv.gz,d69099eeb77152363b4e7b02a48e739761e2920e9b57f2ba7c88725e0b544641,prior_full_integrity_audit_plus_size_and_mtime,6f954b730c3bbdf024245c820c362a178c3646ccd1fbfd7458657b5005d3c2d2,c6d3fa9f9dc530a2fa533a3583ceea03f9e30fec6980cda38e38e91ca8ca6aab,original_single_frame_window_verified,"[[21.77, 88.77]]",8,"{""rf_profile"": ""SLR2K5"", ""tx_power_dbm"": 13}",ok,True,1787.0042969313124,1787.0042969313124,809.6817031953447,809.6817031953447,0.0
tx_p13_rf_profile-SLR2K5_s8,run_00005,web_sessions/20260719_003026_campaign_radio_ebyte_e79_cc1352p/packet_tx/20260719_012451_radio_ebyte_e79_cc1352p/raw/run_00005.csv.gz,64ed2c30e79795c80b333409b8d51e93c5440b0ecf96d9cb6e6fb7d36a5dffdd,prior_full_integrity_audit_plus_size_and_mtime,6f954b730c3bbdf024245c820c362a178c3646ccd1fbfd7458657b5005d3c2d2,c6d3fa9f9dc530a2fa533a3583ceea03f9e30fec6980cda38e38e91ca8ca6aab,original_single_frame_window_verified,"[[18.72, 85.72]]",8,"{""rf_profile"": ""SLR2K5"", ""tx_power_dbm"": 13}",ok,True,1785.9969009670156,1785.9969009670156,805.9306204257742,805.9306204257742,0.0
tx_p13_rf_profile-SLR5_s1024,run_00001,web_sessions/20260719_003026_campaign_radio_ebyte_e79_cc1352p/packet_tx/20260719_013119_radio_ebyte_e79_cc1352p/raw/run_00001.csv.gz,298d9178861789dd6842f1a70326b5476b66f286c581fd3397cb01957fb79151,prior_full_integrity_audit_plus_size_and_mtime,f138ca638a55d1ea6efef791449362321bcd62a2a3032b5c25032b7ae9fa24fc,4e2f7eed1c3ffb8355486d011f7b46108e6a512e3ff2742f9f2712559b162660,per_frame_modeled_airtime_v1,"[[26.42, 151.02], [177.0, 301.6], [321.96, 446.56], [465.54, 590.14], [607.73, 732.33], [757.92, 882.52], [904.54, 1029.14], [1046.96, 1171.56], [1198.02, 1322.62], [1341.01, 1465.61], [1488.25, 1612.85], [1634.46, 1759.06], [1784.7, 1909.3], [1927.69, 2052.29], [2074.3, 2198.9], [2220.85, 2345.45]]",1024,"{""rf_profile"": ""SLR5"", ""tx_power_dbm"": 13}",ok,True,55642.29199674265,59669.05943080408,26415.01548159938,30319.217092133495,7.236882755112184
tx_p13_rf_profile-SLR5_s1024,run_00002,web_sessions/20260719_003026_campaign_radio_ebyte_e79_cc1352p/packet_tx/20260719_013119_radio_ebyte_e79_cc1352p/raw/run_00002.csv.gz,d0c5fcbc3792d15625a8beca87ee08f24e2474c8c8e0b2c8f579809ba99e4e80,prior_full_integrity_audit_plus_size_and_mtime,f138ca638a55d1ea6efef791449362321bcd62a2a3032b5c25032b7ae9fa24fc,4e2f7eed1c3ffb8355486d011f7b46108e6a512e3ff2742f9f2712559b162660,per_frame_modeled_airtime_v1,"[[26.26, 150.86], [172.87, 297.47], [322.08, 446.68], [463.62, 588.22], [610.13, 734.73], [754.38, 878.98], [902.69, 1027.29], [1049.32, 1173.92], [1191.47, 1316.07], [1335.37, 1459.97], [1483.97, 1608.57], [1626.49, 1751.09], [1776.42, 1901.02], [1923.99, 2048.59], [2069.62, 2194.22], [2219.53, 2344.13]]",1024,"{""rf_profile"": ""SLR5"", ""tx_power_dbm"": 13}",ok,True,55532.277762355574,59522.337943522005,26395.0326335598,30264.244794781574,7.185118892910292
tx_p13_rf_profile-SLR5_s1024,run_00003,web_sessions/20260719_003026_campaign_radio_ebyte_e79_cc1352p/packet_tx/20260719_013119_radio_ebyte_e79_cc1352p/raw/run_00003.csv.gz,051d1940cb616b6672c492977758e22374a8dc08c12126a659089b082f2bf47a,prior_full_integrity_audit_plus_size_and_mtime,f138ca638a55d1ea6efef791449362321bcd62a2a3032b5c25032b7ae9fa24fc,4e2f7eed1c3ffb8355486d011f7b46108e6a512e3ff2742f9f2712559b162660,per_frame_modeled_airtime_v1,"[[23.6, 148.2], [170.95, 295.55], [313.39, 437.99], [456.95, 581.55], [600.86, 725.46], [751.93, 876.53], [898.15, 1022.75], [1044.08, 1168.68], [1187.42, 1312.02], [1330.49, 1455.09], [1474.09, 1598.69], [1619.11, 1743.71], [1769.4, 1894.0], [1916.02, 2040.62], [2062.18, 2186.78], [2207.48, 2332.08]]",1024,"{""rf_profile"": ""SLR5"", ""tx_power_dbm"": 13}",ok,True,55820.147486480164,59690.630988675584,26667.44012669529,30430.726954637863,6.933846785576603
tx_p13_rf_profile-SLR5_s1024,run_00004,web_sessions/20260719_003026_campaign_radio_ebyte_e79_cc1352p/packet_tx/20260719_013119_radio_ebyte_e79_cc1352p/raw/run_00004.csv.gz,f1f476ce138fbc0c2842ccd3fd292ea770f117242567bae798a3140fe477db99,prior_full_integrity_audit_plus_size_and_mtime,f138ca638a55d1ea6efef791449362321bcd62a2a3032b5c25032b7ae9fa24fc,4e2f7eed1c3ffb8355486d011f7b46108e6a512e3ff2742f9f2712559b162660,per_frame_modeled_airtime_v1,"[[27.19, 151.79], [171.46, 296.06], [315.42, 440.02], [459.01, 583.61], [604.97, 729.57], [753.09, 877.69], [894.52, 1019.12], [1045.46, 1170.06], [1194.7, 1319.3], [1339.88, 1464.48], [1487.11, 1611.71], [1632.19, 1756.79], [1780.26, 1904.86], [1926.17, 2050.77], [2073.17, 2197.77], [2218.37, 2342.97]]",1024,"{""rf_profile"": ""SLR5"", ""tx_power_dbm"": 13}",ok,True,55668.70682052209,59691.15411816862,26519.874740799052,30429.716213715983,7.2256884116511655
tx_p13_rf_profile-SLR5_s1024,run_00005,web_sessions/20260719_003026_campaign_radio_ebyte_e79_cc1352p/packet_tx/20260719_013119_radio_ebyte_e79_cc1352p/raw/run_00005.csv.gz,9ff3a4d0a3b6f23db7e031287928f702d3f30964f3a63d1815a1cac282d07132,prior_full_integrity_audit_plus_size_and_mtime,f138ca638a55d1ea6efef791449362321bcd62a2a3032b5c25032b7ae9fa24fc,4e2f7eed1c3ffb8355486d011f7b46108e6a512e3ff2742f9f2712559b162660,per_frame_modeled_airtime_v1,"[[26.59, 151.19], [176.23, 300.83], [322.73, 447.33], [466.85, 591.45], [614.88, 739.48], [758.3, 882.9], [905.56, 1030.16], [1052.84, 1177.44], [1198.56, 1323.16], [1347.11, 1471.71], [1491.99, 1616.59], [1641.45, 1766.05], [1788.07, 1912.67], [1933.81, 2058.41], [2078.45, 2203.05], [2228.72, 2353.32]]",1024,"{""rf_profile"": ""SLR5"", ""tx_power_dbm"": 13}",ok,True,55528.13862541098,59645.192942752044,26353.779911509708,30354.483040530267,7.4143567914538355
tx_p13_rf_profile-SLR5_s128,run_00001,web_sessions/20260719_003026_campaign_radio_ebyte_e79_cc1352p/packet_tx/20260719_013014_radio_ebyte_e79_cc1352p/raw/run_00001.csv.gz,5dacc707949f4df12a52c9eeaeaad3e010615504087d187c6c3e1208014c064d,prior_full_integrity_audit_plus_size_and_mtime,bde881f5a8c5f225b2502d72e9568ec90288ffedb089253633fd804ac6bb87da,3841a8ce7aa437afa35be74f41a3b22c709f3408a94370a6a0522fb01eb258c7,per_frame_modeled_airtime_v1,"[[27.93, 152.53], [172.5, 297.1]]",128,"{""rf_profile"": ""SLR5"", ""tx_power_dbm"": 13}",ok,True,7289.529594712901,7540.464422664658,3632.0589273876094,3874.426050313688,3.4424008393320715
tx_p13_rf_profile-SLR5_s128,run_00002,web_sessions/20260719_003026_campaign_radio_ebyte_e79_cc1352p/packet_tx/20260719_013014_radio_ebyte_e79_cc1352p/raw/run_00002.csv.gz,45329b4c745ad41b9ff304f453893d883cb894dcc646cf2512a9a2131ba3480c,prior_full_integrity_audit_plus_size_and_mtime,bde881f5a8c5f225b2502d72e9568ec90288ffedb089253633fd804ac6bb87da,3841a8ce7aa437afa35be74f41a3b22c709f3408a94370a6a0522fb01eb258c7,per_frame_modeled_airtime_v1,"[[25.75, 150.35], [171.28, 295.88]]",128,"{""rf_profile"": ""SLR5"", ""tx_power_dbm"": 13}",ok,True,7266.842763181215,7515.06363483431,3613.247493273855,3853.4622884781124,3.4158007781694533
tx_p13_rf_profile-SLR5_s128,run_00003,web_sessions/20260719_003026_campaign_radio_ebyte_e79_cc1352p/packet_tx/20260719_013014_radio_ebyte_e79_cc1352p/raw/run_00003.csv.gz,84353897cdfe692a348685bf1ec78eb4735299ed09115ec8fdf2960ccffdd85e,prior_full_integrity_audit_plus_size_and_mtime,bde881f5a8c5f225b2502d72e9568ec90288ffedb089253633fd804ac6bb87da,3841a8ce7aa437afa35be74f41a3b22c709f3408a94370a6a0522fb01eb258c7,per_frame_modeled_airtime_v1,"[[27.37, 151.97], [172.57, 297.17]]",128,"{""rf_profile"": ""SLR5"", ""tx_power_dbm"": 13}",ok,True,7226.788905960445,7513.441286062969,3577.868912678874,3855.7779625832577,3.966524881695399
tx_p13_rf_profile-SLR5_s128,run_00004,web_sessions/20260719_003026_campaign_radio_ebyte_e79_cc1352p/packet_tx/20260719_013014_radio_ebyte_e79_cc1352p/raw/run_00004.csv.gz,dd2c46662ab67b67be268eeec7abc3e3632e2a04b8e5612c1fd2bcf06e04159f,prior_full_integrity_audit_plus_size_and_mtime,bde881f5a8c5f225b2502d72e9568ec90288ffedb089253633fd804ac6bb87da,3841a8ce7aa437afa35be74f41a3b22c709f3408a94370a6a0522fb01eb258c7,per_frame_modeled_airtime_v1,"[[25.6, 150.2], [174.63, 299.23]]",128,"{""rf_profile"": ""SLR5"", ""tx_power_dbm"": 13}",ok,True,7226.949559269934,7493.923211027891,3577.848424520602,3836.6951631453608,3.69414023950827
tx_p13_rf_profile-SLR5_s128,run_00005,web_sessions/20260719_003026_campaign_radio_ebyte_e79_cc1352p/packet_tx/20260719_013014_radio_ebyte_e79_cc1352p/raw/run_00005.csv.gz,0c524ab47293cf3d3b5ec3cfd66988c0c7e30b0dff33fc5b02636a4cb8140467,prior_full_integrity_audit_plus_size_and_mtime,bde881f5a8c5f225b2502d72e9568ec90288ffedb089253633fd804ac6bb87da,3841a8ce7aa437afa35be74f41a3b22c709f3408a94370a6a0522fb01eb258c7,per_frame_modeled_airtime_v1,"[[25.92, 150.52], [170.51, 295.11]]",128,"{""rf_profile"": ""SLR5"", ""tx_power_dbm"": 13}",ok,True,7245.382330131148,7489.915129792168,3593.9948962896465,3832.0625943765754,3.375015817234228
tx_p13_rf_profile-SLR5_s32,run_00001,web_sessions/20260719_003026_campaign_radio_ebyte_e79_cc1352p/packet_tx/20260719_012918_radio_ebyte_e79_cc1352p/raw/run_00001.csv.gz,93512b73fa838998a77036be659b9cd49f53ae06e4afd0baa43310f1b928a338,prior_full_integrity_audit_plus_size_and_mtime,2565876c454da85afed531451ed04765fd78fec9e0e7d8727d3b31a4596c9f0a,e7d8e7750c9c449c170d5ef22459109963eb633ac91b1de7da09678614b4e060,original_single_frame_window_verified,"[[25.67, 99.07]]",32,"{""rf_profile"": ""SLR5"", ""tx_power_dbm"": 13}",ok,True,2179.840731094777,2179.840731094777,1101.4057713709365,1101.4057713709365,0.0
tx_p13_rf_profile-SLR5_s32,run_00002,web_sessions/20260719_003026_campaign_radio_ebyte_e79_cc1352p/packet_tx/20260719_012918_radio_ebyte_e79_cc1352p/raw/run_00002.csv.gz,1403778f7202a3037806a8df83bd304317451b399660d341f345d3b56d959b72,prior_full_integrity_audit_plus_size_and_mtime,2565876c454da85afed531451ed04765fd78fec9e0e7d8727d3b31a4596c9f0a,e7d8e7750c9c449c170d5ef22459109963eb633ac91b1de7da09678614b4e060,original_single_frame_window_verified,"[[26.98, 100.38]]",32,"{""rf_profile"": ""SLR5"", ""tx_power_dbm"": 13}",ok,True,2171.2659206825438,2171.2659206825438,1094.1708037127364,1094.1708037127364,0.0
tx_p13_rf_profile-SLR5_s32,run_00003,web_sessions/20260719_003026_campaign_radio_ebyte_e79_cc1352p/packet_tx/20260719_012918_radio_ebyte_e79_cc1352p/raw/run_00003.csv.gz,68f4bc774776e2930f826f61f082c48faeb6928347405d98c262770ceacf2e22,prior_full_integrity_audit_plus_size_and_mtime,2565876c454da85afed531451ed04765fd78fec9e0e7d8727d3b31a4596c9f0a,e7d8e7750c9c449c170d5ef22459109963eb633ac91b1de7da09678614b4e060,original_single_frame_window_verified,"[[23.42, 96.82]]",32,"{""rf_profile"": ""SLR5"", ""tx_power_dbm"": 13}",ok,True,2175.758324159305,2175.758324159305,1098.7338826899754,1098.7338826899754,0.0
tx_p13_rf_profile-SLR5_s32,run_00004,web_sessions/20260719_003026_campaign_radio_ebyte_e79_cc1352p/packet_tx/20260719_012918_radio_ebyte_e79_cc1352p/raw/run_00004.csv.gz,13d0a0501ee6a8b59d83485e5d5371d1fe3554d982d0edb89cda0a8d2dce5e3a,prior_full_integrity_audit_plus_size_and_mtime,2565876c454da85afed531451ed04765fd78fec9e0e7d8727d3b31a4596c9f0a,e7d8e7750c9c449c170d5ef22459109963eb633ac91b1de7da09678614b4e060,original_single_frame_window_verified,"[[26.85, 100.25]]",32,"{""rf_profile"": ""SLR5"", ""tx_power_dbm"": 13}",ok,True,2177.5381131501117,2177.5381131501117,1100.7070511132997,1100.7070511132997,0.0
tx_p13_rf_profile-SLR5_s32,run_00005,web_sessions/20260719_003026_campaign_radio_ebyte_e79_cc1352p/packet_tx/20260719_012918_radio_ebyte_e79_cc1352p/raw/run_00005.csv.gz,809a15d76bb66334956233e1b60a540db7f9105b10f7e2bcc59f9b9d055fe7c9,prior_full_integrity_audit_plus_size_and_mtime,2565876c454da85afed531451ed04765fd78fec9e0e7d8727d3b31a4596c9f0a,e7d8e7750c9c449c170d5ef22459109963eb633ac91b1de7da09678614b4e060,original_single_frame_window_verified,"[[26.61, 100.01]]",32,"{""rf_profile"": ""SLR5"", ""tx_power_dbm"": 13}",ok,True,2175.830973838161,2175.830973838161,1096.9626038987694,1096.9626038987694,0.0
tx_p13_rf_profile-SLR5_s512,run_00001,web_sessions/20260719_003026_campaign_radio_ebyte_e79_cc1352p/packet_tx/20260719_013042_radio_ebyte_e79_cc1352p/raw/run_00001.csv.gz,2c282726ad339559e497afb9c829a7ac863c77a5bb455ccc8a24cf6d76445144,prior_full_integrity_audit_plus_size_and_mtime,13cbe33ad4fa121b7c94afce2545b65cc47e24255fc387563306747b830fd879,343d3fa0ffe7f062f3a6baa0e960659b46400033e7d7f930d605672f6f0e1d85,per_frame_modeled_airtime_v1,"[[27.03, 151.63], [172.58, 297.18], [316.11, 440.71], [458.55, 583.15], [602.55, 727.15], [752.82, 877.42], [897.35, 1021.95], [1043.92, 1168.52]]",512,"{""rf_profile"": ""SLR5"", ""tx_power_dbm"": 13}",ok,True,28164.5275510339,29983.770033341374,13569.804707031453,15337.299994039227,6.45933960373033
tx_p13_rf_profile-SLR5_s512,run_00002,web_sessions/20260719_003026_campaign_radio_ebyte_e79_cc1352p/packet_tx/20260719_013042_radio_ebyte_e79_cc1352p/raw/run_00002.csv.gz,642ff07d2f226d45a62977b1d827d8f067b268ab61423a07d1d38b088f5732d1,prior_full_integrity_audit_plus_size_and_mtime,13cbe33ad4fa121b7c94afce2545b65cc47e24255fc387563306747b830fd879,343d3fa0ffe7f062f3a6baa0e960659b46400033e7d7f930d605672f6f0e1d85,per_frame_modeled_airtime_v1,"[[25.65, 150.25], [172.92, 297.52], [321.56, 446.16], [467.0, 591.6], [611.9, 736.5], [758.54, 883.14], [902.36, 1026.96], [1046.15, 1170.75]]",512,"{""rf_profile"": ""SLR5"", ""tx_power_dbm"": 13}",ok,True,28060.453908417327,29875.75324304664,13476.591400963624,15244.559316819634,6.469244369866645
tx_p13_rf_profile-SLR5_s512,run_00003,web_sessions/20260719_003026_campaign_radio_ebyte_e79_cc1352p/packet_tx/20260719_013042_radio_ebyte_e79_cc1352p/raw/run_00003.csv.gz,8436f2eb508ec37079815b92ef07a813d611115b333b21b2c1d2eb3ce4942f24,prior_full_integrity_audit_plus_size_and_mtime,13cbe33ad4fa121b7c94afce2545b65cc47e24255fc387563306747b830fd879,343d3fa0ffe7f062f3a6baa0e960659b46400033e7d7f930d605672f6f0e1d85,per_frame_modeled_airtime_v1,"[[27.9, 152.5], [169.53, 294.13], [313.25, 437.85], [459.56, 584.16], [604.36, 728.96], [750.6, 875.2], [896.93, 1021.53], [1042.74, 1167.34]]",512,"{""rf_profile"": ""SLR5"", ""tx_power_dbm"": 13}",ok,True,28066.25939252686,29891.34405345167,13487.346192483696,15259.958072633943,6.502771300584409
tx_p13_rf_profile-SLR5_s512,run_00004,web_sessions/20260719_003026_campaign_radio_ebyte_e79_cc1352p/packet_tx/20260719_013042_radio_ebyte_e79_cc1352p/raw/run_00004.csv.gz,b44ab421e4a37070841967f8669571a90724de390ef2851ef6d60be3abe0f294,prior_full_integrity_audit_plus_size_and_mtime,13cbe33ad4fa121b7c94afce2545b65cc47e24255fc387563306747b830fd879,343d3fa0ffe7f062f3a6baa0e960659b46400033e7d7f930d605672f6f0e1d85,per_frame_modeled_airtime_v1,"[[26.7, 151.3], [171.54, 296.14], [316.64, 441.24], [463.2, 587.8], [609.01, 733.61], [760.0, 884.6], [904.3, 1028.9], [1048.87, 1173.47]]",512,"{""rf_profile"": ""SLR5"", ""tx_power_dbm"": 13}",ok,True,28068.065949575077,29920.209804347873,13485.800373347598,15290.442777671818,6.598758382926051
tx_p13_rf_profile-SLR5_s512,run_00005,web_sessions/20260719_003026_campaign_radio_ebyte_e79_cc1352p/packet_tx/20260719_013042_radio_ebyte_e79_cc1352p/raw/run_00005.csv.gz,457b56e2f1706dc80b4fd32998347f55d3e8a587f2aa0dedda8f79f65ffb40b9,prior_full_integrity_audit_plus_size_and_mtime,13cbe33ad4fa121b7c94afce2545b65cc47e24255fc387563306747b830fd879,343d3fa0ffe7f062f3a6baa0e960659b46400033e7d7f930d605672f6f0e1d85,per_frame_modeled_airtime_v1,"[[24.04, 148.64], [171.22, 295.82], [321.73, 446.33], [466.17, 590.77], [612.91, 737.51], [759.4, 884.0], [907.02, 1031.62], [1048.35, 1172.95]]",512,"{""rf_profile"": ""SLR5"", ""tx_power_dbm"": 13}",ok,True,27993.894996143918,29854.917160806257,13419.359318295668,15223.242426445466,6.647957223954326
tx_p13_rf_profile-SLR5_s64,run_00001,web_sessions/20260719_003026_campaign_radio_ebyte_e79_cc1352p/packet_tx/20260719_012946_radio_ebyte_e79_cc1352p/raw/run_00001.csv.gz,3302f0a776115a765edcc362ec426ab96061de02aa368f3c22654f446fff4911,prior_full_integrity_audit_plus_size_and_mtime,6694ed814401be5ffe99ea2f54ba22ade4a7913ad2191d51bb9074d7beb60f49,ccfaa1543e9d1bddc4882cd824dcba2faf92cb892a8b5ca5f665f6c6136eb48b,original_single_frame_window_verified,"[[25.49, 150.09]]",64,"{""rf_profile"": ""SLR5"", ""tx_power_dbm"": 13}",ok,True,3763.3657413294404,3763.3657413294404,1929.729082340008,1929.729082340008,0.0
tx_p13_rf_profile-SLR5_s64,run_00002,web_sessions/20260719_003026_campaign_radio_ebyte_e79_cc1352p/packet_tx/20260719_012946_radio_ebyte_e79_cc1352p/raw/run_00002.csv.gz,3063920a9423cf5081f1b073bd16a9705e438544769bf4c0b265b5e219bbbcbb,prior_full_integrity_audit_plus_size_and_mtime,6694ed814401be5ffe99ea2f54ba22ade4a7913ad2191d51bb9074d7beb60f49,ccfaa1543e9d1bddc4882cd824dcba2faf92cb892a8b5ca5f665f6c6136eb48b,original_single_frame_window_verified,"[[27.26, 151.86]]",64,"{""rf_profile"": ""SLR5"", ""tx_power_dbm"": 13}",ok,True,3753.615784690621,3753.615784690621,1924.8116091781067,1924.8116091781067,0.0
tx_p13_rf_profile-SLR5_s64,run_00003,web_sessions/20260719_003026_campaign_radio_ebyte_e79_cc1352p/packet_tx/20260719_012946_radio_ebyte_e79_cc1352p/raw/run_00003.csv.gz,e297725f8f67de89e577b8ebfbdfb67d899b68cf2fc65348ba0ad8d01b1d08c6,prior_full_integrity_audit_plus_size_and_mtime,6694ed814401be5ffe99ea2f54ba22ade4a7913ad2191d51bb9074d7beb60f49,ccfaa1543e9d1bddc4882cd824dcba2faf92cb892a8b5ca5f665f6c6136eb48b,original_single_frame_window_verified,"[[25.17, 149.77]]",64,"{""rf_profile"": ""SLR5"", ""tx_power_dbm"": 13}",ok,True,3756.222879995521,3756.222879995521,1925.4389608025779,1925.4389608025779,0.0
tx_p13_rf_profile-SLR5_s64,run_00004,web_sessions/20260719_003026_campaign_radio_ebyte_e79_cc1352p/packet_tx/20260719_012946_radio_ebyte_e79_cc1352p/raw/run_00004.csv.gz,726f9a2cf9b05324ae452519c5ae69e83ca57e40349de2e80fcc8e81e30f82ef,prior_full_integrity_audit_plus_size_and_mtime,6694ed814401be5ffe99ea2f54ba22ade4a7913ad2191d51bb9074d7beb60f49,ccfaa1543e9d1bddc4882cd824dcba2faf92cb892a8b5ca5f665f6c6136eb48b,original_single_frame_window_verified,"[[24.61, 149.21]]",64,"{""rf_profile"": ""SLR5"", ""tx_power_dbm"": 13}",ok,True,3755.707338256191,3755.707338256191,1927.073284702629,1927.073284702629,0.0
tx_p13_rf_profile-SLR5_s64,run_00005,web_sessions/20260719_003026_campaign_radio_ebyte_e79_cc1352p/packet_tx/20260719_012946_radio_ebyte_e79_cc1352p/raw/run_00005.csv.gz,d7e153c2e6210b6b8f2ead89977fc4e4f86286ad339368699ca7e185ca0282ca,prior_full_integrity_audit_plus_size_and_mtime,6694ed814401be5ffe99ea2f54ba22ade4a7913ad2191d51bb9074d7beb60f49,ccfaa1543e9d1bddc4882cd824dcba2faf92cb892a8b5ca5f665f6c6136eb48b,original_single_frame_window_verified,"[[23.8, 148.4]]",64,"{""rf_profile"": ""SLR5"", ""tx_power_dbm"": 13}",ok,True,3756.389241286166,3756.389241286166,1927.8692014131084,1927.8692014131084,0.0
tx_p13_rf_profile-SLR5_s8,run_00001,web_sessions/20260719_003026_campaign_radio_ebyte_e79_cc1352p/packet_tx/20260719_012850_radio_ebyte_e79_cc1352p/raw/run_00001.csv.gz,745a09a23e5af91dcf472dd9bd8146b135abea07d88f82fb5953a6472f5d2d32,prior_full_integrity_audit_plus_size_and_mtime,062c3635f802b5cc22e425dd2bf0f0e9e330a3b6276439854cbbca370ef51314,0400dc91f31510adb6b3a8cebca720187d655bb8e59618948cb0e6c13cefbfa7,original_single_frame_window_verified,"[[23.91, 58.91]]",8,"{""rf_profile"": ""SLR5"", ""tx_power_dbm"": 13}",ok,True,994.650259951569,994.650259951569,480.29617034143826,480.29617034143826,0.0
tx_p13_rf_profile-SLR5_s8,run_00002,web_sessions/20260719_003026_campaign_radio_ebyte_e79_cc1352p/packet_tx/20260719_012850_radio_ebyte_e79_cc1352p/raw/run_00002.csv.gz,dcd7b94ceae7134c3c72b678961e835d84251dcfca11aa4fc9ee0fb4d5ada109,prior_full_integrity_audit_plus_size_and_mtime,062c3635f802b5cc22e425dd2bf0f0e9e330a3b6276439854cbbca370ef51314,0400dc91f31510adb6b3a8cebca720187d655bb8e59618948cb0e6c13cefbfa7,original_single_frame_window_verified,"[[22.43, 57.43]]",8,"{""rf_profile"": ""SLR5"", ""tx_power_dbm"": 13}",ok,True,993.1858213262407,993.1858213262407,480.5500449149435,480.5500449149435,0.0
tx_p13_rf_profile-SLR5_s8,run_00003,web_sessions/20260719_003026_campaign_radio_ebyte_e79_cc1352p/packet_tx/20260719_012850_radio_ebyte_e79_cc1352p/raw/run_00003.csv.gz,44b1e192e44744745fbc8cb777ccd55a902ddc7e411b859a31b5b215a93990aa,prior_full_integrity_audit_plus_size_and_mtime,062c3635f802b5cc22e425dd2bf0f0e9e330a3b6276439854cbbca370ef51314,0400dc91f31510adb6b3a8cebca720187d655bb8e59618948cb0e6c13cefbfa7,original_single_frame_window_verified,"[[22.51, 57.51]]",8,"{""rf_profile"": ""SLR5"", ""tx_power_dbm"": 13}",ok,True,990.9079592574202,990.9079592574202,478.71097346865537,478.71097346865537,0.0
tx_p13_rf_profile-SLR5_s8,run_00004,web_sessions/20260719_003026_campaign_radio_ebyte_e79_cc1352p/packet_tx/20260719_012850_radio_ebyte_e79_cc1352p/raw/run_00004.csv.gz,71502e987ed439783cbeedda33a26d87a8f18bc73b9792a4c002b023cb053871,prior_full_integrity_audit_plus_size_and_mtime,062c3635f802b5cc22e425dd2bf0f0e9e330a3b6276439854cbbca370ef51314,0400dc91f31510adb6b3a8cebca720187d655bb8e59618948cb0e6c13cefbfa7,original_single_frame_window_verified,"[[23.34, 58.34]]",8,"{""rf_profile"": ""SLR5"", ""tx_power_dbm"": 13}",ok,True,994.184214639149,994.184214639149,481.0053984226346,481.0053984226346,0.0
tx_p13_rf_profile-SLR5_s8,run_00005,web_sessions/20260719_003026_campaign_radio_ebyte_e79_cc1352p/packet_tx/20260719_012850_radio_ebyte_e79_cc1352p/raw/run_00005.csv.gz,24511342c834d759098b5a99d9e47b0de2231fd823b4bdd3c8bce7f185b2b57c,prior_full_integrity_audit_plus_size_and_mtime,062c3635f802b5cc22e425dd2bf0f0e9e330a3b6276439854cbbca370ef51314,0400dc91f31510adb6b3a8cebca720187d655bb8e59618948cb0e6c13cefbfa7,original_single_frame_window_verified,"[[22.56, 57.56]]",8,"{""rf_profile"": ""SLR5"", ""tx_power_dbm"": 13}",ok,True,991.7982894066265,991.7982894066265,479.14361794743223,479.14361794743223,0.0
